date.utc,co_ppb,no2_ppb,no_ppb,nox_ppb,o3_µg/m³,pm10_µg/m³,pm25_µg/m³,relativehumidity_%,so2_ppb,temperature_c,wind_direction_deg,wind_speed_m/s
2025-02-18T19:30:00Z,,,,,48.2,66.5,33.0,73.0,,12.8,69.0,0.25
2025-02-18T20:30:00Z,0.717,27.6,4.73,0.0185,42.8,62.5,33.0,74.8,18.9,11.7,192.0,0.15
2025-02-18T21:30:00Z,0.72,25.6,5.0,0.0177,35.8,51.3,34.5,76.0,15.8,11.1,175.0,0.175
2025-02-18T22:30:00Z,0.728,22.0,4.78,0.0156,43.1,46.0,35.0,75.0,15.1,10.8,317.0,0.175
2025-02-18T23:30:00Z,0.78,31.2,11.1,0.0256,28.1,50.0,35.5,76.0,15.0,10.3,265.0,0.2
2025-02-19T00:30:00Z,0.898,42.0,12.4,0.0324,13.5,56.3,39.5,77.3,15.0,9.93,183.0,0.175
2025-02-19T01:30:00Z,1.17,49.5,16.4,0.0396,15.3,76.5,48.8,72.3,17.8,11.4,102.0,0.225
2025-02-19T02:30:00Z,1.19,54.6,15.3,0.0415,31.3,102.0,56.0,58.3,19.7,14.9,171.0,0.325
2025-02-19T03:30:00Z,1.03,49.8,9.55,0.0343,57.4,106.0,54.0,50.3,20.3,18.8,268.0,0.5
2025-02-19T04:30:00Z,0.748,30.4,4.93,0.0202,108.0,95.3,49.3,46.8,16.8,20.7,305.0,0.6
2025-02-19T05:30:00Z,0.847,28.3,4.38,0.0186,128.0,76.5,38.8,44.0,18.4,21.3,291.0,0.825
2025-02-19T06:30:00Z,0.82,28.4,4.88,0.0191,122.0,73.0,33.5,43.5,15.8,21.6,311.0,0.8
2025-02-19T07:30:00Z,0.803,24.9,4.9,0.0172,127.0,78.3,39.3,50.3,12.6,21.6,321.0,0.5
2025-02-19T08:30:00Z,0.625,21.9,3.7,0.0146,128.0,70.0,39.8,37.8,11.4,21.9,245.0,0.425
2025-02-19T09:30:00Z,0.61,21.2,4.5,0.015,125.0,48.3,25.7,37.0,11.6,22.2,317.0,0.467
2025-02-19T10:30:00Z,0.718,34.3,6.18,0.0233,104.0,46.5,22.5,45.8,13.9,21.9,321.0,0.25
2025-02-19T11:30:00Z,1.04,66.4,4.88,0.0393,65.0,73.5,29.5,58.3,17.2,20.2,337.0,0.15
2025-02-19T12:30:00Z,2.3,113.0,57.6,0.107,10.1,109.0,47.5,70.3,19.6,18.6,136.0,0.15
2025-02-19T13:30:00Z,2.09,111.0,42.7,0.0935,2.78,173.0,87.8,73.0,19.4,17.7,269.0,0.175
2025-02-19T14:30:00Z,2.36,100.0,47.8,0.0923,3.6,204.0,107.0,75.3,17.1,16.5,137.0,0.1
2025-02-19T15:30:00Z,2.88,103.0,120.0,0.152,2.5,199.0,96.0,75.8,16.7,16.3,61.3,0.15
2025-02-19T16:30:00Z,2.04,87.0,56.7,0.0924,2.18,194.0,92.8,76.0,14.5,15.5,197.0,0.15
2025-02-19T17:30:00Z,1.23,71.1,22.7,0.0563,7.33,147.0,79.0,72.7,14.8,16.3,187.0,0.333
2025-02-19T18:30:00Z,0.54,30.4,4.5,0.0198,,112.0,67.0,71.5,23.3,17.1,220.0,0.45
2025-02-19T19:30:00Z,0.55,34.9,5.3,0.0229,54.8,115.0,72.0,70.5,24.5,17.3,186.0,0.875
2025-02-19T20:30:00Z,,21.7,3.63,0.0145,80.0,117.0,73.8,68.0,24.6,17.0,175.0,1.45
2025-02-19T21:30:00Z,0.575,19.7,3.45,0.0134,88.4,94.5,59.0,67.0,20.5,16.6,168.0,0.725
2025-02-19T22:30:00Z,0.515,16.9,3.95,0.0123,83.7,62.5,43.0,71.0,16.4,15.6,161.0,1.1
2025-02-19T23:30:00Z,0.533,16.1,4.63,0.0124,87.4,38.0,29.8,70.3,12.0,15.9,160.0,1.3
2025-02-20T00:30:00Z,0.933,23.7,8.13,0.0192,72.0,21.8,16.5,74.0,10.5,15.0,177.0,0.875
2025-02-20T01:30:00Z,1.06,25.1,6.1,0.0183,38.5,34.7,20.3,87.0,10.2,13.2,125.0,0.433
2025-02-20T02:30:00Z,1.4,41.1,17.1,0.0357,23.8,75.0,46.3,85.0,12.0,14.1,153.0,1.15
2025-02-20T03:30:00Z,1.02,27.4,8.23,0.0213,66.0,57.0,43.0,62.0,12.6,17.2,170.0,2.0
2025-02-20T04:30:00Z,0.89,18.2,7.23,0.0156,82.7,32.5,17.3,56.3,10.5,19.2,179.0,2.0
2025-02-20T05:30:00Z,0.703,17.1,5.65,0.0137,85.9,29.3,8.0,53.8,10.3,20.1,184.0,2.35
2025-02-20T06:30:00Z,0.605,15.5,5.3,0.0125,93.8,47.0,10.5,48.3,8.08,20.6,171.0,3.4
2025-02-20T07:30:00Z,0.615,22.4,6.68,0.0173,81.6,64.0,11.5,45.3,7.48,20.5,173.0,3.13
2025-02-20T08:30:00Z,0.6,20.7,5.55,0.0155,90.4,60.8,10.5,43.8,7.65,20.9,177.0,2.8
2025-02-20T09:30:00Z,0.625,19.1,5.78,0.0149,93.3,54.3,9.5,43.5,8.85,21.1,177.0,2.85
2025-02-20T10:30:00Z,0.643,19.9,5.9,0.0154,90.1,49.8,10.0,44.3,9.43,21.5,179.0,2.3
2025-02-20T11:30:00Z,0.743,26.8,5.65,0.0188,74.5,42.8,11.5,48.8,17.6,20.8,183.0,1.73
2025-02-20T12:30:00Z,0.728,27.5,5.65,0.0192,68.4,37.5,14.5,50.3,16.0,20.4,175.0,2.0
2025-02-20T13:30:00Z,0.7,24.7,5.95,0.018,79.2,35.5,16.0,54.3,14.3,19.8,202.0,1.55
2025-02-20T14:30:00Z,0.81,37.2,5.9,0.0246,47.9,35.3,17.7,76.3,9.9,16.1,201.0,0.733
2025-02-20T15:30:00Z,0.603,22.3,4.48,0.0155,64.9,32.8,18.0,79.3,8.05,14.9,135.0,1.0
2025-02-20T16:30:00Z,0.538,16.8,4.43,0.0126,78.9,22.3,14.0,71.3,8.1,15.7,102.0,0.675
2025-02-20T17:30:00Z,0.565,28.2,5.77,0.0197,43.5,18.0,12.3,78.3,8.45,14.4,264.0,0.267
2025-02-20T18:30:00Z,0.585,33.3,4.65,0.0215,,21.0,14.5,84.0,9.5,13.7,207.0,0.25
2025-02-20T19:30:00Z,0.8,49.2,13.4,0.037,3.93,25.0,14.0,87.3,9.05,13.3,48.0,0.25
2025-02-20T20:30:00Z,0.62,36.0,8.4,0.0259,6.0,34.0,15.0,89.0,8.9,12.3,8.0,0.4
2025-02-20T21:30:00Z,0.535,25.3,4.8,0.0173,11.2,31.0,15.0,89.3,8.55,12.2,134.0,0.25
2025-02-20T22:30:00Z,0.415,20.0,5.03,0.0147,19.6,24.5,13.5,88.0,8.4,11.6,302.0,0.2
2025-02-20T23:30:00Z,0.513,29.8,9.75,0.0238,10.5,23.8,15.3,89.0,8.83,11.2,117.0,0.175
2025-02-21T00:30:00Z,0.717,38.9,31.7,0.0464,2.77,35.0,22.0,89.3,9.27,11.1,246.0,0.1
2025-02-21T01:30:00Z,0.95,48.1,33.4,0.0527,4.6,61.8,31.8,87.0,10.5,12.2,251.0,0.15
2025-02-21T02:30:00Z,1.12,55.2,24.3,0.049,16.1,72.0,38.0,68.0,17.4,15.5,309.0,0.225
2025-02-21T03:30:00Z,0.74,36.6,8.35,0.0263,57.2,63.8,39.0,57.3,21.8,18.2,252.0,0.4
2025-02-21T04:30:00Z,0.515,23.7,4.3,0.0161,86.6,54.0,37.0,56.5,18.9,19.7,307.0,0.65
2025-02-21T05:30:00Z,0.513,21.0,4.08,0.0145,106.0,43.8,27.0,55.8,17.2,20.4,309.0,0.8
2025-02-21T06:30:00Z,0.505,21.7,4.43,0.0151,98.7,48.5,29.5,54.3,17.5,20.3,320.0,0.85
2025-02-21T07:30:00Z,0.498,28.9,4.3,0.0189,78.7,48.0,29.5,54.0,19.5,20.3,339.0,0.875
2025-02-21T08:30:00Z,0.43,22.3,4.63,0.0156,83.0,45.5,32.5,54.0,19.0,20.3,338.0,0.875
2025-02-21T09:30:00Z,0.365,16.7,4.58,0.0126,101.0,42.5,30.3,56.5,13.3,20.4,336.0,0.875
2025-02-21T10:30:00Z,0.395,17.1,3.05,0.0116,106.0,40.5,27.3,61.3,14.7,20.6,321.0,0.8
2025-02-21T11:30:00Z,0.44,23.5,3.93,0.0157,90.3,45.3,31.7,67.7,14.8,19.6,325.0,0.667
2025-02-21T12:30:00Z,0.663,31.7,4.1,0.0202,64.0,62.0,38.5,72.8,14.7,18.2,342.0,0.5
2025-02-21T13:30:00Z,0.915,51.9,4.98,0.0316,28.7,80.3,49.3,76.3,14.4,17.0,321.0,0.275
2025-02-21T14:30:00Z,0.723,38.1,5.28,0.0246,44.5,99.8,66.8,76.8,14.4,16.2,320.0,0.25
2025-02-21T15:30:00Z,0.81,36.7,4.58,0.0233,39.9,109.0,74.8,77.8,15.7,15.5,307.0,0.175
2025-02-21T16:30:00Z,0.733,39.2,4.83,0.0248,35.0,113.0,76.3,79.7,15.7,14.8,300.0,0.2
2025-02-21T17:30:00Z,0.875,34.2,4.73,0.0221,31.1,120.0,79.3,82.7,12.0,14.1,306.0,0.3
2025-02-21T18:30:00Z,1.11,27.0,4.75,0.0182,,100.0,71.5,87.0,9.45,13.6,319.0,0.3
2025-02-21T19:30:00Z,1.08,27.2,4.45,0.0181,22.4,100.0,74.5,88.5,8.8,13.1,317.0,0.3
2025-02-21T20:30:00Z,1.04,27.7,4.37,0.0183,18.7,102.0,74.3,89.8,8.73,12.6,326.0,0.375
2025-02-21T21:30:00Z,1.04,21.8,4.03,0.0149,19.7,101.0,69.5,90.8,8.3,12.1,335.0,0.35
2025-02-21T22:30:00Z,1.05,22.0,4.35,0.0152,15.0,92.8,67.0,91.0,7.43,11.6,245.0,0.25
2025-02-21T23:30:00Z,1.05,23.2,5.03,0.0164,14.1,92.0,65.5,92.0,7.88,11.4,328.0,0.325
2025-02-22T00:30:00Z,1.15,26.4,7.8,0.0204,14.0,98.5,60.8,91.8,7.63,11.3,182.0,0.35
2025-02-22T01:30:00Z,1.21,29.1,12.4,0.0255,8.15,109.0,60.8,91.3,8.33,11.7,260.0,0.325
2025-02-22T02:30:00Z,1.17,23.1,8.18,0.0189,25.5,209.0,73.3,84.5,11.5,13.3,344.0,0.725
2025-02-22T03:30:00Z,1.15,23.2,7.25,0.0182,33.3,169.0,57.5,80.3,11.0,14.3,174.0,0.65
2025-02-22T04:30:00Z,,,,,53.0,72.5,44.5,74.3,,15.5,338.0,0.675
2025-02-22T05:30:00Z,1.06,23.9,5.53,0.0172,,69.3,43.0,70.5,17.3,17.3,253.0,0.85
2025-02-22T06:30:00Z,0.768,21.2,5.5,0.0157,82.5,67.8,44.0,62.0,21.9,19.1,325.0,0.925
2025-02-22T07:30:00Z,0.668,22.6,4.2,0.0154,89.2,61.8,38.8,58.8,15.9,20.1,329.0,0.85
2025-02-22T08:30:00Z,0.7,19.0,5.45,0.0145,104.0,53.0,30.8,61.5,12.0,20.1,310.0,0.975
2025-02-22T09:30:00Z,0.735,20.4,3.4,0.0136,104.0,56.0,31.0,62.0,11.8,20.1,315.0,0.85
2025-02-22T10:30:00Z,0.68,19.8,3.65,0.0135,107.0,56.3,34.0,63.0,13.7,20.5,333.0,0.675
2025-02-22T11:30:00Z,0.76,23.8,3.43,0.0154,101.0,57.3,34.5,67.3,13.1,19.6,338.0,0.5
2025-02-22T12:30:00Z,1.19,74.7,7.13,0.0455,31.8,69.0,38.3,72.3,12.4,17.7,299.0,0.2
2025-02-22T13:30:00Z,1.08,49.2,4.08,0.0295,61.4,82.8,51.0,73.3,12.7,16.8,328.0,0.275
2025-02-22T14:30:00Z,1.13,54.9,5.5,0.0337,47.5,89.5,60.5,74.3,11.3,16.1,310.0,0.225
2025-02-22T15:30:00Z,1.03,46.0,5.4,0.0288,49.4,93.3,61.8,76.8,10.7,15.4,172.0,0.225
2025-02-22T16:30:00Z,0.913,35.8,4.68,0.0229,55.1,92.3,61.3,79.5,10.3,14.7,331.0,0.275
2025-02-22T17:30:00Z,0.95,40.8,4.25,0.0251,35.3,83.0,57.0,82.5,10.1,14.0,159.0,0.1
2025-02-22T18:30:00Z,0.82,24.8,4.9,0.0173,,82.0,57.5,84.0,11.3,13.3,311.0,0.2
2025-02-22T19:30:00Z,0.795,22.5,3.05,0.0145,46.2,78.8,55.5,85.0,11.5,13.3,191.0,0.275
2025-02-22T20:30:00Z,0.74,26.4,3.83,0.0172,31.7,74.5,53.0,87.0,10.8,12.7,167.0,0.125
2025-02-22T21:30:00Z,0.77,23.6,3.88,0.0157,22.9,72.5,50.5,88.8,10.6,12.0,180.0,0.1
2025-02-22T22:30:00Z,0.808,36.0,7.33,0.0251,8.0,73.8,49.3,90.3,9.95,11.6,100.0,0.15
2025-02-22T23:30:00Z,0.738,24.5,4.28,0.0165,12.7,76.5,53.3,91.0,9.43,11.1,314.0,0.125
2025-02-23T00:30:00Z,0.91,34.3,25.7,0.0391,6.15,84.3,62.0,91.8,9.6,11.0,185.0,0.175
2025-02-23T01:30:00Z,0.89,37.6,12.4,0.0301,10.4,96.7,65.3,91.7,10.5,11.8,336.0,0.233
2025-02-23T02:30:00Z,0.935,31.0,7.5,0.0226,38.8,109.0,67.0,80.5,19.5,13.9,201.0,0.45
2025-02-23T03:30:00Z,0.823,27.7,5.33,0.0191,64.4,104.0,62.8,68.0,26.6,17.0,262.0,0.475
2025-02-23T04:30:00Z,0.728,25.6,5.13,0.0178,80.0,85.3,51.0,65.5,34.2,19.0,308.0,0.75
2025-02-23T05:30:00Z,0.81,26.9,6.2,0.0194,88.5,83.0,47.0,63.0,49.3,18.8,287.0,0.9
2025-02-23T06:30:00Z,0.593,20.3,4.67,0.0146,107.0,67.0,40.3,59.7,12.8,20.0,292.0,1.0
2025-02-23T07:30:00Z,0.665,29.2,4.98,0.0196,81.8,56.3,34.0,58.0,11.5,20.9,320.0,0.775
2025-02-23T08:30:00Z,0.613,29.7,5.38,0.0202,88.3,53.5,31.5,59.0,10.7,21.0,315.0,0.875
2025-02-23T09:30:00Z,0.583,22.9,4.0,0.0155,102.0,50.3,28.5,54.8,10.6,21.4,316.0,0.725
2025-02-23T10:30:00Z,0.603,19.0,3.5,0.0129,124.0,45.3,25.7,61.0,12.6,21.7,318.0,0.633
2025-02-23T11:30:00Z,0.66,22.8,3.3,0.0148,114.0,50.0,30.0,67.3,13.7,20.5,326.0,0.375
2025-02-23T12:30:00Z,0.985,50.2,3.6,0.0297,62.4,59.3,37.3,71.8,13.2,18.5,313.0,0.2
2025-02-23T13:30:00Z,1.4,96.2,17.0,0.065,6.98,72.3,43.5,75.0,12.1,17.0,249.0,0.1
2025-02-23T14:30:00Z,1.64,90.6,30.3,0.0729,3.77,87.0,50.3,80.0,11.8,15.7,315.0,0.1
2025-02-23T15:30:00Z,2.0,90.1,65.5,0.101,2.2,104.0,65.5,84.5,11.7,14.6,339.0,0.1
2025-02-23T16:30:00Z,2.3,82.1,86.6,0.114,2.55,105.0,66.0,85.8,11.3,14.2,191.0,0.175
2025-02-23T17:30:00Z,2.08,70.8,83.3,0.105,2.2,107.0,66.0,88.0,11.0,13.7,26.7,0.2
2025-02-23T18:30:00Z,1.16,56.5,20.4,0.0466,,110.0,62.0,88.0,10.3,13.3,30.5,0.2
2025-02-23T19:30:00Z,1.03,50.2,16.4,0.0401,4.63,101.0,59.5,88.8,9.9,13.1,71.8,0.275
2025-02-23T20:30:00Z,0.837,40.3,8.13,0.0281,6.15,90.8,56.3,88.3,10.6,12.7,31.3,0.15
2025-02-23T21:30:00Z,0.855,38.3,7.73,0.0267,4.9,86.5,57.5,89.8,9.68,12.2,188.0,0.15
2025-02-23T22:30:00Z,0.81,33.4,12.6,0.028,5.43,88.3,61.0,90.8,9.23,11.9,130.0,0.2
2025-02-23T23:30:00Z,0.687,32.9,5.2,0.0218,11.9,91.0,61.0,91.0,8.93,11.8,147.0,0.167
2025-02-24T00:30:00Z,0.873,43.8,20.0,0.0396,3.95,85.5,60.0,91.0,9.33,11.7,97.8,0.125
2025-02-24T01:30:00Z,1.03,46.6,25.4,0.0454,5.58,94.8,64.0,90.3,12.2,12.5,172.0,0.2
2025-02-24T02:30:00Z,1.12,51.8,17.9,0.0421,23.3,126.0,73.3,73.5,31.4,15.6,57.8,0.275
2025-02-24T03:30:00Z,0.88,41.7,9.33,0.0297,50.1,128.0,71.8,59.3,45.0,19.2,258.0,0.5
2025-02-24T04:30:00Z,0.7,29.5,6.73,0.0212,85.1,108.0,58.3,62.0,41.5,20.8,313.0,0.775
2025-02-24T05:30:00Z,0.63,23.8,4.83,0.0165,95.5,94.5,47.8,61.3,32.7,21.1,306.0,0.85
2025-02-24T06:30:00Z,0.595,23.0,5.73,0.0169,98.4,69.3,39.0,56.0,13.1,21.4,318.0,0.8
2025-02-24T07:30:00Z,0.53,29.8,4.73,0.0197,80.9,50.3,29.8,46.5,9.48,22.4,327.0,0.925
2025-02-24T08:30:00Z,0.478,26.3,5.15,0.0182,88.7,39.8,22.0,44.5,9.0,22.5,318.0,1.05
2025-02-24T09:30:00Z,0.42,18.7,3.73,0.013,118.0,32.0,17.5,45.5,9.13,22.3,317.0,1.0
2025-02-24T10:30:00Z,0.543,15.9,4.28,0.0119,133.0,28.5,16.5,52.0,10.9,22.4,323.0,0.85
2025-02-24T11:30:00Z,0.615,22.7,3.83,0.0152,123.0,41.5,24.5,63.3,13.0,21.0,331.0,0.425
2025-02-24T12:30:00Z,0.963,50.4,4.75,0.0307,74.1,62.8,37.8,71.3,14.0,19.1,306.0,0.25
2025-02-24T13:30:00Z,1.32,80.5,12.2,0.0527,29.5,83.5,55.5,76.0,14.0,17.5,240.0,0.175
2025-02-24T14:30:00Z,1.51,99.1,15.7,0.0655,9.25,105.0,73.3,80.0,14.3,16.4,323.0,0.1
2025-02-24T15:30:00Z,1.4,73.9,5.83,0.0441,28.4,127.0,86.8,79.5,16.4,15.8,277.0,0.1
2025-02-24T16:30:00Z,0.833,38.4,4.8,0.0243,71.9,128.0,85.8,75.0,15.8,16.0,267.0,0.225
2025-02-24T17:30:00Z,0.81,36.1,3.93,0.0224,64.5,110.0,75.7,74.7,13.7,15.6,147.0,0.233
2025-02-24T18:30:00Z,0.905,51.7,6.55,0.0328,,105.0,72.0,81.5,12.6,14.4,73.5,0.2
2025-02-24T19:30:00Z,0.87,44.1,5.4,0.0278,40.5,102.0,72.0,81.7,13.6,14.3,259.0,0.133
2025-02-24T20:30:00Z,0.8,31.2,5.73,0.0212,30.0,94.0,66.8,84.0,12.8,13.9,109.0,0.15
2025-02-24T21:30:00Z,0.675,25.3,3.63,0.0165,37.3,85.5,62.8,83.3,12.7,14.1,323.0,0.4
2025-02-24T22:30:00Z,0.655,19.4,3.98,0.0135,46.2,79.5,61.8,82.0,15.3,14.0,255.0,0.325
2025-02-24T23:30:00Z,0.713,31.8,6.28,0.022,24.9,80.0,59.0,83.8,15.2,13.5,189.0,0.25
2025-02-25T00:30:00Z,1.15,47.0,37.7,0.0556,12.3,82.0,63.0,86.0,13.7,13.3,192.0,0.3
2025-02-25T01:30:00Z,1.01,49.2,17.9,0.0408,17.7,113.0,82.7,82.3,15.5,14.4,154.0,0.4
2025-02-25T02:30:00Z,1.03,45.3,14.1,0.0356,22.7,123.0,83.3,77.0,20.2,15.5,135.0,0.4
2025-02-25T03:30:00Z,1.17,54.0,17.0,0.0425,34.9,114.0,69.0,65.8,27.0,17.9,105.0,0.75
2025-02-25T04:30:00Z,0.763,33.0,6.33,0.0227,76.7,107.0,64.8,57.3,41.0,20.2,258.0,0.525
2025-02-25T05:30:00Z,1.03,43.9,8.07,0.0299,64.9,85.0,53.7,62.0,18.7,21.3,226.0,0.467
2025-02-25T06:30:00Z,0.928,33.1,6.88,0.0232,68.1,73.3,43.0,64.0,15.5,20.6,265.0,0.4
2025-02-25T07:30:00Z,0.913,40.8,6.55,0.027,58.4,69.8,40.8,57.5,15.8,22.0,240.0,0.6
2025-02-25T08:30:00Z,0.878,37.6,5.8,0.0247,67.0,68.5,41.5,58.0,15.6,22.7,267.0,0.675
2025-02-25T09:30:00Z,0.948,39.1,5.23,0.025,81.8,67.3,38.0,56.0,14.6,23.7,215.0,0.525
2025-02-25T10:30:00Z,1.06,37.7,5.5,0.0245,86.7,72.3,40.3,62.0,16.8,23.2,183.0,0.525
2025-02-25T11:30:00Z,1.12,52.3,6.55,0.0331,69.5,117.0,46.0,65.8,18.4,22.6,196.0,0.25
2025-02-25T12:30:00Z,1.78,73.0,57.9,0.0859,15.5,122.0,43.8,74.5,16.9,20.6,78.8,0.15
2025-02-25T13:30:00Z,2.58,90.4,116.0,0.142,2.4,289.0,44.8,81.8,16.5,18.8,187.0,0.2
2025-02-25T14:30:00Z,2.67,90.8,74.2,0.109,2.88,354.0,65.5,85.3,14.9,17.9,198.0,0.225
2025-02-25T15:30:00Z,2.53,81.9,64.2,0.0957,2.53,250.0,92.5,85.5,14.7,17.8,141.0,0.25
2025-02-25T16:30:00Z,1.65,72.8,21.1,0.0559,2.78,236.0,94.5,82.5,14.4,17.4,78.3,0.15
2025-02-25T17:30:00Z,0.96,51.9,8.83,0.0348,12.4,140.0,80.3,74.7,15.4,17.8,154.0,0.167
2025-02-26T03:30:00Z,,43.4,7.77,0.0294,56.0,70.3,37.3,62.7,16.2,21.0,,
2025-02-26T04:30:00Z,,39.8,6.33,0.0263,81.9,79.8,44.5,60.3,22.2,22.2,,
2025-02-26T05:30:00Z,0.99,35.3,5.2,0.023,94.6,88.8,51.3,59.5,27.8,22.6,,
2025-02-26T06:30:00Z,0.853,38.6,6.03,0.0255,89.2,102.0,61.5,55.3,20.0,23.8,,
2025-02-26T07:30:00Z,0.76,37.1,5.7,0.0244,85.5,91.3,53.0,52.8,15.7,24.7,,
2025-02-26T08:30:00Z,0.715,32.8,5.38,0.0218,90.3,69.3,34.8,50.8,14.9,25.5,,
2025-02-26T09:30:00Z,0.69,26.4,3.28,0.0167,94.6,64.5,29.5,52.3,18.7,25.5,,
2025-02-26T10:30:00Z,0.67,30.3,4.9,0.0201,82.4,61.3,27.3,55.0,21.0,25.5,,
2025-02-26T11:30:00Z,1.25,59.5,20.1,0.0479,36.0,74.3,29.8,62.0,17.8,24.0,,
2025-02-26T12:30:00Z,2.12,90.9,81.1,0.114,3.2,96.5,37.0,68.3,16.6,22.5,,
2025-02-26T13:30:00Z,2.84,97.1,182.0,0.199,2.28,117.0,48.3,70.5,18.1,22.3,,
2025-02-26T14:30:00Z,1.76,77.5,40.7,0.0743,9.98,138.0,58.5,68.8,15.2,22.2,,
2025-02-26T15:30:00Z,1.1,57.9,11.0,0.0398,22.0,122.0,51.3,68.5,13.8,21.6,,
2025-02-26T16:30:00Z,0.94,52.2,8.8,0.0349,21.7,98.3,41.0,70.5,12.8,20.7,,
2025-02-26T17:30:00Z,0.78,23.6,5.97,0.0174,62.1,84.7,38.0,64.0,13.2,22.0,,
2025-02-26T18:30:00Z,0.94,27.2,4.85,0.0185,,50.0,23.0,62.0,12.8,21.3,,
2025-02-26T19:30:00Z,0.82,18.2,4.05,0.013,59.4,46.3,22.5,59.0,12.7,21.4,,
2025-02-26T20:30:00Z,0.7,16.5,4.43,0.0124,57.2,34.8,18.0,56.3,10.4,21.1,,
2025-02-26T21:30:00Z,0.808,24.4,4.18,0.0164,37.0,21.8,11.3,62.8,9.53,20.0,,
2025-02-26T22:30:00Z,0.88,34.3,5.33,0.0225,20.3,24.8,12.3,67.8,10.1,19.3,,
2025-02-26T23:30:00Z,0.883,36.7,7.43,0.0256,15.9,34.5,17.0,69.0,10.3,19.1,,
2025-02-27T00:30:00Z,1.05,45.7,13.9,0.0356,24.3,62.5,24.3,74.8,11.5,18.5,,
2025-02-27T01:30:00Z,0.935,36.9,7.18,0.0255,34.2,78.5,33.5,78.0,11.7,17.8,,
2025-02-27T02:30:00Z,1.23,47.4,10.4,0.0336,32.0,59.3,36.5,74.3,13.0,18.8,,
2025-02-27T03:30:00Z,1.08,33.6,9.8,0.0258,45.3,53.0,35.5,70.3,15.0,19.3,189.0,1.37
2025-02-27T04:30:00Z,1.02,27.0,7.07,0.0201,48.9,58.0,37.3,70.7,22.3,18.9,173.0,1.7
2025-02-27T05:30:00Z,0.973,24.1,7.65,0.019,50.0,62.0,40.0,69.3,19.8,19.6,172.0,1.8
2025-02-27T06:30:00Z,0.938,22.2,5.75,0.0165,54.7,53.0,32.3,69.0,13.9,19.3,175.0,1.53
2025-02-27T07:30:00Z,0.945,29.9,6.65,0.0213,48.2,30.5,17.8,71.8,10.4,18.6,174.0,1.15
2025-02-27T08:30:00Z,1.12,39.8,8.33,0.0279,27.8,17.0,10.0,80.8,9.93,17.3,179.0,0.7
2025-02-27T09:30:00Z,1.16,46.2,18.0,0.0392,13.2,30.3,15.3,86.7,10.7,16.7,148.0,0.6
2025-02-27T10:30:00Z,1.08,34.7,11.9,0.0281,23.6,30.3,14.5,87.0,10.1,16.4,135.0,0.95
2025-02-27T11:30:00Z,1.15,42.7,16.2,0.0359,18.9,16.3,9.5,84.8,9.2,16.7,124.0,0.55
2025-02-27T12:30:00Z,1.49,53.9,28.6,0.0519,5.2,13.8,10.8,82.3,9.38,16.9,180.0,0.3
2025-02-27T13:30:00Z,1.59,53.5,35.6,0.0574,5.68,18.5,12.5,77.5,9.28,17.6,94.0,0.375
2025-02-27T14:30:00Z,1.55,47.6,37.8,0.056,6.8,23.8,14.0,82.5,8.6,16.9,103.0,0.3
2025-02-27T15:30:00Z,1.05,33.5,6.9,0.0234,23.9,29.0,16.0,79.0,8.05,16.9,155.0,0.55
2025-02-27T16:30:00Z,1.36,42.7,15.3,0.0351,2.8,36.5,23.0,82.0,36.6,16.7,180.0,0.45
2025-02-27T17:30:00Z,1.09,41.8,16.5,0.0357,3.0,55.5,32.5,82.5,41.1,16.6,227.0,0.3
2025-02-27T18:30:00Z,0.925,38.0,10.1,0.0284,,55.5,35.5,83.0,26.8,16.9,190.0,0.2
2025-02-27T19:30:00Z,0.665,37.1,9.15,0.0271,7.67,56.5,37.0,82.3,40.1,16.7,181.0,0.525
2025-02-27T20:30:00Z,0.433,16.9,3.43,0.0118,28.4,56.0,38.5,83.8,42.6,16.2,185.0,0.9
2025-02-27T21:30:00Z,0.393,10.3,4.6,0.00915,44.4,40.0,27.3,84.5,26.2,15.9,176.0,1.4
2025-02-27T22:30:00Z,0.318,10.2,3.88,0.00853,48.6,23.5,14.3,88.5,15.8,15.5,178.0,1.3
2025-02-27T23:30:00Z,0.325,10.9,3.9,0.00895,55.6,21.5,13.8,89.3,13.0,15.7,176.0,1.45
2025-02-28T00:30:00Z,0.288,11.7,4.8,0.0101,57.8,25.3,15.0,89.5,11.9,15.8,178.0,1.08
2025-02-28T01:30:00Z,,16.2,5.05,0.0127,53.0,24.3,13.0,88.8,11.7,16.2,177.0,1.18
2025-02-28T02:30:00Z,0.0,21.3,5.2,0.0155,52.3,19.0,12.8,88.8,12.1,16.2,176.0,1.25
2025-02-28T03:30:00Z,0.138,29.3,6.38,0.0208,49.0,23.0,16.5,86.8,12.1,16.7,171.0,1.3
2025-02-28T04:30:00Z,0.113,21.6,6.38,0.0167,63.5,24.0,18.0,76.8,13.4,17.7,175.0,1.5
2025-02-28T05:30:00Z,0.46,21.5,5.13,0.0156,64.9,24.5,17.0,72.8,13.5,18.9,180.0,1.33
2025-02-28T06:30:00Z,0.55,27.1,6.18,0.0194,60.4,27.0,18.0,74.8,12.5,18.4,181.0,1.13
2025-02-28T07:30:00Z,0.393,17.6,5.25,0.0136,73.5,31.3,21.0,68.0,15.0,19.2,183.0,1.78
2025-02-28T08:30:00Z,0.435,18.2,4.45,0.0133,76.8,33.8,19.8,64.3,13.9,20.3,178.0,1.6
2025-02-28T09:30:00Z,0.485,22.8,5.03,0.0162,70.4,33.0,18.0,64.8,14.4,20.4,183.0,1.3
2025-02-28T10:30:00Z,0.528,20.9,4.1,0.0145,71.4,35.5,18.0,66.0,14.7,20.0,182.0,1.4
2025-02-28T11:30:00Z,0.533,22.8,5.0,0.0162,71.3,34.5,18.3,67.8,13.1,19.7,181.0,1.35
2025-02-28T12:30:00Z,0.568,26.4,4.15,0.0174,66.4,33.0,21.5,71.3,11.9,19.2,176.0,1.33
2025-02-28T13:30:00Z,0.628,30.2,5.23,0.0203,57.9,34.5,20.0,71.8,11.6,19.0,177.0,1.05
2025-02-28T14:30:00Z,0.528,31.7,4.78,0.0207,52.4,38.3,20.0,72.3,11.1,18.6,190.0,0.975
2025-02-28T15:30:00Z,0.368,17.6,4.33,0.0129,62.1,38.0,19.0,75.3,13.2,18.2,186.0,1.1
2025-02-28T16:30:00Z,0.38,19.8,4.15,0.0139,49.2,31.5,18.8,82.0,15.8,17.2,173.0,1.08
2025-02-28T17:30:00Z,0.425,12.0,4.73,0.0102,55.0,30.3,24.7,82.7,15.0,17.1,184.0,1.07
2025-02-28T18:30:00Z,0.6,19.4,5.5,0.0148,,30.0,20.0,80.0,13.6,17.3,67.0,0.3
2025-02-28T19:30:00Z,0.525,11.7,4.05,0.0095,67.0,25.3,19.0,78.5,11.9,16.7,139.0,0.3
2025-02-28T20:30:00Z,0.583,16.9,4.1,0.0123,50.5,22.0,18.5,81.5,11.2,15.9,103.0,0.275
2025-02-28T21:30:00Z,0.583,18.2,4.05,0.013,42.7,26.8,21.3,81.3,11.2,16.0,100.0,0.175
2025-02-28T22:30:00Z,0.593,21.6,3.78,0.0145,39.9,28.0,23.5,78.3,10.3,16.3,120.0,0.175
2025-02-28T23:30:00Z,0.91,36.7,10.4,0.028,29.4,27.3,20.3,74.0,9.65,16.0,108.0,0.25
2025-03-01T00:30:00Z,0.82,36.5,10.2,0.0277,22.3,28.5,15.8,77.0,9.0,15.4,49.5,0.175
2025-03-01T01:30:00Z,1.05,39.6,20.2,0.0375,19.0,28.0,13.0,74.5,9.4,16.1,104.0,0.35
2025-03-01T02:30:00Z,0.88,35.7,10.2,0.0272,37.4,40.0,15.5,60.0,9.8,18.2,129.0,0.6
2025-03-01T03:30:00Z,,,,,57.3,34.8,14.5,55.3,,20.6,232.0,0.4
2025-03-01T04:30:00Z,0.73,,,,89.6,28.0,16.0,61.0,11.9,21.1,295.0,0.625
2025-03-01T05:30:00Z,0.56,52.5,4.4,0.0315,107.0,29.3,19.0,64.0,15.4,21.0,321.0,0.767
2025-03-01T06:30:00Z,0.555,43.0,3.45,0.0257,113.0,42.0,26.3,64.0,14.0,21.2,328.0,0.75
2025-03-01T07:30:00Z,0.543,36.1,3.15,0.0217,100.0,46.0,31.0,62.5,12.3,21.2,323.0,0.8
2025-03-01T08:30:00Z,0.395,32.1,3.0,0.0195,98.9,44.3,29.7,63.3,11.6,21.6,307.0,0.7
2025-03-01T09:30:00Z,0.488,27.8,3.25,0.0174,145.0,46.5,30.0,66.0,11.4,21.5,329.0,0.7
2025-03-01T10:30:00Z,0.5,30.8,2.55,0.0184,106.0,46.8,29.3,67.8,13.2,21.8,347.0,0.625
2025-03-01T11:30:00Z,0.515,33.3,2.68,0.0199,92.6,47.5,32.8,71.8,12.5,20.9,335.0,0.35
2025-03-01T12:30:00Z,0.89,68.5,18.8,0.0518,38.3,60.5,40.8,77.5,11.2,19.2,103.0,0.125
2025-03-01T13:30:00Z,1.34,95.5,32.6,0.0773,4.07,102.0,55.7,82.3,11.1,18.2,143.0,0.167
2025-03-01T14:30:00Z,1.34,89.5,36.1,0.077,2.9,132.0,63.0,85.5,10.4,17.1,248.0,0.15
2025-03-01T15:30:00Z,0.93,69.2,13.8,0.0481,6.9,141.0,60.8,88.3,9.6,16.2,328.0,0.125
2025-03-01T16:30:00Z,0.488,43.1,3.23,0.0256,30.1,124.0,54.3,88.5,8.95,15.9,336.0,0.35
2025-03-01T17:30:00Z,0.515,33.3,2.7,0.0199,33.6,106.0,47.0,87.7,8.95,15.5,339.0,0.233
2025-03-01T18:30:00Z,0.71,37.1,2.05,0.0214,,76.5,44.0,90.0,9.55,14.6,312.0,0.1
2025-03-01T19:30:00Z,0.72,41.9,4.25,0.0257,16.0,78.3,49.0,91.3,9.75,14.4,195.0,0.2
2025-03-01T20:30:00Z,0.617,38.2,4.37,0.0239,14.2,72.3,47.3,92.0,9.57,14.2,127.0,0.225
2025-03-01T21:30:00Z,0.578,34.1,3.18,0.0207,13.3,62.0,39.5,92.0,9.38,13.8,310.0,0.225
2025-03-01T22:30:00Z,0.593,31.4,3.97,0.02,12.2,64.0,41.7,92.0,9.1,13.4,333.0,0.267
2025-03-01T23:30:00Z,0.705,35.5,9.35,0.0265,3.5,75.8,45.5,93.0,9.03,13.0,172.0,0.175
2025-03-02T00:30:00Z,0.838,37.3,39.8,0.0522,2.4,89.3,50.3,93.0,9.7,12.6,280.0,0.225
2025-03-02T01:30:00Z,0.82,36.7,14.7,0.0314,6.93,103.0,60.0,93.0,10.2,12.6,334.0,0.275
2025-03-02T02:30:00Z,0.738,36.7,6.3,0.0247,33.5,118.0,62.5,79.8,17.2,14.4,309.0,0.45
2025-03-02T03:30:00Z,0.698,32.9,4.33,0.021,55.1,111.0,60.0,69.5,22.9,17.7,324.0,0.675
2025-03-02T04:30:00Z,0.673,29.4,4.13,0.019,63.0,85.8,52.3,69.8,26.6,19.0,318.0,0.925
2025-03-02T05:30:00Z,0.56,25.1,3.33,0.0161,85.7,70.8,41.8,65.5,22.1,20.0,331.0,0.975
2025-03-02T06:30:00Z,0.64,22.3,3.0,0.0143,95.2,51.8,31.3,57.3,11.8,20.4,327.0,1.05
2025-03-02T07:30:00Z,0.645,22.2,3.0,0.0142,94.3,37.3,21.8,51.8,9.15,21.0,340.0,1.03
2025-03-02T08:30:00Z,0.64,20.9,2.33,0.013,101.0,34.0,17.0,52.0,9.18,21.2,323.0,1.05
2025-03-02T09:30:00Z,0.638,21.8,3.55,0.0145,107.0,35.0,16.8,53.0,9.18,21.3,317.0,1.0
2025-03-02T10:30:00Z,0.638,21.9,2.58,0.0138,110.0,35.0,18.5,56.8,9.93,21.5,330.0,0.925
2025-03-02T11:30:00Z,0.66,26.1,2.87,0.0161,107.0,38.7,20.7,63.7,10.6,20.2,333.0,0.5
2025-03-02T12:30:00Z,0.855,47.5,2.7,0.0275,64.9,54.5,28.5,71.5,10.8,18.1,308.0,0.15
2025-03-02T13:30:00Z,1.66,79.5,36.3,0.0718,12.4,71.5,37.0,76.5,10.7,16.7,185.0,0.1
2025-03-02T14:30:00Z,1.89,88.5,50.5,0.0881,3.37,117.0,57.0,80.7,10.6,15.6,318.0,0.1
2025-03-02T15:30:00Z,1.64,83.6,23.2,0.0633,5.25,129.0,67.0,79.5,9.7,15.5,161.0,0.15
2025-03-02T16:30:00Z,1.22,64.5,11.8,0.0439,15.3,118.0,60.7,81.0,10.0,14.7,309.0,0.167
2025-03-02T17:30:00Z,0.895,39.6,3.5,0.0239,43.5,103.0,51.3,76.7,10.5,14.5,293.0,0.233
2025-03-02T18:30:00Z,0.915,28.9,2.75,0.0176,,66.0,33.0,80.0,11.0,13.7,324.0,0.25
2025-03-02T19:30:00Z,0.92,29.3,3.8,0.0187,38.1,57.5,32.0,82.0,10.4,13.4,346.0,0.25
2025-03-02T20:30:00Z,0.903,30.0,2.73,0.0182,34.5,47.3,29.5,84.8,11.4,13.0,231.0,0.2
2025-03-02T21:30:00Z,1.03,43.4,6.03,0.028,15.3,51.7,31.7,86.7,10.4,12.8,175.0,0.233
2025-03-02T22:30:00Z,1.04,35.8,3.98,0.0223,13.3,68.0,44.8,89.0,8.9,12.4,196.0,0.175
2025-03-02T23:30:00Z,0.993,38.2,10.4,0.0288,4.75,74.5,50.5,89.8,8.45,12.0,128.0,0.225
2025-03-03T00:30:00Z,1.55,43.9,46.4,0.0611,3.98,74.0,51.5,89.8,9.25,12.2,198.0,0.425
2025-03-03T01:30:00Z,1.21,49.7,19.7,0.0424,7.5,95.3,60.3,82.3,15.2,14.2,236.0,0.5
2025-03-03T02:30:00Z,1.42,57.6,22.7,0.0491,15.6,121.0,68.5,75.3,39.6,15.9,117.0,0.525
2025-03-03T03:30:00Z,1.45,58.0,20.9,0.0478,17.6,110.0,60.3,68.5,22.6,18.1,80.0,0.5
2025-03-03T04:30:00Z,1.07,42.0,7.9,0.0287,43.8,92.3,44.8,64.3,18.1,18.8,197.0,0.7
2025-03-03T05:30:00Z,0.86,36.1,5.65,0.0238,66.4,83.0,38.0,56.0,19.8,20.9,36.5,0.5
2025-03-03T06:30:00Z,0.768,30.1,3.85,0.0192,76.9,73.0,33.3,42.7,11.9,23.7,186.0,0.7
2025-03-03T07:30:00Z,0.65,25.9,2.53,0.0158,81.7,,23.3,51.5,10.1,23.4,331.0,0.9
2025-03-03T08:30:00Z,0.66,29.2,3.6,0.0184,61.1,,33.0,53.0,18.0,23.6,324.0,0.6
2025-03-03T09:30:00Z,0.64,26.3,3.2,0.0166,82.2,71.0,22.0,45.0,10.7,24.1,290.0,0.9
2025-03-03T10:30:00Z,0.75,34.6,3.03,0.0209,78.2,64.0,19.0,53.3,15.9,24.0,293.0,0.867
2025-03-03T11:30:00Z,0.98,49.5,4.58,0.03,46.6,82.8,30.5,62.8,19.6,22.5,291.0,0.35
2025-03-03T12:30:00Z,1.72,75.0,36.7,0.0697,8.48,106.0,37.8,67.5,20.5,21.3,171.0,0.2
2025-03-03T13:30:00Z,2.12,91.0,73.3,0.108,2.68,140.0,39.3,72.5,17.1,19.7,186.0,0.25
2025-03-03T14:30:00Z,1.47,72.2,21.4,0.0557,18.0,176.0,53.5,71.8,15.2,19.9,166.0,0.525
2025-03-03T15:30:00Z,0.903,46.9,5.18,0.0291,47.1,128.0,45.5,71.8,12.4,19.0,144.0,0.7
2025-03-03T16:30:00Z,0.658,28.3,3.55,0.0179,66.2,64.0,28.0,70.5,10.2,18.6,148.0,0.775
2025-03-03T17:30:00Z,0.55,26.3,3.73,0.017,55.7,44.3,20.7,72.3,16.5,17.6,182.0,0.833
2025-03-03T18:30:00Z,0.545,23.8,1.7,0.014,,30.5,13.0,71.5,13.6,17.2,299.0,0.15
2025-03-03T19:30:00Z,0.44,21.6,1.9,0.013,52.0,29.0,13.5,74.0,12.6,16.8,246.0,0.275
2025-03-03T20:30:00Z,,24.2,2.23,0.0147,43.1,31.8,14.5,78.5,11.6,16.2,265.0,0.325
2025-03-03T21:30:00Z,,25.5,3.23,0.0161,34.8,43.0,18.8,80.3,11.4,15.5,262.0,0.3
2025-03-03T22:30:00Z,0.655,26.9,2.93,0.0167,30.5,58.3,28.7,82.0,11.4,14.6,214.0,0.233
2025-03-03T23:30:00Z,0.78,34.2,11.1,0.0272,14.3,59.3,28.8,84.3,10.8,14.3,267.0,0.2
2025-03-04T00:30:00Z,0.743,35.2,4.18,0.0221,19.9,60.3,27.0,82.0,11.9,14.7,336.0,0.475
2025-03-04T01:30:00Z,0.823,29.2,5.8,0.0203,23.0,73.3,31.0,79.8,12.9,14.6,344.0,0.725
2025-03-04T02:30:00Z,0.83,29.4,7.17,0.0215,23.4,84.3,36.0,77.7,14.8,14.5,235.0,0.633
2025-03-04T03:30:00Z,0.737,31.6,6.73,0.0222,43.4,87.3,39.0,67.0,18.5,17.9,230.0,0.667
2025-03-04T04:30:00Z,0.65,26.0,4.18,0.0172,77.4,61.0,31.8,59.8,18.9,20.8,244.0,0.65
2025-03-04T05:30:00Z,0.743,28.8,3.65,0.0183,86.4,55.8,31.5,61.5,31.2,21.5,324.0,0.9
2025-03-04T06:30:00Z,0.885,27.8,3.03,0.0173,88.2,66.0,36.5,58.8,30.5,21.3,322.0,1.05
2025-03-04T07:30:00Z,0.835,23.7,3.78,0.0157,93.4,67.8,35.0,47.8,13.1,21.8,329.0,1.1
2025-03-04T08:30:00Z,0.58,20.1,2.6,0.0128,97.7,59.5,28.0,58.0,10.1,20.2,334.0,1.58
2025-03-04T09:30:00Z,0.575,18.8,3.15,0.0126,103.0,53.0,23.5,56.5,8.83,19.6,337.0,1.38
2025-03-04T10:30:00Z,0.547,17.4,2.83,0.0115,109.0,43.5,19.3,58.8,8.5,19.6,342.0,1.5
2025-03-04T11:30:00Z,0.49,18.8,2.25,0.0119,101.0,35.3,16.8,63.5,8.8,18.6,346.0,1.1
2025-03-04T12:30:00Z,0.608,22.9,2.9,0.0146,85.0,34.5,17.5,69.5,9.2,17.3,350.0,0.725
2025-03-04T13:30:00Z,0.583,24.7,2.68,0.0153,76.0,38.5,19.5,71.8,9.65,16.2,351.0,0.725
2025-03-04T14:30:00Z,0.558,21.2,3.23,0.0138,67.9,36.5,21.3,73.3,8.8,14.9,262.0,0.75
2025-03-04T15:30:00Z,0.533,21.5,3.95,0.0147,61.0,36.5,22.0,74.5,8.43,14.0,344.0,0.675
2025-03-04T16:30:00Z,0.51,19.4,2.83,0.0126,69.1,38.0,20.5,73.8,8.1,13.7,354.0,0.775
2025-03-04T17:30:00Z,0.61,16.6,3.1,0.0113,79.3,35.0,18.7,73.0,11.6,13.5,350.0,0.867
2025-03-04T18:30:00Z,0.57,16.2,4.5,0.0123,,25.5,18.0,74.0,16.2,12.9,359.0,0.75
2025-03-04T19:30:00Z,0.505,17.1,1.15,0.00995,73.6,27.3,17.5,73.3,16.6,12.5,260.0,0.775
2025-03-04T20:30:00Z,0.543,18.5,3.0,0.0123,68.1,32.0,17.5,72.8,17.8,11.9,343.0,0.675
2025-03-04T21:30:00Z,0.54,18.8,2.78,0.0123,70.3,36.5,17.5,72.0,16.5,11.7,334.0,0.6
2025-03-04T22:30:00Z,0.57,18.6,2.23,0.0117,66.6,38.5,19.5,72.0,14.6,11.1,341.0,0.625
2025-03-04T23:30:00Z,0.643,21.5,3.1,0.0139,57.9,42.3,21.0,73.0,17.2,10.2,337.0,0.725
2025-03-05T00:30:00Z,0.67,24.7,3.78,0.0162,47.3,43.3,22.0,74.3,15.0,9.6,263.0,0.65
2025-03-05T01:30:00Z,0.695,26.1,5.25,0.0182,44.9,40.5,23.5,72.8,15.5,9.9,333.0,0.9
2025-03-05T02:30:00Z,0.64,26.4,4.57,0.0177,61.3,46.7,25.7,65.7,16.8,12.6,346.0,0.867
2025-03-05T03:30:00Z,0.625,26.0,4.6,0.0176,69.2,51.5,25.5,63.5,21.3,15.8,341.0,1.05
2025-03-05T04:30:00Z,0.495,22.9,3.68,0.0152,86.3,85.5,25.5,61.0,21.1,18.0,330.0,1.35
2025-03-05T05:30:00Z,0.547,20.2,2.88,0.0131,97.5,81.8,24.0,56.8,13.3,18.3,326.0,1.58
2025-03-05T06:30:00Z,0.668,17.3,3.18,0.0118,98.0,44.0,21.0,48.3,9.63,18.6,327.0,1.68
2025-03-05T07:30:00Z,0.638,18.1,2.38,0.0116,97.8,44.0,17.8,46.8,8.83,19.0,335.0,1.68
2025-03-05T08:30:00Z,0.65,18.0,1.97,0.0105,102.0,43.0,16.5,48.5,9.05,18.7,336.0,1.7
2025-03-05T09:30:00Z,0.657,17.2,1.9,0.0107,106.0,38.3,16.5,49.0,9.13,19.3,345.0,1.48
2025-03-05T10:30:00Z,0.657,17.4,2.38,0.0112,112.0,32.0,14.0,50.8,10.3,19.8,337.0,1.4
2025-03-05T11:30:00Z,0.517,19.5,3.43,0.0131,108.0,32.5,13.5,54.5,10.4,18.8,344.0,1.05
2025-03-05T12:30:00Z,0.503,24.9,3.05,0.0158,94.7,32.5,15.3,59.5,11.9,17.5,348.0,0.75
2025-03-05T13:30:00Z,0.58,27.8,3.05,0.0172,86.2,32.0,18.0,62.5,15.0,16.7,337.0,0.55
2025-03-05T14:30:00Z,0.71,28.2,2.0,0.0166,71.7,41.0,23.0,70.0,16.0,15.2,329.0,0.55
2025-03-05T15:30:00Z,0.598,22.6,2.55,0.0141,75.0,43.0,22.5,71.3,16.7,14.9,341.0,0.675
2025-03-05T16:30:00Z,0.523,20.6,3.23,0.0136,70.1,47.8,24.5,72.8,14.0,14.1,337.0,0.775
2025-03-05T17:30:00Z,0.54,21.7,2.73,0.0138,67.7,55.0,26.3,74.0,13.7,13.6,236.0,0.6
2025-03-05T18:30:00Z,0.54,19.9,2.6,0.0127,,43.5,25.0,74.0,15.4,13.6,350.0,0.7
2025-03-05T19:30:00Z,0.555,20.8,3.6,0.014,65.8,42.5,25.3,75.8,15.3,12.8,253.0,0.6
2025-03-05T20:30:00Z,0.455,20.3,2.45,0.0128,68.1,41.3,25.3,76.3,14.6,12.4,341.0,0.467
2025-03-05T21:30:00Z,0.49,20.6,2.33,0.0129,73.0,40.5,24.0,75.0,16.1,12.6,337.0,0.5
2025-03-05T22:30:00Z,0.57,19.1,3.23,0.0128,74.1,38.5,24.0,74.0,16.2,12.6,324.0,0.575
2025-03-05T23:30:00Z,0.56,20.5,2.88,0.0133,68.1,34.8,24.5,74.5,14.6,12.3,331.0,0.55
2025-03-06T00:30:00Z,0.625,28.7,2.75,0.0176,50.9,38.8,26.0,76.0,14.7,11.4,327.0,0.6
2025-03-06T01:30:00Z,0.695,25.5,5.13,0.0178,48.8,56.0,32.5,75.0,15.6,11.5,342.0,0.7
2025-03-06T02:30:00Z,0.67,27.1,5.53,0.0188,61.9,65.0,37.5,67.0,18.7,13.7,343.0,0.825
2025-03-06T03:30:00Z,0.683,27.8,4.63,0.0185,78.5,62.7,36.7,62.7,20.2,16.9,332.0,0.933
2025-03-06T04:30:00Z,0.0,16.5,,0.0087,76.4,,,45.0,0.0,20.5,337.0,1.25
2025-03-06T05:30:00Z,,26.8,3.9,0.0174,127.0,,,48.7,15.5,20.0,321.0,1.27
2025-03-06T06:30:00Z,0.27,23.7,3.85,0.0158,116.0,62.0,40.5,45.0,10.6,21.6,336.0,1.25
2025-03-06T07:30:00Z,0.08,24.8,3.03,0.0156,119.0,58.5,38.5,45.8,10.8,21.8,323.0,1.25
2025-03-06T08:30:00Z,0.23,23.6,3.15,0.0151,115.0,52.0,34.5,45.3,10.0,22.2,327.0,1.25
2025-03-06T09:30:00Z,0.3,23.2,3.1,0.0149,125.0,50.3,30.5,45.0,10.7,22.1,321.0,1.28
2025-03-06T10:30:00Z,,22.3,2.15,0.0136,141.0,51.5,29.0,42.3,11.1,22.3,336.0,1.13
2025-03-06T11:30:00Z,0.153,28.4,2.68,0.0173,152.0,55.8,31.8,54.0,14.4,21.0,338.0,0.7
2025-03-06T12:30:00Z,0.24,53.5,4.83,0.0323,102.0,83.8,45.8,62.0,14.7,19.1,255.0,0.3
2025-03-06T13:30:00Z,0.328,97.5,14.3,0.0634,24.3,109.0,60.5,66.8,14.8,17.4,115.0,0.175
2025-03-06T14:30:00Z,0.707,74.1,10.0,0.0476,42.2,110.0,63.5,64.0,14.0,16.7,279.0,0.175
2025-03-06T15:30:00Z,0.788,50.1,5.1,0.0308,60.6,92.0,54.3,66.8,14.4,15.7,296.0,0.2
2025-03-06T16:30:00Z,0.84,46.3,5.95,0.0295,53.2,75.8,46.0,72.0,13.2,14.6,235.0,0.275
2025-03-06T17:30:00Z,0.57,32.3,3.27,0.0198,73.0,85.0,52.3,72.0,15.1,14.9,316.0,0.267
2025-03-06T18:30:00Z,0.845,35.1,2.7,0.0209,,114.0,66.0,76.0,18.7,13.3,160.0,0.25
2025-03-06T19:30:00Z,0.855,41.1,3.85,0.025,19.4,110.0,64.5,80.5,14.3,12.5,62.5,0.2
2025-03-06T20:30:00Z,0.98,47.5,6.87,0.0308,14.2,114.0,70.8,83.0,12.6,11.9,79.5,0.175
2025-03-06T21:30:00Z,0.693,35.8,5.75,0.0237,16.2,119.0,78.5,84.5,12.5,11.4,118.0,0.15
2025-03-06T22:30:00Z,0.358,36.8,4.93,0.0236,10.5,109.0,75.3,86.3,10.6,10.7,188.0,0.225
2025-03-06T23:30:00Z,0.338,40.3,9.48,0.0291,9.35,96.8,69.3,87.3,10.0,10.8,213.0,0.225
2025-03-07T00:30:00Z,0.398,41.0,12.3,0.0319,7.55,107.0,74.3,86.5,11.0,10.6,184.0,0.225
2025-03-07T01:30:00Z,0.638,48.7,27.2,0.048,13.8,145.0,100.0,78.3,24.3,12.4,172.0,0.25
2025-03-07T02:30:00Z,0.643,55.3,13.9,0.0407,38.1,156.0,108.0,58.8,37.2,15.8,165.0,0.35
2025-03-07T03:30:00Z,0.425,42.2,6.63,0.0278,74.4,115.0,74.3,58.0,23.2,19.2,306.0,0.75
2025-03-07T04:30:00Z,0.31,27.3,5.03,0.0186,97.5,79.0,45.0,56.3,31.1,21.0,323.0,0.667
2025-03-07T05:30:00Z,0.45,22.2,3.55,0.0146,129.0,56.0,29.5,49.0,14.1,22.1,339.0,0.875
2025-03-07T06:30:00Z,0.57,19.6,3.8,0.0135,126.0,42.3,23.5,42.3,11.4,23.2,345.0,0.925
2025-03-07T07:30:00Z,0.518,18.1,3.65,0.0126,114.0,29.5,18.5,37.8,10.9,23.2,329.0,1.33
2025-03-07T08:30:00Z,0.565,15.8,2.88,0.0108,125.0,28.0,16.0,39.5,11.4,23.0,331.0,1.35
2025-03-07T09:30:00Z,0.583,18.2,3.05,0.0122,154.0,31.0,18.0,46.3,12.1,22.9,334.0,1.35
2025-03-07T10:30:00Z,0.383,21.1,3.3,0.0139,169.0,50.3,31.3,53.7,16.4,23.1,339.0,1.07
2025-03-07T11:30:00Z,0.418,26.1,3.0,0.0163,153.0,61.0,38.0,59.0,21.9,22.2,333.0,0.675
2025-03-07T12:30:00Z,0.52,34.4,3.55,0.0212,118.0,74.8,45.3,67.0,21.8,20.2,336.0,0.375
2025-03-07T13:30:00Z,0.513,33.6,3.6,0.0208,96.5,83.3,51.3,68.0,18.6,18.9,326.0,0.4
2025-03-07T14:30:00Z,0.778,65.9,11.0,0.044,46.1,80.3,47.8,67.3,17.0,17.8,238.0,0.225
2025-03-07T15:30:00Z,0.678,46.2,5.83,0.0293,58.1,79.5,45.5,69.0,19.5,16.4,317.0,0.225
2025-03-07T16:30:00Z,0.573,40.1,5.15,0.0255,62.9,80.8,47.0,69.8,20.7,15.9,291.0,0.225
2025-03-07T17:30:00Z,0.55,27.8,4.1,0.0182,70.3,75.7,44.7,72.7,19.1,15.1,310.0,0.2
2025-03-07T18:30:00Z,0.685,30.0,4.2,0.0194,,60.0,42.0,76.5,15.6,13.7,181.0,0.25
2025-03-07T19:30:00Z,0.62,28.1,3.7,0.018,52.2,57.5,40.0,78.5,15.0,13.4,310.0,0.3
2025-03-07T20:30:00Z,0.615,23.6,4.05,0.0159,59.5,55.3,37.7,78.0,15.9,13.4,342.0,0.3
2025-03-07T21:30:00Z,0.57,20.0,1.9,0.0122,75.4,54.8,38.5,76.3,16.1,14.1,334.0,0.475
2025-03-07T22:30:00Z,0.578,19.4,2.9,0.0127,84.6,54.8,40.0,74.3,15.4,14.9,259.0,0.475
2025-03-07T23:30:00Z,0.638,21.0,2.88,0.0135,63.2,55.0,40.5,77.0,13.5,13.4,324.0,0.375
2025-03-08T00:30:00Z,0.638,22.8,4.48,0.0158,47.4,55.0,40.5,78.3,14.1,12.9,325.0,0.3
2025-03-08T01:30:00Z,0.793,31.2,6.58,0.0219,43.4,63.3,45.5,72.8,19.6,14.5,325.0,0.475
2025-03-08T02:30:00Z,0.748,27.6,5.25,0.019,71.5,75.3,52.0,67.8,23.1,16.5,254.0,0.575
2025-03-08T03:30:00Z,0.688,22.5,4.0,0.0153,108.0,75.8,47.8,63.5,21.9,19.6,247.0,0.725
2025-03-08T04:30:00Z,0.675,20.5,2.9,0.0132,133.0,71.0,41.5,59.0,23.0,22.0,324.0,0.7
2025-03-08T05:30:00Z,0.605,18.0,3.4,0.0123,138.0,65.3,37.3,49.8,13.7,23.7,182.0,0.825
2025-03-08T06:30:00Z,0.56,19.0,3.03,0.0126,119.0,47.8,27.8,42.3,11.1,24.5,321.0,1.0
2025-03-08T07:30:00Z,0.528,17.5,2.78,0.0115,127.0,37.8,21.0,42.0,10.1,24.8,319.0,1.05
2025-03-08T08:30:00Z,0.533,15.2,3.9,0.0113,135.0,38.0,22.0,45.0,11.3,23.9,318.0,1.13
2025-03-08T09:30:00Z,0.513,16.3,3.08,0.0112,138.0,37.0,22.0,42.0,11.5,23.9,321.0,1.1
2025-03-08T10:30:00Z,0.55,18.1,3.0,0.0121,157.0,38.0,21.0,43.5,13.2,24.4,322.0,0.975
2025-03-08T11:30:00Z,0.688,26.4,3.2,0.0167,159.0,47.5,27.8,53.8,17.9,23.1,322.0,0.625
2025-03-08T12:30:00Z,0.92,54.3,6.93,0.0345,97.5,72.3,39.7,63.0,16.5,20.8,305.0,0.2
2025-03-08T13:30:00Z,1.5,94.8,29.0,0.074,30.8,88.0,49.3,68.3,20.9,19.7,256.0,0.233
2025-03-08T14:30:00Z,1.3,85.7,11.7,0.0551,28.6,109.0,58.3,72.5,17.8,17.7,322.0,0.175
2025-03-08T15:30:00Z,1.73,86.0,28.4,0.0688,8.23,128.0,66.5,78.0,13.5,16.4,197.0,0.1
2025-03-08T16:30:00Z,2.53,94.4,92.2,0.125,2.45,146.0,74.3,80.8,13.7,15.8,66.5,0.15
2025-03-08T17:30:00Z,0.95,77.1,37.6,0.0716,2.7,165.0,81.0,80.0,13.4,15.2,79.0,0.2
2025-03-08T18:30:00Z,0.535,54.0,8.45,0.0356,,131.0,68.5,80.0,15.2,14.1,75.5,0.2
2025-03-08T19:30:00Z,0.41,51.2,9.7,0.0351,9.97,114.0,62.8,79.5,14.6,13.8,56.5,0.275
2025-03-08T20:30:00Z,0.77,55.5,14.7,0.0415,6.1,90.3,55.0,81.8,13.4,13.1,59.3,0.225
2025-03-08T21:30:00Z,0.593,39.5,7.88,0.0274,37.3,82.0,50.5,75.0,13.9,13.9,107.0,0.3
2025-03-08T22:30:00Z,0.438,24.9,4.15,0.0166,63.6,57.8,35.3,62.5,13.1,15.7,132.0,0.35
2025-03-08T23:30:00Z,0.503,40.2,7.0,0.0271,34.1,30.7,19.7,62.3,11.6,14.8,86.7,0.233
2025-03-09T00:30:00Z,0.633,60.5,43.9,0.0679,5.03,35.5,18.0,62.3,11.7,14.6,104.0,0.275
2025-03-09T01:30:00Z,0.8,51.9,28.4,0.0506,14.7,50.5,21.0,55.0,11.5,16.8,101.0,0.175
2025-03-09T02:30:00Z,0.803,33.5,6.38,0.023,69.8,52.5,25.5,51.3,14.2,19.8,181.0,0.425
2025-03-09T03:30:00Z,0.72,28.7,5.33,0.0196,101.0,56.8,31.5,54.0,24.4,21.1,284.0,0.55
2025-03-09T04:30:00Z,0.72,30.6,4.98,0.0203,124.0,79.8,40.8,52.3,42.3,23.0,198.0,0.8
2025-03-09T05:30:00Z,0.66,21.1,4.4,0.0148,149.0,95.7,49.0,51.7,32.3,23.7,182.0,0.933
2025-03-09T06:30:00Z,0.693,20.5,3.9,0.0141,146.0,79.8,45.3,43.5,23.9,24.8,185.0,0.8
2025-03-09T07:30:00Z,0.66,19.0,3.98,0.0133,135.0,60.5,33.5,38.5,18.8,25.5,223.0,0.725
2025-03-09T08:30:00Z,0.43,16.9,2.8,0.0113,134.0,46.7,25.3,36.0,14.0,26.0,245.0,0.667
2025-03-09T09:30:00Z,0.458,17.5,2.93,0.0117,142.0,42.0,24.5,36.8,13.0,25.9,293.0,0.7
2025-03-09T10:30:00Z,0.523,19.6,2.83,0.0127,160.0,41.0,25.3,41.3,15.8,26.2,275.0,0.5
2025-03-09T11:30:00Z,0.593,31.0,4.37,0.02,144.0,53.0,32.3,46.3,18.6,25.3,277.0,0.167
2025-03-09T12:30:00Z,2.01,101.0,98.3,0.133,24.4,73.0,40.0,60.3,17.7,21.7,48.5,0.1
2025-03-09T13:30:00Z,2.56,115.0,151.0,0.184,2.9,171.0,67.7,68.0,19.1,19.8,80.0,0.1
2025-03-09T14:30:00Z,1.38,81.2,46.6,0.0811,24.7,191.0,74.3,61.5,17.7,20.0,109.0,0.375
2025-03-09T15:30:00Z,0.903,33.7,6.83,0.0235,68.0,120.0,54.3,54.5,12.2,20.3,112.0,0.55
2025-03-09T16:30:00Z,0.59,25.4,3.57,0.0164,84.8,69.3,37.0,52.0,10.7,20.3,113.0,0.567
2025-03-09T17:30:00Z,0.54,26.8,3.1,0.0168,81.3,53.7,27.7,53.0,10.9,19.8,109.0,0.367
2025-03-09T18:30:00Z,0.945,18.9,4.0,0.0133,,44.0,22.0,51.0,11.6,20.2,120.0,0.65
2025-03-09T19:30:00Z,0.835,20.9,2.45,0.0131,94.6,37.5,20.8,51.0,11.7,20.5,129.0,0.4
2025-03-09T20:30:00Z,0.87,24.1,4.1,0.0161,85.5,29.5,20.3,54.0,11.4,20.1,150.0,0.275
2025-03-09T21:30:00Z,0.593,39.2,4.68,0.0247,56.2,34.3,23.5,59.5,11.7,19.2,174.0,0.15
2025-03-09T22:30:00Z,0.47,38.5,4.45,0.0241,49.2,42.0,26.5,65.5,11.5,18.5,85.0,0.2
2025-03-09T23:30:00Z,0.433,43.2,5.63,0.0276,54.1,42.8,27.0,60.3,11.9,19.5,136.0,0.325
2025-03-10T00:30:00Z,0.528,45.4,5.03,0.0282,50.3,41.5,26.5,58.3,10.9,19.8,140.0,0.25
2025-03-10T01:30:00Z,0.958,56.6,10.2,0.0384,37.3,66.8,41.5,62.5,24.7,19.8,203.0,0.25
2025-03-10T02:30:00Z,0.84,55.1,9.15,0.0367,78.5,106.0,58.5,56.3,21.6,21.8,160.0,0.65
2025-03-10T03:30:00Z,0.63,30.0,4.3,0.0194,129.0,105.0,53.3,54.0,18.8,23.4,172.0,1.2
2025-03-10T04:30:00Z,0.573,24.0,2.58,0.0149,151.0,91.5,47.0,52.8,21.4,24.2,185.0,1.23
2025-03-10T05:30:00Z,0.847,23.7,3.15,0.0152,158.0,93.5,49.5,51.3,23.0,24.7,183.0,1.05
2025-03-10T06:30:00Z,0.965,25.5,3.2,0.0162,141.0,90.8,49.5,49.8,19.4,25.6,196.0,0.775
2025-03-10T07:30:00Z,0.98,23.8,2.88,0.015,139.0,83.3,47.5,46.3,16.6,25.9,192.0,0.675
2025-03-10T08:30:00Z,0.953,24.7,3.75,0.0162,135.0,77.5,45.3,47.0,18.8,26.2,206.0,0.6
2025-03-10T09:30:00Z,0.955,24.4,3.83,0.0161,142.0,79.8,46.0,47.0,14.6,26.6,282.0,0.65
2025-03-10T10:30:00Z,0.958,25.1,3.63,0.0163,160.0,80.0,46.8,49.0,14.2,27.2,292.0,0.5
2025-03-10T11:30:00Z,1.17,40.3,4.08,0.0247,145.0,79.0,44.5,54.8,14.9,25.9,264.0,0.15
2025-03-10T12:30:00Z,2.78,109.0,104.0,0.142,36.3,91.5,50.8,67.0,16.1,23.2,205.0,0.1
2025-03-10T13:30:00Z,4.0,143.0,191.0,0.232,2.65,155.0,71.5,71.8,18.3,21.8,68.0,0.15
2025-03-10T14:30:00Z,3.79,130.0,173.0,0.209,2.7,225.0,91.3,73.5,20.0,20.5,52.8,0.125
2025-03-10T15:30:00Z,2.39,110.0,61.8,0.109,3.3,240.0,96.0,72.0,18.8,20.3,91.0,0.15
2025-03-10T16:30:00Z,1.5,69.8,12.1,0.047,15.0,131.0,64.5,72.0,14.2,19.3,87.0,0.2
2025-03-10T17:30:00Z,0.985,46.1,7.33,0.0305,53.0,126.0,63.7,70.0,13.8,19.7,116.0,0.267
2025-03-10T18:30:00Z,0.835,53.6,8.55,0.0355,,76.5,48.5,71.5,13.1,18.6,87.5,0.25
2025-03-10T19:30:00Z,0.835,55.5,6.75,0.035,37.2,81.8,48.5,73.5,12.9,17.9,154.0,0.175
2025-03-10T20:30:00Z,0.683,36.5,4.43,0.023,44.2,88.0,48.5,75.3,13.6,17.4,76.8,0.15
2025-03-10T21:30:00Z,0.585,35.3,4.68,0.0226,42.1,83.5,50.5,77.0,12.4,16.8,47.5,0.125
2025-03-10T22:30:00Z,0.543,32.8,4.47,0.021,47.1,85.0,54.3,77.0,13.1,16.6,342.0,0.1
2025-03-10T23:30:00Z,0.728,37.7,14.0,0.0314,28.6,85.0,53.8,79.0,13.4,16.2,190.0,0.175
2025-03-11T00:30:00Z,1.18,59.2,88.7,0.104,3.05,97.0,61.8,81.3,13.2,16.0,41.3,0.125
2025-03-11T01:30:00Z,0.895,60.1,52.4,0.0746,9.33,119.0,69.5,73.3,16.6,17.7,90.8,0.4
2025-03-11T02:30:00Z,0.353,59.8,12.0,0.0416,42.4,124.0,64.5,60.5,17.7,19.4,197.0,0.35
2025-03-11T03:30:00Z,0.35,51.6,8.1,0.034,72.7,114.0,59.0,56.8,17.1,22.6,198.0,0.325
2025-03-11T04:30:00Z,0.273,43.4,6.33,0.0283,123.0,105.0,53.8,55.3,30.4,23.6,294.0,0.6
2025-03-11T05:30:00Z,0.505,34.0,5.73,0.0227,167.0,103.0,53.5,48.5,26.3,25.6,305.0,0.525
2025-03-11T06:30:00Z,0.595,29.7,3.3,0.0185,154.0,99.5,51.8,45.0,15.2,26.5,317.0,0.775
2025-03-11T07:30:00Z,0.57,21.0,3.5,0.014,121.0,77.8,38.3,41.8,11.0,27.1,326.0,0.85
2025-03-11T08:30:00Z,0.578,19.9,3.78,0.0137,122.0,52.8,29.5,45.0,11.0,27.1,316.0,0.975
2025-03-11T09:30:00Z,0.505,18.0,3.93,0.0128,132.0,50.0,25.0,44.8,10.4,27.1,324.0,0.925
2025-03-11T10:30:00Z,0.648,27.5,3.25,0.0172,122.0,53.3,21.5,56.3,11.3,26.3,98.8,0.475
2025-03-11T11:30:00Z,0.973,56.8,7.3,0.0361,73.7,65.7,28.3,62.0,17.6,25.6,120.0,0.267
2025-03-11T12:30:00Z,0.853,45.0,5.37,0.0283,64.7,89.3,43.0,67.7,18.4,24.1,304.0,0.733
2025-03-11T13:30:00Z,0.733,35.1,3.77,0.0218,65.8,90.0,44.7,69.7,14.0,22.7,330.0,0.433
2025-03-11T14:30:00Z,0.838,41.8,8.18,0.0289,44.5,83.3,45.0,73.3,13.5,21.0,255.0,0.225
2025-03-11T15:30:00Z,1.04,57.5,9.7,0.0385,16.5,99.3,52.3,77.3,15.0,19.8,168.0,0.15
2025-03-11T16:30:00Z,1.09,56.2,8.58,0.0369,9.48,183.0,58.5,82.5,15.7,18.7,245.0,0.225
2025-03-11T17:30:00Z,0.945,45.2,8.7,0.0311,9.25,193.0,59.0,84.0,13.2,18.1,183.0,0.25
2025-03-11T18:30:00Z,0.54,29.1,4.1,0.0188,,103.0,56.0,86.0,11.4,17.6,336.0,0.35
2025-03-11T19:30:00Z,0.47,27.9,2.85,0.0171,23.6,102.0,60.3,86.3,12.3,17.4,177.0,0.25
2025-03-11T20:30:00Z,0.547,31.6,4.97,0.0208,16.2,93.5,61.5,85.3,19.8,16.5,171.0,0.1
2025-03-11T21:30:00Z,0.493,29.1,4.83,0.0194,12.5,76.3,54.5,85.3,16.1,15.9,248.0,0.1
2025-03-11T22:30:00Z,0.41,24.6,5.9,0.0179,16.0,60.3,45.8,82.0,17.6,15.6,335.0,0.175
2025-03-11T23:30:00Z,0.47,27.2,5.0,0.0185,13.6,62.3,44.8,80.0,19.0,15.4,298.0,0.15
2025-03-12T00:30:00Z,0.658,32.5,17.7,0.0316,5.35,76.3,51.5,82.3,17.8,15.3,163.0,0.175
2025-03-12T01:30:00Z,0.98,43.6,32.3,0.0495,7.6,95.5,57.3,68.3,35.5,17.5,270.0,0.175
2025-03-12T02:30:00Z,0.915,48.7,15.5,0.0385,26.4,112.0,59.5,54.5,39.8,21.5,259.0,0.3
2025-03-12T03:30:00Z,0.553,32.4,6.27,0.0223,60.6,103.0,50.7,49.0,19.6,25.2,323.0,0.467
2025-03-12T04:30:00Z,0.433,21.0,4.53,0.0148,95.5,65.7,27.0,42.3,19.7,28.2,330.0,0.733
2025-03-12T05:30:00Z,0.59,17.7,5.0,0.0135,104.0,50.3,19.3,39.0,15.4,28.3,318.0,0.975
2025-03-12T06:30:00Z,0.683,18.6,4.5,0.0136,92.4,47.3,17.0,36.5,18.6,28.4,317.0,1.15
2025-03-12T07:30:00Z,0.703,16.8,3.85,0.0121,94.7,46.8,15.8,36.8,10.6,28.5,318.0,1.25
2025-03-12T08:30:00Z,0.61,16.9,3.3,0.0117,106.0,45.5,15.5,41.5,12.3,28.3,319.0,1.3
2025-03-12T09:30:00Z,0.573,16.6,4.3,0.0124,141.0,55.8,24.8,45.0,19.1,27.9,323.0,1.23
2025-03-12T10:30:00Z,0.493,15.3,2.85,0.0104,122.0,55.3,27.8,46.5,13.1,27.7,337.0,0.825
2025-03-12T11:30:00Z,0.6,22.6,3.48,0.0148,120.0,47.5,22.0,56.3,13.8,26.1,333.0,0.5
2025-03-12T12:30:00Z,0.775,29.6,3.4,0.0185,109.0,62.0,31.8,66.0,17.3,24.7,338.0,0.475
2025-03-12T13:30:00Z,0.693,31.8,5.4,0.0213,84.2,80.3,44.5,71.3,17.7,23.4,329.0,0.275
2025-03-12T14:30:00Z,0.41,48.6,8.08,0.0323,43.4,92.3,49.0,73.8,16.9,21.9,239.0,0.275
2025-03-12T15:30:00Z,0.305,40.5,5.75,0.0262,45.7,101.0,51.0,76.0,17.1,21.1,346.0,0.2
2025-03-12T16:30:00Z,0.18,32.4,5.35,0.0216,37.0,117.0,63.0,80.0,16.2,19.9,298.0,0.15
2025-03-12T17:30:00Z,0.56,40.0,7.13,0.0271,18.2,116.0,61.7,83.0,14.3,19.2,212.0,0.133
2025-03-12T18:30:00Z,0.8,29.9,5.5,0.0204,,111.0,59.0,83.5,16.6,18.5,306.0,0.25
2025-03-12T19:30:00Z,0.59,28.3,6.0,0.02,39.4,102.0,55.0,81.0,17.4,18.2,136.0,0.2
2025-03-12T20:30:00Z,0.553,21.6,3.7,0.0145,43.8,72.3,40.8,79.0,17.3,18.3,260.0,0.325
2025-03-12T21:30:00Z,0.518,22.9,4.25,0.0156,35.6,63.0,37.0,79.8,17.0,18.2,268.0,0.4
2025-03-12T22:30:00Z,0.51,23.1,4.73,0.0161,28.0,70.8,41.3,82.0,15.0,17.8,330.0,0.45
2025-03-12T23:30:00Z,0.538,25.8,4.78,0.0176,19.9,83.3,46.3,82.0,14.1,17.5,113.0,0.425
2025-03-13T00:30:00Z,0.67,32.9,20.0,0.0337,9.48,95.8,49.8,81.3,15.3,17.7,93.3,0.325
2025-03-13T01:30:00Z,0.795,40.9,18.7,0.037,17.3,110.0,59.3,66.3,44.9,19.5,180.0,0.3
2025-03-13T02:30:00Z,0.873,42.9,10.7,0.0315,34.4,113.0,63.8,57.5,38.8,22.4,255.0,0.225
2025-03-13T03:30:00Z,0.865,36.8,8.15,0.0262,64.7,119.0,65.3,64.0,37.4,22.8,336.0,0.625
2025-03-13T04:30:00Z,0.578,22.9,5.6,0.0168,84.2,119.0,61.5,60.0,25.7,24.2,178.0,0.575
2025-03-13T05:30:00Z,0.49,21.4,4.47,0.015,99.2,94.0,45.3,58.3,22.6,24.8,320.0,0.5
2025-03-13T06:30:00Z,0.765,19.9,4.7,0.0144,102.0,59.5,28.0,39.0,12.7,27.4,319.0,0.55
2025-03-13T07:30:00Z,0.693,19.3,5.35,0.0146,104.0,48.3,19.8,38.5,11.5,27.7,232.0,0.7
2025-03-13T08:30:00Z,0.693,17.4,3.0,0.0117,89.4,38.5,15.0,37.0,10.3,27.8,310.0,1.08
2025-03-13T09:30:00Z,0.66,16.4,3.83,0.0119,88.1,34.5,16.5,37.5,9.65,27.7,316.0,1.08
2025-03-13T10:30:00Z,0.678,16.7,4.1,0.0122,122.0,31.8,15.0,41.8,14.0,28.1,325.0,0.825
2025-03-13T11:30:00Z,0.823,24.3,3.18,0.0155,124.0,35.5,17.5,50.0,12.4,26.9,346.0,0.325
2025-03-13T12:30:00Z,1.09,44.4,5.9,0.0284,70.0,64.5,26.8,61.3,14.5,24.2,297.0,0.175
2025-03-13T13:30:00Z,1.99,66.0,50.0,0.0758,17.4,92.8,39.5,70.3,15.6,22.2,185.0,0.1
2025-03-13T14:30:00Z,2.29,77.2,70.8,0.0986,3.6,112.0,52.7,73.0,18.3,20.8,117.0,0.133
2025-03-13T15:30:00Z,2.36,67.0,67.2,0.0903,3.03,129.0,56.0,75.5,15.8,19.7,188.0,0.15
2025-03-13T16:30:00Z,2.2,62.4,55.1,0.078,2.83,130.0,59.5,78.3,14.2,18.8,257.0,0.15
2025-03-13T17:30:00Z,2.14,55.8,64.9,0.0824,2.5,125.0,64.0,80.5,13.5,18.2,187.0,0.25
2025-03-13T18:30:00Z,0.985,50.3,33.7,0.0542,,104.0,55.0,81.0,13.5,17.3,104.0,0.25
2025-03-13T19:30:00Z,0.63,43.5,23.7,0.0424,3.2,99.8,52.8,80.5,14.0,17.0,194.0,0.2
2025-03-13T20:30:00Z,,39.0,18.9,0.0361,2.4,84.5,48.3,83.5,11.7,16.4,54.3,0.15
2025-03-13T21:30:00Z,,33.1,10.5,0.0261,14.3,74.5,46.5,76.5,12.3,16.5,54.5,0.15
2025-03-13T22:30:00Z,,27.2,8.38,0.0213,18.7,59.3,37.3,76.0,10.8,15.8,224.0,0.125
2025-03-13T23:30:00Z,,42.6,50.0,0.0633,3.28,43.8,27.0,74.3,10.2,15.6,77.3,0.125
2025-03-14T00:30:00Z,,48.4,101.0,0.108,3.23,56.8,29.8,74.0,11.0,16.0,93.0,0.25
2025-03-14T01:30:00Z,,35.2,11.0,0.0276,35.2,67.3,35.0,57.7,11.7,19.3,139.0,0.4
2025-03-14T02:30:00Z,0.69,25.7,5.98,0.0185,62.1,57.3,29.3,49.0,11.9,23.0,168.0,0.475
2025-03-14T03:30:00Z,0.56,20.9,4.25,0.0146,88.4,44.3,23.0,43.3,11.7,25.6,237.0,0.5
2025-03-14T04:30:00Z,0.433,18.3,5.08,0.0138,112.0,41.0,22.8,41.5,18.6,27.1,282.0,0.6
2025-03-14T05:30:00Z,0.587,16.3,2.38,0.0106,111.0,38.5,20.5,38.0,18.8,27.1,241.0,0.55
2025-03-14T06:30:00Z,0.563,15.4,4.55,0.0119,111.0,32.8,17.3,37.0,18.1,26.8,248.0,0.55
2025-03-14T07:30:00Z,0.593,16.5,3.45,0.0115,120.0,31.0,15.0,43.5,15.0,26.6,311.0,0.9
2025-03-14T08:30:00Z,0.603,18.2,4.17,0.013,121.0,39.0,19.7,53.3,21.0,25.2,321.0,0.767
2025-03-14T09:30:00Z,0.58,21.5,4.03,0.0147,96.7,49.0,25.3,41.3,14.3,26.1,64.8,0.55
2025-03-14T10:30:00Z,0.558,21.5,4.53,0.0151,87.2,37.5,16.3,35.3,10.2,26.6,195.0,0.35
2025-03-14T11:30:00Z,0.63,18.1,3.8,0.0127,86.3,26.0,8.0,40.0,10.1,25.6,235.0,0.675
2025-03-14T12:30:00Z,0.688,25.2,4.58,0.0171,71.4,29.8,9.75,45.8,10.0,24.3,259.0,0.4
2025-03-14T13:30:00Z,0.748,35.6,5.78,0.0236,47.9,39.8,16.3,55.0,11.2,23.0,332.0,0.575
2025-03-14T14:30:00Z,0.508,21.9,5.58,0.0162,65.1,56.5,24.5,74.8,11.3,19.8,182.0,0.625
2025-03-14T15:30:00Z,0.4,20.7,4.83,0.0149,58.8,51.3,25.8,75.5,10.2,18.4,96.5,0.575
2025-03-14T16:30:00Z,0.328,22.6,5.23,0.0163,45.0,34.5,16.5,78.8,9.45,18.0,107.0,0.45
2025-03-14T17:30:00Z,0.4,12.1,4.05,0.0097,59.2,25.5,10.0,79.5,9.4,17.5,146.0,0.7
2025-03-14T18:30:00Z,0.535,13.1,2.7,0.0092,,11.0,5.0,79.5,9.05,17.4,138.0,1.2
2025-03-14T19:30:00Z,0.435,10.8,3.45,0.0085,72.5,9.25,5.0,76.5,9.45,17.8,138.0,1.0
2025-03-14T20:30:00Z,0.527,10.7,3.47,0.00853,80.6,6.5,5.0,65.0,9.5,19.0,150.0,0.875
2025-03-14T21:30:00Z,0.555,17.6,4.2,0.0128,63.9,6.75,5.0,66.3,10.9,18.9,180.0,0.65
2025-03-14T22:30:00Z,0.535,16.5,3.1,0.0113,60.4,9.5,6.5,68.8,11.6,18.4,140.0,0.425
2025-03-14T23:30:00Z,0.51,19.4,3.7,0.0133,52.7,9.75,6.5,65.5,8.93,18.2,197.0,0.25
2025-03-15T00:30:00Z,0.62,26.0,5.05,0.0179,33.2,8.75,4.0,71.0,9.95,17.7,296.0,0.3
2025-03-15T01:30:00Z,0.653,22.8,6.2,0.0172,45.6,16.3,9.0,70.5,15.7,17.8,175.0,0.875
2025-03-15T02:30:00Z,0.45,21.7,4.63,0.0153,55.1,23.5,12.8,68.8,13.2,18.1,219.0,0.35
2025-03-15T03:30:00Z,0.55,25.2,5.55,0.0179,55.2,22.5,12.0,64.3,14.3,19.2,222.0,0.475
2025-03-15T04:30:00Z,0.6,26.7,7.03,0.0199,56.3,23.3,16.0,62.3,20.3,19.6,200.0,0.675
2025-03-15T05:30:00Z,0.587,27.0,5.75,0.0191,67.4,28.8,16.5,60.8,17.4,20.0,327.0,0.575
2025-03-15T06:30:00Z,0.478,24.2,5.58,0.0174,77.3,32.0,16.5,59.0,14.8,21.2,173.0,0.65
2025-03-15T07:30:00Z,0.318,18.0,4.53,0.0133,74.1,30.8,15.8,63.3,11.6,21.6,251.0,0.575
2025-03-15T08:30:00Z,0.343,21.5,5.4,0.0158,67.3,28.3,13.0,69.7,14.4,19.9,114.0,0.6
2025-03-15T09:30:00Z,0.355,21.1,4.43,0.0148,81.3,27.5,12.5,58.8,14.2,21.1,27.5,0.6
2025-03-15T10:30:00Z,0.365,18.1,5.0,0.0136,80.2,24.3,10.5,58.3,14.7,21.5,8.75,0.625
2025-03-15T11:30:00Z,0.41,23.1,4.25,0.0157,65.8,22.3,10.5,62.5,14.7,21.1,96.8,0.425
2025-03-15T12:30:00Z,0.545,31.8,8.9,0.0241,43.1,23.5,11.0,66.3,12.9,19.8,125.0,0.35
2025-03-15T13:30:00Z,0.733,45.8,10.5,0.0329,15.6,29.8,14.0,68.3,12.1,19.2,314.0,0.3
2025-03-15T14:30:00Z,0.883,45.1,18.0,0.0386,10.8,37.8,19.5,73.3,10.9,17.9,309.0,0.2
2025-03-15T15:30:00Z,0.708,42.7,8.73,0.0299,12.6,39.5,22.8,74.3,10.9,17.4,323.0,0.325
2025-03-15T16:30:00Z,0.745,36.7,7.28,0.0255,9.85,41.3,22.8,77.5,11.7,16.8,291.0,0.175
2025-03-15T17:30:00Z,0.665,28.4,6.13,0.02,16.8,40.3,21.3,78.0,12.5,16.7,291.0,0.233
2025-03-15T18:30:00Z,0.58,20.2,5.4,0.0151,,31.5,20.5,79.5,13.3,16.4,332.0,0.2
2025-03-15T19:30:00Z,0.54,21.8,5.1,0.0157,19.2,29.7,19.0,81.0,13.3,16.1,313.0,0.167
2025-03-15T20:30:00Z,0.463,19.4,4.7,0.0141,13.9,31.0,20.7,85.0,12.6,15.2,309.0,0.233
2025-03-15T21:30:00Z,0.44,17.8,3.68,0.0124,19.8,29.8,19.5,85.5,11.8,14.9,319.0,0.3
2025-03-15T22:30:00Z,0.425,16.1,4.03,0.0118,23.1,29.5,18.0,85.8,10.8,14.3,308.0,0.225
2025-03-15T23:30:00Z,0.5,20.9,4.9,0.0151,11.1,33.0,17.3,87.8,9.88,13.8,293.0,0.225
2025-03-16T00:30:00Z,0.813,28.6,43.1,0.0502,3.43,40.3,21.0,88.3,10.9,14.0,134.0,0.225
2025-03-16T01:30:00Z,1.09,38.1,33.8,0.0477,8.25,66.3,35.0,80.3,14.7,16.6,149.0,0.125
2025-03-16T02:30:00Z,0.717,34.0,10.6,0.0267,36.5,75.7,40.3,61.3,20.3,19.8,297.0,0.433
2025-03-16T03:30:00Z,0.583,21.6,5.23,0.0158,57.1,53.5,33.8,64.8,18.6,20.2,242.0,0.75
2025-03-16T04:30:00Z,0.563,19.6,5.73,0.0152,79.5,50.3,30.7,59.3,19.4,21.7,228.0,0.633
2025-03-16T05:30:00Z,0.607,14.1,3.43,0.0103,112.0,37.0,19.0,56.8,16.5,23.7,332.0,0.8
2025-03-16T06:30:00Z,0.61,15.7,3.85,0.0115,104.0,29.0,16.5,51.3,12.0,24.4,314.0,1.0
2025-03-16T07:30:00Z,0.4,14.1,4.33,0.011,100.0,24.0,13.5,47.3,9.3,24.8,328.0,1.05
2025-03-16T08:30:00Z,0.73,14.7,3.57,0.0107,105.0,18.7,10.0,45.7,8.7,24.6,308.0,1.27
2025-03-16T09:30:00Z,0.955,13.3,3.65,0.01,109.0,12.0,8.5,44.3,8.75,25.0,338.0,0.875
2025-03-16T10:30:00Z,0.98,15.0,2.83,0.0103,129.0,12.0,9.0,45.5,10.3,25.2,337.0,0.775
2025-03-16T11:30:00Z,0.988,15.3,4.45,0.0118,123.0,18.3,13.3,52.0,11.9,24.1,335.0,0.6
2025-03-16T12:30:00Z,1.12,22.2,4.8,0.0157,91.0,42.5,17.5,60.3,11.9,21.9,337.0,0.275
2025-03-16T13:30:00Z,1.32,40.0,8.0,0.0278,59.8,55.3,21.5,64.0,13.5,20.7,266.0,0.225
2025-03-16T14:30:00Z,1.3,39.8,7.08,0.0269,46.6,44.3,23.8,64.5,12.7,19.4,265.0,0.2
2025-03-16T15:30:00Z,1.8,57.0,29.2,0.0541,7.15,45.3,23.0,70.3,11.3,17.8,114.0,0.2
2025-03-16T16:30:00Z,1.7,56.6,28.2,0.053,4.63,59.8,30.3,70.8,11.4,16.9,139.0,0.15
2025-03-16T17:30:00Z,1.66,53.3,19.7,0.0444,3.8,63.3,32.7,72.0,11.4,15.8,124.0,0.1
2025-03-16T18:30:00Z,0.73,29.0,5.55,0.0199,,44.0,25.0,73.5,11.7,14.7,37.0,0.1
2025-03-16T19:30:00Z,0.585,38.5,6.55,0.0258,46.6,38.0,21.8,70.3,11.7,16.1,109.0,0.25
2025-03-16T20:30:00Z,0.455,23.1,5.1,0.0164,43.5,29.3,17.0,71.3,10.8,15.3,250.0,0.3
2025-03-16T21:30:00Z,0.528,20.2,5.05,0.0148,37.9,20.5,13.8,74.5,10.5,14.2,255.0,0.2
2025-03-16T22:30:00Z,0.68,26.3,4.5,0.0176,21.9,21.5,16.0,78.5,10.6,13.5,113.0,0.225
2025-03-16T23:30:00Z,0.735,32.1,8.25,0.0238,15.0,26.0,20.0,75.5,10.9,13.9,222.0,0.3
2025-03-17T00:30:00Z,1.03,40.1,15.5,0.0339,13.2,75.0,34.0,73.0,16.9,14.6,101.0,0.3
2025-03-17T01:30:00Z,0.85,42.7,19.0,0.0382,16.0,75.0,34.0,69.5,19.3,16.3,217.0,0.15
2025-03-17T02:30:00Z,0.995,35.0,8.1,0.0252,58.7,49.0,26.0,53.5,31.8,19.8,302.0,0.45
2025-03-17T03:30:00Z,0.748,20.7,4.8,0.0149,92.9,54.8,27.3,51.0,20.1,21.8,324.0,0.625
2025-03-17T04:30:00Z,0.673,14.4,4.25,0.0111,114.0,49.0,24.8,48.8,16.7,22.3,321.0,0.8
2025-03-17T05:30:00Z,0.667,13.9,3.75,0.0104,125.0,33.8,18.5,47.0,25.7,23.2,313.0,0.975
2025-03-17T06:30:00Z,0.543,14.5,3.6,0.0106,117.0,31.3,15.7,45.7,15.7,23.9,320.0,1.03
2025-03-17T07:30:00Z,0.393,13.8,3.85,0.0105,111.0,32.0,13.0,40.8,11.4,24.6,320.0,0.95
2025-03-17T08:30:00Z,0.437,14.4,2.83,0.00993,106.0,25.0,9.33,36.3,10.0,24.9,336.0,0.9
2025-03-17T09:30:00Z,0.44,13.9,3.3,0.0101,107.0,20.0,8.0,40.0,10.4,24.7,327.0,1.0
2025-03-17T10:30:00Z,0.433,14.1,3.15,0.0101,123.0,17.5,8.0,44.0,10.9,25.1,325.0,0.975
2025-03-17T11:30:00Z,0.485,15.5,4.03,0.0115,122.0,17.8,7.5,48.8,11.1,24.1,324.0,0.825
2025-03-17T12:30:00Z,0.693,26.5,4.98,0.0181,90.2,24.8,10.0,56.5,12.1,22.3,330.0,0.3
2025-03-17T13:30:00Z,0.768,31.6,5.28,0.0211,67.9,40.3,18.3,62.8,13.1,20.6,299.0,0.2
2025-03-17T14:30:00Z,1.11,51.3,14.2,0.0388,19.6,56.3,28.5,68.3,16.8,19.3,291.0,0.2
2025-03-17T15:30:00Z,1.15,50.6,8.53,0.0339,14.2,68.3,36.8,71.5,28.3,18.2,292.0,0.125
2025-03-17T16:30:00Z,0.925,35.6,7.38,0.0249,36.4,77.0,44.0,71.5,21.3,17.9,318.0,0.25
2025-03-17T17:30:00Z,0.725,21.0,4.6,0.0149,62.3,73.7,42.3,71.0,22.7,17.8,297.0,0.3
2025-03-17T18:30:00Z,1.1,15.9,4.05,0.0117,,52.5,27.0,73.0,17.7,17.1,316.0,0.25
2025-03-17T19:30:00Z,0.98,19.5,5.25,0.0147,49.9,56.0,30.3,74.3,18.5,16.7,123.0,0.2
2025-03-17T20:30:00Z,0.993,20.1,3.83,0.0138,38.9,60.5,35.5,79.0,15.6,15.6,256.0,0.2
2025-03-17T21:30:00Z,1.02,31.6,6.35,0.022,18.7,59.3,36.3,80.0,16.7,15.3,86.5,0.1
2025-03-17T22:30:00Z,1.14,32.6,12.3,0.0273,13.3,57.5,36.5,82.0,14.8,14.6,44.8,0.2
2025-03-17T23:30:00Z,1.05,27.6,9.05,0.022,7.23,64.3,41.5,83.0,12.7,13.9,169.0,0.225
2025-03-18T00:30:00Z,1.09,26.7,7.75,0.0205,15.3,68.5,43.0,82.8,13.4,13.9,253.0,0.225
2025-03-18T01:30:00Z,0.988,23.9,8.48,0.0196,37.4,71.8,46.5,73.3,20.5,15.7,255.0,0.35
2025-03-18T02:30:00Z,1.09,24.4,6.35,0.0182,53.1,73.0,45.8,59.0,19.6,18.4,334.0,0.6
2025-03-18T03:30:00Z,0.958,19.8,7.0,0.0162,78.2,72.8,34.5,54.8,33.5,21.7,261.0,0.725
2025-03-18T04:30:00Z,0.778,16.1,3.85,0.0118,112.0,68.3,27.0,53.8,24.8,23.1,256.0,0.95
2025-03-18T05:30:00Z,0.587,14.6,4.95,0.0117,131.0,79.8,25.0,48.0,21.1,24.7,339.0,1.08
2025-03-18T06:30:00Z,0.453,15.1,5.53,0.0126,115.0,130.0,27.0,46.3,13.1,25.4,252.0,1.08
2025-03-18T07:30:00Z,0.438,16.0,3.85,0.0117,101.0,103.0,22.3,43.3,10.5,26.0,335.0,1.08
2025-03-18T08:30:00Z,0.428,13.4,4.23,0.0105,107.0,43.0,15.0,41.5,10.1,26.3,330.0,1.1
2025-03-18T09:30:00Z,0.4,14.0,3.73,0.0105,119.0,40.5,14.5,44.3,10.7,25.9,327.0,1.18
2025-03-18T10:30:00Z,0.418,14.2,3.35,0.0102,140.0,38.5,15.5,48.0,11.1,26.0,334.0,1.0
2025-03-18T11:30:00Z,0.42,16.7,4.45,0.0125,129.0,37.3,16.5,52.5,11.8,24.9,334.0,0.8
2025-03-18T12:30:00Z,0.573,23.7,4.0,0.0158,101.0,40.0,18.5,59.8,12.4,22.8,338.0,0.275
2025-03-18T13:30:00Z,0.73,35.1,6.6,0.0241,64.9,50.0,24.5,67.5,13.2,21.1,300.0,0.15
2025-03-18T14:30:00Z,0.885,36.3,7.28,0.0252,51.5,62.8,34.8,70.5,14.3,20.0,309.0,0.225
2025-03-18T15:30:00Z,0.673,23.1,3.53,0.0152,72.4,74.8,45.3,69.3,17.4,19.7,321.0,0.325
2025-03-18T16:30:00Z,0.615,23.4,4.1,0.0158,74.7,73.3,44.3,69.5,15.2,19.1,313.0,0.325
2025-03-18T17:30:00Z,0.45,16.2,4.55,0.0123,90.7,66.0,38.0,68.0,13.3,19.6,330.0,0.4
2025-03-18T18:30:00Z,0.72,14.0,3.95,0.0107,,52.0,26.0,68.0,16.1,19.3,326.0,0.35
2025-03-18T19:30:00Z,0.615,14.8,3.6,0.0108,88.6,44.3,25.0,67.3,15.5,19.1,313.0,0.275
2025-03-18T20:30:00Z,,13.8,3.1,0.0099,96.8,33.8,22.5,64.0,22.4,19.4,324.0,0.375
2025-03-18T21:30:00Z,,13.7,3.43,0.01,87.9,33.0,22.5,66.3,19.8,18.9,246.0,0.475
2025-03-18T22:30:00Z,,17.3,4.25,0.0127,74.2,35.0,22.0,69.8,15.1,18.0,247.0,0.325
2025-03-18T23:30:00Z,,23.6,4.53,0.0162,48.7,39.0,23.0,73.0,12.0,16.6,262.0,0.2
2025-03-19T00:30:00Z,,36.9,11.5,0.029,17.9,49.5,29.0,74.8,12.2,16.7,233.0,0.175
2025-03-19T01:30:00Z,,34.6,12.7,0.0287,28.4,61.7,34.7,72.0,14.3,17.9,319.0,0.2
2025-03-19T02:30:00Z,,36.7,7.48,0.0256,59.5,82.3,44.5,58.8,21.5,20.2,324.0,0.4
2025-03-19T03:30:00Z,0.643,30.8,4.55,0.0201,83.1,80.8,43.3,49.8,22.2,23.0,322.0,0.525
2025-03-19T04:30:00Z,0.668,21.1,3.9,0.0144,116.0,67.0,35.5,46.5,22.2,24.5,324.0,0.65
2025-03-19T05:30:00Z,0.65,17.4,3.65,0.0122,133.0,55.0,27.0,45.5,25.1,25.8,321.0,0.8
2025-03-19T06:30:00Z,0.58,16.3,3.6,0.0116,116.0,44.0,22.0,49.0,13.1,26.1,326.0,0.925
2025-03-19T07:30:00Z,0.56,15.5,3.4,0.011,112.0,39.3,20.3,44.8,11.5,26.6,319.0,1.1
2025-03-19T08:30:00Z,0.538,15.3,3.65,0.0111,116.0,33.0,15.0,39.3,10.6,26.7,325.0,1.15
2025-03-19T09:30:00Z,0.553,13.7,4.13,0.0106,124.0,26.3,13.0,38.0,10.2,26.8,322.0,1.1
2025-03-19T10:30:00Z,0.557,14.6,3.8,0.0108,159.0,26.5,14.0,45.3,11.8,26.9,322.0,0.975
2025-03-19T11:30:00Z,0.56,24.7,4.05,0.0165,150.0,42.5,20.3,54.5,14.2,26.2,324.0,0.625
2025-03-19T12:30:00Z,0.0,29.2,5.08,0.0196,108.0,59.0,26.0,59.0,14.4,24.1,328.0,0.3
2025-03-19T13:30:00Z,,27.5,4.7,0.0185,78.2,63.0,33.7,60.0,15.4,22.4,298.0,0.233
2025-03-19T14:30:00Z,1.09,60.2,10.1,0.0402,28.5,74.8,41.3,65.5,19.4,20.6,316.0,0.175
2025-03-19T15:30:00Z,0.97,64.2,12.1,0.044,11.3,95.3,50.3,67.0,19.1,19.4,179.0,0.25
2025-03-19T16:30:00Z,0.675,62.9,19.9,0.0496,5.23,109.0,58.0,70.3,17.2,18.1,214.0,0.25
2025-03-19T17:30:00Z,0.63,59.0,20.4,0.048,4.53,107.0,56.7,70.7,17.8,17.5,139.0,0.233
2025-03-19T18:30:00Z,0.6,51.2,36.6,0.0569,,80.5,42.0,72.5,12.5,16.6,84.0,0.2
2025-03-19T19:30:00Z,0.675,46.8,15.0,0.0371,11.9,81.0,40.0,72.0,13.6,16.0,113.0,0.1
2025-03-19T20:30:00Z,0.715,43.9,13.4,0.0342,7.57,74.0,36.0,71.3,14.9,15.8,86.3,0.133
2025-03-19T21:30:00Z,0.653,32.4,6.2,0.0222,23.2,49.5,27.5,71.3,13.5,15.3,263.0,0.15
2025-03-19T22:30:00Z,0.645,35.8,17.1,0.0329,10.3,39.0,21.0,73.3,11.8,14.6,59.0,0.2
2025-03-19T23:30:00Z,0.753,43.2,39.9,0.0554,2.9,38.8,20.3,73.0,12.4,14.0,126.0,0.175
2025-03-20T00:30:00Z,0.835,48.7,91.4,0.1,4.0,52.8,27.5,70.0,15.2,15.0,190.0,0.15
2025-03-20T01:30:00Z,0.793,45.5,16.2,0.0374,28.6,61.0,28.5,60.8,20.6,18.6,324.0,0.25
2025-03-20T02:30:00Z,0.76,39.3,7.43,0.0269,62.7,67.3,29.0,45.8,20.3,21.2,256.0,0.35
2025-03-20T03:30:00Z,0.673,25.9,5.8,0.0185,89.9,75.5,34.0,43.3,17.5,23.5,233.0,0.6
2025-03-20T04:30:00Z,0.635,18.3,3.73,0.0128,107.0,61.0,26.3,37.3,16.2,25.4,259.0,0.6
2025-03-20T05:30:00Z,0.625,14.0,4.43,0.011,115.0,39.3,15.3,37.3,14.5,26.5,346.0,0.7
2025-03-20T06:30:00Z,0.0,18.9,6.55,0.0154,72.1,30.5,13.0,33.5,10.6,27.4,325.0,0.95
2025-03-20T07:30:00Z,0.0,16.9,4.68,0.0128,79.6,27.0,12.5,30.0,9.73,27.7,323.0,1.08
2025-03-20T08:30:00Z,0.0,15.8,3.8,0.0115,91.1,23.5,11.0,33.8,9.85,27.5,321.0,1.15
2025-03-20T09:30:00Z,0.0,16.4,3.95,0.0119,90.5,23.5,10.5,35.8,9.53,27.4,327.0,1.08
2025-03-20T10:30:00Z,0.0,16.7,4.43,0.0125,104.0,24.3,10.3,36.3,10.0,27.5,330.0,1.03
2025-03-20T11:30:00Z,1.72,19.2,4.18,0.0136,116.0,28.8,9.0,44.0,11.6,26.2,335.0,0.75
2025-03-20T12:30:00Z,,28.9,5.03,0.0194,86.6,38.3,12.0,53.5,12.1,23.9,332.0,0.375
2025-03-20T13:30:00Z,0.29,33.5,6.67,0.0232,68.9,49.0,17.7,58.7,14.5,22.6,320.0,0.333
2025-03-20T14:30:00Z,1.14,26.6,5.4,0.0186,68.8,59.0,26.0,64.0,22.6,21.1,320.0,0.35
2025-03-20T15:30:00Z,2.89,18.0,4.43,0.0131,84.8,60.0,26.5,61.0,19.9,21.4,344.0,0.425
2025-03-20T16:30:00Z,3.7,20.4,3.63,0.0138,74.0,52.0,22.8,63.5,15.9,20.0,240.0,0.275
2025-03-20T17:30:00Z,0.0122,24.6,6.07,0.018,62.6,43.3,18.7,67.0,17.6,18.9,142.0,0.267
2025-03-20T18:30:00Z,4.15,16.3,4.6,0.0124,,38.0,20.0,69.0,24.8,17.8,319.0,0.3
2025-03-20T19:30:00Z,5.04,17.1,3.9,0.0123,74.5,38.8,20.0,70.0,19.2,17.5,314.0,0.35
2025-03-20T20:30:00Z,0.0126,17.5,3.93,0.0125,74.4,38.5,19.0,71.3,15.0,17.0,250.0,0.25
2025-03-20T21:30:00Z,0.0143,14.2,5.1,0.0117,73.4,36.0,19.0,72.0,17.8,16.6,329.0,0.3
2025-03-20T22:30:00Z,0.0138,16.6,5.7,0.0135,68.1,38.3,22.5,72.0,15.7,16.1,243.0,0.225
2025-03-20T23:30:00Z,,17.6,4.58,0.0131,60.3,40.5,24.5,71.3,23.2,15.7,306.0,0.225
2025-03-21T00:30:00Z,,28.8,9.0,0.0227,30.5,41.8,24.0,73.0,27.6,15.2,252.0,0.225
2025-03-21T01:30:00Z,,32.1,10.3,0.0255,42.5,58.0,30.3,63.0,25.9,18.3,149.0,0.325
2025-03-21T02:30:00Z,,28.8,6.85,0.0208,63.1,64.8,31.0,46.0,27.1,22.2,193.0,0.4
2025-03-21T03:30:00Z,,19.6,5.08,0.0146,96.1,52.8,19.8,41.8,27.5,24.6,245.0,0.75
2025-03-21T04:30:00Z,0.56,13.7,4.48,0.0109,114.0,41.3,14.0,41.0,16.0,25.5,335.0,0.825
2025-03-21T05:30:00Z,0.643,12.7,4.53,0.0104,127.0,31.0,12.3,37.0,11.4,26.5,328.0,0.975
2025-03-21T06:30:00Z,0.62,14.3,3.8,0.0107,111.0,24.0,10.0,34.8,10.0,27.4,335.0,0.85
2025-03-21T07:30:00Z,0.655,15.3,4.03,0.0114,103.0,22.5,10.0,31.5,9.43,27.5,325.0,1.05
2025-03-21T08:30:00Z,0.645,14.2,4.38,0.0111,107.0,25.5,8.25,28.8,9.0,27.5,328.0,1.15
2025-03-21T09:30:00Z,0.658,14.9,3.03,0.0103,125.0,27.3,7.5,33.8,9.38,27.1,324.0,1.1
2025-03-21T10:30:00Z,0.7,15.6,3.23,0.0109,148.0,30.0,11.5,39.0,11.0,27.3,326.0,1.03
2025-03-21T11:30:00Z,0.703,18.9,3.65,0.013,141.0,33.5,13.3,42.8,12.7,26.3,326.0,0.725
2025-03-21T12:30:00Z,0.768,33.9,6.58,0.0233,98.5,59.8,,50.8,13.0,24.1,237.0,0.375
2025-03-21T13:30:00Z,0.865,59.6,10.4,0.0401,44.2,75.8,42.0,57.0,14.1,22.4,298.0,0.225
2025-03-21T14:30:00Z,0.905,57.0,11.2,0.0394,32.9,72.3,46.5,62.5,18.6,21.0,245.0,0.2
2025-03-21T15:30:00Z,0.868,51.6,8.75,0.0346,34.5,80.0,58.8,64.3,20.3,19.9,296.0,0.2
2025-03-21T16:30:00Z,0.888,52.2,14.3,0.0394,17.6,71.8,56.5,67.8,16.1,18.7,183.0,0.225
2025-03-21T17:30:00Z,0.905,61.5,28.3,0.0557,3.5,71.0,49.0,70.0,16.3,18.0,245.0,0.233
2025-03-21T18:30:00Z,0.82,53.0,22.0,0.0461,,84.0,58.0,72.5,13.1,16.8,164.0,0.2
2025-03-21T19:30:00Z,0.71,34.7,7.05,0.0242,34.7,73.3,53.3,70.0,15.8,16.4,166.0,0.1
2025-03-21T20:30:00Z,,25.3,7.53,0.0195,32.2,56.3,50.3,71.3,17.8,16.0,324.0,0.175
2025-03-21T21:30:00Z,,21.0,7.23,0.017,41.4,54.7,53.0,70.7,24.7,15.7,230.0,0.167
2025-03-21T22:30:00Z,,26.4,7.93,0.0205,30.7,57.5,54.0,71.5,31.3,15.4,180.0,0.225
2025-03-21T23:30:00Z,,33.9,11.6,0.0274,18.1,61.3,62.3,71.5,29.8,15.3,112.0,0.2
2025-03-22T00:30:00Z,,49.6,55.5,0.0715,6.73,72.8,68.5,68.0,29.6,16.4,158.0,0.175
2025-03-22T01:30:00Z,,44.4,21.0,0.0407,23.6,91.5,74.3,62.5,26.8,18.7,255.0,0.2
2025-03-22T02:30:00Z,,30.3,8.25,0.0228,69.1,85.5,68.5,45.5,23.0,21.7,218.0,0.375
2025-03-22T03:30:00Z,,23.6,6.18,0.0176,100.0,61.3,33.0,42.0,24.7,23.7,273.0,0.5
2025-03-22T04:30:00Z,0.783,19.2,3.85,0.0134,132.0,53.5,27.0,38.0,15.2,25.3,308.0,0.675
2025-03-22T05:30:00Z,0.74,13.5,4.43,0.0108,133.0,34.7,20.0,38.0,11.2,26.8,332.0,0.567
2025-03-22T06:30:00Z,0.735,15.8,3.68,0.0114,128.0,30.8,19.0,34.5,12.0,27.6,319.0,0.7
2025-03-22T07:30:00Z,0.723,17.4,4.03,0.0125,110.0,35.5,18.5,32.8,10.8,28.3,314.0,0.7
2025-03-22T08:30:00Z,0.73,17.2,4.4,0.0127,105.0,32.0,14.5,31.3,10.8,28.5,311.0,0.775
2025-03-22T09:30:00Z,0.73,16.4,2.7,0.0109,127.0,30.5,13.0,33.8,10.6,28.3,304.0,0.9
2025-03-22T10:30:00Z,0.723,18.1,3.37,0.0124,138.0,30.3,13.0,32.7,11.9,28.7,304.0,0.833
2025-03-22T11:30:00Z,0.763,27.3,5.48,0.019,140.0,32.5,16.3,40.5,15.0,27.8,308.0,0.55
2025-03-22T12:30:00Z,0.858,40.6,8.43,0.0285,110.0,47.5,23.8,54.0,17.5,25.6,329.0,0.275
2025-03-22T13:30:00Z,0.89,38.8,7.1,0.0264,82.9,71.0,35.3,59.8,20.0,24.2,256.0,0.225
2025-03-22T14:30:00Z,0.99,62.6,15.2,0.0457,27.7,88.3,45.3,67.8,19.1,22.2,227.0,0.15
2025-03-22T15:30:00Z,1.16,72.2,50.4,0.0794,3.3,115.0,56.3,71.3,19.1,20.9,190.0,0.1
2025-03-22T16:30:00Z,1.11,69.6,41.3,0.0706,2.95,138.0,66.0,72.3,25.4,20.1,63.0,0.125
2025-03-22T17:30:00Z,1.01,59.6,24.3,0.0515,3.57,138.0,63.3,71.7,25.1,19.4,158.0,0.2
2025-03-22T18:30:00Z,0.695,41.2,9.6,0.0298,,104.0,51.0,70.0,23.8,18.5,216.0,0.25
2025-03-22T19:30:00Z,0.685,32.8,5.4,0.0218,44.2,89.8,48.5,68.5,32.2,18.0,228.0,0.225
2025-03-22T20:30:00Z,0.7,36.1,9.47,0.0269,31.4,74.0,43.5,70.3,20.8,17.5,143.0,0.25
2025-03-22T21:30:00Z,0.663,34.3,14.2,0.0297,30.7,72.7,42.3,71.7,36.6,16.8,150.0,0.167
2025-03-22T22:30:00Z,0.693,38.6,14.0,0.0319,11.6,80.3,47.5,73.0,29.5,16.5,89.3,0.25
2025-03-22T23:30:00Z,0.72,42.6,39.6,0.0548,4.3,92.8,55.5,73.8,29.9,15.7,154.0,0.2
2025-03-23T00:30:00Z,0.718,48.4,70.4,0.083,4.5,106.0,61.5,72.3,27.8,15.9,70.5,0.125
2025-03-23T01:30:00Z,0.658,31.9,13.0,0.0276,51.1,94.3,50.3,54.5,15.5,20.2,164.0,0.4
2025-03-23T02:30:00Z,0.643,25.4,7.05,0.0193,81.2,59.5,29.8,47.3,43.6,21.9,227.0,0.425
2025-03-23T03:30:00Z,0.67,23.9,4.1,0.016,106.0,61.5,30.8,47.0,55.6,23.2,185.0,0.85
2025-03-23T04:30:00Z,0.645,18.1,5.48,0.0141,127.0,77.5,38.0,46.3,32.5,24.5,180.0,0.95
2025-03-23T05:30:00Z,0.645,16.3,6.6,0.014,144.0,74.0,33.3,43.3,30.3,26.1,185.0,0.9
2025-03-23T06:30:00Z,0.658,18.6,4.5,0.0135,149.0,71.0,32.0,38.5,22.4,27.0,245.0,0.875
2025-03-23T07:30:00Z,0.658,16.6,3.8,0.0119,156.0,62.3,34.5,34.3,20.4,27.4,278.0,0.875
2025-03-23T08:30:00Z,0.69,17.1,3.55,0.012,173.0,62.5,36.5,36.8,17.9,27.9,284.0,0.725
2025-03-23T09:30:00Z,0.695,17.1,4.78,0.013,168.0,70.0,41.0,36.3,20.4,27.7,301.0,0.95
2025-03-23T10:30:00Z,0.7,14.7,4.1,0.0111,194.0,69.0,43.0,43.0,20.2,27.7,310.0,0.8
2025-03-23T11:30:00Z,0.7,17.2,5.28,0.0134,175.0,69.8,45.3,46.3,18.2,26.9,330.0,0.3
2025-03-23T12:30:00Z,0.77,35.4,7.28,0.0248,108.0,78.8,47.0,56.8,18.4,24.4,301.0,0.15
2025-03-23T13:30:00Z,1.14,88.1,90.5,0.12,9.78,109.0,57.3,66.3,19.3,22.4,232.0,0.1
2025-03-23T14:30:00Z,1.16,85.7,84.3,0.114,2.85,163.0,72.0,70.0,19.4,21.3,92.8,0.1
2025-03-23T15:30:00Z,1.18,77.4,71.2,0.099,2.93,183.0,77.0,70.8,19.0,20.5,111.0,0.125
2025-03-23T16:30:00Z,1.09,71.0,54.8,0.0824,2.4,169.0,77.0,70.3,16.8,20.3,70.0,0.167
2025-03-23T17:30:00Z,0.935,65.0,36.7,0.0643,3.37,151.0,71.0,72.0,15.7,19.2,35.7,0.167
2025-03-23T18:30:00Z,0.685,50.6,12.9,0.0373,,127.0,67.0,72.0,16.4,18.4,45.0,0.2
2025-03-23T19:30:00Z,0.62,34.6,9.8,0.0263,58.0,112.0,62.8,70.3,17.2,18.5,57.0,0.2
2025-03-23T20:30:00Z,0.783,29.0,7.63,0.0216,52.8,91.3,56.5,71.0,16.1,17.9,126.0,0.175
2025-03-23T21:30:00Z,0.778,28.2,7.5,0.021,61.3,82.8,52.8,70.3,14.7,17.8,69.3,0.25
2025-03-23T22:30:00Z,0.77,32.3,9.1,0.0246,48.8,72.8,45.8,71.0,13.8,17.2,43.5,0.125
2025-03-23T23:30:00Z,0.763,31.5,10.5,0.0253,43.5,68.5,44.0,72.0,11.6,16.4,120.0,0.1
2025-03-24T00:30:00Z,0.81,48.8,28.3,0.049,14.7,66.0,44.0,71.5,11.6,16.7,122.0,0.125
2025-03-24T01:30:00Z,0.87,33.5,10.9,0.0267,72.0,70.3,41.0,59.3,26.6,20.8,165.0,0.4
2025-03-24T02:30:00Z,0.863,29.6,7.5,0.0218,113.0,91.0,46.5,52.8,41.6,22.4,188.0,0.6
2025-03-24T03:30:00Z,0.815,26.5,5.65,0.0187,130.0,103.0,52.0,49.0,53.0,23.9,205.0,0.55
2025-03-24T04:30:00Z,0.79,23.9,6.3,0.0178,153.0,108.0,57.0,48.0,37.2,25.8,189.0,0.7
2025-03-24T05:30:00Z,0.743,18.8,4.93,0.014,160.0,103.0,55.0,48.0,22.4,26.5,245.0,0.725
2025-03-24T06:30:00Z,0.7,16.4,5.63,0.0133,140.0,85.5,46.3,45.3,16.8,27.2,284.0,0.7
2025-03-24T07:30:00Z,0.708,19.5,5.68,0.015,137.0,73.5,41.8,43.8,36.2,27.4,298.0,0.825
2025-03-24T08:30:00Z,0.713,18.7,5.45,0.0144,166.0,76.5,46.0,42.5,39.2,27.9,308.0,0.7
2025-03-24T09:30:00Z,0.703,17.9,5.85,0.0143,171.0,76.8,50.0,43.0,36.5,28.2,310.0,0.825
2025-03-24T10:30:00Z,0.69,13.4,4.68,0.0109,177.0,68.3,44.8,41.5,18.4,28.7,330.0,0.725
2025-03-24T11:30:00Z,0.725,21.1,5.8,0.0159,182.0,66.3,39.5,45.3,20.2,27.6,348.0,0.25
2025-03-24T12:30:00Z,0.81,30.4,7.53,0.0223,148.0,83.3,48.7,56.7,21.4,25.3,314.0,0.167
2025-03-24T13:30:00Z,0.925,52.6,13.5,0.039,73.2,116.0,63.5,63.8,19.4,23.6,304.0,0.175
2025-03-24T14:30:00Z,1.09,76.7,34.6,0.0689,15.8,134.0,71.5,68.5,24.7,22.6,235.0,0.1
2025-03-24T15:30:00Z,1.14,80.2,41.7,0.0766,3.93,149.0,78.5,70.8,23.1,21.5,318.0,0.1
2025-03-24T16:30:00Z,1.19,73.3,49.3,0.079,2.98,165.0,80.5,72.8,18.3,20.6,117.0,0.1
2025-03-24T17:30:00Z,0.91,63.3,26.1,0.0549,10.5,170.0,79.0,72.3,18.1,20.3,77.3,0.133
2025-03-24T18:30:00Z,0.62,20.0,6.65,0.0161,,115.0,66.5,66.5,21.6,21.0,117.0,0.4
2025-03-24T19:30:00Z,0.655,17.3,4.15,0.0126,123.0,113.0,66.0,64.0,22.0,21.3,111.0,0.3
2025-03-24T20:30:00Z,0.655,28.7,8.95,0.0225,68.2,74.5,50.0,70.5,17.0,19.5,75.0,0.2
2025-03-24T21:30:00Z,0.645,22.8,9.43,0.0198,80.8,75.8,50.5,70.8,16.2,19.2,92.3,0.2
2025-03-24T22:30:00Z,0.637,19.0,7.5,0.0162,100.0,71.7,49.0,70.3,15.7,19.1,157.0,0.167
2025-03-24T23:30:00Z,0.637,28.3,7.2,0.021,65.4,66.7,47.7,72.3,14.1,18.0,248.0,0.133
2025-03-25T00:30:00Z,0.773,51.9,65.2,0.0806,5.95,82.3,51.5,73.3,14.1,18.3,86.8,0.2
2025-03-25T01:30:00Z,0.713,34.7,13.7,0.0297,71.3,102.0,54.0,63.5,15.6,21.7,136.0,0.425
2025-03-25T02:30:00Z,0.708,21.0,7.63,0.0173,122.0,97.0,50.3,56.3,23.4,23.7,207.0,0.4
2025-03-25T03:30:00Z,0.735,25.4,8.6,0.0205,148.0,101.0,54.3,52.5,26.4,25.7,245.0,0.55
2025-03-25T04:30:00Z,,,,,171.0,113.0,65.3,51.8,,26.3,275.0,0.625
2025-03-25T05:30:00Z,0.76,24.1,6.2,0.0178,190.0,111.0,64.8,49.3,30.9,27.2,270.0,0.725
2025-03-25T06:30:00Z,0.765,23.5,6.73,0.018,172.0,95.8,56.8,46.0,33.3,28.4,305.0,0.7
2025-03-25T07:30:00Z,0.758,20.3,7.43,0.0168,158.0,88.8,55.8,42.3,25.3,29.1,312.0,0.825
2025-03-25T08:30:00Z,0.76,17.1,5.68,0.0137,167.0,86.3,51.8,42.0,25.1,29.3,315.0,0.875
2025-03-25T09:30:00Z,0.75,15.5,6.0,0.0131,149.0,76.3,43.5,41.5,16.4,29.5,325.0,0.8
2025-03-25T10:30:00Z,0.765,15.0,5.93,0.0128,172.0,67.3,41.5,44.8,16.2,29.8,322.0,0.75
2025-03-25T11:30:00Z,0.78,18.2,7.73,0.016,178.0,70.3,44.0,48.8,19.4,28.7,337.0,0.425
2025-03-25T12:30:00Z,0.833,29.5,10.5,0.0242,127.0,123.0,49.8,56.3,23.4,26.2,319.0,0.2
2025-03-25T13:30:00Z,0.91,45.4,12.0,0.0339,84.0,145.0,58.3,62.3,23.8,24.7,300.0,0.2
2025-03-25T14:30:00Z,1.0,69.5,19.8,0.0531,31.7,128.0,70.8,64.0,42.5,23.3,309.0,0.175
2025-03-25T15:30:00Z,0.983,62.9,19.4,0.0492,32.5,117.0,67.3,64.3,22.8,22.2,325.0,0.125
2025-03-25T16:30:00Z,0.983,59.9,18.3,0.0468,24.2,95.0,55.5,68.0,18.6,21.4,259.0,0.125
2025-03-25T17:30:00Z,0.885,50.7,14.7,0.0388,22.9,97.3,52.3,70.7,17.5,20.7,133.0,0.1
2025-03-25T18:30:00Z,0.675,32.2,10.9,0.026,,113.0,51.5,68.5,23.1,21.5,227.0,0.1
2025-03-25T19:30:00Z,0.65,24.1,9.5,0.0205,73.1,111.0,54.5,68.3,26.7,21.2,193.0,0.1
2025-03-25T20:30:00Z,0.773,29.7,9.27,0.0233,37.2,97.0,57.5,71.3,21.8,20.1,136.0,0.2
2025-03-25T21:30:00Z,0.777,36.6,12.0,0.0292,22.7,85.0,55.3,72.0,20.0,19.6,72.7,0.167
2025-03-25T22:30:00Z,0.788,38.0,23.6,0.0394,9.5,79.8,47.0,72.8,17.5,19.0,54.3,0.225
2025-03-25T23:30:00Z,0.835,40.3,45.6,0.0585,2.93,75.5,43.5,73.5,14.7,18.4,85.5,0.175
2025-03-26T00:30:00Z,0.81,36.0,21.9,0.0369,19.3,74.0,42.0,66.8,20.8,20.0,172.0,0.375
2025-03-26T01:30:00Z,0.858,30.3,13.4,0.027,73.4,94.3,51.3,62.5,64.0,22.0,179.0,0.7
2025-03-26T02:30:00Z,0.893,26.6,11.2,0.0233,89.5,144.0,78.8,63.5,92.8,21.9,224.0,0.625
2025-03-26T03:30:00Z,0.873,27.6,10.6,0.0233,116.0,180.0,104.0,58.3,55.3,23.7,173.0,0.775
2025-03-26T04:30:00Z,0.84,21.9,8.45,0.0185,149.0,158.0,90.5,50.3,41.5,26.1,183.0,0.525
2025-03-26T05:30:00Z,0.765,19.8,7.65,0.0168,174.0,109.0,61.3,44.0,48.6,28.2,255.0,0.6
2025-03-26T06:30:00Z,0.693,21.7,7.68,0.0178,186.0,98.8,55.5,41.3,32.1,29.7,327.0,0.625
2025-03-26T07:30:00Z,0.695,18.2,7.78,0.016,164.0,103.0,56.3,40.3,20.0,30.4,336.0,0.725
2025-03-26T08:30:00Z,0.673,16.4,7.5,0.0148,150.0,94.8,51.5,37.5,16.8,31.0,336.0,0.6
2025-03-26T09:30:00Z,0.638,15.9,5.15,0.0126,146.0,74.3,41.8,37.0,15.5,30.9,344.0,0.4
2025-03-26T10:30:00Z,0.653,15.0,6.98,0.0136,128.0,56.0,30.5,34.3,14.5,31.2,346.0,0.375
2025-03-26T11:30:00Z,0.735,19.6,7.28,0.0164,109.0,52.0,25.0,35.3,14.1,31.0,332.0,0.25
2025-03-26T12:30:00Z,1.04,65.2,70.0,0.0916,11.9,109.0,29.8,45.5,13.8,27.3,304.0,0.1
2025-03-26T13:30:00Z,1.27,75.8,135.0,0.15,2.95,152.0,40.0,52.0,25.2,25.0,166.0,0.125
2025-03-26T14:30:00Z,1.24,67.3,106.0,0.122,2.7,138.0,49.0,55.5,24.6,23.8,248.0,0.15
2025-03-26T15:30:00Z,1.14,57.8,65.2,0.0838,7.13,144.0,58.0,53.5,30.3,23.6,93.5,0.4
2025-03-26T16:30:00Z,0.778,28.6,12.0,0.025,41.2,122.0,50.0,42.5,17.7,24.0,193.0,0.3
2025-03-26T17:30:00Z,0.76,25.8,10.0,0.0218,42.8,98.0,38.0,43.0,14.2,23.6,104.0,0.5
2025-03-27T02:30:00Z,0.92,31.0,13.8,0.0277,70.7,105.0,46.0,51.3,51.4,23.2,,
2025-03-27T03:30:00Z,0.923,26.2,11.1,0.023,112.0,132.0,68.0,46.5,49.2,26.1,,
2025-03-27T04:30:00Z,0.878,18.8,10.2,0.0183,145.0,129.0,71.8,40.3,38.8,27.7,,
2025-03-27T05:30:00Z,0.81,18.7,8.0,0.0164,159.0,111.0,57.0,39.3,36.4,29.7,266.0,0.6
2025-03-27T06:30:00Z,0.755,16.5,8.18,0.0154,157.0,108.0,49.3,38.0,27.4,30.4,286.0,0.85
2025-03-27T07:30:00Z,0.74,15.0,8.73,0.015,113.0,113.0,44.5,35.5,16.1,30.8,305.0,0.85
2025-03-27T08:30:00Z,0.703,14.4,7.23,0.0135,93.8,127.0,43.5,32.5,13.1,31.3,309.0,0.6
2025-03-27T09:30:00Z,0.675,12.2,7.28,0.0124,100.0,123.0,40.0,31.0,12.9,31.4,303.0,0.725
2025-03-27T10:30:00Z,0.685,13.4,6.7,0.0126,121.0,98.5,31.0,34.5,13.8,31.5,315.0,0.5
2025-03-27T11:30:00Z,0.74,20.1,5.4,0.015,118.0,96.0,30.0,43.7,20.6,29.9,116.0,0.2
2025-03-27T12:30:00Z,0.875,48.4,18.2,0.0405,40.6,195.0,46.5,54.3,19.2,27.5,243.0,0.1
2025-03-27T13:30:00Z,1.35,75.3,127.0,0.144,2.43,231.0,56.8,60.0,19.4,26.0,58.3,0.175
2025-03-27T14:30:00Z,1.12,63.1,54.3,0.0777,3.8,170.0,54.5,57.8,20.2,25.0,161.0,0.2
2025-03-27T15:30:00Z,0.857,42.3,18.7,0.0377,25.8,164.0,53.3,53.3,21.5,24.7,106.0,0.333
2025-03-27T16:30:00Z,0.755,25.1,11.8,0.0229,62.0,123.0,41.8,50.0,14.1,24.7,101.0,0.5
2025-03-27T17:30:00Z,0.785,28.8,13.2,0.0261,42.8,104.0,36.0,53.0,13.8,23.3,153.0,0.2
2025-03-27T18:30:00Z,0.805,23.9,9.35,0.0204,,105.0,39.5,62.5,20.7,21.5,303.0,0.2
2025-03-27T19:30:00Z,0.825,16.3,8.35,0.0155,41.9,111.0,44.5,69.3,27.8,21.0,257.0,0.25
2025-03-27T20:30:00Z,0.847,20.0,8.83,0.0179,35.0,118.0,50.7,71.3,35.5,20.5,326.0,0.2
2025-03-27T21:30:00Z,0.82,13.9,8.9,0.0146,44.0,117.0,52.0,71.3,34.4,20.1,299.0,0.225
2025-03-27T22:30:00Z,0.815,17.4,7.38,0.0153,42.2,112.0,51.5,72.3,29.1,19.6,324.0,0.275
2025-03-27T23:30:00Z,0.835,15.3,9.68,0.016,31.9,119.0,51.0,74.8,23.7,18.4,307.0,0.3
2025-03-28T00:30:00Z,0.858,20.3,11.0,0.0197,21.9,197.0,55.3,76.5,32.9,18.2,330.0,0.25
2025-03-28T01:30:00Z,0.873,19.0,10.2,0.0184,43.0,216.0,61.0,72.0,30.2,19.1,336.0,0.475
2025-03-28T02:30:00Z,0.87,15.1,8.0,0.0146,64.9,144.0,57.7,66.3,27.5,20.1,320.0,0.6
2025-03-28T03:30:00Z,0.84,13.8,6.58,0.0127,95.3,133.0,49.3,50.8,22.1,23.3,255.0,0.7
2025-03-28T04:30:00Z,0.0,10.3,6.05,0.0104,94.9,121.0,38.5,45.0,17.0,24.6,311.0,1.05
2025-03-28T05:30:00Z,,13.1,6.28,0.0121,119.0,122.0,36.0,45.0,15.7,24.4,311.0,1.08
2025-03-28T06:30:00Z,0.63,10.8,6.05,0.0106,103.0,124.0,33.0,38.0,11.0,25.1,317.0,1.03
2025-03-28T07:30:00Z,0.81,28.3,13.9,0.0263,95.1,107.0,26.0,35.8,10.1,25.0,318.0,1.1
2025-03-28T08:30:00Z,1.17,18.8,7.5,0.0161,99.1,91.8,22.0,33.5,9.55,25.1,321.0,1.05
2025-03-28T09:30:00Z,1.48,13.9,7.15,0.0132,118.0,84.5,20.5,34.8,10.2,24.9,335.0,0.925
2025-03-28T10:30:00Z,1.43,12.1,6.18,0.0115,142.0,83.5,20.5,36.5,10.9,25.1,339.0,0.925
2025-03-28T11:30:00Z,0.908,12.1,7.25,0.0124,149.0,87.3,18.5,39.0,11.9,23.8,341.0,0.8
2025-03-28T12:30:00Z,1.01,15.4,8.1,0.0148,138.0,91.0,20.3,42.7,13.7,21.9,338.0,0.567
2025-03-28T13:30:00Z,1.1,15.3,10.2,0.0164,115.0,91.0,29.8,46.0,15.5,20.2,335.0,0.5
2025-03-28T14:30:00Z,1.13,20.1,8.3,0.0174,95.9,92.3,30.7,50.0,13.5,19.1,330.0,0.5
2025-03-28T15:30:00Z,1.37,14.9,8.5,0.0149,84.0,96.0,31.5,54.5,15.3,17.8,333.0,0.425
2025-03-28T16:30:00Z,1.35,13.1,6.68,0.0124,76.4,96.5,32.5,57.5,19.3,16.8,339.0,0.3
2025-03-28T17:30:00Z,1.08,12.5,8.03,0.0132,76.0,93.3,31.0,58.7,20.7,16.1,328.0,0.3
2025-03-28T18:30:00Z,0.68,4.95,4.65,0.0064,,69.5,23.5,52.0,16.3,16.5,344.0,0.6
2025-03-28T19:30:00Z,0.755,6.95,5.65,0.0083,102.0,65.0,20.5,49.5,15.7,16.7,344.0,0.575
2025-03-28T20:30:00Z,0.78,6.63,5.33,0.0079,101.0,62.0,17.5,50.0,15.1,16.2,338.0,0.6
2025-03-28T21:30:00Z,0.808,7.78,5.95,0.00898,99.8,65.0,19.8,50.5,15.3,15.9,328.0,0.7
2025-03-28T22:30:00Z,0.84,6.27,7.3,0.0093,94.8,64.3,21.3,52.3,15.4,15.0,329.0,0.667
2025-03-28T23:30:00Z,1.15,7.38,4.9,0.0079,92.7,57.3,18.0,51.0,13.8,15.0,329.0,0.5
2025-03-29T00:30:00Z,1.23,9.5,5.6,0.0096,78.5,54.5,19.3,55.0,16.8,14.6,319.0,0.675
2025-03-29T01:30:00Z,1.24,10.3,7.15,0.0113,76.8,63.0,24.8,53.0,19.5,15.3,328.0,0.75
2025-03-29T02:30:00Z,1.25,9.88,6.98,0.0109,91.8,73.5,26.8,45.5,19.9,17.7,339.0,0.725
2025-03-29T03:30:00Z,0.935,10.6,6.38,0.0108,108.0,74.5,27.3,42.8,18.4,20.6,334.0,0.8
2025-03-29T04:30:00Z,0.953,10.3,6.93,0.0111,124.0,78.5,28.5,39.3,16.5,22.9,328.0,0.95
2025-03-29T05:30:00Z,0.887,11.3,5.9,0.0108,128.0,82.0,23.5,36.0,12.0,23.9,318.0,1.18
2025-03-29T06:30:00Z,0.857,7.83,6.5,0.00945,125.0,78.8,19.8,32.5,10.5,24.6,319.0,1.33
2025-03-29T07:30:00Z,1.28,7.6,7.88,0.0105,124.0,77.0,16.8,30.3,8.9,24.7,339.0,1.1
2025-03-29T08:30:00Z,1.3,8.53,6.43,0.00978,127.0,67.5,12.0,27.5,8.58,25.7,337.0,1.03
2025-03-29T09:30:00Z,1.3,6.95,7.0,0.00938,135.0,52.5,9.5,29.8,8.08,25.4,326.0,1.3
2025-03-29T10:30:00Z,1.25,7.05,6.38,0.00895,142.0,47.0,10.0,31.8,8.7,25.6,328.0,1.18
2025-03-29T11:30:00Z,0.965,10.8,5.2,0.00998,137.0,42.0,10.0,37.0,9.98,24.6,330.0,0.775
2025-03-29T12:30:00Z,1.15,14.3,7.75,0.0139,117.0,46.0,11.5,44.0,10.1,22.5,347.0,0.4
2025-03-29T13:30:00Z,1.41,19.0,9.73,0.018,81.9,57.3,17.8,50.8,13.3,20.6,324.0,0.3
2025-03-29T14:30:00Z,1.39,15.8,8.2,0.0151,79.4,71.8,30.3,55.0,22.3,19.7,319.0,0.325
2025-03-29T15:30:00Z,1.54,13.6,7.43,0.0133,75.3,83.0,36.5,58.0,29.9,18.7,312.0,0.325
2025-03-29T16:30:00Z,1.51,11.8,6.13,0.0113,72.6,84.0,34.5,60.8,27.5,17.9,324.0,0.375
2025-03-29T17:30:00Z,1.19,9.77,7.7,0.0115,70.0,84.0,34.0,63.0,32.8,17.2,327.0,0.333
2025-03-29T18:30:00Z,0.84,5.55,4.5,0.0066,,75.5,29.0,61.5,19.8,17.1,318.0,0.3
2025-03-29T19:30:00Z,0.865,5.85,4.95,0.00715,83.5,70.0,26.0,61.3,18.6,17.1,249.0,0.325
2025-03-29T20:30:00Z,1.11,8.9,6.47,0.01,65.9,73.3,40.5,67.8,22.7,15.4,316.0,0.3
2025-03-29T21:30:00Z,0.923,6.95,7.63,0.0099,66.4,79.3,48.0,68.8,22.6,15.0,304.0,0.225
2025-03-29T22:30:00Z,0.865,5.38,5.33,0.00718,92.0,63.5,30.3,61.0,23.0,15.9,290.0,0.2
2025-03-29T23:30:00Z,0.855,7.55,5.4,0.00843,78.4,49.0,24.3,62.0,20.4,15.3,290.0,0.225
2025-03-30T00:30:00Z,0.88,11.4,7.67,0.0123,77.9,50.7,25.3,60.0,19.3,16.1,319.0,0.267
2025-03-31T03:30:00Z,,,,,,,,,,24.8,,
2025-03-31T04:30:00Z,0.28,55.3,2.3,0.0313,65.2,,,34.0,4.15,27.2,350.0,0.7
2025-03-31T05:30:00Z,0.78,35.2,3.1,0.0212,145.0,44.0,17.0,30.7,11.5,29.0,341.0,0.8
2025-03-31T06:30:00Z,0.783,34.8,2.9,0.0209,99.5,40.8,16.0,30.3,10.2,29.3,320.0,1.23
2025-03-31T07:30:00Z,0.675,32.6,3.45,0.0201,84.9,33.5,11.3,23.5,8.98,29.6,328.0,1.15
2025-03-31T08:30:00Z,0.59,31.6,3.0,0.0192,98.8,29.0,6.5,23.8,8.28,29.3,333.0,1.18
2025-03-31T09:30:00Z,0.6,27.7,5.65,0.0193,118.0,31.5,7.0,21.5,8.25,29.0,333.0,1.23
2025-03-31T10:30:00Z,0.585,24.7,4.05,0.0164,135.0,46.3,8.5,22.5,8.28,28.8,335.0,1.05
2025-03-31T11:30:00Z,0.683,28.9,3.47,0.0181,135.0,55.7,11.7,29.0,9.0,27.8,335.0,0.733
2025-03-31T12:30:00Z,0.91,43.2,4.05,0.0263,110.0,75.8,20.8,36.8,11.3,24.9,339.0,0.425
2025-03-31T13:30:00Z,1.09,60.4,3.08,0.0347,81.7,78.5,20.8,42.3,12.2,23.1,320.0,0.3
2025-03-31T14:30:00Z,1.18,66.7,5.9,0.0403,68.4,59.3,22.5,45.5,23.1,22.1,320.0,0.275
2025-03-31T15:30:00Z,1.09,58.5,3.65,0.0341,77.1,63.3,27.5,45.3,27.5,21.6,321.0,0.25
2025-03-31T16:30:00Z,1.17,52.2,3.25,0.0304,80.6,68.5,24.3,47.5,55.4,21.1,316.0,0.275
2025-03-31T17:30:00Z,0.925,35.3,2.63,0.0209,92.4,68.0,22.3,49.7,29.0,20.6,310.0,0.3
2025-03-31T18:30:00Z,0.835,36.2,3.95,0.0225,,47.0,26.0,54.0,15.9,19.0,301.0,0.2
2025-03-31T19:30:00Z,0.805,33.6,3.85,0.021,83.8,47.0,26.0,55.0,31.3,18.7,296.0,0.25
2025-03-31T20:30:00Z,0.845,34.8,3.75,0.0216,75.2,50.5,24.0,59.5,24.1,17.2,301.0,0.2
2025-03-31T21:30:00Z,0.825,32.4,4.78,0.0211,75.9,47.8,25.0,60.5,17.7,16.9,315.0,0.2
2025-03-31T22:30:00Z,0.84,38.0,1.4,0.0214,67.3,41.8,26.0,61.8,18.4,16.5,288.0,0.2
2025-03-31T23:30:00Z,0.883,45.8,4.43,0.028,57.2,46.3,27.5,61.8,23.1,16.1,289.0,0.2
2025-04-01T00:30:00Z,0.938,56.4,4.55,0.0337,52.4,55.5,31.3,59.0,19.6,16.7,307.0,0.2
2025-04-01T01:30:00Z,0.915,53.6,4.9,0.0325,75.0,68.0,37.8,48.8,22.4,19.8,333.0,0.4
2025-04-01T02:30:00Z,0.938,,,,90.1,80.0,39.8,43.8,20.0,22.0,324.0,0.625
2025-04-01T03:30:00Z,0.693,,,,102.0,80.7,35.7,34.3,31.4,25.2,341.0,0.833
2025-04-01T04:30:00Z,0.64,,,,113.0,116.0,41.5,26.3,51.6,27.2,257.0,0.975
2025-04-01T05:30:00Z,0.753,,,,133.0,122.0,38.0,26.8,11.9,28.2,334.0,0.975
2025-04-01T06:30:00Z,0.798,,,,117.0,79.8,25.5,24.3,10.1,29.1,337.0,1.05
2025-04-01T07:30:00Z,0.765,,,,98.4,73.8,25.5,23.5,9.68,29.1,326.0,1.18
2025-04-01T08:30:00Z,0.83,,,,91.2,77.3,29.7,23.3,8.23,29.1,336.0,1.03
2025-04-01T09:30:00Z,0.84,,,,113.0,84.0,35.0,24.0,8.8,29.0,333.0,1.03
2025-04-01T13:30:00Z,1.52,,,,29.7,123.0,50.0,42.0,39.4,22.2,304.0,0.2
2025-04-01T14:30:00Z,1.44,,,,49.2,123.0,50.8,41.3,22.4,21.8,289.0,0.2
2025-04-01T15:30:00Z,1.39,,,,63.3,111.0,47.5,42.8,46.5,21.3,290.0,0.2
2025-04-01T16:30:00Z,1.35,,,,77.9,106.0,46.5,44.3,19.9,20.8,292.0,0.2
2025-04-01T17:30:00Z,1.11,,,,75.1,109.0,47.7,47.3,24.0,19.8,225.0,0.167
2025-04-01T18:30:00Z,0.955,,,,,103.0,50.0,51.5,21.8,18.5,176.0,0.2
2025-04-01T19:30:00Z,1.01,,,,39.0,104.0,49.3,52.7,20.8,18.0,60.7,0.2
2025-04-01T20:30:00Z,0.867,,,,64.5,112.0,51.8,53.3,31.0,17.0,332.0,0.175
2025-04-01T21:30:00Z,0.888,,,,50.3,121.0,57.0,58.3,26.6,16.2,313.0,0.15
2025-04-01T22:30:00Z,1.01,,,,23.9,119.0,56.5,61.5,26.5,15.5,50.5,0.175
2025-04-01T23:30:00Z,1.11,,,,14.8,111.0,56.0,61.8,35.3,15.2,196.0,0.25
2025-04-02T00:30:00Z,1.2,,,,13.3,119.0,61.5,57.3,35.2,16.2,120.0,0.15
2025-04-02T01:30:00Z,1.2,,,,32.1,134.0,64.7,50.3,33.3,19.6,298.0,0.167
2025-04-02T02:30:00Z,1.25,,,,73.0,137.0,56.5,36.5,25.8,23.7,231.0,0.325
2025-04-02T03:30:00Z,0.97,,,,121.0,120.0,50.0,30.8,20.6,26.2,320.0,0.6
2025-04-02T04:30:00Z,0.753,,,,142.0,104.0,45.3,31.8,36.0,28.0,321.0,0.7
2025-04-02T05:30:00Z,0.807,,,,149.0,110.0,44.0,28.0,24.2,29.2,330.0,0.8
2025-04-02T06:30:00Z,0.79,,,,108.0,99.3,36.3,20.5,10.6,30.6,330.0,0.8
2025-04-02T07:30:00Z,0.76,,,,101.0,63.5,27.3,20.0,9.25,30.6,320.0,1.0
2025-04-02T08:30:00Z,0.758,,,,100.0,55.3,25.0,22.3,8.85,30.9,330.0,0.975
2025-04-02T09:30:00Z,0.793,,,,115.0,57.5,23.5,25.3,9.08,30.7,254.0,0.8
2025-04-02T10:30:00Z,0.818,,,,135.0,54.8,25.3,28.5,9.23,30.5,334.0,0.875
2025-04-02T11:30:00Z,0.888,,,,143.0,62.0,27.5,33.5,10.4,29.2,337.0,0.65
2025-04-02T12:30:00Z,1.18,,,,113.0,95.0,29.3,41.3,13.9,26.6,333.0,0.225
2025-04-02T13:30:00Z,1.39,,,,73.7,117.0,37.8,44.5,21.8,25.1,217.0,0.325
2025-04-02T14:30:00Z,1.31,,,,74.1,104.0,44.5,42.8,20.8,24.1,337.0,0.225
2025-04-02T15:30:00Z,1.16,,,,85.0,93.3,39.7,42.0,13.9,23.4,317.0,0.233
2025-04-02T16:30:00Z,1.12,,,,77.7,75.5,31.0,46.5,21.0,21.4,249.0,0.225
2025-04-02T17:30:00Z,1.08,,,,67.4,79.7,35.7,49.0,31.3,20.5,320.0,0.2
2025-04-02T18:30:00Z,1.05,,,,,92.0,41.0,53.5,32.1,19.1,30.5,0.3
2025-04-02T19:30:00Z,1.04,,,,42.1,89.5,40.5,53.8,23.0,18.9,155.0,0.3
2025-04-02T20:30:00Z,0.98,,,,51.7,85.0,40.8,53.5,27.4,18.2,179.0,0.15
2025-04-02T21:30:00Z,1.02,,,,25.0,77.5,41.0,54.3,32.8,17.6,89.0,0.225
2025-04-02T22:30:00Z,0.865,,,,49.1,71.0,37.5,40.8,24.0,19.7,110.0,0.35
2025-04-02T23:30:00Z,0.847,,,,54.2,58.7,29.3,33.7,11.7,20.4,156.0,0.233
2025-04-03T00:30:00Z,1.24,,,,12.7,44.8,19.5,44.5,12.5,19.1,145.0,0.175
2025-04-03T01:30:00Z,1.3,,,,32.2,78.3,26.8,36.0,12.7,23.9,159.0,0.275
2025-04-03T02:30:00Z,1.19,,,,75.5,91.8,29.3,30.0,19.4,25.4,280.0,0.45
2025-04-03T03:30:00Z,1.06,,,,121.0,,,28.0,19.6,27.6,225.0,0.45
2025-04-03T04:30:00Z,0.998,,,,149.0,103.0,51.0,24.3,20.0,29.2,258.0,0.5
2025-04-03T05:30:00Z,0.847,,,,158.0,85.5,43.3,19.5,13.0,30.9,319.0,0.75
2025-04-03T06:30:00Z,0.795,,,,132.0,61.0,28.8,18.5,8.8,31.7,320.0,0.9
2025-04-03T07:30:00Z,0.847,,,,138.0,66.7,22.0,20.7,10.4,31.9,327.0,1.07
2025-04-03T08:30:00Z,0.875,,,,141.0,76.8,25.0,23.8,13.4,31.7,330.0,1.03
2025-04-03T09:30:00Z,0.915,,,,140.0,76.3,30.8,26.8,10.9,31.4,252.0,0.825
2025-04-03T10:30:00Z,0.955,,,,140.0,74.0,33.0,30.0,9.75,30.9,351.0,0.7
2025-04-03T11:30:00Z,0.968,,,,127.0,78.5,32.5,29.8,9.85,30.0,347.0,0.5
2025-04-03T12:30:00Z,1.25,,,,78.8,146.0,39.8,35.5,18.3,27.3,318.0,0.225
2025-04-03T13:30:00Z,2.13,,,,6.4,181.0,50.3,44.3,28.9,24.4,321.0,0.175
2025-04-03T14:30:00Z,2.49,,,,3.25,163.0,64.0,46.5,27.2,23.2,316.0,0.125
2025-04-03T15:30:00Z,1.67,,,,52.8,184.0,71.7,48.3,19.1,23.8,221.0,0.767
2025-04-03T16:30:00Z,1.26,,,,87.7,160.0,62.5,53.5,15.4,23.0,135.0,0.525
2025-04-03T17:30:00Z,1.17,,,,80.8,138.0,59.7,48.0,22.4,23.8,87.0,0.433
2025-04-03T18:30:00Z,1.01,,,,,128.0,62.0,48.5,20.5,22.8,73.5,0.35
2025-04-03T19:30:00Z,0.715,,,,106.0,126.0,59.3,37.8,27.1,24.8,75.3,0.55
2025-04-03T20:30:00Z,0.788,,,,86.4,107.0,47.3,41.3,20.2,22.4,209.0,0.2
2025-04-03T21:30:00Z,0.79,,,,73.3,88.0,39.5,48.5,19.1,20.2,245.0,0.225
2025-04-03T22:30:00Z,0.883,,,,49.8,87.7,49.3,52.3,24.5,19.4,191.0,0.3
2025-04-03T23:30:00Z,1.03,,,,33.3,102.0,55.5,56.0,25.5,18.5,248.0,0.25
2025-04-04T00:30:00Z,1.2,,,,21.4,136.0,65.8,59.8,24.4,18.4,315.0,0.175
2025-04-04T01:30:00Z,1.51,,,,35.9,174.0,86.0,51.3,25.8,21.8,233.0,0.15
2025-04-04T02:30:00Z,1.36,,,,68.3,195.0,87.3,38.0,25.2,25.9,294.0,0.375
2025-04-04T03:30:00Z,1.19,,,,116.0,181.0,79.3,35.0,20.4,28.3,323.0,0.55
2025-04-04T04:30:00Z,0.753,,,,127.0,135.0,61.8,25.8,25.8,30.8,329.0,0.875
2025-04-04T05:30:00Z,0.725,,,,118.0,103.0,39.0,23.0,38.3,31.6,339.0,0.833
2025-04-04T06:30:00Z,0.755,,,,112.0,88.0,29.0,19.5,11.2,32.3,342.0,0.875
2025-04-04T07:30:00Z,0.763,,,,113.0,59.0,17.5,20.0,9.08,32.4,336.0,1.0
2025-04-04T08:30:00Z,0.79,,,,111.0,56.0,16.0,21.3,9.1,32.0,327.0,1.18
2025-04-04T09:30:00Z,0.82,,,,107.0,72.8,18.0,22.8,9.83,31.9,332.0,1.05
2025-04-04T10:30:00Z,0.835,,,,131.0,75.8,20.5,25.5,9.63,31.8,338.0,1.05
2025-04-04T11:30:00Z,0.933,,,,131.0,72.0,21.3,31.0,10.4,30.9,343.0,0.675
2025-04-04T12:30:00Z,0.997,,,,116.0,106.0,26.5,37.5,11.5,28.6,335.0,0.375
2025-04-04T13:30:00Z,1.01,,,,89.4,130.0,32.3,41.3,14.7,26.4,313.0,0.2
2025-04-04T14:30:00Z,1.25,,,,56.3,115.0,44.0,45.0,21.4,24.7,303.0,0.3
2025-04-04T15:30:00Z,1.0,,,,80.1,116.0,47.0,44.0,44.1,24.5,323.0,0.333
2025-04-04T16:30:00Z,0.913,,,,93.0,111.0,41.3,46.3,30.1,24.2,337.0,0.425
2025-04-04T17:30:00Z,0.915,,,,92.7,103.0,37.3,47.0,23.0,23.8,346.0,0.5
2025-04-04T18:30:00Z,0.865,,,,,92.5,41.5,47.5,23.7,23.3,339.0,0.5
2025-04-04T19:30:00Z,0.828,,,,108.0,88.8,41.0,46.0,20.6,23.4,343.0,0.525
2025-04-04T20:30:00Z,0.82,,,,116.0,74.8,35.3,46.0,17.5,23.4,115.0,0.4
2025-04-04T21:30:00Z,0.853,,,,103.0,68.3,31.8,49.5,22.0,21.8,345.0,0.325
2025-04-04T22:30:00Z,0.883,,,,88.9,69.5,34.0,54.8,21.6,20.5,341.0,0.3
2025-04-04T23:30:00Z,0.94,,,,73.5,93.5,41.8,58.5,25.5,19.3,339.0,0.475
2025-04-05T00:30:00Z,0.9,,,,91.6,102.0,46.8,53.3,22.9,20.9,177.0,0.5
2025-04-05T01:30:00Z,0.92,,,,96.5,83.5,41.5,49.8,20.6,22.0,256.0,0.475
2025-04-05T02:30:00Z,0.94,,,,97.6,85.5,40.0,44.8,20.6,24.0,177.0,0.6
2025-04-05T03:30:00Z,0.92,,,,114.0,89.5,38.0,41.3,18.8,26.5,99.5,0.6
2025-04-05T04:30:00Z,0.863,,,,135.0,87.0,32.7,37.3,16.3,28.6,340.0,0.8
2025-04-05T05:30:00Z,0.91,,,,141.0,75.3,28.8,35.5,12.6,29.5,326.0,1.0
2025-04-05T06:30:00Z,0.838,,,,137.0,60.3,27.0,30.5,9.43,30.1,329.0,1.0
2025-04-05T07:30:00Z,0.833,,,,138.0,51.0,23.3,29.7,9.13,30.7,336.0,1.1
2025-04-05T08:30:00Z,0.87,,,,130.0,53.0,24.0,30.3,9.5,31.0,331.0,1.08
2025-04-05T09:30:00Z,0.878,,,,113.0,64.0,28.5,30.3,9.08,31.3,345.0,0.85
2025-04-05T10:30:00Z,0.983,32.0,,0.009,148.0,70.5,30.0,33.0,10.8,31.9,256.0,0.725
2025-04-05T11:30:00Z,0.877,31.9,,0.011,175.0,82.5,31.8,37.3,13.2,31.0,335.0,0.725
2025-04-05T12:30:00Z,1.18,51.5,,0.0244,148.0,112.0,38.8,45.5,14.7,28.4,330.0,0.275
2025-04-05T13:30:00Z,1.45,101.0,,0.0521,101.0,137.0,50.3,51.8,15.9,26.4,326.0,0.2
2025-04-05T14:30:00Z,1.55,114.0,,0.0596,84.9,153.0,67.8,55.0,24.9,25.6,323.0,0.225
2025-04-05T15:30:00Z,1.28,68.5,,0.0356,105.0,139.0,66.0,52.8,16.4,24.9,295.0,0.275
2025-04-05T16:30:00Z,1.22,54.9,,0.0285,106.0,106.0,51.5,52.8,22.5,24.4,312.0,0.275
2025-04-05T17:30:00Z,1.12,53.8,,0.0281,92.7,92.3,48.0,55.0,20.4,23.6,292.0,0.233
2025-04-05T18:30:00Z,1.02,62.2,,0.0327,,90.0,44.0,56.5,24.7,23.1,180.0,0.25
2025-04-05T19:30:00Z,0.943,43.5,,0.0227,76.2,87.0,45.5,59.5,22.1,22.0,255.0,0.2
2025-04-05T20:30:00Z,0.985,39.2,0.133,0.0209,67.7,103.0,55.3,65.3,24.7,20.6,249.0,0.25
2025-04-05T21:30:00Z,0.987,37.7,0.2,0.02,66.4,116.0,64.7,66.3,29.8,19.9,339.0,0.267
2025-04-05T22:30:00Z,1.01,32.3,0.3,0.0174,66.1,116.0,67.7,68.0,31.4,19.5,332.0,0.3
2025-04-05T23:30:00Z,1.0,38.8,0.867,0.0213,57.6,123.0,75.0,68.7,28.2,18.9,324.0,0.3
2025-04-06T00:30:00Z,1.1,53.3,2.1,0.0301,51.7,135.0,81.8,66.8,35.5,19.7,265.0,0.2
2025-04-06T01:30:00Z,1.37,68.3,5.45,0.0407,63.1,152.0,85.5,53.5,28.0,23.7,130.0,0.35
2025-04-06T02:30:00Z,1.03,44.8,3.03,0.0263,106.0,131.0,70.5,42.3,23.4,26.0,235.0,0.475
2025-04-06T03:30:00Z,1.03,49.3,1.33,0.0273,143.0,110.0,59.5,38.8,20.4,27.9,280.0,0.45
2025-04-06T04:30:00Z,0.88,38.9,0.925,0.0215,154.0,113.0,60.8,35.5,15.9,30.6,168.0,0.525
2025-04-06T05:30:00Z,0.78,25.4,1.38,0.0146,130.0,83.3,44.3,32.5,19.9,32.1,339.0,0.725
2025-04-06T06:30:00Z,0.783,24.5,0.95,0.0138,119.0,57.0,24.0,29.8,10.2,32.7,329.0,0.75
2025-04-06T07:30:00Z,0.735,24.1,1.73,0.0142,117.0,49.3,26.3,27.5,9.1,33.5,250.0,0.875
2025-04-06T08:30:00Z,0.71,22.2,1.7,0.0132,120.0,39.0,25.8,28.5,8.78,33.4,327.0,1.0
2025-04-06T09:30:00Z,0.708,21.2,1.48,0.0124,125.0,35.0,18.5,27.3,8.9,33.7,335.0,0.875
2025-04-06T10:30:00Z,0.76,20.4,1.18,0.0118,144.0,37.8,19.5,30.5,9.4,33.8,336.0,0.725
2025-04-06T11:30:00Z,0.98,28.0,1.83,0.0164,135.0,58.5,22.0,36.5,10.7,32.8,342.0,0.325
2025-04-06T12:30:00Z,1.27,60.5,0.975,0.033,98.3,85.0,30.8,45.0,12.9,29.9,307.0,0.2
2025-04-06T13:30:00Z,1.49,104.0,1.28,0.0564,59.1,111.0,46.3,51.8,14.6,28.0,299.0,0.2
2025-04-06T14:30:00Z,2.11,163.0,40.2,0.12,17.5,139.0,60.3,57.3,17.4,26.4,181.0,0.1
2025-04-06T15:30:00Z,2.1,177.0,20.0,0.111,4.53,161.0,69.7,60.3,29.6,25.1,317.0,0.167
2025-04-06T16:30:00Z,2.01,158.0,10.2,0.0923,11.7,171.0,75.8,61.5,30.7,24.2,247.0,0.15
2025-04-06T17:30:00Z,2.0,136.0,3.1,0.0749,10.6,161.0,73.0,63.5,23.4,23.6,344.0,0.2
2025-04-06T18:30:00Z,1.37,130.0,15.6,0.0819,,128.0,66.0,64.5,22.3,23.0,76.5,0.35
2025-04-06T19:30:00Z,1.24,117.0,10.7,0.0707,9.25,130.0,66.7,64.7,23.0,22.9,155.0,0.233
2025-04-06T20:30:00Z,1.21,95.2,5.6,0.0552,12.7,135.0,68.0,64.0,26.9,22.9,98.0,0.2
2025-04-06T22:30:00Z,0.71,58.1,1.95,0.0325,47.1,57.0,39.5,61.0,13.4,21.8,193.0,0.15
2025-04-06T23:30:00Z,0.973,126.0,77.2,0.13,4.9,63.3,39.3,62.0,11.7,21.4,170.0,0.233
2025-04-07T00:30:00Z,0.9,91.8,7.8,0.0551,53.7,107.0,47.5,50.0,10.2,25.1,145.0,0.2
2025-04-07T01:30:00Z,0.928,75.2,7.2,0.0459,76.8,102.0,44.8,46.3,12.2,26.6,177.0,0.375
2025-04-07T02:30:00Z,0.883,62.4,4.07,0.0365,116.0,117.0,54.0,41.7,25.3,28.3,187.0,0.767
2025-04-07T03:30:00Z,0.79,43.8,2.53,0.0253,144.0,147.0,61.5,38.0,27.1,30.0,193.0,1.23
2025-04-07T04:30:00Z,0.718,37.4,2.6,0.022,140.0,170.0,59.5,35.8,28.0,31.8,192.0,0.8
2025-04-07T05:30:00Z,0.847,35.5,2.1,0.0206,155.0,152.0,56.0,33.3,28.9,32.8,241.0,0.8
2025-04-07T06:30:00Z,1.0,37.7,2.55,0.0221,142.0,114.0,56.0,31.0,21.5,33.5,234.0,0.775
2025-04-07T07:30:00Z,1.0,39.2,2.9,0.0232,152.0,110.0,57.5,29.5,16.7,33.9,207.0,0.7
2025-04-07T08:30:00Z,0.92,33.3,2.0,0.0193,162.0,102.0,54.3,29.8,14.3,33.5,258.0,0.625
2025-04-07T09:30:00Z,0.883,31.2,2.2,0.0184,164.0,87.0,47.5,29.8,14.3,33.9,256.0,0.55
2025-04-07T10:30:00Z,1.03,52.1,2.1,0.0294,172.0,79.0,44.8,31.8,15.2,34.2,211.0,0.275
2025-04-07T11:30:00Z,1.62,177.0,5.15,0.0981,82.9,86.0,46.5,35.0,15.8,33.3,225.0,0.2
2025-04-07T12:30:00Z,2.65,278.0,80.3,0.213,8.03,143.0,57.3,45.3,17.1,29.9,306.0,0.125
2025-04-07T13:30:00Z,4.23,291.0,251.0,0.358,2.48,205.0,78.5,54.3,18.8,27.8,241.0,0.125
2025-04-07T14:30:00Z,4.44,288.0,335.0,0.425,2.13,280.0,102.0,56.3,20.4,26.9,44.3,0.15
2025-04-07T15:30:00Z,2.6,203.0,41.0,0.141,22.0,306.0,107.0,49.5,18.6,27.0,99.8,0.275
2025-04-07T16:30:00Z,1.37,83.0,3.43,0.0469,104.0,226.0,88.3,44.5,17.1,27.4,112.0,0.45
2025-04-07T17:30:00Z,1.09,45.5,2.47,0.0262,137.0,160.0,73.7,44.0,17.0,27.1,111.0,0.5
2025-04-07T18:30:00Z,1.03,31.6,2.65,0.019,,106.0,56.5,45.5,16.0,26.7,117.0,0.3
2025-04-07T19:30:00Z,1.01,34.6,1.93,0.02,145.0,99.5,54.5,46.5,15.8,26.2,106.0,0.25
2025-04-07T20:30:00Z,0.935,25.6,1.95,0.0152,151.0,98.8,52.0,45.8,15.2,26.4,110.0,0.375
2025-04-07T21:30:00Z,0.93,25.0,1.3,0.0144,147.0,90.0,51.5,46.3,14.5,26.1,117.0,0.4
2025-04-07T22:30:00Z,0.943,31.2,1.83,0.0181,140.0,81.3,52.5,47.5,14.5,25.6,129.0,0.325
2025-04-07T23:30:00Z,0.985,51.0,1.4,0.0283,120.0,90.0,54.5,48.0,14.0,25.1,154.0,0.3
2025-04-08T00:30:00Z,1.1,70.0,2.35,0.0391,124.0,108.0,58.0,46.3,14.9,26.8,154.0,0.325
2025-04-08T01:30:00Z,1.13,43.7,2.73,0.0255,148.0,145.0,67.8,44.3,15.9,27.7,175.0,1.05
2025-04-08T02:30:00Z,1.08,33.1,1.88,0.0191,153.0,169.0,70.8,42.3,15.9,29.3,177.0,1.4
2025-04-08T03:30:00Z,1.01,34.2,2.57,0.0202,151.0,185.0,65.7,41.0,16.5,30.5,172.0,1.5
2025-04-08T04:30:00Z,1.07,29.9,1.95,0.0175,153.0,214.0,68.0,40.0,18.1,31.6,182.0,1.55
2025-04-08T05:30:00Z,1.06,28.3,2.0,0.0167,159.0,215.0,69.0,40.0,17.1,32.3,195.0,1.15
2025-04-08T06:30:00Z,1.09,30.2,2.2,0.0179,149.0,153.0,48.0,40.0,17.0,32.6,181.0,1.2
2025-04-08T07:30:00Z,1.12,37.1,2.4,0.0217,137.0,122.0,49.0,38.0,17.7,33.3,204.0,1.1
2025-04-08T09:30:00Z,1.1,36.8,3.33,0.0222,163.0,150.0,47.3,36.0,19.4,34.0,219.0,0.7
2025-04-08T10:30:00Z,1.18,39.8,2.33,0.0231,189.0,109.0,48.5,38.3,23.3,34.3,187.0,0.675
2025-04-08T11:30:00Z,1.45,65.9,1.8,0.0365,174.0,120.0,50.5,39.8,27.3,34.1,190.0,0.4
2025-04-08T12:30:00Z,1.89,143.0,2.13,0.078,102.0,130.0,54.3,45.3,27.8,32.4,254.0,0.2
2025-04-08T13:30:00Z,3.01,255.0,114.0,0.228,16.0,156.0,64.8,52.8,24.3,30.0,269.0,0.1
2025-04-08T14:30:00Z,2.61,221.0,66.3,0.172,24.0,183.0,75.0,53.8,22.0,29.4,167.0,0.2
2025-04-08T15:30:00Z,1.49,87.7,2.65,0.0488,95.4,162.0,71.3,48.8,17.6,29.4,123.0,0.5
2025-04-08T16:30:00Z,1.26,56.0,2.65,0.0319,113.0,109.0,56.3,49.3,15.8,28.6,117.0,0.4
2025-04-08T17:30:00Z,1.12,39.6,2.2,0.0228,123.0,96.3,48.3,49.0,15.2,28.2,114.0,0.567
2025-04-08T18:30:00Z,1.04,29.2,1.9,0.0171,,77.0,43.0,49.0,16.1,27.6,109.0,0.35
2025-04-08T19:30:00Z,1.01,29.1,1.68,0.0168,135.0,75.5,42.0,51.5,16.2,26.9,107.0,0.175
2025-04-08T20:30:00Z,1.1,44.5,2.03,0.0253,110.0,80.5,42.5,55.0,16.6,25.9,150.0,0.125
2025-04-08T21:30:00Z,0.955,31.9,2.28,0.0188,122.0,87.8,45.8,52.5,15.8,26.5,112.0,0.325
2025-04-08T22:30:00Z,0.863,31.8,1.65,0.0183,122.0,79.0,46.5,52.0,15.1,26.5,123.0,0.3
2025-04-08T23:30:00Z,0.9,62.7,2.4,0.0353,94.2,67.0,45.0,53.5,14.6,26.1,116.0,0.25
2025-04-11T14:30:00Z,0.96,69.9,5.68,0.0418,62.0,80.3,19.0,45.8,27.9,26.6,156.0,0.675
2025-04-11T15:30:00Z,0.848,40.1,3.08,0.0239,85.0,63.8,19.0,47.0,13.5,26.3,171.0,0.85
2025-04-11T16:30:00Z,0.735,27.2,1.78,0.0159,96.6,61.3,17.3,49.3,12.9,25.8,167.0,0.825
2025-04-11T17:30:00Z,0.76,21.6,1.77,0.0129,99.1,50.7,14.0,53.3,13.0,25.0,166.0,1.1
2025-04-11T18:30:00Z,0.945,16.3,1.4,0.00985,,45.0,21.5,61.5,14.8,24.2,181.0,0.75
2025-04-11T19:30:00Z,0.938,16.1,1.7,0.0099,102.0,43.5,21.5,60.0,10.9,24.4,124.0,0.625
2025-04-11T20:30:00Z,0.925,17.8,1.88,0.011,89.7,38.5,19.5,59.8,17.3,23.8,85.5,0.5
2025-04-11T21:30:00Z,0.868,19.9,1.75,0.012,84.5,35.5,19.0,59.8,19.6,23.3,106.0,0.25
2025-04-11T22:30:00Z,0.833,23.2,1.73,0.0138,70.0,36.0,20.0,63.3,17.3,22.8,205.0,0.225
2025-04-11T23:30:00Z,0.86,32.4,1.53,0.0185,52.2,39.8,21.0,66.3,15.6,22.3,240.0,0.35
2025-04-12T00:30:00Z,0.963,56.1,4.13,0.0332,44.1,51.0,24.0,64.7,15.8,22.6,71.3,0.3
2025-04-12T01:30:00Z,1.17,51.1,4.28,0.0307,54.6,60.3,27.0,63.3,16.4,23.6,175.0,0.275
2025-04-12T02:30:00Z,1.29,56.3,5.35,0.0343,68.0,73.3,35.8,63.0,24.1,23.6,252.0,0.5
2025-04-12T03:30:00Z,1.05,41.3,3.68,0.025,83.6,76.8,38.5,52.5,16.7,25.9,220.0,0.5
2025-04-12T04:30:00Z,0.903,31.7,3.1,0.0194,104.0,54.8,26.8,46.0,13.6,27.7,235.0,0.6
2025-04-12T05:30:00Z,0.847,31.2,2.88,0.0189,123.0,42.8,22.8,43.8,18.1,28.2,239.0,0.65
2025-04-12T06:30:00Z,0.808,30.8,3.33,0.0191,116.0,46.3,24.5,45.5,13.9,28.4,244.0,0.45
2025-04-12T07:30:00Z,0.77,32.1,2.7,0.0193,107.0,40.8,22.0,41.5,10.4,29.3,218.0,0.85
2025-04-12T08:30:00Z,0.935,55.0,6.68,0.0347,79.5,52.3,23.5,61.0,8.08,23.6,124.0,1.0
2025-04-12T09:30:00Z,1.13,72.0,12.3,0.0483,52.6,58.7,23.3,72.7,8.6,21.1,86.0,0.6
2025-04-12T10:30:00Z,1.05,66.4,9.58,0.0431,63.1,37.8,17.0,67.5,9.35,22.2,91.0,0.775
2025-04-12T11:30:00Z,1.12,54.2,5.68,0.0334,67.3,29.0,12.5,78.3,13.7,19.5,119.0,1.0
2025-04-12T12:30:00Z,1.15,55.5,5.45,0.0339,66.3,22.3,10.5,74.3,14.6,20.5,127.0,1.03
2025-04-12T13:30:00Z,1.21,67.4,7.68,0.0421,55.3,17.0,11.0,69.5,15.7,21.2,125.0,0.7
2025-04-12T14:30:00Z,1.2,81.0,11.7,0.0526,38.3,24.8,12.5,69.0,15.0,20.9,138.0,0.375
2025-04-12T15:30:00Z,1.14,80.7,9.43,0.0506,35.3,32.0,12.5,68.8,13.6,20.8,106.0,0.25
2025-04-12T16:30:00Z,1.11,99.4,18.7,0.0681,16.1,34.5,12.0,70.3,13.5,20.2,81.0,0.2
2025-04-12T17:30:00Z,0.99,74.6,15.8,0.0525,31.1,42.0,13.0,69.3,12.0,20.5,156.0,0.267
2025-04-12T18:30:00Z,1.02,92.1,22.0,0.0669,,28.0,11.0,71.0,8.75,19.5,45.0,0.15
2025-04-12T19:30:00Z,0.935,83.0,5.35,0.0485,22.1,32.8,11.0,69.5,6.93,19.7,55.3,0.125
2025-04-12T20:30:00Z,0.913,74.6,4.48,0.0433,25.7,38.0,14.0,70.3,5.85,19.3,106.0,0.125
2025-04-12T21:30:00Z,0.8,43.5,2.5,0.0252,49.6,32.5,13.5,69.0,6.18,19.5,176.0,0.15
2025-04-12T22:30:00Z,0.868,66.1,22.2,0.0532,23.2,25.0,10.0,72.3,5.63,18.6,206.0,0.175
2025-04-12T23:30:00Z,1.05,91.6,60.4,0.0978,4.28,41.0,16.0,73.5,7.3,18.5,103.0,0.175
2025-04-13T00:30:00Z,0.878,77.9,45.7,0.0786,13.2,56.3,21.0,69.8,5.6,20.2,112.0,0.25
2025-04-13T01:30:00Z,0.898,49.6,8.18,0.033,49.3,44.8,18.0,59.5,6.3,23.1,120.0,0.4
2025-04-13T02:30:00Z,0.963,36.8,4.25,0.023,73.4,37.0,16.0,51.0,7.58,25.9,176.0,0.375
2025-04-13T03:30:00Z,0.863,37.2,2.55,0.0218,103.0,33.3,15.5,45.8,8.68,27.2,281.0,0.475
2025-04-13T04:30:00Z,0.76,27.6,1.6,0.016,133.0,33.8,17.8,43.3,19.4,28.4,334.0,0.725
2025-04-13T05:30:00Z,0.783,22.7,1.95,0.0137,139.0,36.0,21.5,43.5,18.8,29.0,324.0,1.08
2025-04-13T06:30:00Z,0.73,24.1,2.5,0.0149,130.0,34.0,19.5,38.8,18.7,30.2,342.0,0.8
2025-04-13T07:30:00Z,0.713,24.0,2.95,0.0152,130.0,30.5,18.0,37.5,16.1,30.7,334.0,0.9
2025-04-13T08:30:00Z,0.698,23.0,2.1,0.014,133.0,27.5,17.3,37.3,18.1,30.9,320.0,0.875
2025-04-13T09:30:00Z,0.74,23.0,1.43,0.0134,136.0,28.3,15.7,35.7,16.2,31.6,340.0,0.6
2025-04-13T10:30:00Z,0.823,17.0,2.2,0.0109,149.0,28.5,16.5,37.0,16.9,32.1,344.0,0.65
2025-04-13T11:30:00Z,0.91,24.2,1.93,0.0145,147.0,28.5,18.0,41.0,20.1,31.5,259.0,0.4
2025-04-13T12:30:00Z,1.13,50.9,1.75,0.0285,111.0,35.8,20.5,46.8,20.6,29.3,315.0,0.225
2025-04-13T13:30:00Z,1.63,111.0,4.88,0.063,43.4,58.0,32.3,54.0,19.5,27.0,308.0,0.1
2025-04-13T14:30:00Z,2.17,170.0,55.9,0.136,4.1,86.5,50.3,59.5,23.7,25.5,324.0,0.1
2025-04-13T15:30:00Z,1.44,118.0,4.85,0.067,27.7,97.8,49.8,60.0,22.6,24.9,313.0,0.15
2025-04-13T16:30:00Z,1.62,117.0,7.08,0.068,17.7,84.8,39.5,65.0,23.2,23.9,329.0,0.15
2025-04-13T17:30:00Z,1.65,131.0,41.9,0.104,2.73,83.0,40.0,68.0,23.0,23.2,52.7,0.133
2025-04-13T18:30:00Z,1.09,105.0,8.7,0.0628,,99.0,45.0,69.0,15.5,22.6,66.0,0.1
2025-04-13T19:30:00Z,0.845,75.5,3.6,0.0431,35.3,86.8,42.8,68.8,12.1,22.6,83.8,0.175
2025-04-13T20:30:00Z,0.585,37.2,2.48,0.0218,69.4,60.8,34.8,64.8,9.5,23.1,122.0,0.25
2025-04-13T21:30:00Z,0.683,78.4,4.35,0.0452,23.1,43.3,26.5,68.5,7.38,21.8,133.0,0.15
2025-04-13T22:30:00Z,0.665,73.4,4.7,0.0428,18.7,40.5,23.5,71.0,6.85,20.9,165.0,0.1
2025-04-13T23:30:00Z,0.603,52.4,2.33,0.0298,39.5,51.8,31.3,66.5,32.4,22.4,181.0,0.725
2025-04-14T00:30:00Z,0.46,26.2,1.85,0.0154,87.6,65.8,39.5,60.8,22.5,23.4,180.0,0.975
2025-04-14T01:30:00Z,0.535,21.8,2.3,0.0134,111.0,65.8,33.5,57.8,19.5,24.1,178.0,1.35
2025-04-14T02:30:00Z,0.585,22.0,1.8,0.0132,122.0,65.3,26.5,52.5,18.1,25.6,170.0,1.4
2025-04-14T03:30:00Z,0.57,25.1,2.4,0.0153,125.0,70.5,23.3,48.8,13.6,26.9,171.0,1.38
2025-04-14T04:30:00Z,0.57,24.3,2.33,0.0148,122.0,66.3,23.0,47.3,11.6,28.1,184.0,1.28
2025-04-14T05:30:00Z,0.783,25.3,3.15,0.016,126.0,62.5,26.5,44.5,15.2,29.5,186.0,1.05
2025-04-14T06:30:00Z,0.84,29.0,3.15,0.018,100.0,64.5,27.0,42.0,11.5,30.7,207.0,0.9
2025-04-14T21:30:00Z,0.863,32.9,1.9,0.0191,96.4,47.0,26.7,60.0,10.0,25.3,118.0,0.4
2025-04-14T22:30:00Z,0.81,30.1,1.67,0.0173,101.0,47.3,27.0,60.7,7.8,25.2,155.0,0.3
2025-04-14T23:30:00Z,0.848,45.4,2.08,0.0258,84.2,49.5,28.0,60.3,8.45,25.3,145.0,0.275
2025-04-15T00:30:00Z,1.19,62.2,3.38,0.0358,68.9,60.8,34.8,60.0,10.0,25.6,155.0,0.3
2025-04-15T01:30:00Z,1.48,93.5,5.93,0.0546,63.6,83.5,44.0,58.5,11.9,26.7,163.0,0.375
2025-04-15T02:30:00Z,1.24,51.0,3.55,0.03,108.0,106.0,46.0,55.3,24.0,27.5,185.0,0.65
2025-04-15T03:30:00Z,1.19,41.7,3.05,0.0246,120.0,114.0,45.0,52.3,24.1,27.9,172.0,0.875
2025-04-15T04:30:00Z,1.02,35.1,2.48,0.0207,130.0,104.0,41.0,48.8,19.3,28.9,179.0,0.9
2025-04-15T05:30:00Z,0.883,31.2,2.63,0.0187,135.0,84.5,35.3,45.0,11.5,29.9,180.0,1.03
2025-04-15T06:30:00Z,0.77,30.7,3.15,0.0189,129.0,73.5,28.0,42.8,5.68,30.7,180.0,0.8
2025-04-15T07:30:00Z,0.788,31.9,3.1,0.0195,120.0,70.5,26.0,40.5,5.85,31.7,187.0,0.65
2025-04-15T08:30:00Z,0.793,30.2,3.53,0.0189,121.0,72.8,27.0,39.5,6.68,32.0,231.0,0.6
2025-04-15T09:30:00Z,0.855,26.0,2.85,0.0162,146.0,74.0,29.0,39.3,8.68,32.4,285.0,0.525
2025-04-15T10:30:00Z,0.9,20.2,2.05,0.0125,182.0,73.5,30.5,41.0,8.18,32.9,314.0,0.475
2025-04-15T11:30:00Z,0.93,26.2,1.43,0.0151,185.0,76.3,31.0,44.0,9.17,32.6,266.0,0.2
2025-04-16T02:30:00Z,1.29,48.3,2.7,0.0279,124.0,102.0,49.0,49.0,13.9,29.3,182.0,0.8
2025-04-16T03:30:00Z,1.19,33.1,2.15,0.0194,128.0,110.0,45.3,47.3,19.8,29.7,175.0,0.8
2025-04-16T04:30:00Z,1.09,30.0,2.4,0.0179,129.0,109.0,39.5,45.3,18.3,30.7,178.0,0.825
2025-04-16T05:30:00Z,0.943,30.2,2.43,0.0181,132.0,91.8,36.5,43.5,22.8,31.6,186.0,0.725
2025-04-16T06:30:00Z,0.813,29.3,3.23,0.0182,124.0,86.0,33.5,40.8,14.8,32.4,265.0,0.65
2025-04-16T07:30:00Z,0.853,25.6,3.23,0.0162,119.0,84.3,32.5,40.0,13.6,32.7,258.0,0.625
2025-04-16T08:30:00Z,0.87,28.4,3.25,0.0178,123.0,82.0,36.0,39.5,14.3,32.9,222.0,0.625
2025-04-16T09:30:00Z,0.918,25.1,2.65,0.0155,151.0,82.5,39.5,39.8,16.0,33.4,271.0,0.575
2025-04-16T10:30:00Z,1.04,25.6,2.1,0.0153,196.0,86.0,39.0,41.5,17.9,34.3,232.0,0.35
2025-04-16T11:30:00Z,1.28,49.5,2.18,0.0281,188.0,103.0,43.3,43.8,20.5,33.9,176.0,0.425
2025-04-16T12:30:00Z,1.76,130.0,2.47,0.0714,99.0,121.0,52.0,48.0,38.8,32.5,180.0,0.367
2025-04-16T13:30:00Z,1.92,133.0,2.75,0.0731,84.4,135.0,58.3,49.3,28.2,31.7,174.0,0.425
2025-04-16T16:30:00Z,0.85,18.4,2.8,0.0121,128.0,124.0,48.0,54.0,14.5,28.8,32.0,1.8
2025-04-16T17:30:00Z,0.86,18.8,2.0,0.0116,90.6,222.0,51.0,77.3,11.3,21.2,92.0,0.967
2025-04-16T18:30:00Z,0.705,12.6,1.95,0.00835,,41.0,10.0,59.0,9.55,25.1,114.0,1.25
2025-04-16T19:30:00Z,0.78,11.8,2.1,0.00795,102.0,27.0,8.0,64.5,9.53,23.6,102.0,0.775
2025-04-16T20:30:00Z,0.835,13.8,1.83,0.00883,89.9,25.0,8.75,72.8,10.6,22.2,184.0,0.875
2025-04-16T21:30:00Z,0.8,17.1,2.1,0.0108,85.0,19.8,9.5,67.5,12.0,23.4,134.0,0.475
2025-04-16T22:30:00Z,0.798,24.9,1.18,0.0142,54.3,14.0,8.5,73.0,10.2,21.9,249.0,0.275
2025-04-16T23:30:00Z,0.863,53.4,7.45,0.0344,30.9,16.5,10.5,75.5,11.0,21.6,149.0,0.275
2025-04-17T00:30:00Z,1.03,65.9,7.85,0.0415,23.0,35.5,17.3,74.8,15.2,22.1,197.0,0.275
2025-04-17T01:30:00Z,0.993,47.5,6.7,0.0307,53.0,51.5,26.0,67.3,23.5,23.1,186.0,0.5
2025-04-17T02:30:00Z,1.02,36.8,4.13,0.0229,74.7,44.8,24.3,59.8,21.5,25.0,188.0,0.525
2025-04-17T03:30:00Z,0.998,37.6,3.53,0.0229,79.4,34.3,16.5,52.3,15.3,27.6,206.0,0.475
2025-04-17T04:30:00Z,0.883,37.0,3.15,0.0223,,39.0,14.5,47.5,15.9,29.3,182.0,0.55
2025-04-17T05:30:00Z,0.81,37.0,2.5,0.0217,102.0,48.0,14.0,46.5,18.4,30.5,229.0,0.5
2025-04-17T06:30:00Z,0.8,37.9,4.85,0.0241,95.7,43.0,25.0,36.5,11.7,32.3,176.0,0.7
2025-04-17T07:30:00Z,0.72,33.4,4.78,0.0217,108.0,41.5,21.5,35.8,9.98,33.1,257.0,0.625
2025-04-17T08:30:00Z,0.73,38.1,3.85,0.0234,119.0,37.0,20.5,35.5,9.85,33.6,120.0,0.65
2025-04-17T09:30:00Z,0.758,34.5,3.28,0.021,135.0,39.3,22.5,36.0,11.4,34.0,97.3,0.7
2025-04-17T10:30:00Z,0.787,26.8,1.6,0.0156,160.0,47.0,23.7,37.0,11.3,34.4,125.0,0.767
2025-04-17T11:30:00Z,0.983,33.2,1.8,0.0191,158.0,60.3,28.8,43.5,12.2,33.3,123.0,0.5
2025-04-17T12:30:00Z,1.37,56.1,2.1,0.0316,120.0,90.3,36.3,50.3,13.4,31.0,338.0,0.2
2025-04-17T13:30:00Z,1.49,90.1,2.5,0.05,80.4,107.0,46.8,54.5,14.3,29.5,314.0,0.225
2025-04-17T14:30:00Z,2.04,149.0,13.4,0.0901,25.9,104.0,54.0,61.3,19.1,27.6,252.0,0.15
2025-04-17T15:30:00Z,2.42,167.0,49.2,0.129,4.0,106.0,53.5,67.5,14.3,26.0,252.0,0.1
2025-04-17T16:30:00Z,2.38,140.0,47.9,0.114,2.93,688.0,53.8,70.7,12.1,25.1,140.0,0.1
2025-04-17T17:30:00Z,1.76,118.0,31.0,0.088,3.17,743.0,56.7,72.0,12.7,24.4,89.7,0.167
2025-04-17T18:30:00Z,0.44,39.0,2.65,0.0229,,91.5,44.5,61.5,14.6,25.9,142.0,0.35
2025-04-17T19:30:00Z,0.565,49.6,2.0,0.028,51.0,67.3,36.8,65.0,12.2,24.6,132.0,0.175
2025-04-17T20:30:00Z,0.693,69.1,2.93,0.0392,33.6,52.8,31.3,70.0,13.5,23.7,98.0,0.25
2025-04-17T21:30:00Z,0.495,40.6,2.3,0.0235,75.5,55.8,32.8,64.0,12.5,25.1,158.0,0.375
2025-04-17T22:30:00Z,0.375,28.3,1.68,0.0164,92.3,45.3,27.3,62.8,10.1,25.1,180.0,0.4
2025-04-17T23:30:00Z,0.398,19.6,1.3,0.0115,119.0,44.8,26.3,64.5,11.2,25.9,196.0,0.75
2025-04-18T00:30:00Z,0.475,22.0,1.73,0.0131,115.0,60.0,31.0,64.5,12.0,26.1,189.0,0.8
2025-04-18T01:30:00Z,0.515,22.7,1.98,0.0137,126.0,68.5,32.0,61.5,12.0,26.7,191.0,1.03
2025-04-18T02:30:00Z,0.543,24.2,2.0,0.0145,129.0,70.0,32.0,57.0,13.6,28.0,194.0,1.33
2025-04-18T03:30:00Z,0.558,25.1,2.35,0.0153,134.0,79.3,33.5,54.0,14.7,29.3,203.0,1.4
2025-04-18T04:30:00Z,0.553,25.4,1.78,0.015,136.0,85.0,36.0,51.8,14.1,30.3,203.0,1.2
2025-04-18T05:30:00Z,0.803,26.6,2.08,0.0158,137.0,83.0,36.5,49.8,14.1,31.3,202.0,1.2
2025-04-18T06:30:00Z,0.928,29.8,2.48,0.0179,128.0,82.0,36.5,46.8,10.7,32.1,198.0,1.13
2025-04-18T07:30:00Z,0.9,31.2,2.73,0.0188,123.0,74.3,35.3,43.3,10.5,33.5,217.0,0.725
2025-04-18T08:30:00Z,0.86,31.4,2.6,0.0188,134.0,69.5,33.0,40.3,11.6,34.1,284.0,0.7
2025-04-18T09:30:00Z,0.805,28.5,2.5,0.0172,151.0,73.5,33.5,39.0,11.3,34.6,310.0,0.575
2025-04-18T10:30:00Z,0.898,27.5,1.88,0.0161,159.0,72.0,33.5,44.3,13.7,34.3,342.0,0.3
2025-04-18T11:30:00Z,1.19,58.5,1.58,0.0324,122.0,73.5,35.5,47.5,13.4,33.0,260.0,0.575
2025-04-18T12:30:00Z,0.948,42.3,2.65,0.0247,93.2,93.8,38.0,56.3,9.73,27.6,84.0,1.05
2025-04-18T13:30:00Z,1.02,70.3,7.15,0.0432,56.1,70.8,25.3,46.5,8.65,29.5,162.0,1.08
2025-04-18T14:30:00Z,0.893,54.9,4.83,0.0331,62.5,30.8,14.0,48.5,10.5,28.5,192.0,0.775
2025-04-18T15:30:00Z,0.75,41.3,2.7,0.0242,68.8,39.8,16.5,52.0,15.8,27.6,156.0,0.85
2025-04-18T16:30:00Z,0.618,25.9,2.25,0.0156,85.2,37.8,15.5,47.0,9.7,28.5,240.0,1.03
2025-04-18T17:30:00Z,0.75,32.7,2.5,0.0194,67.9,37.0,15.3,50.0,17.4,27.9,161.0,0.667
2025-04-18T18:30:00Z,0.84,21.3,2.0,0.013,,46.5,16.0,44.0,13.4,28.9,249.0,0.65
2025-04-18T19:30:00Z,0.913,32.1,2.0,0.0187,72.3,37.7,16.0,46.3,14.0,28.3,182.0,0.567
2025-04-18T20:30:00Z,0.958,26.8,1.85,0.0158,77.6,33.0,15.5,46.0,15.7,28.5,151.0,0.625
2025-04-18T21:30:00Z,0.903,26.6,2.07,0.0158,80.0,31.3,14.0,45.0,12.5,28.7,154.0,0.767
2025-04-18T22:30:00Z,0.94,24.4,1.7,0.0144,71.0,28.0,15.0,52.3,19.9,26.8,275.0,0.5
2025-04-18T23:30:00Z,1.0,24.2,1.68,0.0142,61.5,35.3,21.0,60.3,19.0,25.4,191.0,0.625
2025-04-19T00:30:00Z,1.04,26.6,2.25,0.016,64.9,48.8,24.5,59.8,19.0,25.6,197.0,0.675
2025-04-19T01:30:00Z,1.07,26.6,3.2,0.0167,79.1,57.0,26.7,55.7,21.6,26.2,197.0,1.0
2025-04-19T02:30:00Z,1.1,22.6,2.53,0.0141,99.8,57.8,27.0,52.3,18.2,27.5,199.0,1.48
2025-04-19T03:30:00Z,1.14,27.9,3.08,0.0173,106.0,56.3,24.5,51.5,17.9,29.0,194.0,1.83
2025-04-19T04:30:00Z,1.19,28.7,4.1,0.0186,112.0,63.8,28.0,54.3,17.0,29.7,187.0,2.03
2025-04-19T05:30:00Z,,31.2,3.0,0.019,111.0,74.5,34.8,53.5,,30.7,198.0,1.88
2025-04-19T06:30:00Z,2.14,28.8,9.2,0.0228,98.8,76.0,36.5,50.8,91.2,31.4,198.0,1.45
2025-04-19T07:30:00Z,,,,,103.0,70.5,34.5,50.5,,31.5,201.0,1.55
2025-04-19T08:30:00Z,,,,,107.0,87.8,33.3,48.5,,32.0,199.0,1.33
2025-04-19T09:30:00Z,0.775,27.4,2.35,0.0165,121.0,108.0,31.0,49.0,11.3,32.2,212.0,1.15
2025-04-19T10:30:00Z,1.04,28.1,1.9,0.0165,140.0,72.5,32.0,51.0,14.8,33.1,192.0,1.45
2025-04-19T11:30:00Z,1.17,34.4,2.23,0.0201,134.0,75.5,32.0,53.5,14.9,32.8,193.0,1.03
2025-04-19T12:30:00Z,1.27,43.1,2.25,0.0248,121.0,79.0,32.5,58.3,15.1,31.8,193.0,0.8
2025-04-19T13:30:00Z,1.32,44.8,2.05,0.0255,113.0,86.3,35.5,60.0,19.7,30.9,199.0,0.9
2025-04-19T14:30:00Z,1.21,30.2,2.28,0.0179,104.0,92.8,38.0,62.0,16.1,30.0,203.0,1.15
2025-04-19T15:30:00Z,1.17,27.2,2.05,0.0161,75.5,96.8,36.0,65.3,12.0,29.0,204.0,1.2
2025-04-19T16:30:00Z,1.11,25.6,2.05,0.0153,78.2,101.0,35.5,66.0,13.8,28.3,195.0,1.28
2025-04-19T17:30:00Z,1.05,20.4,2.1,0.0126,87.5,98.0,37.0,65.5,15.5,28.2,192.0,1.15
2025-04-19T18:30:00Z,0.8,14.1,1.25,0.00855,,53.5,24.0,63.0,16.7,28.7,193.0,1.2
2025-04-19T19:30:00Z,0.813,12.6,2.05,0.00838,115.0,49.5,25.0,63.3,14.2,28.5,192.0,1.1
2025-04-19T20:30:00Z,0.79,12.0,1.53,0.00758,109.0,43.0,23.5,64.3,14.6,28.2,197.0,1.18
2025-04-19T21:30:00Z,0.775,10.9,1.83,0.00728,104.0,44.0,22.5,65.0,17.3,28.0,186.0,1.28
2025-04-19T22:30:00Z,0.808,9.38,1.93,0.00655,98.5,40.8,22.0,65.0,10.8,27.4,194.0,0.975
2025-04-19T23:30:00Z,0.818,11.9,1.8,0.00778,89.7,33.0,20.0,65.0,10.6,27.0,198.0,0.875
2025-04-20T00:30:00Z,0.885,17.7,1.6,0.0107,87.4,40.3,23.5,64.3,12.7,27.3,204.0,0.925
2025-04-20T01:30:00Z,0.898,17.3,2.05,0.0109,86.8,54.8,29.0,62.3,14.9,27.8,201.0,1.2
2025-04-20T02:30:00Z,0.923,18.0,2.5,0.0116,93.2,65.3,31.7,59.0,15.6,28.2,197.0,1.33
2025-04-20T03:30:00Z,0.9,19.0,1.85,0.0116,95.2,73.0,29.5,56.0,12.0,29.3,209.0,1.38
2025-04-20T04:30:00Z,0.87,20.4,2.08,0.0125,103.0,75.5,28.0,52.0,11.1,30.7,198.0,1.6
2025-04-20T05:30:00Z,0.837,21.5,2.43,0.0134,109.0,74.8,29.0,50.0,10.5,31.5,205.0,1.58
2025-04-20T06:30:00Z,0.887,22.2,2.25,0.0137,109.0,74.5,28.0,49.0,9.6,31.9,202.0,1.55
2025-04-20T07:30:00Z,0.91,21.1,2.2,0.013,114.0,74.5,28.0,48.3,9.1,32.8,205.0,1.08
2025-04-20T08:30:00Z,0.893,21.5,2.15,0.0132,118.0,73.8,29.3,44.8,9.93,33.7,217.0,0.9
2025-04-20T09:30:00Z,0.89,21.7,2.2,0.0134,129.0,81.0,31.5,44.0,10.5,34.1,198.0,0.85
2025-04-20T10:30:00Z,0.963,26.2,2.38,0.0159,142.0,88.0,33.0,46.5,14.6,34.0,196.0,0.9
2025-04-20T11:30:00Z,0.98,29.1,1.78,0.0169,143.0,90.0,35.0,47.8,16.3,34.0,203.0,0.875
2025-04-20T12:30:00Z,0.935,31.5,2.1,0.0185,129.0,91.5,37.0,48.3,19.7,33.1,200.0,0.725
2025-04-20T13:30:00Z,1.12,64.6,3.35,0.0371,92.8,98.3,39.0,48.8,19.3,32.3,170.0,0.525
2025-04-20T14:30:00Z,1.31,91.5,3.05,0.0512,51.1,99.0,40.5,52.5,15.0,30.3,76.5,0.225
2025-04-20T15:30:00Z,0.803,51.7,3.28,0.0301,72.4,90.3,38.0,48.3,12.2,30.0,141.0,0.7
2025-04-20T16:30:00Z,0.575,27.2,2.85,0.0168,95.1,71.5,28.3,42.5,8.83,30.0,139.0,0.85
2025-04-20T17:30:00Z,0.78,26.0,2.7,0.016,91.6,51.5,19.5,41.5,8.6,29.6,126.0,0.55
2025-04-20T18:30:00Z,0.725,19.9,2.6,0.0127,,41.0,18.0,43.0,10.5,28.9,116.0,0.45
2025-04-20T19:30:00Z,0.75,17.9,1.58,0.0108,93.4,45.5,18.0,42.8,10.4,28.7,123.0,0.475
2025-04-20T20:30:00Z,0.72,18.9,1.83,0.0115,86.0,49.0,18.0,44.3,11.1,27.9,62.5,0.175
2025-04-20T21:30:00Z,0.78,25.3,1.53,0.0147,74.2,47.7,18.3,48.3,14.8,27.0,102.0,0.167
2025-04-20T22:30:00Z,0.82,25.8,1.75,0.0152,74.6,53.0,21.0,48.0,17.6,26.9,150.0,0.125
2025-04-20T23:30:00Z,0.9,35.4,1.78,0.0202,64.6,59.5,23.5,48.3,25.9,26.4,146.0,0.175
2025-04-21T00:30:00Z,1.18,72.3,7.78,0.0448,37.6,58.5,27.0,47.3,22.6,27.3,119.0,0.3
2025-04-21T01:30:00Z,1.11,63.3,8.8,0.0408,48.5,61.3,32.0,43.8,14.0,28.7,141.0,0.575
2025-04-21T02:30:00Z,1.03,63.3,6.25,0.0387,64.3,66.5,30.8,38.5,11.2,31.0,153.0,0.475
2025-04-21T03:30:00Z,0.973,38.4,2.6,0.0225,98.1,69.8,28.0,38.0,12.8,32.6,199.0,0.725
2025-04-21T04:30:00Z,,,,,116.0,70.3,30.5,42.5,,33.2,203.0,0.875
2025-04-21T05:30:00Z,0.89,26.3,2.4,0.0159,114.0,66.0,32.5,42.5,13.5,33.5,198.0,1.05
2025-04-21T06:30:00Z,0.935,27.4,3.3,0.0173,102.0,66.0,33.0,41.0,13.0,34.2,208.0,0.975
2025-04-21T07:30:00Z,0.968,25.2,2.35,0.0153,111.0,72.8,35.0,39.0,12.4,35.0,199.0,0.925
2025-04-21T08:30:00Z,0.857,27.2,2.63,0.0166,119.0,85.3,40.3,33.7,13.3,35.1,188.0,0.733
2025-04-21T09:30:00Z,0.873,29.7,2.65,0.018,133.0,94.5,42.0,35.8,15.4,34.8,193.0,0.75
2025-04-21T10:30:00Z,1.09,37.6,2.75,0.0223,139.0,95.5,43.0,37.8,17.0,35.4,185.0,0.725
2025-04-21T11:30:00Z,1.12,45.3,2.2,0.0259,137.0,91.0,44.0,39.0,16.5,35.1,201.0,0.625
2025-04-21T12:30:00Z,1.16,48.3,2.63,0.0278,124.0,94.0,45.0,44.5,22.9,33.9,238.0,0.575
2025-04-21T13:30:00Z,1.31,93.8,8.38,0.0567,52.7,94.0,43.5,43.3,23.2,31.9,209.0,0.325
2025-04-21T14:30:00Z,1.07,63.8,2.85,0.0362,59.8,87.3,41.5,44.3,20.6,30.0,157.0,0.35
2025-04-21T15:30:00Z,1.25,91.2,4.4,0.0521,35.3,75.0,38.0,49.5,19.9,29.2,110.0,0.25
2025-04-21T16:30:00Z,1.22,58.6,1.68,0.0325,60.3,86.3,45.3,53.5,22.4,29.5,186.0,0.3
2025-04-21T17:30:00Z,1.16,66.9,1.83,0.0371,40.7,100.0,54.3,54.3,19.7,27.4,152.0,0.2
2025-04-21T18:30:00Z,1.01,40.3,1.95,0.023,,68.5,39.0,57.5,15.8,26.4,351.0,0.2
2025-04-21T19:30:00Z,0.923,36.7,2.13,0.0213,53.6,64.5,38.5,58.0,15.0,25.7,202.0,0.125
2025-04-21T20:30:00Z,0.775,31.3,2.15,0.0184,68.7,57.5,34.3,55.3,15.0,25.9,127.0,0.125
2025-04-21T21:30:00Z,0.74,30.9,1.98,0.018,67.8,46.8,31.0,56.3,22.7,25.4,207.0,0.125
2025-04-21T22:30:00Z,0.843,35.2,1.88,0.0203,59.6,45.3,32.5,57.0,27.3,25.0,76.8,0.175
2025-04-21T23:30:00Z,0.823,51.7,2.58,0.0296,50.2,56.0,32.0,55.0,18.2,25.3,111.0,0.2
2025-04-22T00:30:00Z,0.85,80.5,13.5,0.0538,31.0,62.5,32.8,51.3,12.6,26.4,119.0,0.25
2025-04-22T01:30:00Z,0.923,56.3,6.9,0.0356,61.7,69.0,35.0,46.8,11.1,27.8,183.0,0.375
2025-04-22T02:30:00Z,0.995,43.6,3.43,0.026,93.5,72.5,33.8,43.8,11.7,28.8,305.0,0.4
2025-04-22T03:30:00Z,1.07,52.8,3.03,0.0306,112.0,82.3,38.3,41.0,13.1,30.2,322.0,0.75
2025-04-22T04:30:00Z,1.05,151.0,2.1,0.0812,138.0,92.0,44.0,38.0,13.1,31.6,319.0,0.733
2025-04-22T05:30:00Z,0.847,76.1,0.875,0.0412,146.0,95.8,41.8,35.0,13.3,32.9,331.0,0.9
2025-04-22T06:30:00Z,0.778,44.0,2.48,0.0254,129.0,102.0,40.5,33.8,11.7,34.1,262.0,0.9
2025-04-22T07:30:00Z,0.807,40.8,2.73,0.0239,128.0,94.8,39.0,29.3,13.0,34.4,342.0,1.13
2025-04-22T08:30:00Z,0.783,32.9,2.9,0.0199,133.0,85.8,35.0,25.3,10.5,35.0,347.0,0.825
2025-04-22T09:30:00Z,0.74,24.1,2.35,0.0147,147.0,84.0,33.0,26.0,11.3,35.2,260.0,0.85
2025-04-22T10:30:00Z,0.753,23.0,1.53,0.0135,176.0,87.0,34.5,26.3,12.6,35.6,350.0,0.8
2025-04-22T11:30:00Z,0.865,28.7,2.03,0.0169,173.0,94.5,33.0,26.3,13.5,34.9,347.0,0.6
2025-04-22T12:30:00Z,1.16,55.6,2.3,0.0314,123.0,96.7,33.0,29.3,14.1,32.0,339.0,0.2
2025-04-22T13:30:00Z,1.81,120.0,29.7,0.0882,55.3,98.3,40.8,34.5,14.7,29.7,192.0,0.1
2025-04-22T14:30:00Z,2.04,183.0,24.7,0.117,8.38,110.0,50.0,39.3,19.2,27.9,328.0,0.125
2025-04-22T15:30:00Z,1.67,121.0,3.8,0.0672,35.6,105.0,48.0,40.3,14.4,26.9,338.0,0.2
2025-04-22T16:30:00Z,1.51,79.1,2.18,0.0438,58.4,87.0,43.0,41.3,14.0,26.4,336.0,0.225
2025-04-22T17:30:00Z,1.2,70.3,2.7,0.0396,61.7,85.0,41.7,42.3,17.7,25.8,325.0,0.133
2025-04-22T18:30:00Z,1.06,49.5,0.85,0.0271,,82.0,44.0,45.0,31.0,24.7,188.0,0.2
2025-04-22T19:30:00Z,0.995,44.3,1.48,0.0248,85.4,82.0,45.0,43.0,29.9,25.0,264.0,0.175
2025-04-22T20:30:00Z,1.02,35.4,1.97,0.0204,80.1,79.0,44.7,46.0,35.2,23.8,246.0,0.2
2025-04-22T21:30:00Z,1.2,51.9,1.67,0.029,45.8,71.7,42.7,51.3,43.7,22.7,349.0,0.133
2025-04-22T22:30:00Z,1.26,39.5,1.7,0.0225,54.9,77.0,50.0,51.0,63.4,22.5,336.0,0.3
2025-04-22T23:30:00Z,1.17,37.0,2.0,0.0213,51.8,91.8,65.0,51.8,53.7,21.9,333.0,0.3
2025-04-23T00:30:00Z,1.29,57.2,4.03,0.0337,45.0,101.0,75.5,52.3,52.7,22.7,266.0,0.275
2025-04-23T01:30:00Z,1.19,63.5,4.63,0.0375,84.7,102.0,69.3,45.0,49.5,25.2,267.0,0.375
2025-04-23T02:30:00Z,1.12,51.6,3.7,0.0305,116.0,105.0,59.5,41.8,33.7,28.0,346.0,0.7
2025-04-23T03:30:00Z,0.823,31.6,1.75,0.0183,131.0,103.0,51.3,33.5,19.2,31.0,348.0,0.825
2025-04-23T04:30:00Z,0.67,34.5,2.48,0.0204,124.0,101.0,42.3,25.5,50.3,33.3,268.0,0.85
2025-04-23T05:30:00Z,0.747,20.1,1.65,0.0121,138.0,93.8,32.3,21.3,12.4,34.3,268.0,0.975
2025-04-23T06:30:00Z,0.825,20.2,1.75,0.0122,144.0,71.3,24.5,23.0,10.2,34.4,343.0,1.18
2025-04-23T07:30:00Z,0.85,19.1,2.08,0.0119,128.0,60.5,24.5,21.3,9.48,34.8,337.0,1.05
2025-04-23T08:30:00Z,0.83,20.4,2.25,0.0127,132.0,55.5,27.5,19.5,8.88,35.3,262.0,0.9
2025-04-23T09:30:00Z,0.788,18.7,2.43,0.012,142.0,50.0,24.0,18.8,8.68,35.2,343.0,1.13
2025-04-23T10:30:00Z,0.793,17.3,2.0,0.0108,166.0,51.0,19.0,19.7,9.37,35.6,237.0,0.9
2025-04-23T11:30:00Z,0.843,20.5,1.48,0.0121,174.0,55.0,20.0,21.8,9.93,34.9,354.0,0.575
2025-04-23T12:30:00Z,1.17,39.8,1.63,0.0225,136.0,69.5,23.5,28.5,10.7,32.1,324.0,0.175
2025-04-23T13:30:00Z,1.93,118.0,11.5,0.0722,44.1,86.8,34.0,35.0,12.4,29.4,255.0,0.2
2025-04-23T14:30:00Z,2.4,169.0,47.9,0.129,3.23,92.8,45.8,38.8,15.2,28.0,195.0,0.15
2025-04-23T15:30:00Z,2.09,151.0,21.1,0.0975,9.75,93.8,50.0,40.8,22.5,26.5,339.0,0.15
2025-04-23T16:30:00Z,2.37,141.0,43.2,0.11,2.3,80.8,47.0,46.3,16.6,25.1,112.0,0.125
2025-04-23T17:30:00Z,1.67,119.0,10.4,0.0716,10.2,73.0,43.3,46.3,15.9,24.6,239.0,0.2
2025-04-23T18:30:00Z,0.88,58.6,2.2,0.033,,77.5,46.5,44.0,43.8,24.1,235.0,0.15
2025-04-23T19:30:00Z,0.72,38.3,2.15,0.0222,65.8,72.8,47.0,43.5,38.6,23.8,190.0,0.275
2025-04-23T20:30:00Z,0.82,60.7,2.58,0.0344,32.0,65.3,45.8,46.5,27.0,23.2,93.3,0.15
2025-04-23T21:30:00Z,0.678,52.8,1.83,0.0295,42.5,63.0,42.8,47.5,22.1,22.1,130.0,0.1
2025-04-23T22:30:00Z,0.633,64.4,3.83,0.0373,35.5,53.8,37.5,48.8,21.0,21.2,41.0,0.15
2025-04-23T23:30:00Z,0.66,64.3,6.93,0.0398,31.1,44.0,29.3,50.3,18.9,21.0,146.0,0.133
2025-04-24T00:30:00Z,0.963,83.0,23.4,0.0632,14.7,44.0,30.0,55.3,17.3,22.3,133.0,0.175
2025-04-24T01:30:00Z,0.998,87.4,13.1,0.0571,48.4,66.3,39.8,44.3,21.7,26.9,250.0,0.225
2025-04-24T02:30:00Z,0.95,62.4,3.98,0.0364,120.0,78.3,41.3,35.8,21.9,28.6,256.0,0.6
2025-04-24T03:30:00Z,0.69,36.1,2.3,0.0211,144.0,82.3,42.0,30.3,21.7,31.0,228.0,0.733
2025-04-24T04:30:00Z,0.578,34.5,2.25,0.0202,140.0,73.5,36.8,25.5,25.9,33.0,260.0,0.8
2025-04-24T05:30:00Z,0.723,49.0,2.05,0.0278,117.0,62.8,27.0,19.8,15.3,34.8,266.0,0.9
2025-04-24T06:30:00Z,0.735,28.0,2.58,0.017,98.9,55.8,21.3,15.8,8.9,35.6,174.0,0.925
2025-04-24T07:30:00Z,0.713,23.8,2.78,0.0149,107.0,39.5,13.5,14.5,7.58,36.0,169.0,0.9
2025-04-24T08:30:00Z,0.715,22.6,2.53,0.0141,107.0,34.5,14.0,15.8,8.33,36.6,91.5,0.725
2025-04-24T09:30:00Z,0.673,21.2,1.97,0.0129,121.0,31.7,15.3,15.7,8.83,36.2,238.0,0.8
2025-04-24T10:30:00Z,0.625,17.5,1.85,0.0108,174.0,34.0,14.0,16.5,9.75,36.7,181.0,0.5
2025-04-24T11:30:00Z,0.745,25.5,2.13,0.0153,166.0,38.8,14.0,20.5,10.4,35.6,169.0,0.225
2025-04-24T12:30:00Z,1.82,166.0,28.6,0.111,35.8,44.3,17.5,28.8,10.6,31.7,345.0,0.125
2025-04-24T13:30:00Z,2.6,199.0,112.0,0.197,2.48,56.0,27.8,33.5,14.0,29.1,195.0,0.175
2025-04-24T14:30:00Z,2.1,166.0,73.7,0.148,4.6,66.0,32.3,32.7,16.2,28.2,196.0,0.167
2025-04-24T15:30:00Z,1.35,113.0,9.7,0.068,25.9,67.0,33.0,27.5,39.9,28.2,150.0,0.175
2025-04-24T16:30:00Z,1.17,83.3,3.13,0.0468,40.2,60.3,30.0,29.8,21.3,26.7,197.0,0.175
2025-04-24T17:30:00Z,1.05,79.7,3.5,0.0452,41.2,49.3,25.0,31.0,13.9,25.9,102.0,0.133
2025-04-24T18:30:00Z,0.745,33.5,1.3,0.0189,,49.0,18.0,31.0,10.8,25.7,220.0,0.3
2025-04-24T19:30:00Z,0.8,35.9,1.2,0.0201,80.3,39.8,17.5,32.8,11.1,25.1,207.0,0.225
2025-04-24T20:30:00Z,0.773,23.2,1.6,0.0136,72.8,27.0,17.5,35.8,11.7,24.1,179.0,0.25
2025-04-24T21:30:00Z,0.988,63.6,3.23,0.0365,20.1,29.0,20.0,40.8,11.7,23.2,213.0,0.175
2025-04-24T22:30:00Z,1.04,70.8,9.4,0.0453,10.4,36.8,24.0,42.3,11.0,23.4,107.0,0.4
2025-04-24T23:30:00Z,1.01,69.6,9.95,0.0451,21.7,42.5,27.8,39.5,19.4,23.4,85.8,0.2
2025-04-25T00:30:00Z,1.13,81.4,13.9,0.0546,16.7,49.0,31.0,41.8,20.3,23.6,71.5,0.15
2025-04-25T01:30:00Z,1.1,72.1,9.95,0.0464,56.3,60.3,32.0,33.5,13.5,27.4,179.0,0.3
2025-04-25T02:30:00Z,1.01,56.0,4.68,0.0336,89.5,57.8,29.3,27.5,10.8,30.9,241.0,0.325
2025-04-25T03:30:00Z,0.9,35.8,1.93,0.0206,136.0,45.0,23.0,22.7,15.1,32.0,320.0,0.6
2025-04-25T04:30:00Z,0.82,34.3,2.55,0.0203,163.0,39.0,18.0,20.5,32.3,33.7,306.0,0.525
2025-04-25T05:30:00Z,0.87,32.4,1.63,0.0186,176.0,45.3,22.3,17.5,31.0,35.6,262.0,0.725
2025-04-25T06:30:00Z,0.82,26.6,1.5,0.0154,108.0,49.3,20.8,14.3,16.4,36.7,177.0,0.975
2025-04-25T07:30:00Z,,,,,91.8,44.0,15.0,12.3,,37.4,183.0,1.03
2025-04-25T08:30:00Z,0.72,22.4,2.4,0.0139,,55.0,14.5,13.0,9.93,37.5,9.75,0.95
2025-04-25T09:30:00Z,0.785,20.1,2.55,0.0128,100.0,56.3,12.0,13.0,8.88,37.2,99.0,0.85
2025-04-25T10:30:00Z,0.77,16.3,2.45,0.0107,131.0,36.8,11.0,13.8,8.9,37.2,100.0,0.7
2025-04-25T11:30:00Z,0.793,19.4,1.73,0.0117,140.0,27.3,11.3,16.0,13.1,36.7,354.0,0.5
2025-04-25T12:30:00Z,1.03,35.1,1.78,0.0201,99.2,35.3,13.3,19.5,12.9,33.6,345.0,0.35
2025-04-25T13:30:00Z,1.17,48.7,1.73,0.0273,74.7,53.3,18.0,23.0,10.9,31.2,327.0,0.25
2025-04-25T14:30:00Z,1.76,99.8,34.2,0.0809,22.9,61.5,24.8,29.0,11.9,28.4,252.0,0.125
2025-04-25T15:30:00Z,2.09,116.0,58.3,0.109,3.45,66.5,33.8,34.3,21.0,26.4,261.0,0.15
2025-04-25T16:30:00Z,2.08,104.0,35.7,0.0842,2.68,77.3,38.5,36.8,30.4,25.4,180.0,0.15
2025-04-25T17:30:00Z,1.27,64.0,4.17,0.0375,35.5,77.0,39.7,30.0,24.9,25.6,340.0,0.167
2025-04-25T18:30:00Z,1.04,44.9,1.9,0.0254,,43.5,38.0,34.5,20.1,24.5,196.0,0.25
2025-04-25T19:30:00Z,1.0,63.2,5.57,0.0381,33.3,44.7,31.0,35.0,18.7,24.2,97.3,0.2
2025-04-25T20:30:00Z,0.803,55.5,2.88,0.0319,29.8,39.8,25.8,34.3,18.2,23.8,69.8,0.175
2025-04-25T21:30:00Z,0.765,57.1,3.15,0.0329,23.4,31.5,22.3,36.8,20.1,22.6,52.5,0.1
2025-04-25T22:30:00Z,0.655,41.5,3.35,0.0249,47.0,29.5,22.8,34.5,29.2,22.8,139.0,0.15
2025-04-25T23:30:00Z,0.685,46.9,2.75,0.0272,49.1,29.0,24.5,32.8,28.4,23.4,186.0,0.2
2025-04-26T00:30:00Z,0.753,54.2,5.0,0.0329,49.3,27.0,20.0,33.8,13.3,25.7,148.0,0.225
2025-04-26T01:30:00Z,0.833,70.2,12.0,0.0471,53.2,32.3,17.5,27.3,16.6,29.8,132.0,0.425
2025-04-26T02:30:00Z,0.86,37.8,3.45,0.0229,105.0,42.0,20.0,25.8,13.7,32.1,271.0,0.525
2025-04-26T03:30:00Z,0.927,34.6,2.0,0.0201,155.0,73.0,32.3,26.3,33.3,30.7,318.0,1.6
2025-04-26T04:30:00Z,0.873,27.1,1.85,0.0159,177.0,90.5,40.0,25.5,19.1,32.6,326.0,0.925
2025-04-26T05:30:00Z,0.837,21.7,1.73,0.013,150.0,86.8,45.5,19.0,15.7,35.5,335.0,0.875
2025-04-26T06:30:00Z,0.733,15.2,1.9,0.00963,92.6,55.5,33.8,13.8,9.23,36.9,255.0,1.0
2025-04-26T07:30:00Z,0.71,13.2,1.95,0.00863,102.0,23.8,11.3,11.8,7.3,37.4,348.0,0.975
2025-04-26T08:30:00Z,0.7,15.8,2.3,0.0103,101.0,19.0,5.0,11.5,8.4,38.0,203.0,0.75
2025-04-26T13:30:00Z,1.72,112.0,18.7,0.0749,28.2,67.0,29.0,26.3,11.2,31.0,320.0,0.167
2025-04-26T14:30:00Z,1.89,129.0,28.3,0.0917,7.03,81.0,35.0,29.0,17.5,29.4,269.0,0.225
2025-04-26T15:30:00Z,1.73,111.0,3.9,0.0622,13.7,77.3,37.3,31.8,15.0,27.7,338.0,0.25
2025-04-26T16:30:00Z,1.64,94.4,3.33,0.0529,17.2,64.0,36.0,32.8,17.2,26.8,322.0,0.15
2025-04-26T17:30:00Z,1.18,60.1,1.87,0.0335,55.0,56.0,35.0,27.0,20.1,27.3,311.0,0.1
2025-04-26T18:30:00Z,1.25,54.4,1.75,0.0304,,45.5,30.0,33.5,22.3,26.0,172.0,0.25
2025-04-26T19:30:00Z,1.09,53.2,2.4,0.0302,37.6,55.0,35.3,35.0,22.3,25.1,59.8,0.2
2025-04-26T20:30:00Z,1.03,40.4,1.83,0.023,42.7,66.0,41.0,36.5,26.9,24.7,123.0,0.25
2025-04-26T21:30:00Z,0.93,31.2,2.05,0.0183,52.7,64.5,40.0,36.0,24.2,24.3,335.0,0.2
2025-04-26T22:30:00Z,0.908,26.1,1.65,0.0153,57.3,55.3,35.0,34.8,22.0,23.7,315.0,0.125
2025-04-26T23:30:00Z,1.03,46.0,4.45,0.0281,35.6,47.0,35.0,37.3,34.5,24.2,215.0,0.175
2025-04-27T00:30:00Z,1.14,67.2,18.0,0.0504,16.9,53.8,41.3,40.8,27.3,25.2,95.5,0.15
2025-04-27T01:30:00Z,1.08,57.1,8.23,0.0371,54.2,54.8,37.8,30.5,11.8,29.3,157.0,0.25
2025-04-27T02:30:00Z,0.987,45.1,5.0,0.0281,82.4,42.0,27.7,24.7,11.0,32.4,158.0,0.333
2025-04-27T03:30:00Z,0.908,27.8,2.25,0.0166,137.0,28.0,20.3,23.0,14.4,33.8,307.0,0.7
2025-04-27T04:30:00Z,0.858,20.4,1.85,0.0123,159.0,34.3,22.0,21.3,16.0,35.4,333.0,0.9
2025-04-27T05:30:00Z,0.84,16.9,1.78,0.0104,151.0,42.0,24.0,17.5,13.8,36.9,339.0,0.925
2025-04-27T06:30:00Z,0.855,16.3,1.58,0.00993,150.0,45.3,24.5,16.0,18.0,37.4,343.0,1.03
2025-04-27T07:30:00Z,0.838,14.2,1.15,0.00848,150.0,46.5,20.3,15.3,11.3,37.6,342.0,1.0
2025-04-27T08:30:00Z,0.838,12.9,1.55,0.0081,151.0,40.3,17.8,14.5,9.6,37.5,340.0,0.95
2025-04-27T09:30:00Z,0.81,11.3,1.5,0.00725,157.0,33.3,16.3,15.3,9.33,37.4,342.0,0.9
2025-04-27T10:30:00Z,0.813,11.1,1.6,0.0072,161.0,32.0,14.0,15.5,9.58,37.6,340.0,0.775
2025-04-27T11:30:00Z,0.92,19.8,1.3,0.0116,154.0,34.0,16.5,18.5,10.9,36.6,345.0,0.425
2025-04-27T12:30:00Z,1.28,41.4,1.78,0.0235,118.0,40.5,17.5,25.0,12.5,33.8,323.0,0.15
2025-04-27T13:30:00Z,1.99,114.0,19.2,0.0762,38.7,68.8,34.0,30.3,20.5,31.2,175.0,0.125
2025-04-27T14:30:00Z,1.9,128.0,11.5,0.0774,21.1,95.5,51.5,29.5,24.0,31.7,201.0,0.35
2025-04-27T15:30:00Z,1.96,112.0,4.0,0.0629,22.3,95.3,52.0,34.3,33.1,29.3,255.0,0.15
2025-04-27T16:30:00Z,2.02,115.0,12.2,0.0713,10.4,93.5,53.0,37.3,37.7,28.2,299.0,0.175
2025-04-27T17:30:00Z,1.9,104.0,31.3,0.0807,13.4,94.0,55.7,40.7,53.0,26.9,176.0,0.2
2025-04-27T18:30:00Z,1.01,43.0,3.25,0.0255,,87.0,60.0,36.5,15.2,26.9,111.0,0.3
2025-04-27T19:30:00Z,0.765,28.8,2.43,0.0173,85.0,70.5,47.0,33.5,14.4,27.1,111.0,0.35
2025-04-27T20:30:00Z,0.688,14.9,1.73,0.00935,107.0,48.0,31.0,31.8,14.8,27.8,126.0,0.475
2025-04-27T21:30:00Z,0.645,14.2,1.85,0.00908,111.0,44.0,29.5,31.0,15.4,27.6,123.0,0.5
2025-04-27T22:30:00Z,0.653,12.8,1.23,0.00778,107.0,44.5,28.0,32.3,15.5,27.3,149.0,0.475
2025-04-27T23:30:00Z,0.878,37.2,2.45,0.0218,57.1,47.0,28.0,36.8,18.9,25.8,128.0,0.225
2025-04-28T00:30:00Z,1.08,57.0,4.0,0.0336,37.1,56.7,35.3,42.3,23.7,25.3,196.0,0.133
2025-04-28T01:30:00Z,1.32,57.9,4.98,0.0348,63.4,82.5,54.3,40.5,91.7,26.7,213.0,0.3
2025-04-28T02:30:00Z,1.18,37.1,3.08,0.0222,105.0,106.0,69.8,36.3,58.3,28.5,209.0,0.5
2025-04-28T03:30:00Z,0.99,27.5,2.38,0.0165,125.0,108.0,61.5,31.8,20.9,30.7,189.0,1.03
2025-04-28T04:30:00Z,1.04,22.2,2.28,0.0137,132.0,95.0,43.5,32.3,18.2,31.5,192.0,1.08
2025-04-28T05:30:00Z,1.16,21.3,1.8,0.0128,125.0,104.0,49.8,34.3,16.4,32.5,190.0,0.875
2025-04-28T06:30:00Z,1.2,25.8,1.98,0.0153,107.0,116.0,57.3,32.8,15.7,33.6,195.0,0.7
2025-04-28T07:30:00Z,1.16,26.8,1.7,0.0156,128.0,107.0,55.5,31.3,15.4,34.6,212.0,0.65
2025-04-28T08:30:00Z,,,,,137.0,93.0,55.5,29.5,,34.9,277.0,0.65
2025-04-28T09:30:00Z,1.09,25.6,2.1,0.0153,149.0,89.0,53.3,28.5,16.9,35.5,325.0,0.525
2025-04-28T10:30:00Z,1.07,21.1,1.6,0.0125,208.0,88.5,47.8,29.5,19.5,35.8,267.0,0.375
2025-04-28T11:30:00Z,1.34,31.8,1.65,0.0183,190.0,96.0,48.5,33.5,20.0,35.0,196.0,0.525
2025-04-28T12:30:00Z,1.51,46.9,2.03,0.0266,155.0,117.0,53.0,40.0,23.4,33.3,177.0,0.767
2025-04-28T13:30:00Z,1.56,58.4,1.65,0.0324,132.0,123.0,55.0,42.3,20.9,32.5,177.0,0.55
2025-04-28T14:30:00Z,1.64,59.7,2.05,0.0334,104.0,117.0,57.5,45.3,37.0,31.3,211.0,0.25
2025-04-28T15:30:00Z,1.83,75.0,2.45,0.0419,66.9,120.0,65.3,48.0,53.7,30.5,183.0,0.35
2025-04-28T16:30:00Z,1.23,26.0,2.4,0.0158,131.0,129.0,70.5,46.5,34.0,30.3,179.0,0.775
2025-04-28T17:30:00Z,1.05,14.7,1.2,0.00877,145.0,121.0,63.3,46.3,24.0,30.0,183.0,1.07
2025-04-28T18:30:00Z,1.11,13.4,1.2,0.0081,,112.0,57.0,49.5,28.5,29.0,177.0,1.4
2025-04-28T19:30:00Z,1.03,9.97,1.5,0.00657,132.0,116.0,54.7,50.0,21.4,28.5,175.0,1.33
2025-04-28T20:30:00Z,0.958,7.7,1.98,0.00573,136.0,111.0,46.3,51.0,20.7,28.1,172.0,1.45
2025-04-28T21:30:00Z,0.935,6.68,1.78,0.005,134.0,97.3,41.0,49.8,18.3,27.6,172.0,1.38
2025-04-28T22:30:00Z,0.948,6.8,1.18,0.0046,127.0,86.8,36.5,50.5,19.1,27.2,171.0,1.23
2025-04-28T23:30:00Z,0.993,8.98,1.88,0.00628,121.0,73.0,37.8,52.5,24.4,26.6,169.0,1.38
2025-04-29T00:30:00Z,0.943,11.3,1.95,0.00755,128.0,73.0,40.0,52.8,17.2,27.1,163.0,1.48
2025-04-29T01:30:00Z,0.948,10.5,1.73,0.00703,132.0,72.5,35.5,50.5,16.4,26.4,169.0,1.78
2025-04-29T02:30:00Z,0.935,11.5,1.73,0.00748,131.0,82.5,34.0,47.5,15.9,26.8,170.0,1.8
2025-04-29T03:30:00Z,1.01,14.6,2.18,0.00953,122.0,89.3,33.5,46.8,13.4,27.4,173.0,1.65
2025-04-29T04:30:00Z,1.05,15.4,2.03,0.0098,115.0,83.0,30.0,46.0,13.4,28.5,183.0,1.38
2025-04-29T05:30:00Z,0.973,16.7,2.48,0.0108,110.0,,28.5,43.5,14.7,29.6,183.0,1.28
2025-04-29T06:30:00Z,0.943,19.1,2.13,0.0119,99.0,102.0,31.0,41.5,16.1,30.7,181.0,1.18
2025-04-29T07:30:00Z,0.938,24.2,2.1,0.0146,107.0,80.0,31.5,39.5,16.6,31.8,200.0,0.95
2025-04-29T08:30:00Z,0.898,22.0,2.38,0.0137,123.0,71.0,32.5,38.0,15.1,32.5,194.0,0.675
2025-04-29T09:30:00Z,0.93,17.9,1.8,0.011,144.0,67.8,34.5,38.0,16.1,32.7,237.0,0.675
2025-04-29T10:30:00Z,0.933,16.6,1.68,0.0102,177.0,69.5,36.0,39.0,18.7,33.0,245.0,0.55
2025-04-29T11:30:00Z,1.11,19.9,2.08,0.0123,172.0,70.5,36.5,41.8,19.8,32.7,203.0,0.4
2025-04-29T12:30:00Z,1.26,28.8,2.28,0.0172,151.0,71.8,36.0,44.0,26.2,31.8,184.0,0.475
2025-04-29T13:30:00Z,1.39,42.2,2.15,0.0242,124.0,76.0,36.0,46.5,40.4,31.1,185.0,0.2
2025-04-29T16:30:00Z,1.21,40.3,2.35,0.0234,95.5,89.0,50.5,54.0,20.4,28.6,127.0,0.45
2025-04-29T17:30:00Z,1.22,35.7,2.0,0.0207,86.0,86.0,48.7,54.7,18.6,28.2,148.0,0.367
2025-04-29T18:30:00Z,1.11,25.9,1.8,0.0152,,76.0,43.0,56.0,19.7,27.4,135.0,0.3
2025-04-29T19:30:00Z,0.98,20.1,1.8,0.0122,106.0,68.3,39.8,55.3,25.4,27.4,134.0,0.475
2025-04-29T20:30:00Z,0.93,14.8,2.1,0.0096,123.0,67.8,40.3,54.3,30.0,27.7,176.0,0.725
2025-04-29T21:30:00Z,0.9,9.13,1.85,0.00638,139.0,67.3,41.3,53.3,22.5,27.9,174.0,0.9
2025-04-29T22:30:00Z,0.948,9.4,1.5,0.0062,128.0,59.0,36.0,53.5,30.4,27.6,174.0,1.0
2025-04-29T23:30:00Z,0.913,11.4,1.8,0.00753,117.0,69.3,39.8,53.5,32.6,27.4,170.0,0.975
2025-04-30T00:30:00Z,0.95,15.5,2.13,0.01,115.0,70.5,40.3,52.5,16.0,27.6,169.0,0.975
2025-04-30T01:30:00Z,0.98,15.3,2.3,0.01,117.0,66.0,35.0,51.5,18.2,27.6,168.0,1.4
2025-04-30T02:30:00Z,0.997,14.0,2.3,0.00927,114.0,79.7,37.0,51.3,15.3,27.5,178.0,1.5
2025-04-30T03:30:00Z,1.07,16.5,2.23,0.0106,105.0,79.8,35.3,52.3,12.3,28.2,170.0,1.43
2025-04-30T04:30:00Z,0.985,17.1,2.63,0.0112,105.0,70.0,32.0,50.3,14.4,29.3,172.0,1.3
2025-04-30T05:30:00Z,0.943,17.4,2.1,0.011,107.0,64.0,33.0,48.5,17.9,30.5,181.0,1.08
2025-04-30T06:30:00Z,0.993,20.4,1.95,0.0125,92.8,62.5,33.0,45.3,13.8,31.7,197.0,0.8
2025-04-30T07:30:00Z,0.967,20.9,2.2,0.0129,96.3,64.7,33.3,43.3,11.7,32.3,178.0,0.733
2025-04-30T08:30:00Z,0.963,19.7,2.0,0.0121,112.0,65.0,36.0,43.3,12.8,32.4,192.0,0.625
2025-04-30T09:30:00Z,0.93,16.3,2.25,0.0105,133.0,66.5,39.8,43.8,12.2,32.6,249.0,0.8
2025-04-30T10:30:00Z,0.97,16.2,2.4,0.0106,148.0,68.0,40.7,44.0,12.2,33.1,194.0,0.6
2025-04-30T11:30:00Z,1.09,18.9,1.68,0.0114,150.0,66.0,38.0,46.3,12.2,32.9,199.0,0.525
2025-04-30T12:30:00Z,1.24,24.9,1.78,0.0147,141.0,68.5,39.5,48.8,16.7,32.0,187.0,0.65
2025-04-30T13:30:00Z,1.36,40.6,1.98,0.0232,121.0,76.8,43.8,50.3,29.4,31.5,176.0,0.675
2025-04-30T14:30:00Z,1.39,43.6,2.28,0.0251,100.0,79.5,47.0,52.8,19.7,30.9,165.0,0.525
2025-04-30T15:30:00Z,1.28,42.7,1.9,0.0243,99.9,75.5,48.0,54.0,22.8,30.5,161.0,0.475
2025-04-30T16:30:00Z,1.19,36.8,1.65,0.0209,102.0,69.5,46.0,55.0,15.2,30.0,149.0,0.5
2025-04-30T17:30:00Z,1.05,27.0,2.3,0.0162,95.6,63.0,42.3,56.0,12.2,29.2,151.0,0.567
2025-04-30T18:30:00Z,0.955,17.6,1.7,0.0107,,60.0,37.5,56.5,13.0,28.9,154.0,0.5
2025-04-30T19:30:00Z,0.868,11.8,1.63,0.00758,136.0,55.8,34.8,53.8,12.9,29.2,172.0,0.7
2025-04-30T20:30:00Z,0.833,7.3,1.68,0.0052,136.0,48.0,29.5,54.0,14.2,29.1,177.0,0.9
2025-04-30T21:30:00Z,0.885,7.83,1.73,0.00555,132.0,50.0,29.8,54.0,22.0,29.0,172.0,1.15
2025-04-30T22:30:00Z,0.913,8.7,1.93,0.00618,122.0,56.5,35.5,55.0,22.3,28.7,168.0,1.0
2025-04-30T23:30:00Z,0.91,8.97,1.93,0.00637,121.0,55.7,37.3,55.0,18.6,28.6,174.0,1.03
2025-05-01T00:30:00Z,1.02,13.1,1.8,0.00843,112.0,54.0,34.0,55.7,18.3,28.5,172.0,1.1
2025-05-01T01:30:00Z,1.04,15.0,2.25,0.0098,107.0,64.8,36.5,56.0,19.1,28.3,173.0,1.33
2025-05-01T02:30:00Z,1.04,14.0,2.13,0.00918,109.0,73.5,39.5,56.0,16.4,28.2,172.0,1.38
2025-05-01T03:30:00Z,1.07,14.2,1.98,0.00915,103.0,78.8,39.5,55.0,14.8,28.5,179.0,1.43
2025-05-01T04:30:00Z,1.03,14.0,1.65,0.00878,104.0,80.3,38.5,53.3,16.3,29.5,185.0,1.13
2025-05-01T05:30:00Z,0.997,17.5,1.9,0.0108,102.0,73.0,38.0,50.5,16.6,30.6,178.0,1.3
2025-05-01T06:30:00Z,0.95,18.4,2.47,0.0118,98.5,71.0,40.3,47.7,14.1,31.2,180.0,1.33
2025-05-01T07:30:00Z,0.945,19.2,2.35,0.0121,110.0,72.5,43.0,46.5,13.4,32.1,193.0,0.875
2025-05-01T08:30:00Z,0.975,18.6,2.28,0.0118,122.0,73.5,42.5,45.3,13.8,32.4,189.0,0.775
2025-05-01T09:30:00Z,0.98,16.8,1.93,0.0105,130.0,67.5,44.0,45.8,15.1,33.3,197.0,0.825
2025-05-01T10:30:00Z,0.963,17.1,1.88,0.0106,152.0,66.5,43.5,46.5,16.6,33.2,209.0,0.65
2025-05-01T11:30:00Z,1.03,17.2,1.65,0.0105,149.0,69.0,43.0,48.0,13.3,32.7,192.0,0.675
2025-05-01T12:30:00Z,1.16,25.5,2.0,0.0152,130.0,72.8,47.3,50.0,16.4,32.1,160.0,0.925
2025-05-01T13:30:00Z,1.09,37.4,3.35,0.0226,108.0,70.3,41.8,48.3,12.8,30.6,119.0,0.825
2025-05-01T14:30:00Z,0.748,18.1,3.23,0.0123,91.1,107.0,38.3,63.8,11.5,24.4,71.3,1.1
2025-05-01T15:30:00Z,0.695,18.1,2.55,0.0117,95.4,89.3,38.8,63.8,10.2,25.3,122.0,0.775
2025-05-01T16:30:00Z,0.78,23.1,2.53,0.0143,80.3,16.5,22.0,68.0,9.73,24.4,179.0,1.0
2025-05-01T17:30:00Z,0.75,15.6,2.2,0.0101,95.3,13.3,11.3,59.0,12.2,25.8,149.0,1.33
2025-05-01T18:30:00Z,1.06,9.7,1.9,0.0067,,15.5,12.0,59.5,9.15,25.3,5.5,1.25
2025-05-01T19:30:00Z,1.05,9.18,2.33,0.0068,102.0,82.8,30.5,66.8,10.7,24.3,61.8,1.0
2025-05-01T20:30:00Z,0.83,7.37,1.97,0.00547,115.0,110.0,39.7,59.0,9.37,25.1,40.7,0.633
2025-05-01T21:30:00Z,0.815,6.68,1.9,0.00508,119.0,55.0,25.0,61.8,10.7,24.3,14.3,0.775
2025-05-01T22:30:00Z,0.858,8.63,1.93,0.00618,110.0,20.8,13.5,64.8,12.7,23.7,54.8,0.5
2025-05-01T23:30:00Z,0.937,27.0,1.83,0.0159,79.8,20.7,12.0,65.7,12.3,23.9,220.0,0.3
2025-05-02T00:30:00Z,1.05,23.5,2.48,0.0145,51.1,28.3,21.3,80.0,10.3,21.4,198.0,0.85
2025-05-02T01:30:00Z,1.13,29.6,4.0,0.019,27.7,89.0,27.8,87.8,9.6,20.4,170.0,0.925
2025-05-02T02:30:00Z,1.1,23.1,3.25,0.015,39.5,103.0,23.5,82.5,9.08,21.2,186.0,1.08
2025-05-02T03:30:00Z,1.16,19.3,3.15,0.0128,50.1,41.5,26.5,77.0,8.75,23.2,190.0,1.4
2025-05-02T04:30:00Z,1.03,22.1,3.28,0.0144,,60.8,27.5,63.8,8.83,25.4,162.0,1.38
2025-05-02T05:30:00Z,1.0,21.9,3.4,0.0144,,55.8,24.5,58.5,8.9,26.3,160.0,1.3
2025-05-02T06:30:00Z,0.958,31.1,4.55,0.0203,50.4,22.8,15.5,55.8,8.1,26.9,155.0,0.925
2025-05-02T07:30:00Z,1.18,46.5,5.78,0.0294,2.7,15.0,10.0,53.8,7.88,27.6,160.0,0.45
2025-05-02T08:30:00Z,0.975,39.0,4.8,0.0247,76.1,15.3,9.5,52.8,8.48,28.2,168.0,0.625
2025-05-02T09:30:00Z,0.958,22.1,3.45,0.0146,,22.0,14.0,53.8,8.98,28.9,213.0,0.675
2025-05-02T10:30:00Z,0.88,20.7,2.85,0.0133,95.1,27.0,20.0,55.3,9.5,28.4,228.0,0.5
2025-05-02T11:30:00Z,0.963,19.8,2.53,0.0126,89.5,28.5,21.5,60.3,8.5,27.6,273.0,0.4
2025-05-02T12:30:00Z,1.2,35.9,1.8,0.0205,63.7,40.0,26.0,68.0,11.9,26.0,308.0,0.2
2025-05-02T13:30:00Z,1.53,67.5,7.45,0.042,37.0,51.3,32.8,70.8,15.1,25.3,127.0,0.15
2025-05-02T14:30:00Z,1.91,108.0,33.5,0.0845,3.63,64.3,42.8,74.5,13.0,24.0,263.0,0.15
2025-05-02T15:30:00Z,2.6,96.9,74.9,0.112,3.57,75.3,48.7,78.3,12.7,23.7,98.3,0.167
2025-05-02T16:30:00Z,1.53,54.7,12.9,0.0396,15.7,91.8,54.0,76.5,11.2,23.7,122.0,0.275
2025-05-02T17:30:00Z,1.05,34.4,2.9,0.0207,24.4,87.7,52.3,74.0,9.8,23.2,95.7,0.233
2025-05-02T18:30:00Z,0.885,34.9,2.7,0.0207,,48.5,35.5,75.5,11.1,22.5,57.5,0.15
2025-05-02T19:30:00Z,0.713,24.7,2.4,0.0151,34.7,40.3,30.8,71.0,11.0,23.3,181.0,0.25
2025-05-02T20:30:00Z,0.643,18.3,1.78,0.0112,25.5,28.8,23.5,73.0,10.4,23.0,343.0,0.15
2025-05-02T21:30:00Z,0.743,20.7,2.63,0.0131,20.9,26.5,23.8,74.0,11.5,22.9,165.0,0.225
2025-05-02T22:30:00Z,0.838,22.2,2.3,0.0137,26.0,39.5,39.8,72.5,31.9,23.0,269.0,0.225
2025-05-02T23:30:00Z,0.973,47.9,15.0,0.0376,6.28,61.3,57.0,71.8,35.0,23.2,186.0,0.175
2025-05-03T00:30:00Z,1.01,45.1,27.3,0.0462,8.48,57.0,47.5,69.8,20.8,23.9,218.0,0.225
2025-05-03T01:30:00Z,1.03,38.3,7.45,0.0265,28.6,40.5,32.0,64.3,13.6,24.8,276.0,0.4
2025-05-03T02:30:00Z,0.91,28.0,3.65,0.0179,66.0,41.5,30.5,58.0,14.0,26.8,208.0,0.55
2025-05-03T03:30:00Z,0.833,23.6,2.85,0.0149,86.2,49.3,34.5,55.8,19.3,27.9,203.0,1.0
2025-05-03T04:30:00Z,0.725,17.8,2.63,0.0116,93.7,53.0,37.8,52.8,15.4,28.8,209.0,1.2
2025-05-03T05:30:00Z,0.837,18.6,2.05,0.0116,94.7,45.3,32.3,49.5,13.8,30.0,215.0,1.03
2025-05-03T06:30:00Z,0.8,23.8,1.73,0.014,70.3,39.0,28.0,48.3,8.33,30.8,217.0,0.975
2025-05-03T07:30:00Z,0.895,28.3,2.38,0.017,87.0,63.0,43.0,47.8,11.5,31.2,199.0,1.2
2025-05-03T08:30:00Z,0.975,29.2,2.68,0.0177,102.0,49.8,35.3,45.8,11.9,31.9,200.0,0.925
2025-05-03T09:30:00Z,0.963,23.3,2.45,0.0144,128.0,44.5,32.5,45.5,11.1,32.2,200.0,0.775
2025-05-03T10:30:00Z,1.1,22.2,2.45,0.0138,139.0,45.8,32.0,46.5,12.1,32.6,203.0,0.425
2025-05-03T11:30:00Z,1.09,17.7,2.18,0.0112,148.0,50.0,33.5,47.3,12.9,32.1,312.0,0.25
2025-05-03T12:30:00Z,1.39,48.2,2.05,0.0274,106.0,60.8,41.8,51.5,13.4,31.0,244.0,0.2
2025-05-03T13:30:00Z,1.94,92.6,4.65,0.053,43.5,69.0,49.5,52.3,27.8,30.3,195.0,0.325
2025-05-03T14:30:00Z,2.06,105.0,10.6,0.0644,21.4,81.5,55.8,53.5,33.1,29.8,182.0,0.35
2025-05-03T15:30:00Z,2.01,99.9,11.8,0.0628,16.4,93.0,62.7,57.0,18.2,28.8,144.0,0.267
2025-05-03T16:30:00Z,0.96,32.5,3.0,0.0197,64.0,42.5,33.0,53.0,10.9,28.4,145.0,0.65
2025-05-03T17:30:00Z,0.95,28.7,3.27,0.0179,62.0,37.3,28.7,53.3,9.9,28.0,140.0,0.567
2025-05-03T18:30:00Z,1.27,29.4,1.5,0.0169,,26.5,22.0,62.0,15.3,27.1,327.0,0.7
2025-05-03T19:30:00Z,1.28,25.1,1.9,0.0149,74.7,53.3,39.3,65.8,17.8,26.9,122.0,0.375
2025-05-03T20:30:00Z,1.2,31.0,1.88,0.018,49.2,82.0,57.0,64.5,20.6,26.6,144.0,0.55
2025-05-03T21:30:00Z,1.04,21.3,1.9,0.0129,70.1,61.8,45.3,61.3,18.1,26.4,141.0,0.65
2025-05-03T22:30:00Z,1.06,19.1,2.33,0.0121,84.4,39.5,32.0,60.5,13.1,26.6,138.0,0.5
2025-05-03T23:30:00Z,1.11,17.4,2.43,0.0112,65.1,52.0,30.0,73.5,12.9,23.7,115.0,0.625
2025-05-04T00:30:00Z,0.835,14.9,2.1,0.00958,78.1,45.8,27.0,77.0,11.5,22.5,110.0,0.525
2025-05-04T01:30:00Z,0.86,26.2,3.45,0.0168,81.6,24.0,21.0,67.5,11.9,24.2,128.0,0.825
2025-05-04T02:30:00Z,0.9,18.8,2.63,0.0121,87.8,25.0,18.3,66.0,13.0,24.4,227.0,0.8
2025-05-04T03:30:00Z,0.0,,,,2.3,,,,0.0,28.6,132.0,0.5
2025-05-04T04:30:00Z,,24.3,,0.002,118.0,,,,,29.4,153.0,0.5
2025-05-04T11:30:00Z,0.0,,,,69.1,,,43.5,,29.8,27.0,0.6
2025-05-04T12:30:00Z,1.01,26.7,1.78,0.0156,79.7,49.0,29.0,50.8,12.5,27.6,115.0,0.8
2025-05-04T13:30:00Z,1.01,28.3,2.05,0.0167,84.1,40.8,23.3,54.5,12.0,26.3,53.0,0.55
2025-05-04T14:30:00Z,1.06,25.9,2.28,0.0156,75.8,35.3,24.3,60.5,10.8,25.3,327.0,0.725
2025-05-04T15:30:00Z,1.08,24.7,2.45,0.0151,70.9,40.3,29.8,63.5,12.3,24.7,211.0,0.65
2025-05-04T16:30:00Z,1.08,17.6,2.7,0.0116,54.0,67.0,30.0,77.5,12.4,22.3,244.0,0.575
2025-05-04T17:30:00Z,1.06,21.4,2.1,0.013,35.1,85.0,31.7,84.0,11.8,22.1,117.0,0.467
2025-05-04T18:30:00Z,0.99,15.4,1.6,0.0095,,36.0,28.0,73.0,9.3,23.7,173.0,0.65
2025-05-04T19:30:00Z,0.873,10.4,1.68,0.0069,82.9,32.0,27.5,69.8,10.4,23.7,188.0,0.85
2025-05-04T20:30:00Z,0.808,7.53,1.88,0.00555,80.1,32.3,26.5,71.8,10.7,22.7,180.0,0.75
2025-05-04T21:30:00Z,0.773,9.4,2.2,0.0068,77.0,34.0,28.5,70.8,9.93,22.4,214.0,0.375
2025-05-04T22:30:00Z,0.777,10.2,2.23,0.00723,61.6,33.0,32.3,74.7,10.1,21.5,240.0,0.433
2025-05-04T23:30:00Z,0.815,10.9,2.2,0.00755,60.0,34.0,33.0,76.0,9.85,21.3,338.0,0.6
2025-05-05T00:30:00Z,1.18,38.5,6.2,0.0256,36.0,63.0,45.0,72.5,11.1,22.8,121.0,0.5
2025-05-05T01:30:00Z,1.1,34.0,5.93,0.0229,49.8,65.8,48.0,67.3,12.9,23.7,127.0,0.45
2025-05-05T02:30:00Z,1.15,28.7,3.23,0.0179,55.0,60.3,47.8,66.5,12.5,24.2,188.0,0.325
2025-05-05T03:30:00Z,1.32,41.3,3.43,0.0247,41.8,57.7,46.7,67.3,12.9,24.2,341.0,0.4
2025-05-05T04:30:00Z,1.23,31.7,2.98,0.0193,,63.8,46.5,64.0,15.9,24.9,342.0,0.65
2025-05-05T05:30:00Z,0.975,26.3,2.57,0.0161,,55.0,38.0,72.0,12.2,23.5,332.0,1.3
2025-05-05T06:30:00Z,1.04,31.8,3.35,0.0196,50.7,53.5,31.3,85.0,12.0,20.8,216.0,0.6
2025-05-05T07:30:00Z,1.39,42.5,7.28,0.0285,28.8,47.3,22.5,88.0,11.1,20.6,134.0,0.6
2025-05-05T08:30:00Z,1.28,36.2,7.27,0.0252,32.5,43.0,23.7,76.3,10.5,23.2,153.0,1.0
2025-05-05T09:30:00Z,1.15,33.8,4.48,0.0216,46.6,72.0,30.5,74.0,11.4,23.7,163.0,0.975
2025-05-05T10:30:00Z,1.43,37.0,4.48,0.0233,51.0,64.8,24.0,65.3,10.9,24.3,165.0,0.7
2025-05-05T11:30:00Z,1.6,63.3,8.5,0.0406,38.5,29.3,18.5,62.0,10.3,24.9,152.0,0.55
2025-05-05T12:30:00Z,1.53,65.4,10.1,0.043,33.9,31.5,19.0,59.8,10.1,25.0,145.0,0.475
2025-05-05T13:30:00Z,1.47,76.8,17.8,0.0553,19.0,34.5,21.5,60.3,9.58,24.5,128.0,0.35
2025-05-05T14:30:00Z,1.28,69.9,14.6,0.049,17.7,34.0,22.0,62.8,9.65,23.4,168.0,0.225
2025-05-05T15:30:00Z,1.04,43.4,4.6,0.0269,39.7,32.5,20.0,62.5,9.08,23.1,150.0,0.275
2025-05-05T16:30:00Z,0.855,26.8,3.5,0.0171,55.6,26.5,15.3,62.3,8.9,23.3,138.0,0.6
2025-05-05T17:30:00Z,0.805,17.4,2.5,0.0113,61.7,21.0,11.3,62.0,9.25,23.2,133.0,0.633
2025-05-05T18:30:00Z,0.815,12.8,2.1,0.0085,,18.0,14.0,62.0,7.6,23.1,135.0,0.7
2025-05-05T19:30:00Z,0.853,12.3,1.98,0.0081,60.8,15.8,14.5,64.5,7.5,22.4,122.0,0.25
2025-05-05T20:30:00Z,0.845,15.3,2.2,0.00993,54.9,16.8,15.0,68.0,7.53,21.5,118.0,0.15
2025-05-05T21:30:00Z,0.833,15.0,2.1,0.0097,53.0,20.0,14.7,67.7,6.43,21.5,123.0,0.2
2025-05-05T22:30:00Z,0.81,16.5,2.48,0.0108,50.5,21.5,14.5,64.3,7.1,22.3,123.0,0.4
2025-05-05T23:30:00Z,0.813,28.1,4.1,0.0183,41.1,22.8,14.5,62.8,6.78,22.4,139.0,0.55
2025-05-06T00:30:00Z,1.0,33.4,6.3,0.0229,36.2,24.0,15.7,61.3,7.53,23.1,137.0,0.6
2025-05-06T01:30:00Z,1.24,53.8,18.9,0.044,17.5,38.3,24.3,59.0,8.03,24.5,143.0,0.375
2025-05-06T02:30:00Z,1.27,42.1,6.13,0.0274,44.6,39.3,29.5,58.5,10.8,25.9,263.0,0.25
2025-05-06T03:30:00Z,1.12,29.8,3.15,0.0185,82.6,34.5,26.5,56.5,14.0,27.1,290.0,0.575
2025-05-06T04:30:00Z,1.22,16.9,2.47,0.011,90.9,42.0,32.7,54.0,9.83,27.8,285.0,0.7
2025-05-06T05:30:00Z,0.943,16.4,2.65,0.0109,101.0,39.0,36.8,50.8,11.4,28.9,288.0,0.6
2025-05-06T06:30:00Z,0.85,19.1,3.15,0.0128,92.2,41.5,34.5,49.0,14.2,29.2,295.0,0.725
2025-05-06T07:30:00Z,0.84,18.5,3.7,0.0128,88.6,43.0,35.8,45.3,12.1,30.4,264.0,0.65
2025-05-06T08:30:00Z,0.858,18.5,3.18,0.0124,106.0,41.5,33.3,47.3,12.1,30.6,297.0,0.525
2025-05-06T09:30:00Z,1.02,19.0,2.53,0.0122,114.0,45.0,31.5,47.3,14.0,31.2,239.0,0.4
2025-05-06T10:30:00Z,1.05,19.0,2.35,0.012,125.0,43.3,34.0,49.3,15.8,31.4,254.0,0.275
2025-05-06T11:30:00Z,1.02,23.0,2.25,0.0141,117.0,42.3,35.0,54.5,14.5,30.5,322.0,0.175
2025-05-06T12:30:00Z,1.72,67.9,25.3,0.0567,71.3,46.0,33.0,60.3,14.4,28.7,278.0,0.175
2025-05-06T13:30:00Z,1.61,80.1,14.3,0.0542,34.6,66.8,45.0,60.0,11.8,28.6,141.0,0.475
2025-05-06T14:30:00Z,1.41,59.8,5.33,0.0361,48.3,75.5,48.0,60.3,9.65,27.9,147.0,0.525
2025-05-06T15:30:00Z,1.28,45.8,2.78,0.0266,59.9,57.5,34.5,61.3,9.73,27.3,176.0,0.425
2025-05-06T16:30:00Z,0.978,28.6,2.43,0.0172,74.2,59.3,38.3,62.8,10.1,26.8,158.0,0.475
2025-05-06T17:30:00Z,0.905,21.7,2.13,0.0133,73.6,55.0,39.7,63.3,8.95,26.5,143.0,0.433
2025-05-06T18:30:00Z,0.91,16.3,1.85,0.0102,,33.0,26.0,64.0,8.05,26.1,144.0,0.45
2025-05-06T19:30:00Z,0.98,13.4,2.8,0.00938,80.1,34.5,27.8,64.3,7.9,25.8,174.0,0.3
2025-05-06T20:30:00Z,1.01,17.5,2.3,0.0112,61.4,36.0,30.0,67.0,8.43,25.3,181.0,0.2
2025-05-06T21:30:00Z,0.97,21.9,2.48,0.0136,52.9,45.5,37.8,68.5,10.8,25.0,174.0,0.325
2025-05-06T22:30:00Z,0.898,16.5,2.08,0.0105,49.9,61.8,46.0,69.5,13.4,24.2,195.0,0.375
2025-05-06T23:30:00Z,1.02,25.6,2.58,0.0157,34.2,90.8,69.0,71.0,21.9,23.9,137.0,0.3
2025-05-07T00:30:00Z,1.3,50.3,6.93,0.0324,21.5,128.0,101.0,68.3,17.1,25.2,148.0,0.25
2025-05-07T01:30:00Z,1.32,38.0,5.98,0.0251,40.0,99.8,75.8,63.0,12.3,26.6,155.0,0.275
2025-05-07T02:30:00Z,1.3,31.8,3.98,0.0202,65.6,57.0,39.0,57.8,9.65,27.7,225.0,0.4
2025-05-07T03:30:00Z,1.21,23.4,2.6,0.0146,98.6,58.5,40.0,54.0,12.2,29.0,325.0,0.625
2025-05-07T04:30:00Z,1.12,17.8,1.88,0.011,112.0,70.0,48.3,53.0,15.1,29.6,334.0,0.925
2025-05-07T05:30:00Z,0.947,13.3,2.68,0.00928,112.0,73.8,51.8,51.3,10.7,30.1,333.0,0.825
2025-05-07T06:30:00Z,0.97,17.5,3.05,0.0118,97.6,60.8,43.5,50.5,9.13,30.0,240.0,1.13
2025-05-07T07:30:00Z,0.988,33.9,4.63,0.0218,87.4,61.3,34.3,61.8,8.4,26.3,121.0,0.975
2025-05-07T08:30:00Z,1.04,29.3,3.58,0.0185,92.0,93.0,32.0,67.8,9.13,25.5,82.3,0.575
2025-05-07T09:30:00Z,1.22,34.8,3.45,0.0213,82.6,88.3,36.5,64.5,11.9,26.3,117.0,0.6
2025-05-07T10:30:00Z,1.38,41.7,4.37,0.0258,82.0,55.3,38.0,61.3,13.1,28.2,116.0,0.6
2025-05-07T11:30:00Z,1.53,61.5,5.4,0.0371,54.6,66.0,41.0,61.0,13.8,28.5,100.0,0.3
2025-05-07T14:30:00Z,1.45,71.1,15.2,0.0502,18.2,80.0,53.0,68.5,10.5,26.1,132.0,0.35
2025-05-07T15:30:00Z,1.08,30.5,4.35,0.0198,48.2,70.3,46.8,67.3,8.7,26.2,135.0,0.55
2025-05-07T16:30:00Z,0.957,20.4,2.7,0.0131,61.2,57.7,36.7,67.0,8.03,25.9,136.0,0.433
2025-05-07T17:30:00Z,0.915,16.9,2.53,0.0111,64.7,53.7,34.0,67.3,8.55,25.6,126.0,0.267
2025-05-07T18:30:00Z,0.785,16.1,1.75,0.0099,,44.0,36.5,67.0,7.9,25.7,144.0,0.5
2025-05-07T19:30:00Z,0.763,11.6,2.17,0.008,70.8,42.3,36.3,66.0,7.8,25.6,130.0,0.433
2025-05-07T20:30:00Z,0.777,10.2,2.23,0.00727,71.7,37.3,34.0,66.0,7.17,25.5,134.0,0.433
2025-05-07T21:30:00Z,0.683,11.3,2.27,0.00787,69.5,37.0,30.0,65.3,6.7,25.6,128.0,0.3
2025-05-07T22:30:00Z,0.66,13.2,1.6,0.0083,57.7,37.0,28.0,67.5,6.4,24.6,28.5,0.1
2025-05-08T00:30:00Z,0.825,43.0,5.6,0.0275,31.7,34.0,33.0,67.0,7.35,25.3,149.0,0.45
2025-05-08T01:30:00Z,1.04,35.0,6.53,0.0239,49.6,60.7,39.3,59.0,7.93,27.9,138.0,0.467
2025-05-08T02:30:00Z,1.04,26.0,4.2,0.0173,74.6,61.3,39.5,53.0,7.55,29.7,210.0,0.5
2025-05-08T03:30:00Z,1.02,20.2,2.33,0.0126,105.0,53.5,38.0,52.3,7.73,30.2,265.0,0.4
2025-05-08T04:30:00Z,0.995,18.6,2.33,0.0118,107.0,58.0,38.0,50.5,9.98,30.7,199.0,0.5
2025-05-08T05:30:00Z,0.91,19.2,2.6,0.0123,116.0,67.3,44.8,47.8,12.2,31.6,279.0,0.6
2025-05-08T06:30:00Z,0.833,16.0,2.77,0.0108,102.0,68.0,50.7,44.3,9.77,32.4,272.0,0.7
2025-05-08T07:30:00Z,0.883,22.6,3.25,0.0147,99.0,62.3,47.5,45.3,9.48,31.4,182.0,0.925
2025-05-08T08:30:00Z,0.933,30.5,4.23,0.0197,78.3,64.0,39.8,48.8,8.15,30.6,122.0,0.725
2025-05-08T09:30:00Z,1.07,31.4,4.1,0.0201,90.2,56.3,34.5,51.8,9.3,31.4,157.0,0.55
2025-05-08T10:30:00Z,1.04,18.5,2.25,0.0116,97.6,53.5,42.0,58.0,14.9,30.3,179.0,0.6
2025-05-08T11:30:00Z,1.17,24.0,2.38,0.0147,97.9,63.3,52.8,60.5,19.7,29.7,177.0,0.675
2025-05-08T12:30:00Z,1.21,24.0,2.08,0.0144,87.4,86.0,63.0,66.5,17.7,28.2,179.0,0.675
2025-05-08T13:30:00Z,1.21,22.2,1.7,0.0132,81.0,102.0,67.0,69.0,12.5,27.3,347.0,0.4
2025-05-08T14:30:00Z,1.51,60.7,3.0,0.0347,32.8,143.0,85.0,69.0,9.5,27.8,208.0,0.5
2025-05-08T15:30:00Z,1.45,47.5,2.7,0.0275,44.4,136.0,84.0,67.0,13.6,27.5,300.0,0.3
2025-05-08T16:30:00Z,0.875,48.7,2.83,0.0282,64.2,105.0,69.0,62.8,15.6,27.8,167.0,0.4
2025-05-08T17:30:00Z,0.97,56.4,2.67,0.0321,48.7,82.0,49.3,64.3,13.9,27.2,227.0,0.3
2025-05-08T18:30:00Z,0.965,58.4,3.0,0.0335,,218.0,60.5,70.0,11.4,25.1,58.5,0.15
2025-05-08T19:30:00Z,1.07,60.4,3.13,0.0346,17.1,153.0,57.8,71.5,12.5,24.6,192.0,0.1
2025-05-08T20:30:00Z,0.978,35.4,2.3,0.0207,24.8,70.3,47.8,71.8,11.3,24.9,109.0,0.125
2025-05-08T21:30:00Z,0.808,18.0,1.9,0.0111,42.7,46.0,37.3,70.3,9.03,25.2,263.0,0.1
2025-05-08T22:30:00Z,0.773,12.5,1.5,0.00785,49.0,31.3,28.8,70.0,8.33,25.3,251.0,0.15
2025-05-08T23:30:00Z,0.895,19.2,2.6,0.0123,26.4,39.8,33.8,72.0,11.5,25.0,176.0,0.225
2025-05-09T00:30:00Z,0.998,24.4,3.43,0.0158,26.8,89.5,73.5,70.5,16.6,25.6,43.0,0.3
2025-05-09T01:30:00Z,0.823,14.5,2.9,0.0101,83.8,108.0,82.3,66.0,17.1,26.1,106.0,0.375
2025-05-09T02:30:00Z,0.87,15.6,2.65,0.0105,76.6,67.5,48.0,61.0,10.7,27.8,67.5,0.425
2025-05-09T03:30:00Z,0.923,17.8,2.38,0.0114,89.0,54.0,40.0,53.0,10.3,30.5,192.0,0.4
2025-05-09T04:30:00Z,1.03,20.3,2.75,0.0131,104.0,53.0,39.8,48.5,10.4,32.1,178.0,0.525
2025-05-09T05:30:00Z,0.92,18.0,2.58,0.0117,106.0,51.5,39.3,45.8,9.87,32.8,184.0,0.625
2025-05-09T06:30:00Z,0.958,24.7,2.2,0.0149,103.0,54.3,42.0,46.8,11.4,33.0,136.0,0.6
2025-05-09T07:30:00Z,1.02,32.6,2.8,0.0197,94.0,59.5,40.5,44.3,10.1,33.6,132.0,0.6
2025-05-09T08:30:00Z,0.853,27.4,2.75,0.0168,101.0,59.5,42.8,41.5,8.88,34.0,51.3,0.575
2025-05-09T09:30:00Z,0.658,15.8,3.43,0.0112,102.0,53.3,40.0,39.3,8.9,34.1,288.0,0.75
2025-05-09T10:30:00Z,0.953,16.2,2.45,0.0106,122.0,42.5,32.0,40.3,8.75,34.5,324.0,0.7
2025-05-09T11:30:00Z,1.13,26.3,2.23,0.0158,122.0,43.3,30.5,46.5,9.6,33.3,171.0,0.65
2025-05-09T12:30:00Z,1.37,22.4,2.2,0.0137,122.0,61.0,39.3,55.5,13.0,31.5,178.0,0.425
2025-05-09T13:30:00Z,1.23,27.2,2.0,0.0161,106.0,79.0,54.7,59.3,13.6,30.3,356.0,0.533
2025-05-09T14:30:00Z,0.745,14.6,1.83,0.00923,108.0,76.0,59.3,58.3,15.5,29.4,264.0,0.45
2025-05-09T15:30:00Z,0.665,15.1,2.13,0.00983,92.2,49.0,39.8,60.0,14.9,28.6,93.3,0.375
2025-05-09T16:30:00Z,0.687,14.3,2.28,0.00945,83.0,34.3,31.5,60.8,16.2,27.9,171.0,0.275
2025-05-09T17:30:00Z,0.81,14.3,2.13,0.00933,70.1,33.0,33.7,63.7,16.5,27.0,164.0,0.1
2025-05-09T18:30:00Z,0.82,10.3,1.8,0.007,,45.5,36.5,58.0,14.6,28.6,180.0,0.4
2025-05-09T19:30:00Z,0.81,7.58,1.7,0.00543,82.0,41.5,31.8,60.3,11.4,27.5,290.0,0.175
2025-05-09T20:30:00Z,0.905,11.0,1.53,0.00708,64.3,32.3,26.5,65.8,11.1,26.0,168.0,0.125
2025-05-09T21:30:00Z,0.908,9.95,2.25,0.0071,67.8,25.0,24.0,66.3,11.8,25.8,200.0,0.15
2025-05-09T22:30:00Z,0.965,13.1,2.18,0.00873,53.8,33.0,26.8,68.8,13.9,25.2,176.0,0.25
2025-05-09T23:30:00Z,1.04,21.1,2.9,0.0136,35.2,47.8,35.5,70.5,13.8,24.8,114.0,0.225
2025-05-10T00:30:00Z,1.16,40.4,6.78,0.027,17.5,58.8,40.0,70.5,12.4,25.1,84.0,0.15
2025-05-10T01:30:00Z,1.14,27.4,4.9,0.0186,51.6,92.3,45.3,61.5,13.0,27.3,83.3,0.275
2025-05-10T02:30:00Z,1.04,15.0,2.4,0.00993,88.0,111.0,45.5,53.0,13.9,28.6,262.0,0.45
2025-05-10T03:30:00Z,1.01,12.2,2.47,0.0085,106.0,44.7,25.0,48.3,14.1,30.7,323.0,0.533
2025-05-10T04:30:00Z,1.09,14.1,1.93,0.00903,135.0,30.8,23.0,46.8,13.7,31.9,250.0,0.8
2025-05-10T05:30:00Z,0.973,14.2,1.87,0.0091,148.0,38.0,25.7,46.7,14.8,32.0,331.0,0.967
2025-05-10T06:30:00Z,0.87,24.2,3.85,0.016,105.0,52.5,29.0,47.5,11.8,30.5,169.0,1.13
2025-05-10T07:30:00Z,0.825,27.9,3.8,0.0179,89.4,54.5,24.8,47.8,10.9,30.8,110.0,0.725
2025-05-10T08:30:00Z,0.675,22.7,3.63,0.0151,90.4,38.8,21.3,44.0,9.85,32.0,134.0,0.6
2025-05-10T09:30:00Z,0.69,15.1,2.53,0.0101,115.0,27.8,23.5,51.8,9.73,30.7,219.0,0.6
2025-05-10T10:30:00Z,0.965,16.4,2.15,0.0105,116.0,44.3,26.8,65.5,10.0,27.2,201.0,0.55
2025-05-10T11:30:00Z,1.16,30.6,2.1,0.018,115.0,63.0,35.5,63.3,11.7,28.2,171.0,0.725
2025-05-10T12:30:00Z,0.893,32.4,3.13,0.0198,115.0,54.3,35.5,60.5,14.9,28.7,196.0,0.375
2025-05-10T13:30:00Z,1.01,27.6,1.78,0.0162,96.1,41.8,30.5,62.8,14.3,28.4,209.0,0.575
2025-05-10T14:30:00Z,0.895,18.8,2.13,0.0117,83.4,37.8,30.3,66.0,15.7,27.6,201.0,0.65
2025-05-10T15:30:00Z,0.898,21.6,2.15,0.0133,63.5,43.0,33.0,68.8,20.5,26.8,143.0,0.35
2025-05-10T16:30:00Z,0.927,24.3,2.38,0.0149,43.4,49.8,36.5,71.5,13.9,25.8,227.0,0.175
2025-05-10T17:30:00Z,1.01,24.1,2.07,0.0145,30.2,57.3,39.0,74.0,13.5,25.0,21.0,0.1
2025-05-10T18:30:00Z,0.895,17.5,2.15,0.011,,58.0,35.5,75.0,12.9,24.4,339.0,0.25
2025-05-10T19:30:00Z,0.65,14.6,2.25,0.00955,44.2,58.0,35.0,75.0,13.4,24.2,179.0,0.2
2025-05-10T20:30:00Z,1.01,15.8,1.7,0.00975,36.4,56.0,35.0,77.0,20.1,23.8,346.0,0.2
2025-05-10T21:30:00Z,1.03,17.7,2.33,0.0113,28.4,64.3,40.8,79.5,21.9,23.2,317.0,0.2
2025-05-10T22:30:00Z,1.05,18.5,2.18,0.0116,22.7,73.0,48.0,80.3,19.8,23.0,256.0,0.25
2025-05-10T23:30:00Z,1.04,21.9,2.5,0.0137,17.3,67.5,45.3,79.8,18.1,23.0,249.0,0.25
2025-05-11T00:30:00Z,0.887,21.8,3.85,0.0147,26.1,56.0,43.5,71.3,21.1,24.1,106.0,0.2
2025-05-11T01:30:00Z,0.84,17.8,3.33,0.0122,57.9,49.3,43.5,60.8,28.9,26.2,98.3,0.325
2025-05-11T02:30:00Z,0.82,14.1,2.43,0.00945,80.1,43.3,35.3,55.3,26.0,28.4,346.0,0.55
2025-05-11T03:30:00Z,0.735,10.5,2.15,0.0073,116.0,35.3,27.5,47.0,19.6,30.7,260.0,0.65
2025-05-11T04:30:00Z,0.785,9.98,1.75,0.0067,138.0,28.3,20.3,44.8,18.7,32.0,345.0,0.825
2025-05-11T05:30:00Z,0.83,11.6,2.15,0.00793,141.0,28.0,18.8,42.3,20.3,33.1,343.0,0.9
2025-05-11T06:30:00Z,0.76,11.5,2.08,0.0078,126.0,30.5,22.3,37.8,10.9,34.3,238.0,0.975
2025-05-11T07:30:00Z,0.685,12.0,2.03,0.008,131.0,30.0,19.5,35.0,9.65,35.3,350.0,0.875
2025-05-11T08:30:00Z,0.607,11.5,2.63,0.00825,136.0,28.8,20.0,33.3,8.1,35.8,102.0,0.75
2025-05-11T09:30:00Z,0.758,10.5,2.2,0.00733,139.0,21.5,18.3,32.8,7.55,35.3,265.0,0.975
2025-05-11T10:30:00Z,0.758,9.18,1.93,0.00645,169.0,22.8,15.5,33.5,8.45,35.3,354.0,0.725
2025-05-11T11:30:00Z,0.993,16.3,1.88,0.0102,165.0,35.5,21.8,40.0,10.1,34.0,345.0,0.35
2025-05-11T12:30:00Z,1.36,37.1,2.48,0.0217,116.0,48.8,35.3,45.8,12.5,32.7,306.0,0.1
2025-05-11T13:30:00Z,1.59,73.0,2.93,0.0412,64.0,65.8,48.0,47.3,14.5,31.8,322.0,0.5
2025-05-11T14:30:00Z,0.98,21.7,2.08,0.0132,127.0,92.5,60.3,46.8,12.9,29.3,270.0,0.875
2025-05-11T15:30:00Z,1.06,14.7,1.78,0.00925,138.0,94.0,60.3,57.0,11.4,27.3,22.5,1.0
2025-05-11T16:30:00Z,0.763,9.83,1.8,0.0067,148.0,81.8,51.0,59.5,9.53,26.0,23.3,0.625
2025-05-11T17:30:00Z,0.695,9.0,1.97,0.00643,144.0,72.3,40.3,53.0,10.7,26.5,95.0,0.6
2025-05-11T18:30:00Z,0.745,8.1,1.95,0.00595,,24.0,16.5,49.5,13.5,27.3,107.0,0.6
2025-05-11T19:30:00Z,0.808,7.58,1.28,0.00503,139.0,23.5,16.5,52.3,15.7,27.0,218.0,0.825
2025-05-11T20:30:00Z,0.888,11.2,1.68,0.00733,117.0,27.3,18.0,54.5,18.8,25.7,191.0,0.3
2025-05-11T21:30:00Z,0.947,11.4,2.07,0.00773,103.0,27.7,19.7,58.0,17.6,25.2,251.0,0.567
2025-05-11T22:30:00Z,0.94,10.9,1.4,0.00695,102.0,27.0,19.5,62.5,19.7,24.0,44.5,0.35
2025-05-11T23:30:00Z,1.01,26.2,2.2,0.0158,67.5,31.5,23.5,65.5,17.3,24.3,127.0,0.35
2025-05-12T00:30:00Z,1.13,36.5,4.28,0.0229,59.5,34.0,27.5,60.3,15.0,25.1,122.0,0.4
2025-05-12T01:30:00Z,1.06,23.0,3.38,0.015,93.8,31.3,24.0,53.5,13.5,27.7,167.0,0.35
2025-05-12T02:30:00Z,1.06,18.6,2.68,0.0121,128.0,37.3,25.0,48.5,15.5,28.8,304.0,0.55
2025-05-12T03:30:00Z,1.0,14.7,2.35,0.00973,136.0,45.0,28.0,47.5,14.6,29.8,308.0,0.675
2025-05-12T04:30:00Z,1.08,13.4,2.08,0.0088,,44.0,28.5,46.0,17.0,31.0,324.0,0.925
2025-05-12T05:30:00Z,1.0,16.0,1.8,0.00995,85.1,48.8,33.3,42.8,17.1,32.3,94.3,0.775
2025-05-12T06:30:00Z,0.92,16.7,2.57,0.0109,153.0,55.0,39.3,38.7,19.8,33.2,347.0,0.933
2025-05-12T07:30:00Z,0.673,12.7,2.37,0.00867,154.0,50.0,34.7,31.7,11.4,34.1,231.0,1.07
2025-05-12T08:30:00Z,0.457,9.23,2.17,0.00673,153.0,26.3,15.0,29.0,8.97,34.6,120.0,0.967
2025-05-12T09:30:00Z,0.478,10.8,1.8,0.00723,164.0,23.3,14.0,29.5,10.1,35.2,93.5,0.75
2025-05-12T10:30:00Z,0.547,9.77,2.03,0.00687,188.0,26.7,17.0,31.7,12.7,35.2,235.0,0.9
2025-05-12T11:30:00Z,0.61,13.4,1.8,0.0086,194.0,27.0,18.7,34.3,12.4,34.9,349.0,0.867
2025-05-12T12:30:00Z,0.963,22.0,2.23,0.0135,164.0,28.5,21.3,38.5,14.0,33.2,239.0,0.45
2025-05-12T13:30:00Z,1.25,34.4,2.3,0.0202,128.0,32.0,25.0,41.0,16.1,31.4,353.0,0.2
2025-05-12T14:30:00Z,1.79,72.6,3.1,0.0411,52.0,63.3,42.0,48.7,16.8,29.4,331.0,0.233
2025-05-12T15:30:00Z,2.04,76.5,5.05,0.0448,29.0,79.0,57.3,53.8,19.7,28.1,212.0,0.2
2025-05-12T16:30:00Z,2.31,99.2,27.8,0.0753,5.17,91.0,66.3,57.7,17.4,27.3,82.0,0.133
2025-05-12T17:30:00Z,1.72,84.9,11.6,0.0546,8.2,88.5,65.0,60.5,16.2,26.8,77.5,0.15
2025-05-12T18:30:00Z,0.7,34.3,2.1,0.0199,,57.0,47.0,61.0,25.9,25.9,78.0,0.2
2025-05-12T19:30:00Z,0.64,41.7,2.48,0.0242,40.9,56.8,47.0,63.0,23.2,25.3,55.3,0.125
2025-05-12T20:30:00Z,0.487,24.4,2.33,0.0149,60.4,52.3,43.7,63.0,21.8,24.8,230.0,0.133
2025-05-12T21:30:00Z,0.64,21.3,1.83,0.0129,53.1,41.8,37.8,65.5,31.7,24.7,324.0,0.475
2025-05-12T22:30:00Z,0.853,22.0,2.1,0.0134,61.2,62.3,56.3,61.0,27.0,25.3,75.3,0.333
2025-05-12T23:30:00Z,0.935,36.9,3.5,0.0225,39.9,77.8,68.0,62.8,25.2,25.3,112.0,0.375
2025-05-13T00:30:00Z,0.817,44.7,6.17,0.0288,41.1,80.7,69.0,60.0,24.4,26.0,116.0,0.333
2025-05-13T01:30:00Z,1.08,30.5,3.98,0.0194,92.2,76.0,62.5,52.0,25.9,28.2,145.0,0.3
2025-05-13T02:30:00Z,0.89,21.9,2.15,0.0134,143.0,75.3,57.3,47.8,27.9,28.8,350.0,0.7
2025-05-13T03:30:00Z,0.85,19.6,2.1,0.0121,153.0,77.0,58.0,46.0,32.0,30.9,186.0,0.65
2025-05-13T05:30:00Z,0.9,14.3,2.6,0.0097,177.0,65.0,43.0,36.0,16.2,34.2,355.0,0.8
2025-05-13T06:30:00Z,0.885,14.5,1.95,0.0093,172.0,57.3,40.5,33.8,14.8,35.2,259.0,0.775
2025-05-13T07:30:00Z,0.803,14.5,2.0,0.00933,137.0,51.8,36.0,33.0,15.1,36.1,266.0,0.875
2025-05-13T08:30:00Z,0.683,14.7,1.83,0.00928,143.0,58.0,35.0,32.0,15.6,36.1,352.0,0.95
2025-05-13T09:30:00Z,0.488,12.0,2.35,0.00825,138.0,56.3,34.0,30.8,11.9,36.5,177.0,0.8
2025-05-13T10:30:00Z,0.438,11.9,2.23,0.00813,162.0,52.0,31.0,31.0,11.2,36.8,12.8,0.525
2025-05-13T11:30:00Z,1.11,17.6,2.1,0.0111,162.0,51.5,29.5,32.8,12.3,35.8,268.0,0.525
2025-05-13T12:30:00Z,1.55,42.3,2.23,0.0243,127.0,58.8,33.8,38.0,14.3,34.0,349.0,0.3
2025-05-13T13:30:00Z,1.81,68.0,2.28,0.038,75.0,78.5,49.0,45.0,17.2,33.4,307.0,0.45
2025-05-13T14:30:00Z,1.16,35.3,2.08,0.0205,83.3,123.0,72.0,46.5,19.7,32.0,331.0,1.23
2025-05-13T15:30:00Z,1.01,32.9,2.78,0.0197,80.8,131.0,70.5,47.5,15.2,30.4,123.0,0.5
2025-05-13T16:30:00Z,1.08,37.7,2.75,0.0223,61.9,96.0,55.5,49.8,18.5,29.6,170.0,0.375
2025-05-13T17:30:00Z,1.04,34.3,2.37,0.0201,58.9,87.7,56.0,51.3,22.1,28.8,135.0,0.3
2025-05-13T18:30:00Z,0.725,24.2,1.8,0.0144,,82.0,49.5,54.5,18.4,27.9,192.0,0.35
2025-05-13T19:30:00Z,0.95,25.3,2.08,0.0152,56.7,76.8,49.5,54.0,23.2,27.5,189.0,0.425
2025-05-13T20:30:00Z,0.898,18.5,2.18,0.0116,60.6,68.5,46.5,55.8,35.9,26.8,145.0,0.25
2025-05-13T21:30:00Z,0.94,20.7,2.25,0.0129,46.8,66.0,43.0,59.5,40.7,25.8,189.0,0.2
2025-05-13T22:30:00Z,1.04,21.8,1.7,0.013,41.4,70.5,50.5,62.0,65.5,25.1,295.0,0.1
2025-05-13T23:30:00Z,1.09,38.6,6.7,0.026,23.1,76.8,53.8,62.3,57.7,25.6,143.0,0.325
2025-05-14T00:30:00Z,1.22,35.0,5.8,0.0233,43.2,73.7,52.0,58.3,37.5,26.3,160.0,0.333
2025-05-14T01:30:00Z,1.18,28.6,3.5,0.0181,80.3,74.3,49.0,53.8,34.7,27.6,178.0,0.425
2025-05-14T02:30:00Z,0.985,24.0,2.85,0.0151,114.0,75.8,46.5,48.8,28.5,29.1,251.0,0.425
2025-05-14T03:30:00Z,0.895,19.4,2.33,0.0122,135.0,67.5,44.0,44.5,22.5,30.7,259.0,0.525
2025-05-14T04:30:00Z,0.983,16.8,2.68,0.0111,160.0,67.8,41.0,40.3,18.8,32.4,310.0,0.6
2025-05-14T05:30:00Z,0.92,16.4,2.3,0.0106,175.0,70.5,35.0,34.8,15.7,34.5,345.0,0.85
2025-05-14T06:30:00Z,0.678,19.3,2.6,0.0124,94.7,63.8,33.0,29.5,12.2,36.1,183.0,0.875
2025-05-14T07:30:00Z,0.897,29.4,2.77,0.0178,,51.8,27.3,26.5,11.6,37.3,7.0,0.8
2025-05-14T08:30:00Z,0.827,26.5,1.77,0.0155,8.1,44.7,20.7,27.3,10.4,36.9,350.0,1.07
2025-05-14T09:30:00Z,0.853,16.2,1.65,0.00998,73.7,45.5,22.0,27.8,12.1,37.1,266.0,0.9
2025-05-14T10:30:00Z,0.785,14.2,2.1,0.00925,128.0,47.0,21.5,29.5,11.6,37.3,264.0,0.9
2025-05-14T11:30:00Z,1.0,19.2,1.93,0.0117,149.0,47.5,26.3,30.5,12.4,36.6,268.0,0.6
2025-05-14T12:30:00Z,1.47,36.3,2.23,0.0211,122.0,55.0,34.5,34.8,14.6,34.7,347.0,0.375
2025-05-14T13:30:00Z,2.04,66.6,1.95,0.0371,82.4,84.8,60.3,39.3,22.2,32.7,343.0,0.325
2025-05-14T14:30:00Z,1.82,48.0,2.48,0.0276,90.1,104.0,78.0,41.3,17.9,31.8,338.0,0.225
2025-05-14T15:30:00Z,2.04,70.9,2.87,0.04,56.4,96.7,65.3,45.3,23.2,30.6,155.0,0.167
2025-05-14T16:30:00Z,1.8,55.8,2.68,0.0319,72.5,85.5,59.0,47.8,19.1,29.8,133.0,0.3
2025-05-14T17:30:00Z,1.37,37.5,2.43,0.022,103.0,71.3,54.0,46.0,20.1,30.2,250.0,0.467
2025-05-14T18:30:00Z,1.06,33.8,2.6,0.0201,,72.0,55.5,53.0,18.9,27.7,229.0,0.2
2025-05-14T19:30:00Z,1.11,33.1,2.45,0.0196,74.2,73.5,56.8,53.5,22.1,27.5,161.0,0.25
2025-05-14T20:30:00Z,1.05,21.2,2.1,0.013,70.9,94.3,63.8,53.5,21.1,27.2,336.0,0.25
2025-05-14T21:30:00Z,1.09,20.3,1.83,0.0123,78.9,113.0,71.0,52.7,33.6,27.0,228.0,0.233
2025-05-14T22:30:00Z,1.22,23.7,2.18,0.0144,71.5,111.0,70.5,54.5,55.7,26.3,255.0,0.125
2025-05-14T23:30:00Z,1.31,44.6,2.68,0.0259,47.2,102.0,67.5,58.5,37.9,25.6,143.0,0.1
2025-05-15T00:30:00Z,1.34,78.3,18.4,0.0566,21.8,87.0,66.0,57.7,42.6,27.1,77.5,0.1
2025-05-15T01:30:00Z,1.25,58.7,5.45,0.0356,67.3,83.8,64.5,50.3,47.7,29.3,275.0,0.15
2025-05-15T02:30:00Z,1.24,53.4,3.47,0.0313,113.0,81.0,56.0,43.7,33.0,32.1,270.0,0.433
2025-05-15T03:30:00Z,0.988,34.3,2.88,0.0206,146.0,78.5,54.3,38.5,26.7,33.8,336.0,0.675
2025-05-15T04:30:00Z,0.89,20.6,2.5,0.013,,77.5,53.5,31.5,20.5,36.1,352.0,0.725
2025-05-15T05:30:00Z,1.04,20.9,1.95,0.0127,75.8,79.3,48.0,28.8,19.4,37.1,177.0,0.825
2025-05-15T06:30:00Z,0.953,20.0,1.93,0.0122,109.0,73.3,40.3,27.3,15.5,37.7,269.0,0.975
2025-05-15T07:30:00Z,0.873,18.0,2.0,0.0113,130.0,61.5,34.0,26.8,15.7,38.0,347.0,1.13
2025-05-15T08:30:00Z,0.923,18.0,1.78,0.011,144.0,56.5,33.8,27.0,16.3,38.3,352.0,1.03
2025-05-15T09:30:00Z,0.945,16.4,1.88,0.0102,182.0,64.0,36.3,27.8,16.6,38.3,346.0,1.25
2025-05-15T10:30:00Z,0.893,16.9,1.98,0.0106,211.0,82.8,44.3,30.8,19.5,38.4,353.0,1.05
2025-05-15T11:30:00Z,0.83,18.8,2.2,0.0118,206.0,89.7,49.3,33.3,20.0,37.8,351.0,0.767
2025-05-15T12:30:00Z,1.51,40.2,2.7,0.0235,135.0,94.8,55.5,38.3,19.9,35.6,262.0,0.2
2025-05-15T13:30:00Z,2.0,63.5,2.45,0.0358,90.3,104.0,63.8,43.5,20.9,33.7,311.0,0.175
2025-05-15T14:30:00Z,2.74,146.0,12.9,0.0882,13.4,117.0,78.3,48.3,24.6,32.5,252.0,0.15
2025-05-15T15:30:00Z,2.3,106.0,5.08,0.0606,55.9,123.0,84.3,48.3,27.8,32.2,345.0,0.35
2025-05-15T16:30:00Z,1.28,16.2,2.7,0.0108,156.0,117.0,81.0,45.0,26.8,30.4,56.0,1.5
2025-05-16T03:30:00Z,1.02,32.9,2.0,0.0191,130.0,49.0,33.0,41.0,18.0,31.9,206.0,0.3
2025-05-16T13:30:00Z,2.58,155.0,48.0,0.121,13.1,51.8,28.8,52.3,13.3,31.8,176.0,0.3
2025-05-16T14:30:00Z,2.06,139.0,26.8,0.0955,12.0,65.0,35.5,55.0,16.7,30.4,271.0,0.125
2025-05-16T15:30:00Z,2.04,128.0,10.9,0.0768,7.58,70.8,38.5,57.0,19.6,30.1,230.0,0.175
2025-05-16T16:30:00Z,1.64,115.0,12.9,0.0716,7.43,81.3,47.3,56.0,38.4,30.0,165.0,0.3
2025-05-16T17:30:00Z,1.14,74.4,4.07,0.0429,23.6,92.0,58.3,56.7,54.9,29.3,151.0,0.233
2025-05-16T18:30:00Z,0.68,63.8,4.0,0.0372,,67.0,45.5,60.5,18.6,27.4,108.0,0.2
2025-05-16T19:30:00Z,0.993,34.6,2.65,0.0205,59.7,56.3,39.3,57.3,13.7,27.4,188.0,0.2
2025-05-16T20:30:00Z,1.15,39.0,2.68,0.0229,38.5,43.3,31.0,60.0,20.1,27.1,193.0,0.35
2025-05-16T21:30:00Z,0.96,36.6,2.63,0.0216,53.5,54.7,39.3,54.7,23.4,27.4,136.0,0.4
2025-05-16T22:30:00Z,0.783,23.5,2.25,0.0143,84.1,47.0,32.5,51.0,13.3,27.2,142.0,0.35
2025-05-16T23:30:00Z,0.89,28.2,2.07,0.0167,88.1,30.3,18.7,49.7,10.5,27.6,136.0,0.533
2025-05-17T00:30:00Z,1.17,39.7,2.7,0.0233,75.9,35.3,20.5,47.3,10.4,28.7,139.0,0.55
2025-05-17T01:30:00Z,1.3,45.4,3.15,0.0267,88.5,45.3,26.0,48.3,11.7,29.8,203.0,0.35
2025-05-17T02:30:00Z,1.18,34.9,3.1,0.0211,110.0,52.8,31.5,44.3,19.9,31.4,227.0,0.3
2025-05-17T03:30:00Z,0.9,27.4,2.73,0.0168,127.0,55.0,32.5,39.8,22.8,33.1,197.0,0.625
2025-05-17T04:30:00Z,0.91,21.3,3.03,0.0138,133.0,56.5,29.5,38.8,16.9,34.1,218.0,0.75
2025-05-17T05:30:00Z,0.923,22.0,2.23,0.0135,138.0,57.5,28.0,36.3,18.6,34.6,234.0,0.825
2025-05-17T06:30:00Z,0.928,22.6,2.48,0.014,131.0,54.3,31.0,34.0,14.3,35.6,269.0,0.775
2025-05-17T07:30:00Z,0.987,24.3,2.33,0.0149,140.0,53.0,31.8,31.0,14.3,36.7,242.0,0.575
2025-05-17T08:30:00Z,1.05,23.5,2.4,0.0145,167.0,58.3,31.5,31.3,16.2,37.0,222.0,0.55
2025-05-17T09:30:00Z,1.16,23.6,2.03,0.0142,197.0,65.8,35.5,31.5,16.2,37.6,228.0,0.475
2025-05-17T10:30:00Z,1.14,27.6,2.23,0.0165,231.0,69.0,37.0,33.0,17.2,38.6,151.0,0.3
2025-05-17T11:30:00Z,1.12,35.5,2.35,0.0208,204.0,72.0,37.0,38.3,15.6,37.2,307.0,0.2
2025-05-17T12:30:00Z,1.6,106.0,2.73,0.0584,115.0,72.5,40.5,43.0,14.4,34.7,323.0,0.15
2025-05-17T13:30:00Z,2.33,187.0,6.63,0.105,31.9,73.0,46.0,48.5,16.7,32.6,270.0,0.125
2025-05-17T14:30:00Z,3.32,189.0,57.5,0.147,10.7,91.0,55.8,51.3,17.6,32.9,194.0,0.325
2025-05-17T15:30:00Z,1.62,68.1,2.5,0.0382,81.4,114.0,66.5,48.5,39.7,32.8,198.0,0.4
2025-05-17T16:30:00Z,1.3,72.8,2.73,0.041,58.1,120.0,73.8,51.3,42.4,31.8,182.0,0.225
2025-05-17T17:30:00Z,1.31,76.7,2.2,0.0427,51.1,103.0,69.0,54.5,23.0,30.7,74.5,0.15
2025-05-17T18:30:00Z,0.945,59.9,2.7,0.0341,,82.0,57.0,54.0,32.2,30.6,168.0,0.4
2025-05-17T19:30:00Z,0.767,23.1,1.9,0.0139,121.0,88.3,68.3,48.8,27.8,30.9,165.0,0.475
2025-05-17T20:30:00Z,0.75,17.7,1.53,0.0107,131.0,68.0,55.0,45.3,13.9,31.2,159.0,0.375
2025-05-17T21:30:00Z,0.748,20.4,1.98,0.0124,119.0,37.8,26.0,47.0,11.5,30.4,157.0,0.3
2025-05-17T22:30:00Z,0.775,27.0,2.25,0.0162,105.0,36.0,24.0,49.0,10.3,29.7,163.0,0.3
2025-05-17T23:30:00Z,0.927,25.8,1.93,0.0153,95.7,36.0,25.0,50.8,13.6,29.4,186.0,0.425
2025-05-18T00:30:00Z,1.06,29.3,2.13,0.0173,92.0,40.8,30.8,51.3,25.7,29.6,184.0,0.65
2025-05-18T01:30:00Z,1.14,20.1,2.2,0.0125,126.0,48.5,37.5,49.8,32.5,30.6,189.0,1.0
2025-05-18T02:30:00Z,1.04,13.2,2.08,0.0087,139.0,67.8,38.5,49.0,18.3,31.0,182.0,1.58
2025-05-18T03:30:00Z,0.955,11.5,2.25,0.0079,132.0,78.3,36.5,48.5,12.3,31.7,174.0,1.4
2025-05-18T04:30:00Z,1.01,13.9,2.23,0.00918,127.0,70.8,33.5,47.8,11.9,32.1,178.0,1.3
2025-05-18T05:30:00Z,1.06,14.3,1.58,0.00883,127.0,69.8,32.5,48.5,12.1,32.6,176.0,1.35
2025-05-18T06:30:00Z,1.03,15.6,2.03,0.00993,124.0,67.3,33.3,47.7,12.0,33.3,178.0,1.1
2025-05-18T07:30:00Z,1.08,19.8,2.18,0.0122,131.0,67.5,36.5,46.5,14.5,34.3,175.0,0.925
2025-05-18T08:30:00Z,1.06,19.2,2.13,0.0119,143.0,70.5,42.5,44.0,15.6,35.3,211.0,0.6
2025-05-18T09:30:00Z,1.07,16.7,1.68,0.0103,154.0,67.3,43.0,43.8,15.2,35.6,203.0,0.525
2025-05-18T10:30:00Z,1.04,18.9,1.65,0.0114,171.0,60.0,38.0,45.0,16.5,36.0,177.0,0.425
2025-05-18T11:30:00Z,1.17,25.8,2.03,0.0154,157.0,61.8,38.8,46.8,14.9,35.6,182.0,0.375
2025-05-18T12:30:00Z,1.55,45.5,2.3,0.0261,117.0,66.3,42.0,49.0,15.6,34.8,192.0,0.35
2025-05-18T13:30:00Z,1.71,61.9,2.43,0.0349,82.7,73.3,44.0,51.5,14.8,33.7,191.0,0.4
2025-05-18T14:30:00Z,1.58,46.3,2.07,0.0263,81.6,84.0,48.7,56.3,13.8,32.7,183.0,0.733
2025-05-18T15:30:00Z,1.16,22.6,1.78,0.0135,103.0,95.5,49.8,60.8,16.8,31.9,178.0,0.825
2025-05-18T16:30:00Z,1.09,17.8,1.95,0.0111,107.0,80.5,45.5,62.0,18.9,31.5,174.0,0.875
2025-05-19T03:30:00Z,1.02,19.4,2.65,0.0125,80.9,91.5,48.0,61.5,10.5,30.8,169.0,0.75
2025-05-19T07:30:00Z,1.06,17.1,2.13,0.0108,115.0,61.3,36.0,46.7,15.3,35.2,254.0,0.7
2025-05-19T08:30:00Z,1.08,16.2,1.68,0.00995,153.0,63.8,50.0,46.3,16.6,36.1,268.0,0.6
2025-05-19T09:30:00Z,1.0,15.0,2.2,0.00975,155.0,71.0,,44.0,15.7,36.3,305.0,0.6
2025-05-19T10:30:00Z,1.06,17.3,1.4,0.0103,184.0,62.0,59.0,46.0,16.8,36.9,291.0,0.6
2025-05-19T11:30:00Z,0.843,22.4,1.73,0.0133,170.0,65.3,60.5,46.3,15.1,36.5,304.0,0.4
2025-05-19T12:30:00Z,1.54,64.8,2.8,0.0367,104.0,71.3,62.5,51.5,16.4,35.1,1.0,0.1
2025-05-19T13:30:00Z,2.11,135.0,3.4,0.0743,30.8,79.3,70.8,55.8,17.1,33.3,315.0,0.1
2025-05-19T14:30:00Z,2.25,129.0,8.08,0.0751,27.2,90.0,82.0,57.3,19.7,32.6,247.0,0.125
2025-05-19T15:30:00Z,1.84,66.0,2.0,0.0368,75.6,93.5,85.0,58.8,29.7,31.9,300.0,0.125
2025-05-19T16:30:00Z,1.0,40.1,2.0,0.023,103.0,91.3,85.7,59.3,40.8,31.4,215.0,0.1
2025-05-19T17:30:00Z,0.965,30.9,2.23,0.0183,118.0,86.3,81.0,59.0,35.7,31.4,53.0,0.133
2025-05-19T18:30:00Z,0.83,24.5,2.75,0.0153,,74.5,70.0,59.5,22.8,31.5,178.0,0.75
2025-05-19T19:30:00Z,0.997,15.6,1.33,0.0094,71.9,93.0,77.3,67.0,15.7,30.5,174.0,0.975
2025-05-19T20:30:00Z,1.05,10.7,1.83,0.00717,73.6,114.0,78.0,66.7,9.13,30.3,169.0,1.23
2025-05-19T21:30:00Z,1.16,9.58,1.85,0.00658,63.1,116.0,76.0,68.3,7.93,29.9,169.0,1.28
2025-05-19T22:30:00Z,1.04,7.6,1.9,0.0056,67.9,110.0,73.0,69.0,7.4,29.6,170.0,1.13
2025-05-19T23:30:00Z,1.2,10.4,1.5,0.00678,80.1,93.0,64.3,69.0,8.18,29.5,165.0,1.08
2025-05-20T00:30:00Z,1.06,11.8,1.58,0.00755,96.6,92.0,65.0,68.8,9.0,29.7,168.0,1.18
2025-05-20T01:30:00Z,1.07,14.4,1.98,0.00925,101.0,87.0,62.3,67.3,10.7,29.6,173.0,1.25
2025-05-20T02:30:00Z,1.08,14.5,2.05,0.00935,105.0,89.8,63.8,65.0,12.1,30.3,174.0,1.08
2025-05-20T03:30:00Z,1.08,15.6,2.73,0.0105,95.5,98.5,48.5,62.5,9.83,31.6,179.0,0.775
2025-05-20T04:30:00Z,1.21,14.5,2.35,0.0096,98.6,99.3,47.0,59.3,7.4,32.6,184.0,0.775
2025-05-20T05:30:00Z,1.14,16.6,2.08,0.0105,109.0,104.0,54.3,55.5,8.43,33.8,228.0,0.675
2025-05-20T06:30:00Z,1.03,14.8,1.65,0.0092,132.0,98.5,56.3,52.0,11.4,34.5,298.0,0.85
2025-05-20T07:30:00Z,1.07,15.3,1.97,0.0097,127.0,81.0,47.0,47.7,13.8,35.8,317.0,0.833
2025-05-20T08:30:00Z,0.88,13.3,0.9,0.0078,160.0,82.5,46.0,41.0,14.5,37.4,327.0,0.85
2025-05-20T09:30:00Z,0.885,12.3,2.05,0.0082,184.0,83.0,46.0,40.0,16.1,37.5,325.0,1.05
2025-05-20T10:30:00Z,0.9,12.5,1.8,0.00815,210.0,67.0,42.0,39.5,16.4,38.3,332.0,0.95
2025-05-20T11:30:00Z,0.98,19.1,1.53,0.0114,204.0,72.5,47.0,44.3,14.4,37.7,338.0,0.575
2025-05-20T12:30:00Z,1.22,23.2,1.95,0.0139,181.0,81.3,56.8,48.5,12.9,36.3,331.0,0.35
2025-05-20T13:30:00Z,1.45,35.8,2.4,0.021,134.0,85.0,62.0,51.5,11.9,35.2,332.0,0.2
2025-05-20T15:30:00Z,1.51,69.9,3.3,0.0399,57.6,126.0,75.0,60.0,22.4,32.7,176.0,0.15
2025-05-20T16:30:00Z,1.15,45.6,2.43,0.0263,85.1,118.0,72.5,60.0,22.9,33.2,154.0,0.6
2025-05-20T17:30:00Z,0.965,15.4,1.97,0.00973,105.0,109.0,63.7,64.0,18.0,32.8,184.0,0.7
2025-05-20T18:30:00Z,1.0,13.2,2.0,0.00865,,112.0,51.0,66.0,18.8,32.4,174.0,0.8
2025-05-20T19:30:00Z,0.983,10.9,1.9,0.0073,87.8,107.0,50.5,66.0,14.0,32.0,180.0,0.975
2025-05-20T20:30:00Z,1.16,8.95,1.83,0.00625,85.1,100.0,49.0,65.3,8.18,31.8,177.0,1.1
2025-05-20T21:30:00Z,1.24,9.55,1.7,0.00648,84.4,101.0,49.5,65.8,7.65,31.5,172.0,1.18
2025-05-20T22:30:00Z,1.2,7.35,2.1,0.00563,83.5,102.0,50.5,66.8,6.98,31.0,167.0,1.15
2025-05-20T23:30:00Z,1.33,8.63,1.6,0.0059,94.0,87.3,46.5,66.8,7.35,31.1,167.0,1.05
2025-05-21T00:30:00Z,0.983,11.3,1.88,0.00753,108.0,74.5,42.5,65.8,9.05,31.2,171.0,1.2
2025-05-21T01:30:00Z,0.975,13.8,2.33,0.00923,109.0,73.3,40.3,64.3,10.2,31.3,168.0,1.28
2025-05-21T02:30:00Z,1.06,17.0,2.48,0.0111,106.0,74.8,40.0,62.3,11.9,32.0,170.0,0.95
2025-05-21T03:30:00Z,0.98,19.3,2.6,0.0124,102.0,79.3,41.3,59.3,11.2,32.4,174.0,1.0
2025-05-21T05:30:00Z,1.06,19.6,2.4,0.0124,,76.0,43.0,54.0,11.5,34.6,171.0,0.7
2025-05-21T06:30:00Z,1.08,17.9,1.63,0.0108,119.0,75.0,42.5,52.5,12.7,35.0,228.0,0.725
2025-05-21T07:30:00Z,1.1,17.6,2.33,0.0113,118.0,73.0,40.5,50.8,13.7,35.8,238.0,0.6
2025-05-21T08:30:00Z,1.17,17.8,2.38,0.0114,140.0,76.3,41.5,51.0,13.0,36.3,235.0,0.775
2025-05-21T09:30:00Z,1.33,22.7,1.9,0.0136,156.0,81.0,44.0,56.0,11.4,36.1,180.0,0.6
2025-05-21T10:30:00Z,0.88,28.2,3.8,0.0181,95.2,267.0,52.0,71.0,13.0,24.2,113.0,1.15
2025-05-21T11:30:00Z,1.01,40.2,4.4,0.0249,77.4,155.0,36.5,76.3,11.8,23.6,115.0,1.88
2025-05-21T12:30:00Z,0.893,27.4,3.9,0.0177,107.0,19.3,14.5,60.5,10.1,26.9,166.0,1.43
2025-05-21T15:30:00Z,,,,,,,,,,28.2,,
2025-05-21T16:30:00Z,0.0,35.6,,0.0143,44.2,,,,,28.0,126.0,0.3
2025-05-21T20:30:00Z,0.0,,,,38.3,,,70.0,0.0,25.0,147.0,0.5
2025-05-21T22:30:00Z,0.0,,,,23.0,,,,0.0,25.9,170.0,0.6
2025-05-21T23:30:00Z,,,,,81.9,,,,,26.3,174.0,0.6
2025-05-22T03:30:00Z,0.0,,,,66.6,,,57.0,0.0,27.7,,
2025-05-22T04:30:00Z,0.827,20.1,1.87,0.0118,112.0,,,56.5,11.1,28.3,173.0,1.8
2025-05-22T05:30:00Z,0.97,20.7,2.83,0.0133,101.0,,20.0,55.5,10.9,29.1,171.0,1.75
2025-05-22T06:30:00Z,1.04,24.5,2.9,0.0154,95.4,36.5,20.0,54.3,11.3,29.7,172.0,1.58
2025-05-22T07:30:00Z,1.02,23.2,3.25,0.015,105.0,30.3,18.8,53.0,10.9,30.3,181.0,1.45
2025-05-22T08:30:00Z,0.99,23.8,2.6,0.0147,109.0,21.0,17.3,50.5,12.1,30.7,181.0,1.4
2025-05-22T09:30:00Z,0.99,24.9,2.4,0.0152,124.0,20.0,18.0,51.5,12.7,31.3,174.0,1.2
2025-05-22T10:30:00Z,1.04,23.0,1.7,0.0136,138.0,47.0,25.0,54.0,14.3,31.8,171.0,1.1
2025-05-22T11:30:00Z,1.05,24.0,2.2,0.0145,131.0,58.3,25.0,56.3,15.0,31.7,175.0,0.975
2025-05-22T12:30:00Z,1.18,30.2,1.9,0.0176,108.0,56.3,27.3,59.8,12.9,30.7,175.0,0.75
2025-05-22T13:30:00Z,1.15,34.6,2.85,0.0207,95.8,44.0,30.0,61.0,12.2,30.0,178.0,0.8
2025-05-22T14:30:00Z,0.995,35.4,2.4,0.0208,82.2,32.5,31.0,64.0,11.9,29.1,174.0,0.75
2025-05-22T15:30:00Z,0.92,22.8,2.75,0.0144,83.7,45.5,33.0,65.3,12.5,28.9,174.0,0.775
2025-05-22T16:30:00Z,0.937,18.0,2.37,0.0115,94.0,53.0,33.0,64.3,18.7,28.9,170.0,0.733
2025-05-22T17:30:00Z,0.88,13.1,2.2,0.0088,110.0,47.0,29.7,61.3,14.8,29.0,170.0,0.9
2025-05-22T18:30:00Z,0.875,8.35,2.1,0.0061,,27.5,19.0,65.5,12.0,28.8,170.0,1.15
2025-05-22T19:30:00Z,0.958,8.58,1.98,0.00613,125.0,39.0,26.3,67.3,14.2,28.7,166.0,1.33
2025-05-22T20:30:00Z,0.88,7.0,1.73,0.00517,109.0,52.3,32.3,68.7,11.0,28.2,169.0,1.2
2025-05-22T21:30:00Z,1.02,7.18,1.65,0.0052,94.0,53.0,30.5,70.0,8.85,28.0,165.0,1.33
2025-05-22T22:30:00Z,1.02,7.2,1.95,0.00543,89.7,57.3,33.3,70.0,8.4,27.8,165.0,1.28
2025-05-22T23:30:00Z,1.01,9.35,2.0,0.00663,85.5,60.5,32.0,70.0,8.0,27.6,169.0,1.1
2025-05-23T00:30:00Z,1.05,14.3,2.25,0.00945,92.2,73.5,36.8,69.0,11.1,27.7,171.0,1.33
2025-05-23T01:30:00Z,0.918,13.9,2.38,0.00928,107.0,77.3,40.5,68.0,12.9,28.0,169.0,1.45
2025-05-23T02:30:00Z,0.933,15.4,2.5,0.0103,109.0,59.3,32.5,66.3,11.4,28.3,171.0,1.38
2025-05-23T03:30:00Z,0.913,18.0,2.9,0.0119,104.0,36.5,20.5,63.5,10.3,29.5,170.0,1.13
2025-05-23T04:30:00Z,0.8,17.1,2.65,0.0112,109.0,37.5,22.5,60.0,8.88,30.6,174.0,1.03
2025-05-23T05:30:00Z,0.72,16.0,2.85,0.0109,113.0,39.0,24.0,56.0,8.3,31.3,172.0,1.25
2025-05-23T06:30:00Z,0.8,18.1,2.85,0.0119,108.0,22.5,18.0,50.0,9.05,32.7,171.0,1.05
2025-05-23T07:30:00Z,0.808,19.9,3.23,0.0132,112.0,23.5,17.5,47.3,8.98,33.5,175.0,0.875
2025-05-23T08:30:00Z,0.933,21.0,2.63,0.0133,111.0,25.0,17.0,46.0,10.7,34.2,187.0,0.725
2025-05-23T09:30:00Z,0.93,20.7,1.85,0.0125,123.0,25.0,17.0,44.0,11.2,34.9,193.0,0.7
2025-05-23T10:30:00Z,0.915,19.6,2.3,0.0123,165.0,32.0,22.0,45.5,14.7,35.3,172.0,0.7
2025-05-23T11:30:00Z,1.03,27.1,2.6,0.0165,151.0,33.5,21.0,47.3,14.9,34.9,166.0,0.775
2025-05-23T12:30:00Z,1.03,33.6,2.0,0.0195,133.0,34.5,22.0,49.5,14.4,33.8,179.0,0.65
2025-05-23T13:30:00Z,1.39,42.4,1.9,0.0241,112.0,34.0,24.0,53.0,12.5,32.8,182.0,0.45
2025-05-23T14:30:00Z,1.31,46.3,2.35,0.0266,82.7,59.0,37.0,58.5,11.3,31.7,172.0,0.6
2025-05-23T15:30:00Z,1.18,38.9,2.83,0.023,79.1,63.0,39.5,60.0,11.4,31.3,164.0,0.6
2025-05-23T16:30:00Z,1.06,23.7,2.13,0.0143,118.0,54.0,35.8,59.5,16.8,31.2,160.0,0.725
2025-05-23T17:30:00Z,0.91,16.1,1.73,0.00997,135.0,38.0,26.3,59.3,16.1,31.1,161.0,0.6
2025-05-23T18:30:00Z,0.88,12.3,1.65,0.0079,,,20.0,62.0,12.5,30.6,170.0,0.65
2025-05-23T19:30:00Z,0.908,10.9,2.08,0.00745,134.0,29.5,22.0,62.0,13.1,30.6,164.0,0.65
2025-05-23T20:30:00Z,0.823,10.9,1.98,0.00738,118.0,29.0,24.0,62.8,11.0,30.1,154.0,0.625
2025-05-23T21:30:00Z,0.928,10.0,1.8,0.0068,114.0,27.3,21.3,62.8,10.3,29.8,166.0,0.7
2025-05-23T22:30:00Z,0.948,9.98,1.9,0.00685,103.0,31.3,19.5,64.8,10.2,29.4,163.0,0.725
2025-05-23T23:30:00Z,0.973,13.0,1.7,0.00828,96.0,36.5,23.0,65.0,10.8,29.5,166.0,0.725
2025-05-24T00:30:00Z,1.12,15.6,2.58,0.0104,98.3,40.8,28.3,64.8,17.0,29.6,162.0,0.675
2025-05-24T01:30:00Z,1.04,16.8,2.73,0.0111,108.0,54.5,37.8,63.3,19.2,29.8,174.0,0.75
2025-05-24T02:30:00Z,0.988,15.1,2.53,0.0101,112.0,64.0,41.5,60.5,18.8,30.9,163.0,1.03
2025-05-24T03:30:00Z,0.943,15.0,2.48,0.00998,115.0,56.3,36.0,58.8,16.0,31.5,177.0,1.23
2025-05-24T04:30:00Z,0.938,15.2,2.98,0.0105,117.0,50.5,34.0,58.0,11.8,31.7,173.0,1.45
2025-05-24T05:30:00Z,1.01,13.5,2.53,0.0092,114.0,50.5,33.5,55.5,11.5,32.4,179.0,1.4
2025-05-24T06:30:00Z,0.937,14.9,2.07,0.0096,105.0,49.7,34.7,51.0,11.9,33.4,187.0,1.17
2025-05-24T07:30:00Z,0.848,16.4,2.3,0.0106,100.0,47.5,33.3,48.5,11.0,33.8,174.0,1.33
2025-05-24T08:30:00Z,0.967,18.3,2.78,0.012,90.6,43.0,29.0,48.5,12.4,34.1,171.0,1.4
2025-05-24T09:30:00Z,0.983,18.4,3.27,0.0124,110.0,36.7,27.3,46.7,12.2,34.3,174.0,1.17
2025-05-24T10:30:00Z,0.97,17.1,2.78,0.0114,132.0,31.8,24.5,46.5,11.9,34.5,174.0,1.13
2025-05-24T11:30:00Z,0.93,18.5,2.08,0.0116,131.0,28.5,21.0,44.8,12.0,35.1,176.0,0.95
2025-05-24T12:30:00Z,1.02,26.2,2.3,0.0158,119.0,28.5,22.3,47.8,13.5,34.0,182.0,0.65
2025-05-24T13:30:00Z,1.29,35.2,2.83,0.021,101.0,32.7,26.0,51.3,12.8,33.0,182.0,0.633
2025-05-24T14:30:00Z,1.16,25.3,2.3,0.0153,101.0,42.5,29.3,58.8,16.0,30.1,314.0,0.9
2025-05-24T15:30:00Z,0.918,12.2,2.45,0.00853,103.0,88.8,34.3,68.5,14.0,25.9,270.0,0.95
2025-05-24T16:30:00Z,1.12,12.1,2.48,0.00848,70.7,88.8,27.8,81.3,14.3,23.4,141.0,0.775
2025-05-24T17:30:00Z,0.997,10.8,2.77,0.00803,74.1,29.3,14.3,85.3,12.9,22.6,151.0,0.567
2025-05-24T18:30:00Z,0.74,8.0,1.7,0.0056,,13.0,8.0,81.0,9.7,23.4,135.0,1.0
2025-05-24T19:30:00Z,0.71,6.33,2.2,0.00518,104.0,11.3,7.0,72.8,8.9,24.8,172.0,1.13
2025-05-24T20:30:00Z,0.767,5.08,1.38,0.00378,118.0,9.0,7.5,69.3,8.05,24.3,150.0,2.13
2025-05-24T21:30:00Z,0.875,4.4,1.95,0.0039,113.0,7.25,7.5,70.8,7.58,24.0,162.0,1.33
2025-05-24T22:30:00Z,0.888,4.95,2.03,0.00433,101.0,4.0,5.25,73.8,7.6,23.7,173.0,1.38
2025-05-24T23:30:00Z,0.915,6.2,1.5,0.0045,90.9,4.25,3.5,78.5,7.35,23.0,155.0,1.73
2025-05-25T00:30:00Z,0.953,6.5,1.63,0.00475,106.0,8.0,3.5,73.8,7.8,24.0,157.0,2.38
2025-05-25T01:30:00Z,0.823,8.4,1.88,0.006,93.5,10.0,5.0,77.3,8.0,23.7,167.0,1.88
2025-05-25T02:30:00Z,0.913,16.1,2.0,0.0102,77.6,8.67,6.0,78.7,8.1,23.3,174.0,1.03
2025-05-25T03:30:00Z,1.01,21.2,2.98,0.0137,71.4,10.8,9.0,77.5,7.98,23.4,144.0,0.875
2025-05-25T04:30:00Z,1.01,30.0,5.45,0.0204,57.0,13.5,11.5,73.3,7.23,24.2,132.0,0.675
2025-05-25T05:30:00Z,1.01,25.4,5.33,0.0178,62.8,11.5,11.0,64.3,8.13,26.0,133.0,0.9
2025-05-25T06:30:00Z,0.913,25.3,5.38,0.0179,64.4,12.0,9.0,60.8,9.5,27.1,132.0,0.925
2025-05-25T07:30:00Z,0.895,24.0,4.3,0.0162,71.5,12.5,7.5,55.0,9.0,28.6,141.0,0.85
2025-05-25T08:30:00Z,0.9,21.2,3.1,0.0138,71.2,10.7,7.67,48.3,9.67,30.7,188.0,0.7
2025-05-25T09:30:00Z,0.843,16.5,2.2,0.0106,89.5,10.3,7.67,47.0,10.8,31.8,207.0,0.467
2025-05-25T10:30:00Z,0.837,14.2,1.93,0.00913,101.0,13.7,7.33,46.3,11.2,32.2,182.0,0.767
2025-05-25T11:30:00Z,0.88,15.1,3.1,0.0105,94.9,12.0,7.0,51.0,12.2,31.9,196.0,0.5
2025-05-26T12:30:00Z,,35.0,2.8,0.0208,86.0,52.0,31.0,63.0,12.8,32.3,185.0,0.6
2025-05-26T13:30:00Z,1.35,42.7,2.1,0.0244,51.2,57.5,23.5,65.0,9.6,31.3,187.0,0.5
2025-05-26T14:30:00Z,1.41,57.1,2.43,0.0323,31.5,67.3,28.8,65.8,10.3,31.0,194.0,0.375
2025-05-26T15:30:00Z,1.41,52.5,3.13,0.0305,27.2,83.0,38.0,67.0,11.3,30.6,174.0,0.3
2025-05-26T16:30:00Z,1.42,37.6,3.08,0.0226,30.6,101.0,47.0,69.5,22.5,30.1,145.0,0.275
2025-05-26T17:30:00Z,1.03,25.8,2.87,0.016,39.5,90.3,43.3,70.3,34.3,29.5,126.0,0.367
2025-05-26T18:30:00Z,0.86,17.4,2.5,0.0114,,54.0,27.5,72.0,19.3,28.8,143.0,0.45
2025-05-26T19:30:00Z,0.895,15.3,2.6,0.0103,38.5,55.5,27.5,72.8,16.8,28.5,147.0,0.425
2025-05-26T20:30:00Z,0.873,13.0,2.03,0.00853,36.0,54.0,28.0,73.8,12.9,28.1,154.0,0.4
2025-05-26T21:30:00Z,0.965,14.1,2.4,0.00938,24.1,57.3,27.0,75.8,9.53,27.3,77.8,0.175
2025-05-26T22:30:00Z,0.953,16.4,2.15,0.0105,28.6,60.5,28.5,76.3,9.05,27.3,116.0,0.35
2025-05-26T23:30:00Z,0.985,24.3,2.05,0.0146,21.9,61.0,29.5,75.3,8.35,27.5,137.0,0.3
2025-05-27T00:30:00Z,1.25,27.6,3.0,0.0171,24.1,66.8,29.5,73.3,8.25,28.2,133.0,0.35
2025-05-27T01:30:00Z,1.14,26.2,3.38,0.0167,41.3,68.5,33.8,70.5,9.13,28.6,174.0,0.475
2025-05-27T02:30:00Z,0.93,18.3,2.0,0.0114,55.4,77.0,40.0,67.3,9.57,30.0,187.0,0.433
2025-05-27T03:30:00Z,0.873,15.2,2.53,0.0101,69.9,68.5,39.5,62.3,12.3,30.9,177.0,0.575
2025-05-27T04:30:00Z,0.803,14.7,2.6,0.0099,79.5,46.8,33.5,55.8,13.1,32.0,189.0,0.625
2025-05-27T05:30:00Z,0.9,16.8,3.25,0.0115,106.0,39.0,30.0,52.5,10.8,32.4,165.0,0.9
2025-05-27T07:30:00Z,0.9,13.7,2.0,0.0089,116.0,31.0,23.0,50.0,12.7,34.0,289.0,0.8
2025-05-27T08:30:00Z,1.08,13.4,2.7,0.0093,118.0,31.0,23.0,50.0,12.7,33.8,224.0,0.65
2025-05-27T09:30:00Z,1.03,14.4,2.23,0.00945,143.0,38.0,24.5,49.0,14.2,34.7,284.0,0.525
2025-05-27T10:30:00Z,1.02,14.2,2.33,0.00945,164.0,40.5,27.0,50.8,13.2,34.8,285.0,0.525
2025-05-27T11:30:00Z,1.13,20.8,2.08,0.0128,142.0,44.0,28.0,54.5,13.6,34.9,202.0,0.45
2025-05-27T12:30:00Z,1.18,32.1,1.65,0.0184,105.0,48.5,28.5,59.0,12.1,33.6,180.0,0.65
2025-05-27T13:30:00Z,1.14,32.8,2.13,0.0191,79.2,58.3,29.8,61.8,10.3,32.4,218.0,0.325
2025-05-27T14:30:00Z,1.18,38.3,2.25,0.0222,73.2,62.8,33.0,61.8,10.0,32.0,247.0,0.225
2025-05-27T15:30:00Z,1.15,30.2,1.73,0.0175,67.1,58.5,35.0,63.5,10.5,31.7,226.0,0.2
2025-05-27T16:30:00Z,1.24,31.8,2.35,0.0189,61.3,65.0,36.5,66.0,11.7,31.4,154.0,0.375
2025-05-27T17:30:00Z,1.03,20.2,2.47,0.0127,60.8,69.7,36.7,68.3,13.7,30.6,125.0,0.533
2025-05-27T18:30:00Z,0.965,15.9,2.15,0.0102,,57.5,31.5,69.5,13.8,30.1,135.0,0.35
2025-05-27T19:30:00Z,0.94,12.6,2.3,0.00855,65.8,57.0,31.0,70.0,13.4,29.7,151.0,0.4
2025-05-27T20:30:00Z,0.755,14.2,2.65,0.00965,53.9,60.0,34.0,71.0,10.1,29.1,116.0,0.25
2025-05-27T21:30:00Z,0.95,13.4,2.3,0.009,51.6,59.0,34.0,71.7,9.7,28.6,77.7,0.233
2025-05-27T22:30:00Z,1.05,16.6,1.9,0.0104,48.0,66.0,35.8,71.3,8.95,28.9,150.0,0.3
2025-05-27T23:30:00Z,1.01,21.9,2.75,0.0139,43.1,76.0,38.0,72.0,9.05,28.6,115.0,0.35
2025-05-28T09:30:00Z,1.05,14.7,2.07,0.00953,149.0,73.3,43.7,55.0,12.3,35.4,213.0,0.467
2025-05-28T10:30:00Z,1.19,18.0,2.2,0.0113,142.0,74.8,46.5,58.5,10.7,35.7,204.0,0.45
2025-05-28T11:30:00Z,1.31,43.4,2.75,0.0253,104.0,77.0,49.5,58.3,11.6,34.8,132.0,0.65
2025-05-28T12:30:00Z,1.07,40.5,3.78,0.0246,114.0,69.8,48.3,52.5,12.0,33.0,123.0,0.75
2025-05-28T13:30:00Z,1.11,37.7,3.13,0.0226,101.0,51.8,38.8,54.5,9.8,30.5,142.0,0.575
2025-05-28T14:30:00Z,1.13,45.1,4.08,0.0273,66.0,37.8,28.3,55.0,9.1,29.3,137.0,0.575
2025-05-28T15:30:00Z,0.96,32.6,2.8,0.0196,71.1,32.8,24.5,54.5,8.43,29.1,160.0,0.5
2025-05-28T16:30:00Z,1.07,31.6,2.83,0.0191,61.5,33.0,24.0,55.5,9.0,28.9,144.0,0.525
2025-05-28T17:30:00Z,0.82,20.2,2.53,0.0128,81.9,31.3,22.7,53.3,8.4,28.9,112.0,0.467
2025-05-28T18:30:00Z,0.62,9.75,2.55,0.00725,,24.0,18.0,54.0,9.5,29.5,119.0,0.75
2025-05-28T19:30:00Z,0.58,7.38,1.88,0.00545,107.0,25.5,18.0,52.5,9.38,29.2,121.0,0.825
2025-05-28T20:30:00Z,0.613,6.25,2.2,0.00513,103.0,23.0,17.0,51.3,8.9,28.9,119.0,0.675
2025-05-28T21:30:00Z,0.8,7.98,2.33,0.00613,101.0,19.5,16.0,52.0,8.6,28.6,118.0,0.675
2025-05-28T22:30:00Z,0.848,8.93,2.05,0.00643,103.0,21.5,17.0,54.3,8.58,28.3,126.0,0.775
2025-05-28T23:30:00Z,0.908,14.7,2.28,0.00968,95.4,26.0,18.8,56.3,8.75,28.3,126.0,0.75
2025-05-29T00:30:00Z,1.1,17.6,1.83,0.0108,91.5,30.5,21.3,58.0,9.9,28.5,157.0,0.5
2025-05-29T01:30:00Z,1.12,25.8,3.65,0.0167,87.9,43.8,31.3,62.5,12.9,29.1,159.0,0.6
2025-05-29T02:30:00Z,1.06,15.2,3.28,0.0108,108.0,63.3,44.0,59.3,17.0,30.7,170.0,0.675
2025-05-29T03:30:00Z,1.03,13.7,2.68,0.00948,115.0,65.8,44.8,54.3,16.6,32.7,182.0,0.55
2025-05-29T04:30:00Z,0.873,14.7,2.4,0.00975,,60.5,42.5,52.5,16.5,33.7,179.0,0.65
2025-05-29T05:30:00Z,0.92,13.3,2.25,0.0089,143.0,60.0,44.5,51.3,13.6,34.1,185.0,0.675
2025-05-29T06:30:00Z,0.993,13.3,2.18,0.00885,150.0,59.5,43.3,48.5,13.2,35.0,170.0,0.65
2025-05-29T07:30:00Z,0.98,13.3,2.45,0.00905,160.0,59.3,41.5,42.5,13.5,36.2,274.0,0.625
2025-05-29T08:30:00Z,0.977,13.1,2.5,0.009,161.0,51.3,38.3,38.5,14.1,36.9,302.0,0.925
2025-05-29T09:30:00Z,0.92,12.2,1.58,0.0078,186.0,49.0,36.0,37.8,15.0,37.3,311.0,0.825
2025-05-29T10:30:00Z,0.755,10.5,2.13,0.0073,178.0,50.8,36.5,30.8,14.7,38.4,326.0,0.775
2025-05-29T11:30:00Z,0.87,13.8,2.33,0.00923,195.0,44.5,33.8,36.0,14.3,38.2,326.0,0.5
2025-05-29T12:30:00Z,0.997,26.9,2.08,0.016,162.0,46.0,33.5,41.0,13.8,36.3,303.0,0.175
2025-05-29T13:30:00Z,2.06,109.0,34.4,0.0857,43.0,53.5,37.5,48.8,12.2,33.1,243.0,0.15
2025-05-29T14:30:00Z,1.82,73.1,4.4,0.0425,66.1,69.7,44.0,59.0,10.5,33.6,171.0,0.533
2025-05-29T15:30:00Z,1.49,25.8,2.6,0.0158,88.3,160.0,57.5,68.3,9.43,32.9,170.0,0.65
2025-05-29T16:30:00Z,1.56,19.9,2.35,0.0125,83.3,185.0,59.8,68.3,9.43,32.6,148.0,0.6
2025-05-30T02:30:00Z,0.8,17.9,2.93,0.0119,81.9,31.0,17.7,77.7,15.3,23.5,112.0,1.53
2025-05-30T03:30:00Z,0.735,22.5,3.55,0.0148,96.9,24.0,16.3,64.5,12.3,25.3,120.0,0.75
2025-05-30T04:30:00Z,0.8,22.1,3.38,0.0145,92.4,25.3,20.5,61.3,10.4,26.1,136.0,0.75
2025-05-30T05:30:00Z,1.1,39.8,6.03,0.0261,69.5,33.0,20.3,55.3,9.6,27.3,121.0,0.575
2025-05-30T06:30:00Z,0.948,35.6,5.58,0.0235,65.8,35.5,19.5,45.8,10.2,30.5,132.0,0.575
2025-05-30T07:30:00Z,0.863,24.2,3.93,0.0161,86.9,33.5,20.5,44.8,9.88,31.3,209.0,0.45
2025-05-30T08:30:00Z,0.933,24.0,2.88,0.0151,104.0,34.5,22.8,45.3,11.1,31.1,206.0,0.5
2025-05-30T09:30:00Z,0.908,18.2,3.03,0.0122,117.0,37.3,28.5,41.3,11.8,31.9,305.0,0.575
2025-05-30T10:30:00Z,0.868,16.4,2.53,0.0108,148.0,39.0,29.0,40.0,11.2,33.0,317.0,0.525
2025-05-30T11:30:00Z,0.99,24.3,2.35,0.0149,130.0,43.5,29.0,44.5,10.7,33.5,124.0,0.2
2025-05-30T12:30:00Z,1.34,67.6,6.58,0.0413,63.1,44.0,32.0,54.3,10.9,30.8,316.0,0.1
2025-05-30T13:30:00Z,2.66,130.0,95.4,0.147,4.48,61.3,42.8,61.3,11.9,28.5,180.0,0.125
2025-05-30T14:30:00Z,3.09,116.0,114.0,0.154,3.35,87.3,55.0,66.8,12.5,27.7,130.0,0.2
2025-05-30T15:30:00Z,2.68,103.0,84.7,0.124,2.5,98.0,62.8,67.0,12.8,27.0,15.8,0.175
2025-05-30T16:30:00Z,2.33,87.8,47.6,0.0854,2.18,97.3,67.0,69.0,13.1,26.4,66.3,0.125
2025-05-30T17:30:00Z,2.0,73.9,15.7,0.0521,4.6,92.0,66.0,69.5,13.2,26.1,42.0,0.1
2025-05-30T18:30:00Z,0.635,53.4,4.6,0.0321,,67.5,57.0,69.0,12.8,26.2,101.0,0.25
2025-05-30T19:30:00Z,0.463,28.4,3.9,0.0183,64.5,68.8,55.0,67.3,13.9,26.2,160.0,0.25
2025-05-30T20:30:00Z,0.31,21.8,2.57,0.0137,55.4,65.0,49.7,67.7,13.1,26.1,160.0,0.367
2025-05-30T21:30:00Z,1.01,21.9,2.08,0.0134,43.1,74.3,58.5,68.5,15.7,25.6,154.0,0.3
2025-05-30T22:30:00Z,0.945,25.7,2.4,0.0157,46.3,88.5,71.3,68.0,21.1,25.2,90.0,0.175
2025-05-30T23:30:00Z,0.857,20.5,2.37,0.0128,56.9,65.3,56.3,63.7,17.0,25.5,123.0,0.333
2025-05-31T00:30:00Z,1.01,30.7,4.98,0.0204,52.8,39.5,30.0,58.5,12.7,26.8,117.0,0.425
2025-05-31T01:30:00Z,1.05,22.1,4.53,0.0154,75.9,45.8,29.5,55.3,11.6,28.3,152.0,0.45
2025-05-31T02:30:00Z,0.943,18.4,2.7,0.012,105.0,47.8,30.0,53.0,11.9,30.2,161.0,0.55
2025-05-31T03:30:00Z,0.945,20.4,2.73,0.0131,122.0,51.3,34.5,48.8,12.9,32.2,164.0,0.475
2025-05-31T04:30:00Z,0.743,19.9,2.75,0.0128,136.0,58.8,41.0,45.5,17.6,33.1,227.0,0.55
2025-05-31T05:30:00Z,0.785,21.0,2.43,0.0131,146.0,59.7,44.7,43.0,19.0,34.1,174.0,0.633
2025-05-31T06:30:00Z,0.918,19.2,2.75,0.0125,147.0,74.8,52.8,40.5,18.1,34.9,282.0,0.675
2025-05-31T07:30:00Z,0.873,16.9,2.85,0.0113,133.0,84.8,57.8,38.3,14.8,35.9,259.0,0.625
2025-05-31T08:30:00Z,0.947,17.8,2.25,0.0113,158.0,89.8,59.5,37.3,13.5,36.2,248.0,0.55
2025-05-31T09:30:00Z,0.895,19.6,2.2,0.0122,162.0,86.0,60.5,35.0,15.5,37.1,202.0,0.475
2025-05-31T10:30:00Z,0.94,23.4,2.1,0.0142,192.0,83.5,59.8,38.0,17.7,37.3,268.0,0.45
2025-05-31T11:30:00Z,0.855,15.4,1.8,0.00968,139.0,110.0,65.3,60.3,15.0,28.6,342.0,2.0
2025-05-31T12:30:00Z,1.16,32.5,3.9,0.0204,75.7,124.0,64.3,81.0,12.4,24.1,105.0,0.7
2025-05-31T13:30:00Z,0.907,30.1,3.85,0.0192,64.9,85.0,48.5,79.5,9.68,24.0,116.0,1.4
2025-05-31T14:30:00Z,0.908,28.7,3.43,0.0181,86.2,49.3,41.5,63.3,9.7,26.3,106.0,0.5
2025-05-31T15:30:00Z,0.8,22.2,2.88,0.0141,99.2,41.5,36.5,53.8,8.43,27.5,158.0,0.575
2025-05-31T16:30:00Z,1.01,42.1,3.2,0.025,54.9,47.8,35.0,58.3,8.3,26.5,185.0,0.2
2025-05-31T17:30:00Z,1.32,51.1,5.3,0.0315,22.9,54.0,37.0,66.0,9.1,25.2,169.0,0.25
2025-05-31T18:30:00Z,0.985,42.7,3.3,0.0254,,46.5,34.0,70.5,10.1,24.5,310.0,0.25
2025-05-31T19:30:00Z,0.988,35.6,3.35,0.0217,23.9,47.5,34.5,72.0,10.7,24.1,339.0,0.275
2025-05-31T20:30:00Z,0.725,19.9,2.75,0.0128,37.6,48.0,36.8,71.0,11.8,23.6,315.0,0.375
2025-05-31T21:30:00Z,0.498,18.2,2.33,0.0116,46.4,47.8,37.5,70.5,11.5,23.1,311.0,0.45
2025-05-31T22:30:00Z,0.613,19.5,2.43,0.0124,46.3,56.3,47.0,70.8,12.8,23.1,106.0,0.25
2025-05-31T23:30:00Z,0.675,25.4,2.8,0.0158,27.1,64.0,59.0,72.5,12.9,23.0,52.0,0.2
2025-06-01T01:30:00Z,0.855,34.3,6.75,0.0237,54.1,62.5,49.0,55.0,15.5,28.0,127.0,0.45
2025-06-01T02:30:00Z,0.843,19.2,4.7,0.014,85.2,61.3,45.3,50.3,13.5,29.7,184.0,0.5
2025-06-01T03:30:00Z,0.918,19.9,2.88,0.0129,127.0,60.5,41.5,45.0,12.5,31.3,268.0,0.4
2025-06-01T04:30:00Z,0.733,19.0,2.43,0.0121,145.0,63.3,44.5,36.3,11.1,33.8,250.0,0.425
2025-06-01T05:30:00Z,0.703,16.7,2.33,0.0108,162.0,65.0,43.0,34.3,10.0,34.1,285.0,0.65
2025-06-01T06:30:00Z,0.723,12.9,2.43,0.0088,153.0,62.8,40.0,32.3,9.55,34.6,291.0,0.8
2025-06-01T07:30:00Z,0.74,14.4,2.08,0.0093,169.0,63.0,38.5,32.0,9.83,35.5,209.0,0.6
2025-06-01T08:30:00Z,0.83,15.4,2.13,0.0099,188.0,69.8,43.8,32.0,10.8,35.8,302.0,0.7
2025-06-01T09:30:00Z,0.843,14.1,2.03,0.0091,173.0,76.3,49.0,30.0,11.6,36.6,338.0,0.5
2025-06-01T10:30:00Z,0.748,12.5,1.45,0.00785,192.0,76.0,47.5,31.5,10.9,36.6,319.0,0.55
2025-06-01T11:30:00Z,0.743,13.8,1.38,0.00843,183.0,70.3,44.3,32.0,11.0,36.4,315.0,0.525
2025-06-01T12:30:00Z,1.05,48.9,2.9,0.0284,120.0,62.5,39.3,38.8,11.0,34.0,244.0,0.15
2025-06-01T13:30:00Z,1.15,67.2,2.75,0.0379,68.3,68.8,48.5,42.3,11.8,31.5,240.0,0.2
2025-06-01T14:30:00Z,0.97,55.6,3.37,0.0323,69.7,65.3,47.7,39.0,13.7,30.5,155.0,0.233
2025-06-01T15:30:00Z,0.803,39.3,3.35,0.0236,87.5,55.3,37.8,40.0,12.4,30.4,135.0,0.425
2025-06-01T16:30:00Z,0.85,25.4,2.25,0.0153,100.0,56.0,35.0,47.0,12.8,30.4,158.0,0.775
2025-06-01T17:30:00Z,0.97,16.3,2.4,0.0106,85.9,72.0,43.3,55.0,16.3,29.6,170.0,0.733
2025-06-01T18:30:00Z,0.965,16.3,2.2,0.0105,,93.0,73.5,59.0,14.7,29.1,162.0,0.45
2025-06-01T19:30:00Z,1.01,15.5,1.95,0.0098,69.2,93.0,74.0,60.0,14.1,28.7,239.0,0.55
2025-06-01T20:30:00Z,0.92,16.0,1.95,0.0101,41.2,124.0,77.0,79.5,13.2,24.3,143.0,0.55
2025-06-01T21:30:00Z,0.737,14.6,2.13,0.00947,38.7,110.0,68.0,82.0,10.1,23.5,208.0,0.367
2025-06-01T22:30:00Z,0.775,13.3,1.63,0.00838,63.5,69.5,47.5,75.3,10.4,23.6,155.0,0.325
2025-06-01T23:30:00Z,0.995,12.7,1.88,0.00828,97.3,53.0,43.0,65.3,20.9,24.7,165.0,0.375
2025-06-02T00:30:00Z,1.13,18.6,2.3,0.0118,96.0,51.0,46.8,65.3,27.0,24.5,164.0,0.4
2025-06-02T01:30:00Z,0.99,24.0,2.95,0.0152,92.9,53.0,53.0,65.0,22.7,25.2,163.0,0.4
2025-06-02T03:30:00Z,0.0,21.5,,0.0012,75.9,,,,0.0,29.2,134.0,0.5
2025-06-02T04:30:00Z,0.845,24.3,2.95,0.0154,160.0,34.0,36.0,44.0,9.6,30.4,305.0,0.5
2025-06-02T05:30:00Z,0.963,19.8,2.33,0.0124,172.0,38.0,32.8,42.0,9.7,31.4,300.0,0.675
2025-06-02T06:30:00Z,0.987,16.1,1.8,0.01,145.0,41.3,30.3,36.7,10.2,32.4,300.0,0.7
2025-06-02T07:30:00Z,0.928,16.1,1.98,0.0102,139.0,47.3,33.8,34.5,10.4,33.5,273.0,0.7
2025-06-02T08:30:00Z,0.898,15.3,2.0,0.0098,135.0,51.3,33.8,32.8,9.73,33.9,275.0,0.8
2025-06-02T09:30:00Z,0.715,14.3,2.55,0.00968,144.0,46.3,29.0,32.3,9.05,34.0,217.0,0.525
2025-06-02T10:30:00Z,0.645,12.8,1.53,0.00805,171.0,45.8,25.0,34.5,9.0,33.5,229.0,0.625
2025-06-02T11:30:00Z,0.755,19.3,2.28,0.0121,160.0,42.8,24.3,36.0,10.4,33.6,181.0,0.675
2025-06-02T12:30:00Z,0.995,41.0,3.95,0.0251,118.0,42.3,28.0,38.0,14.2,32.5,134.0,0.575
2025-06-02T13:30:00Z,0.935,40.8,3.9,0.0248,105.0,46.0,30.3,41.8,11.5,30.5,118.0,0.675
2025-06-02T14:30:00Z,0.983,30.0,3.33,0.0186,116.0,42.0,27.3,42.0,9.53,29.9,141.0,0.725
2025-06-02T15:30:00Z,0.975,23.8,2.65,0.0148,125.0,33.3,20.3,46.0,9.7,29.0,231.0,0.575
2025-06-02T16:30:00Z,1.11,19.5,2.05,0.012,105.0,40.5,25.8,60.0,14.3,27.7,214.0,0.325
2025-06-02T17:30:00Z,0.985,20.5,2.2,0.0127,96.1,56.3,36.3,58.7,13.8,27.5,252.0,0.633
2025-06-02T18:30:00Z,0.495,7.35,1.75,0.0053,,62.5,35.5,52.5,11.8,26.1,332.0,1.15
2025-06-02T19:30:00Z,0.575,5.95,2.25,0.00495,129.0,63.0,35.0,62.5,11.4,24.0,323.0,1.2
2025-06-02T20:30:00Z,0.77,7.25,2.25,0.00565,92.8,33.0,20.0,83.0,10.6,20.9,104.0,0.4
2025-06-02T21:30:00Z,0.765,7.95,2.45,0.0062,104.0,33.0,20.0,80.0,10.6,21.3,120.0,0.65
2025-06-03T07:30:00Z,0.845,13.2,2.9,0.00935,,22.0,18.0,33.5,8.8,32.6,277.0,0.7
2025-06-03T08:30:00Z,0.91,12.0,2.6,0.0085,143.0,27.0,17.0,34.0,8.5,32.6,306.0,1.05
2025-06-03T09:30:00Z,0.855,11.5,2.1,0.00785,140.0,27.0,17.0,36.0,8.75,32.7,246.0,0.6
2025-06-03T14:30:00Z,1.16,19.5,2.7,0.0126,112.0,47.7,30.7,60.7,15.4,26.6,270.0,1.2
2025-06-03T15:30:00Z,1.25,12.2,2.18,0.00825,112.0,53.8,31.0,72.3,10.2,24.1,216.0,0.75
2025-06-03T16:30:00Z,1.29,11.9,2.63,0.00848,96.8,59.0,36.8,75.8,9.58,23.6,107.0,0.825
2025-06-03T17:30:00Z,1.06,8.97,2.23,0.00657,118.0,53.7,37.0,72.3,9.2,23.4,102.0,0.8
2025-06-03T18:30:00Z,0.52,8.4,2.05,0.00615,,23.0,20.5,69.5,8.45,24.3,184.0,0.35
2025-06-03T19:30:00Z,0.668,7.38,1.85,0.00545,69.4,22.0,18.5,80.3,8.05,22.2,151.0,0.525
2025-06-03T20:30:00Z,0.688,7.65,2.1,0.0058,75.9,28.0,21.3,84.8,8.33,21.2,129.0,1.18
2025-06-03T21:30:00Z,0.543,4.08,1.65,0.00355,116.0,25.3,20.8,72.0,8.65,22.0,152.0,1.05
2025-06-03T22:30:00Z,0.748,7.23,1.78,0.00525,108.0,10.8,11.5,69.8,8.5,22.5,138.0,0.425
2025-06-03T23:30:00Z,0.98,20.4,2.6,0.013,76.1,12.8,12.8,73.5,10.0,22.6,131.0,0.425
2025-06-04T00:30:00Z,0.943,26.5,3.6,0.017,75.7,17.8,18.0,65.8,10.5,23.9,132.0,0.425
2025-06-04T01:30:00Z,0.725,18.2,3.6,0.0126,99.2,14.5,19.3,60.8,10.5,25.4,139.0,0.325
2025-06-04T02:30:00Z,0.61,13.9,2.9,0.0098,62.8,15.0,21.0,56.0,5.2,27.1,242.0,0.3
2025-06-04T03:30:00Z,0.785,13.5,1.7,0.00827,148.0,,,50.5,10.2,28.0,291.0,0.45
2025-06-04T04:30:00Z,0.843,14.5,2.95,0.0101,,17.0,20.0,45.8,11.6,29.2,300.0,0.675
2025-06-04T05:30:00Z,0.933,12.1,2.03,0.00808,151.0,45.5,20.5,46.0,13.2,30.1,269.0,0.675
2025-06-04T06:30:00Z,0.87,13.4,2.43,0.0091,133.0,55.3,26.3,45.0,13.7,30.6,273.0,0.825
2025-06-04T07:30:00Z,0.905,14.6,2.48,0.00978,121.0,32.0,27.8,46.5,11.0,30.3,179.0,0.95
2025-06-04T08:30:00Z,0.96,14.8,1.9,0.0094,116.0,32.5,28.3,45.5,11.7,30.4,187.0,0.95
2025-06-04T09:30:00Z,1.01,12.2,2.73,0.00873,121.0,35.0,32.0,44.8,11.6,30.3,243.0,0.675
2025-06-04T10:30:00Z,1.09,10.1,2.97,0.0078,150.0,35.0,28.3,46.3,11.7,30.2,187.0,0.633
2025-06-04T11:30:00Z,1.29,20.9,2.43,0.0131,136.0,35.5,28.3,46.8,13.7,30.9,143.0,0.7
2025-06-04T12:30:00Z,1.28,24.8,3.2,0.0158,120.0,38.0,30.0,51.3,12.5,29.9,137.0,1.05
2025-06-04T13:30:00Z,1.33,28.0,4.15,0.0183,95.5,37.5,26.5,55.0,10.8,27.8,128.0,0.95
2025-06-04T14:30:00Z,1.13,29.4,2.15,0.0173,100.0,30.3,26.0,53.0,11.6,27.6,156.0,0.4
2025-06-04T15:30:00Z,1.09,9.6,1.58,0.0064,123.0,27.3,28.0,69.0,11.6,23.7,273.0,0.8
2025-06-04T16:30:00Z,1.2,15.9,2.33,0.0104,48.6,28.3,20.0,82.7,10.4,21.5,126.0,0.767
2025-06-04T17:30:00Z,0.96,12.5,2.07,0.0083,49.6,26.7,16.0,81.3,10.3,21.8,137.0,0.7
2025-06-04T18:30:00Z,0.7,7.5,1.35,0.0051,,16.0,17.0,67.0,9.0,23.5,128.0,0.8
2025-06-04T19:30:00Z,0.803,6.8,2.07,0.0053,53.3,14.7,17.0,65.3,8.7,23.2,144.0,0.233
2025-06-04T20:30:00Z,0.86,8.18,2.15,0.00608,40.3,15.5,14.5,72.0,8.78,22.1,332.0,0.225
2025-06-04T21:30:00Z,0.905,11.3,1.83,0.00753,31.6,20.3,16.8,74.3,9.48,21.7,261.0,0.2
2025-06-04T22:30:00Z,0.803,13.0,2.23,0.0087,31.9,25.7,25.7,74.7,10.4,21.7,214.0,0.3
2025-06-04T23:30:00Z,0.863,21.4,3.1,0.0139,22.0,35.0,35.0,74.0,14.6,21.9,152.0,0.5
2025-06-05T00:30:00Z,0.915,24.8,3.93,0.0164,33.6,51.3,40.5,67.3,24.7,23.3,143.0,0.5
2025-06-05T01:30:00Z,0.863,18.2,3.6,0.0126,48.9,47.5,36.8,60.3,20.6,25.5,149.0,0.45
2025-06-05T02:30:00Z,0.92,13.0,2.68,0.0091,61.9,32.3,29.0,52.0,13.3,27.8,171.0,0.35
2025-06-05T03:30:00Z,0.93,15.3,2.68,0.0103,89.3,24.3,25.0,46.0,15.4,29.0,238.0,0.55
2025-06-05T04:30:00Z,0.87,12.7,2.45,0.00873,158.0,22.5,20.5,42.8,14.9,30.0,253.0,0.6
2025-06-05T05:30:00Z,0.863,12.9,2.28,0.0087,163.0,29.5,24.3,42.3,17.0,30.6,208.0,0.625
2025-06-05T06:30:00Z,0.675,12.4,2.38,0.0085,162.0,30.5,27.5,39.8,11.4,31.3,305.0,0.675
2025-06-05T07:30:00Z,0.603,11.1,2.4,0.00783,170.0,26.3,22.3,39.3,9.77,31.9,307.0,0.6
2025-06-05T08:30:00Z,0.64,11.0,2.1,0.00755,177.0,30.0,22.5,39.5,9.88,32.2,313.0,0.725
2025-06-05T09:30:00Z,0.845,10.6,1.3,0.00675,170.0,35.5,26.5,38.3,12.3,32.3,317.0,0.75
2025-06-05T10:30:00Z,0.895,9.05,1.6,0.0061,198.0,36.0,28.0,40.0,11.1,33.0,326.0,0.65
2025-06-05T11:30:00Z,0.97,9.15,2.05,0.00655,213.0,35.0,28.0,42.5,9.65,33.0,327.0,0.7
2025-06-05T12:30:00Z,1.13,17.9,2.5,0.0116,154.0,37.0,30.0,46.0,9.85,31.2,297.0,0.2
2025-06-05T13:30:00Z,1.47,58.5,2.9,0.0335,76.8,44.8,36.3,51.5,10.1,29.5,321.0,0.15
2025-06-05T14:30:00Z,1.85,97.5,13.1,0.0624,10.5,60.3,47.5,58.5,10.3,28.0,252.0,0.15
2025-06-05T15:30:00Z,1.53,72.9,14.7,0.0508,36.1,77.3,55.0,59.5,14.7,28.0,110.0,0.3
2025-06-05T16:30:00Z,0.923,33.4,2.7,0.0199,88.8,79.8,55.8,58.5,14.9,27.8,126.0,0.4
2025-06-05T17:30:00Z,0.91,21.7,2.57,0.0136,65.1,64.7,48.0,58.7,12.6,27.2,148.0,0.3
2025-06-05T18:30:00Z,1.07,27.5,2.65,0.0168,,59.5,39.0,65.0,23.2,26.2,97.5,0.2
2025-06-05T19:30:00Z,0.908,14.1,2.0,0.0091,57.9,50.3,34.8,61.5,14.5,26.2,112.0,0.325
2025-06-05T20:30:00Z,0.93,8.43,2.35,0.00638,57.5,32.8,28.0,60.5,11.3,26.2,109.0,0.35
2025-06-05T21:30:00Z,0.94,8.93,1.88,0.00625,55.0,26.0,27.0,59.0,10.7,26.7,115.0,0.375
2025-06-05T22:30:00Z,0.833,8.48,1.73,0.00595,54.5,25.0,26.0,58.8,11.0,26.6,101.0,0.35
2025-06-05T23:30:00Z,0.86,15.3,2.05,0.00975,46.4,23.5,26.5,60.8,10.4,26.4,74.0,0.225
2025-06-06T00:30:00Z,1.02,28.5,3.23,0.0178,33.5,30.8,29.5,60.8,10.4,26.8,105.0,0.325
2025-06-06T01:30:00Z,0.988,24.6,4.05,0.0164,44.8,41.5,28.5,57.0,10.4,27.6,131.0,0.6
2025-06-06T02:30:00Z,1.04,14.0,2.48,0.00948,61.5,39.0,28.3,51.3,11.5,29.5,155.0,0.4
2025-06-06T03:30:00Z,1.11,13.7,2.25,0.0091,122.0,37.8,30.5,47.0,14.8,30.5,216.0,0.525
2025-06-06T04:30:00Z,1.11,14.9,1.95,0.00948,178.0,50.8,38.8,45.8,20.0,31.2,285.0,0.6
2025-06-06T05:30:00Z,0.97,12.5,2.03,0.00828,184.0,57.8,46.5,44.0,16.5,32.2,294.0,0.65
2025-06-06T06:30:00Z,0.748,12.9,1.93,0.0084,187.0,58.5,47.5,41.8,12.7,33.0,317.0,0.7
2025-06-06T07:30:00Z,0.663,11.0,1.75,0.00728,188.0,60.0,50.3,41.0,11.1,33.3,306.0,0.9
2025-06-06T08:30:00Z,0.613,11.2,1.93,0.0075,191.0,61.8,48.3,40.3,10.7,34.0,303.0,0.775
2025-06-06T09:30:00Z,0.675,10.5,2.25,0.0074,191.0,65.5,45.5,39.3,11.2,34.6,330.0,0.6
2025-06-06T10:30:00Z,0.84,11.6,2.25,0.00798,207.0,64.5,48.0,42.8,14.1,34.6,336.0,0.6
2025-06-06T11:30:00Z,0.955,15.5,1.8,0.00973,200.0,65.0,50.0,45.0,14.7,34.8,336.0,0.475
2025-06-06T12:30:00Z,1.05,16.3,2.0,0.0103,187.0,68.0,52.5,48.8,13.5,33.3,327.0,0.275
2025-06-06T13:30:00Z,1.19,23.9,1.9,0.0143,162.0,80.3,65.5,54.0,14.1,31.8,301.0,0.15
2025-06-06T14:30:00Z,1.54,66.5,3.08,0.0379,78.1,96.8,80.0,59.3,12.9,30.5,244.0,0.1
2025-06-06T15:30:00Z,1.51,71.2,3.03,0.0403,69.8,110.0,84.5,62.3,12.5,29.4,317.0,0.1
2025-06-06T16:30:00Z,1.16,44.2,2.28,0.0254,91.4,113.0,82.0,62.3,14.8,28.9,304.0,0.1
2025-06-06T17:30:00Z,1.22,42.3,2.37,0.0244,64.4,113.0,82.0,63.3,20.6,28.7,64.3,0.167
2025-06-06T18:30:00Z,1.1,25.9,2.65,0.0159,,107.0,82.5,66.0,36.0,28.0,102.0,0.15
2025-06-06T19:30:00Z,1.04,19.3,2.5,0.0123,101.0,97.8,79.0,64.3,26.5,28.1,125.0,0.25
2025-06-06T20:30:00Z,1.02,15.1,2.15,0.00975,109.0,77.8,68.3,64.3,15.6,28.0,107.0,0.35
2025-06-06T21:30:00Z,1.04,12.5,1.6,0.00793,107.0,66.8,58.5,65.0,13.8,27.8,147.0,0.4
2025-06-06T22:30:00Z,0.977,17.2,2.83,0.0114,89.2,68.7,60.0,65.3,14.8,27.7,151.0,0.433
2025-06-06T23:30:00Z,0.958,17.3,2.4,0.0111,89.8,72.0,59.3,65.3,14.2,27.8,185.0,0.325
2025-06-07T00:30:00Z,1.05,24.0,2.28,0.0146,94.4,82.8,60.8,63.3,14.6,28.6,164.0,0.45
2025-06-07T01:30:00Z,1.05,18.7,1.9,0.0115,120.0,86.7,60.7,60.3,14.6,28.8,183.0,0.533
2025-06-07T02:30:00Z,1.13,12.1,2.08,0.0081,138.0,84.0,57.0,56.0,17.2,30.2,190.0,0.425
2025-06-07T03:30:00Z,1.12,11.2,2.1,0.0077,169.0,80.0,60.7,50.7,19.3,32.0,254.0,0.467
2025-06-07T04:30:00Z,1.11,9.78,2.33,0.00708,178.0,80.3,64.0,47.3,18.4,33.1,228.0,0.5
2025-06-07T05:30:00Z,1.05,9.48,2.23,0.00685,188.0,85.3,65.0,45.8,16.2,34.0,238.0,0.55
2025-06-07T06:30:00Z,0.883,9.4,2.05,0.00665,206.0,82.3,62.3,42.3,13.8,34.7,309.0,0.75
2025-06-07T07:30:00Z,0.65,9.95,1.93,0.00688,138.0,82.8,64.8,41.0,13.5,35.4,326.0,0.725
2025-06-07T08:30:00Z,0.658,9.35,2.25,0.0068,134.0,91.0,69.5,39.8,13.8,36.1,335.0,0.75
2025-06-07T09:30:00Z,0.645,9.28,1.85,0.0064,148.0,89.5,67.5,40.0,13.7,36.1,325.0,0.875
2025-06-07T10:30:00Z,0.805,8.65,2.43,0.00658,157.0,85.8,65.0,42.0,16.9,36.4,333.0,0.75
2025-06-07T11:30:00Z,1.04,11.1,2.13,0.0076,160.0,88.5,65.0,44.0,26.0,36.7,336.0,0.425
2025-06-07T12:30:00Z,1.11,14.6,2.1,0.0095,153.0,94.8,71.3,48.8,17.7,35.4,317.0,0.2
2025-06-07T13:30:00Z,1.61,37.0,2.68,0.0218,94.2,105.0,81.3,55.5,15.2,33.4,300.0,0.1
2025-06-07T14:30:00Z,2.03,98.8,5.3,0.0569,26.6,131.0,99.0,59.0,14.0,32.1,336.0,0.1
2025-06-07T15:30:00Z,2.16,107.0,9.93,0.0652,11.0,149.0,109.0,61.5,15.4,31.4,154.0,0.1
2025-06-07T16:30:00Z,1.6,64.9,4.05,0.0378,37.4,142.0,104.0,61.0,17.8,31.5,145.0,0.3
2025-06-07T17:30:00Z,1.1,39.3,2.23,0.0227,35.1,135.0,96.7,62.0,15.4,31.2,143.0,0.267
2025-06-07T18:30:00Z,0.86,18.0,2.95,0.012,,104.0,77.0,62.0,18.1,30.5,123.0,0.4
2025-06-07T19:30:00Z,0.898,13.3,2.33,0.00898,57.5,97.5,71.8,62.8,16.7,30.2,124.0,0.275
2025-06-07T20:30:00Z,0.94,12.8,2.35,0.00868,56.4,90.5,66.5,64.5,14.6,29.9,175.0,0.275
2025-06-07T21:30:00Z,0.958,17.0,2.43,0.011,50.4,93.8,68.0,65.0,14.1,29.8,151.0,0.3
2025-06-07T22:30:00Z,0.868,15.1,2.25,0.00983,49.6,95.8,68.5,65.0,12.7,29.5,158.0,0.3
2025-06-07T23:30:00Z,0.863,16.5,2.55,0.0108,49.5,92.0,67.5,65.0,11.2,29.5,157.0,0.3
2025-06-08T00:30:00Z,0.978,21.0,1.85,0.0127,46.6,95.0,68.0,64.3,11.0,29.8,155.0,0.4
2025-06-08T01:30:00Z,1.01,16.4,2.5,0.0107,63.4,105.0,71.0,60.5,10.8,30.5,178.0,0.675
2025-06-08T02:30:00Z,1.08,9.78,1.55,0.0065,71.3,110.0,74.5,57.3,14.6,31.6,179.0,1.03
2025-06-08T03:30:00Z,1.14,9.48,2.05,0.0067,75.0,108.0,79.0,54.3,19.3,32.9,175.0,0.925
2025-06-08T04:30:00Z,1.12,11.2,2.18,0.0077,123.0,116.0,87.8,51.8,19.5,34.3,176.0,0.8
2025-06-08T05:30:00Z,1.04,11.6,2.53,0.00823,126.0,120.0,90.0,48.0,18.1,35.5,200.0,0.65
2025-06-08T06:30:00Z,0.925,11.5,1.85,0.0076,127.0,113.0,84.0,45.0,14.4,36.5,241.0,0.5
2025-06-08T07:30:00Z,0.8,10.8,2.2,0.00753,142.0,107.0,80.3,41.3,12.7,37.4,243.0,0.65
2025-06-08T08:30:00Z,0.763,10.4,2.7,0.00775,147.0,103.0,78.8,39.0,12.6,38.2,323.0,0.825
2025-06-08T09:30:00Z,0.67,9.5,2.4,0.007,139.0,100.0,80.0,35.5,11.7,39.0,342.0,0.75
2025-06-08T10:30:00Z,0.86,9.85,2.2,0.00705,167.0,95.0,62.5,38.0,13.4,39.4,337.0,0.65
2025-06-08T11:30:00Z,0.89,10.7,1.63,0.007,176.0,95.0,63.5,40.0,18.7,39.8,329.0,0.7
2025-06-08T12:30:00Z,0.835,13.7,2.18,0.0091,132.0,96.5,68.5,41.8,25.3,37.9,327.0,0.475
2025-06-08T13:30:00Z,0.943,19.0,1.98,0.0117,76.8,98.5,69.0,44.5,19.1,35.8,309.0,0.225
2025-06-08T14:30:00Z,1.35,44.2,2.55,0.0256,42.1,103.0,71.8,49.0,17.4,34.3,321.0,0.25
2025-06-08T15:30:00Z,1.01,36.6,2.33,0.0214,41.7,115.0,81.3,51.5,15.4,33.1,221.0,0.15
2025-06-08T16:30:00Z,1.43,80.2,6.73,0.0481,6.17,114.0,80.7,57.3,16.7,31.2,337.0,0.1
2025-06-08T17:30:00Z,1.4,60.1,3.37,0.0347,12.4,109.0,78.0,61.0,16.8,30.4,257.0,0.1
2025-06-08T18:30:00Z,1.69,65.5,10.8,0.0437,,102.0,77.0,64.0,18.2,29.7,63.0,0.15
2025-06-08T19:30:00Z,1.28,30.0,3.83,0.0191,33.8,99.5,77.5,61.5,20.2,30.1,112.0,0.175
2025-06-08T20:30:00Z,1.1,22.5,2.23,0.0138,41.6,95.8,74.3,61.3,19.2,30.2,108.0,0.3
2025-06-08T21:30:00Z,1.01,19.6,1.88,0.012,49.2,95.0,71.0,61.0,19.5,30.1,136.0,0.3
2025-06-08T22:30:00Z,0.955,19.2,2.85,0.0126,44.7,87.5,64.3,62.0,16.4,29.3,136.0,0.2
2025-06-08T23:30:00Z,0.817,17.2,2.43,0.0111,45.0,76.0,58.0,62.0,13.8,29.3,164.0,0.3
2025-06-09T00:30:00Z,0.978,18.8,3.0,0.0124,48.7,77.5,62.0,61.3,12.7,30.1,157.0,0.425
2025-06-09T01:30:00Z,1.1,16.1,2.93,0.0109,63.4,99.5,70.3,59.5,12.5,31.6,173.0,0.725
2025-06-09T02:30:00Z,1.1,12.0,2.43,0.00838,70.7,124.0,80.5,55.5,11.4,33.2,178.0,0.95
2025-06-09T03:30:00Z,1.23,12.2,2.78,0.00875,74.2,132.0,84.3,52.8,15.7,34.7,177.0,0.85
2025-06-09T04:30:00Z,1.15,11.7,2.25,0.00805,71.2,124.0,81.8,48.3,15.9,36.1,190.0,0.675
2025-06-09T05:30:00Z,1.07,11.2,1.9,0.0075,74.3,110.0,73.8,44.8,14.8,37.3,244.0,0.625
2025-06-09T06:30:00Z,1.01,11.0,2.1,0.00755,74.0,100.0,68.5,40.0,12.7,38.0,283.0,0.675
2025-06-09T07:30:00Z,0.843,10.6,2.13,0.00735,81.3,93.0,66.0,37.8,11.8,38.5,298.0,0.85
2025-06-09T08:30:00Z,0.7,9.6,2.48,0.00713,87.3,88.5,64.5,33.0,12.0,39.5,312.0,0.85
2025-06-09T09:30:00Z,0.538,9.75,2.25,0.007,78.9,79.3,54.8,26.3,11.3,40.4,323.0,0.9
2025-06-09T10:30:00Z,0.713,9.73,2.15,0.00693,103.0,75.0,49.8,31.3,12.8,40.0,333.0,0.775
2025-06-09T11:30:00Z,0.935,11.5,2.2,0.00788,108.0,82.3,55.5,33.8,15.9,40.2,337.0,0.475
2025-06-09T12:30:00Z,1.05,16.9,2.0,0.0106,94.5,86.0,56.0,38.3,15.8,38.3,321.0,0.225
2025-06-09T13:30:00Z,1.32,34.8,2.1,0.0202,60.3,96.8,62.3,43.8,14.5,36.1,320.0,0.2
2025-06-09T14:30:00Z,1.44,58.3,3.38,0.0337,39.3,106.0,69.5,45.5,14.8,34.9,240.0,0.175
2025-06-09T15:30:00Z,1.35,61.3,2.13,0.0343,26.8,104.0,71.8,49.8,19.0,33.3,324.0,0.175
2025-06-09T16:30:00Z,1.12,44.0,2.25,0.0252,38.2,98.0,72.5,48.3,18.2,33.5,331.0,0.425
2025-06-09T17:30:00Z,1.11,32.6,2.4,0.0193,39.8,92.7,68.7,49.0,18.3,32.7,130.0,0.167
2025-06-09T18:30:00Z,1.22,28.1,2.7,0.0172,,88.5,65.0,56.5,19.0,30.6,326.0,0.1
2025-06-09T19:30:00Z,1.42,40.3,3.28,0.0241,15.8,83.0,63.0,58.5,21.4,30.4,46.8,0.125
2025-06-09T20:30:00Z,1.39,33.3,2.9,0.0201,24.7,78.0,62.5,58.3,23.1,30.4,69.0,0.15
2025-06-09T21:30:00Z,1.23,25.6,2.1,0.0153,37.3,80.8,65.5,55.0,26.7,30.7,113.0,0.2
2025-06-09T22:30:00Z,1.13,17.6,2.18,0.0112,47.1,76.8,60.8,53.0,19.8,31.0,155.0,0.35
2025-06-09T23:30:00Z,0.96,18.9,2.03,0.0117,41.6,70.7,54.3,54.0,17.6,30.7,151.0,0.333
2025-06-10T00:30:00Z,1.07,21.4,2.05,0.0131,59.4,88.5,68.5,55.5,19.7,31.8,164.0,0.65
2025-06-10T01:30:00Z,1.18,13.9,1.78,0.00885,62.4,99.3,72.0,56.8,16.1,32.0,216.0,0.625
2025-06-10T02:30:00Z,1.22,13.6,2.28,0.00903,60.7,127.0,81.3,57.8,14.9,32.7,170.0,1.25
2025-06-10T03:30:00Z,1.43,11.7,2.18,0.008,,147.0,82.8,55.8,18.3,33.9,175.0,1.38
2025-06-10T04:30:00Z,1.39,11.1,1.93,0.00743,139.0,143.0,77.5,53.0,16.2,35.2,182.0,1.05
2025-06-10T05:30:00Z,1.18,10.6,1.7,0.00703,141.0,131.0,78.5,48.8,14.3,36.6,183.0,0.775
2025-06-10T06:30:00Z,0.99,11.4,1.9,0.00758,149.0,117.0,79.0,44.5,12.1,37.7,212.0,0.75
2025-06-10T07:30:00Z,0.887,12.1,1.7,0.00783,153.0,107.0,76.0,40.3,11.1,38.5,219.0,0.633
2025-06-10T08:30:00Z,0.823,12.5,2.23,0.0085,162.0,98.3,68.5,35.5,11.3,39.7,312.0,0.675
2025-06-10T09:30:00Z,0.673,11.4,2.63,0.00818,184.0,92.8,63.0,28.8,12.5,40.5,312.0,0.75
2025-06-10T10:30:00Z,0.52,10.7,2.18,0.00745,172.0,86.8,55.3,27.8,10.5,40.6,312.0,0.8
2025-06-10T11:30:00Z,0.73,14.8,2.3,0.0098,160.0,70.0,35.0,30.0,11.1,40.4,317.0,0.5
2025-06-10T12:30:00Z,1.04,37.4,2.3,0.0218,100.0,78.0,37.0,37.0,11.2,37.3,,0.1
2025-06-10T13:30:00Z,1.63,78.4,13.7,0.0529,39.1,83.8,43.8,41.0,11.7,35.7,233.0,0.1
2025-06-10T14:30:00Z,2.69,114.0,97.0,0.139,3.1,98.3,56.8,44.8,13.6,34.8,73.3,0.2
2025-06-10T15:30:00Z,1.26,69.8,9.35,0.0447,50.4,108.0,65.5,42.8,19.0,34.9,107.0,0.375
2025-06-10T16:30:00Z,0.823,30.4,2.73,0.0184,98.6,99.5,63.8,44.0,18.4,34.1,146.0,0.45
2025-06-10T17:30:00Z,0.895,22.3,2.3,0.0138,112.0,87.3,57.0,45.3,17.8,33.5,151.0,0.5
2025-06-10T18:30:00Z,1.09,19.4,2.5,0.0123,,79.0,47.5,52.0,14.7,32.9,147.0,0.3
2025-06-10T19:30:00Z,1.37,13.0,2.23,0.00873,154.0,93.0,55.3,57.0,16.1,33.7,160.0,0.775
2025-06-10T20:30:00Z,1.45,6.95,1.35,0.00478,156.0,118.0,72.3,59.0,14.9,34.1,163.0,1.18
2025-06-10T21:30:00Z,1.42,5.75,1.83,0.00455,124.0,137.0,77.5,62.0,13.6,33.3,168.0,0.975
2025-06-10T22:30:00Z,1.42,5.75,2.15,0.0048,115.0,139.0,74.5,63.5,12.9,32.8,171.0,0.85
2025-06-10T23:30:00Z,1.21,7.05,2.35,0.00565,105.0,133.0,73.0,64.0,10.8,32.6,173.0,0.85
2025-06-11T00:30:00Z,1.23,8.4,1.88,0.006,104.0,132.0,70.0,63.3,9.83,32.6,173.0,0.875
2025-06-11T01:30:00Z,1.35,9.4,1.75,0.00643,94.7,141.0,71.8,62.3,9.38,32.4,176.0,1.08
2025-06-11T02:30:00Z,1.39,9.13,2.0,0.00645,110.0,153.0,77.0,59.8,9.3,33.3,176.0,1.13
2025-06-11T03:30:00Z,1.51,10.4,2.23,0.00733,129.0,137.0,74.8,57.0,10.9,34.3,165.0,1.25
2025-06-11T04:30:00Z,1.51,10.6,2.68,0.00783,135.0,116.0,75.3,55.0,12.3,35.3,167.0,1.13
2025-06-11T05:30:00Z,1.22,10.4,1.78,0.00698,142.0,112.0,75.8,52.5,11.8,36.1,180.0,1.05
2025-06-11T06:30:00Z,1.02,10.3,2.05,0.00715,129.0,121.0,71.5,49.5,9.9,36.9,184.0,0.875
2025-06-11T07:30:00Z,0.825,12.4,1.75,0.00795,130.0,133.0,73.0,48.0,9.1,37.3,173.0,0.95
2025-06-11T11:30:00Z,1.18,15.8,2.9,0.0108,178.0,114.0,68.0,47.5,11.5,39.1,184.0,0.4
2025-06-11T12:30:00Z,1.37,29.6,2.83,0.0181,105.0,124.0,73.5,51.3,10.5,38.3,177.0,0.55
2025-06-11T13:30:00Z,1.56,27.2,2.5,0.0165,53.5,168.0,83.8,58.3,9.83,36.8,175.0,0.725
2025-06-11T14:30:00Z,1.43,21.1,2.33,0.0131,47.0,207.0,93.5,62.5,8.58,35.7,175.0,0.625
2025-06-11T15:30:00Z,1.09,14.2,2.45,0.00953,46.5,209.0,93.3,65.3,7.95,35.0,174.0,0.775
2025-06-11T16:30:00Z,0.99,10.5,1.93,0.00713,49.5,191.0,84.0,66.3,7.6,33.8,171.0,0.875
2025-06-11T17:30:00Z,0.985,8.43,1.83,0.006,48.0,168.0,78.3,65.3,7.0,33.4,169.0,0.8
2025-06-11T18:30:00Z,1.28,6.7,2.05,0.0052,,169.0,77.5,66.0,8.45,33.1,171.0,0.65
2025-06-11T19:30:00Z,1.44,6.78,1.75,0.00503,46.1,167.0,77.5,66.0,8.88,33.0,172.0,0.775
2025-06-11T20:30:00Z,1.41,6.18,2.43,0.00525,44.6,149.0,71.8,65.3,8.73,32.7,171.0,0.675
2025-06-11T21:30:00Z,1.37,5.33,2.03,0.00448,48.4,132.0,67.0,65.5,8.6,32.5,174.0,0.925
2025-06-11T22:30:00Z,1.29,5.55,2.15,0.00468,46.0,120.0,64.0,65.0,8.43,32.1,173.0,0.85
2025-06-11T23:30:00Z,1.08,7.43,2.1,0.00565,42.9,109.0,62.0,64.8,8.8,31.9,167.0,0.9
2025-06-12T00:30:00Z,1.01,7.45,1.85,0.00548,47.6,102.0,60.8,62.8,8.93,32.0,169.0,0.875
2025-06-12T01:30:00Z,1.07,8.68,2.03,0.00625,84.6,96.5,57.0,60.5,8.83,32.0,168.0,1.05
2025-06-12T02:30:00Z,1.15,9.13,2.3,0.00677,101.0,103.0,55.0,58.3,8.77,32.9,172.0,1.27
2025-06-12T03:30:00Z,1.4,11.7,2.55,0.00828,115.0,107.0,57.8,56.5,10.5,33.9,173.0,1.13
2025-06-12T04:30:00Z,1.33,11.1,2.7,0.00808,120.0,113.0,63.0,55.0,12.0,35.0,178.0,1.05
2025-06-12T05:30:00Z,1.16,10.7,2.43,0.00763,120.0,118.0,64.5,53.0,12.1,35.8,174.0,1.1
2025-06-12T06:30:00Z,1.07,11.7,2.18,0.00798,119.0,116.0,64.0,50.8,11.6,36.7,180.0,1.0
2025-06-12T07:30:00Z,0.89,11.6,2.7,0.00835,128.0,110.0,63.0,47.3,10.3,37.4,177.0,0.775
2025-06-12T08:30:00Z,0.835,9.98,2.58,0.0074,141.0,102.0,62.5,44.5,9.35,38.2,186.0,0.6
2025-06-12T09:30:00Z,0.863,9.28,1.98,0.00653,155.0,97.5,62.8,44.5,9.75,38.3,220.0,0.575
2025-06-12T10:30:00Z,0.953,12.5,2.15,0.00838,172.0,98.5,65.0,47.0,9.68,38.5,171.0,0.55
2025-06-12T11:30:00Z,1.39,18.7,1.98,0.0115,169.0,106.0,70.3,49.3,11.6,38.6,174.0,0.675
2025-06-12T12:30:00Z,1.5,20.8,2.78,0.0133,106.0,122.0,75.0,54.0,13.4,37.5,172.0,0.975
2025-06-12T13:30:00Z,1.56,21.6,2.88,0.0138,56.3,139.0,75.5,58.0,11.6,36.4,178.0,0.7
2025-06-12T14:30:00Z,1.54,24.0,2.53,0.0149,45.1,163.0,83.3,59.8,11.0,35.7,183.0,0.475
2025-06-12T15:30:00Z,1.63,25.2,2.33,0.0153,46.2,171.0,91.5,60.8,22.1,35.6,180.0,0.425
2025-06-12T16:30:00Z,1.04,20.0,1.93,0.0122,46.0,152.0,91.7,59.3,13.6,34.8,176.0,0.5
2025-06-12T17:30:00Z,0.975,13.0,2.67,0.0091,48.2,118.0,86.0,54.3,11.4,34.2,171.0,0.5
2025-06-12T18:30:00Z,1.1,9.5,1.85,0.0065,,78.5,57.5,56.5,14.7,33.9,167.0,0.5
2025-06-12T19:30:00Z,1.2,12.2,2.23,0.0083,45.6,165.0,57.5,58.3,12.6,33.4,154.0,0.425
2025-06-12T20:30:00Z,1.34,12.5,1.7,0.00803,48.7,137.0,54.3,57.3,14.2,33.1,155.0,0.5
2025-06-12T21:30:00Z,1.3,11.1,2.2,0.00773,52.2,67.3,52.0,57.0,12.8,32.9,153.0,0.533
2025-06-12T23:30:00Z,1.33,7.2,1.8,0.00528,54.6,88.3,55.3,60.0,12.7,33.3,171.0,0.85
2025-06-13T00:30:00Z,1.16,8.2,2.2,0.0061,47.1,97.5,59.5,61.0,10.7,33.1,172.0,1.03
2025-06-13T01:30:00Z,1.23,9.5,2.05,0.00673,46.1,106.0,58.3,61.5,9.83,32.2,170.0,1.23
2025-06-13T02:30:00Z,1.17,8.8,2.68,0.0069,47.2,107.0,53.8,60.5,9.65,32.5,165.0,1.4
2025-06-13T03:30:00Z,1.41,10.1,2.25,0.00723,98.4,115.0,54.5,58.5,10.2,33.6,170.0,1.1
2025-06-13T04:30:00Z,1.12,12.3,2.33,0.00845,115.0,110.0,56.3,56.0,14.0,35.7,184.0,0.75
2025-06-13T05:30:00Z,0.99,10.9,2.6,0.00788,121.0,93.5,58.0,54.0,14.0,35.6,189.0,0.825
2025-06-13T06:30:00Z,1.1,11.3,2.43,0.00798,119.0,90.8,60.5,50.5,14.1,36.8,192.0,0.825
2025-06-13T07:30:00Z,0.993,11.9,1.9,0.00788,121.0,99.0,58.5,50.3,12.9,35.3,173.0,1.35
2025-06-13T08:30:00Z,0.903,10.8,2.03,0.0074,118.0,109.0,50.8,49.5,12.1,34.8,181.0,1.35
2025-06-13T09:30:00Z,0.775,10.5,2.68,0.00778,128.0,91.5,40.5,48.5,11.6,34.9,175.0,1.23
2025-06-13T10:30:00Z,0.803,10.9,2.93,0.0082,133.0,66.3,36.0,48.8,11.9,35.6,191.0,0.675
2025-06-13T11:30:00Z,0.883,15.1,2.7,0.0102,130.0,54.5,35.5,50.3,11.9,35.6,175.0,0.7
2025-06-13T12:30:00Z,0.978,17.1,2.68,0.0113,88.7,54.0,37.5,51.3,15.0,34.6,183.0,0.475
2025-06-13T13:30:00Z,1.23,26.0,2.48,0.0158,45.7,55.5,39.0,53.8,22.3,33.6,245.0,0.275
2025-06-13T14:30:00Z,1.27,27.2,2.4,0.0164,44.0,62.8,43.8,52.8,20.1,33.3,306.0,0.35
2025-06-13T15:30:00Z,1.3,31.5,2.68,0.0189,35.0,68.3,49.5,54.3,16.3,32.2,181.0,0.175
2025-06-13T16:30:00Z,1.24,37.2,3.3,0.0224,26.3,74.3,51.5,55.0,15.6,32.4,194.0,0.325
2025-06-13T17:30:00Z,0.935,26.0,2.37,0.0157,32.1,78.3,51.3,55.0,15.2,31.7,166.0,0.233
2025-06-13T18:30:00Z,1.04,20.8,2.35,0.013,,81.5,63.5,58.5,29.7,31.3,164.0,0.4
2025-06-13T19:30:00Z,0.953,15.1,1.93,0.00958,41.6,73.3,57.8,59.8,27.7,30.9,170.0,0.275
2025-06-13T20:30:00Z,1.07,13.8,2.3,0.00918,35.9,58.8,47.0,61.5,22.4,30.5,130.0,0.225
2025-06-13T21:30:00Z,1.14,13.9,2.3,0.0093,32.9,54.7,44.3,63.7,21.1,29.9,140.0,0.3
2025-06-13T22:30:00Z,1.15,11.6,2.05,0.00785,31.1,56.5,42.5,65.3,16.9,29.1,240.0,0.225
2025-06-13T23:30:00Z,1.2,16.8,2.23,0.0107,27.8,59.3,41.8,64.0,19.1,29.6,128.0,0.425
2025-06-14T00:30:00Z,1.17,20.0,3.05,0.0131,31.8,72.0,57.0,60.8,21.9,30.3,134.0,0.425
2025-06-14T01:30:00Z,1.04,15.5,2.93,0.0106,43.3,75.8,60.5,58.5,15.1,31.2,169.0,0.475
2025-06-14T02:30:00Z,1.03,12.2,2.65,0.00865,54.6,72.0,53.5,55.0,14.2,33.0,194.0,0.5
2025-06-14T03:30:00Z,0.935,9.63,2.33,0.007,119.0,67.3,51.8,49.8,13.5,34.3,180.0,0.675
2025-06-14T04:30:00Z,1.02,10.4,2.0,0.00715,140.0,60.0,43.3,49.0,14.5,33.7,245.0,0.65
2025-06-14T05:30:00Z,1.0,10.7,2.73,0.0079,132.0,67.8,44.8,47.5,14.8,35.4,215.0,0.65
2025-06-14T06:30:00Z,0.82,8.98,2.25,0.0066,136.0,68.8,50.5,43.8,11.0,36.8,303.0,0.775
2025-06-14T07:30:00Z,0.75,9.3,2.28,0.00683,134.0,66.3,50.5,43.0,10.5,37.4,228.0,0.775
2025-06-14T08:30:00Z,0.62,8.88,2.93,0.00708,133.0,77.3,50.0,42.0,10.5,38.0,313.0,0.725
2025-06-14T09:30:00Z,0.503,8.7,2.6,0.00677,158.0,82.3,49.7,40.7,11.7,38.1,316.0,0.967
2025-06-14T10:30:00Z,0.535,6.85,1.93,0.00523,189.0,81.0,51.0,40.8,12.6,38.4,333.0,0.725
2025-06-14T11:30:00Z,0.57,7.25,2.05,0.00548,187.0,73.3,49.5,42.0,11.8,38.5,330.0,0.725
2025-06-14T12:30:00Z,0.793,11.1,2.23,0.00773,129.0,72.8,49.8,46.3,11.4,37.4,326.0,0.475
2025-06-14T13:30:00Z,1.21,21.5,2.3,0.0133,68.1,85.0,55.8,50.3,12.7,36.0,324.0,0.125
2025-06-14T14:30:00Z,1.71,46.7,3.13,0.0274,36.0,99.3,64.0,55.3,11.9,34.8,285.0,0.1
2025-06-14T15:30:00Z,1.61,44.9,4.05,0.0272,30.4,130.0,78.0,59.5,11.6,34.6,148.0,0.525
2025-06-14T16:30:00Z,0.983,11.7,2.25,0.00803,43.0,149.0,79.8,63.0,9.83,34.4,169.0,0.75
2025-06-14T17:30:00Z,0.92,8.63,2.27,0.0064,49.4,138.0,65.3,64.0,9.65,34.1,178.0,0.8
2025-06-14T18:30:00Z,1.22,4.9,2.25,0.0044,,136.0,54.0,65.0,9.85,33.6,181.0,0.85
2025-06-14T19:30:00Z,1.15,5.25,1.58,0.00408,49.7,126.0,52.0,66.0,9.5,33.4,174.0,0.8
2025-06-14T20:30:00Z,1.2,4.55,2.05,0.00408,47.3,118.0,51.8,66.0,9.13,33.2,174.0,0.775
2025-06-14T21:30:00Z,1.44,5.68,2.25,0.00483,45.8,112.0,50.5,66.0,9.3,32.9,166.0,0.9
2025-06-14T22:30:00Z,1.43,5.55,1.85,0.00448,47.8,102.0,50.0,66.0,9.53,32.9,175.0,0.75
2025-06-14T23:30:00Z,1.47,8.33,2.03,0.0061,34.6,113.0,54.0,68.0,9.15,32.1,216.0,0.55
2025-06-15T00:30:00Z,1.38,11.1,2.03,0.00755,32.2,139.0,60.3,70.3,9.48,30.7,267.0,0.425
2025-06-15T01:30:00Z,1.11,13.4,2.15,0.00885,40.5,114.0,60.8,70.0,10.4,29.5,265.0,0.325
2025-06-15T02:30:00Z,1.3,16.4,2.63,0.0109,32.4,79.0,52.0,74.8,10.4,26.7,67.3,0.25
2025-06-15T03:30:00Z,1.39,31.4,3.68,0.0197,36.5,77.8,47.5,63.5,10.4,29.3,126.0,0.475
2025-06-15T04:30:00Z,1.52,22.3,3.38,0.0146,47.3,74.8,49.8,64.0,10.4,30.8,166.0,0.525
2025-06-15T05:30:00Z,1.21,13.6,2.8,0.0095,90.3,143.0,57.5,67.8,10.9,29.2,180.0,1.48
2025-06-15T06:30:00Z,0.887,8.8,2.07,0.0064,112.0,182.0,51.0,65.7,10.8,27.9,178.0,1.87
2025-06-15T07:30:00Z,0.83,7.98,2.65,0.0064,114.0,90.3,25.8,62.0,9.4,29.3,176.0,1.6
2025-06-15T08:30:00Z,0.823,9.68,2.03,0.00678,108.0,59.8,20.3,54.3,8.83,31.7,179.0,1.03
2025-06-15T09:30:00Z,0.538,9.65,2.53,0.00713,120.0,45.3,19.0,49.3,8.15,33.3,252.0,0.65
2025-06-15T10:30:00Z,0.483,9.73,2.9,0.0075,142.0,36.3,22.0,46.8,8.8,34.5,324.0,0.5
2025-06-15T11:30:00Z,0.46,9.53,2.2,0.00687,148.0,34.3,21.0,47.3,8.87,34.9,326.0,0.7
2025-06-15T12:30:00Z,0.725,13.1,2.25,0.0088,105.0,48.5,22.8,54.5,9.93,33.6,316.0,0.6
2025-06-15T13:30:00Z,0.973,17.7,2.23,0.0112,66.7,65.8,34.0,54.5,19.8,32.3,247.0,0.3
2025-06-15T14:30:00Z,1.15,35.8,2.58,0.0212,47.6,58.3,36.8,54.3,15.0,31.5,125.0,0.15
2025-06-15T15:30:00Z,1.16,32.3,2.6,0.0193,43.1,44.5,34.8,57.0,15.0,31.1,226.0,0.225
2025-06-15T16:30:00Z,1.19,33.2,3.13,0.0202,27.7,59.3,38.7,60.7,15.9,31.1,144.0,0.233
2025-06-15T17:30:00Z,1.0,20.0,3.0,0.0131,33.8,64.0,39.3,64.0,14.0,30.3,160.0,0.167
2025-06-15T18:30:00Z,0.965,22.1,1.95,0.0134,,46.0,35.0,65.5,11.7,29.4,17.5,0.1
2025-06-15T19:30:00Z,0.983,16.5,1.8,0.0102,37.3,46.5,32.5,65.3,11.6,29.6,107.0,0.175
2025-06-15T20:30:00Z,0.96,12.5,1.83,0.0081,34.8,50.0,31.5,66.5,11.1,29.1,120.0,0.175
2025-06-15T21:30:00Z,1.16,13.2,1.93,0.0086,35.3,48.3,32.0,67.3,11.7,28.6,157.0,0.15
2025-06-15T22:30:00Z,1.22,15.2,1.93,0.00967,29.8,52.0,32.7,68.0,11.8,28.4,52.7,0.167
2025-06-15T23:30:00Z,1.21,16.2,2.4,0.0106,32.8,57.7,33.7,64.0,11.1,29.5,131.0,0.433
2025-06-16T00:30:00Z,1.27,16.4,2.6,0.0109,35.8,54.0,31.0,64.0,10.5,29.9,175.0,0.25
2025-06-16T01:30:00Z,1.15,18.9,2.83,0.0124,38.2,63.5,34.8,63.3,11.3,29.9,185.0,0.375
2025-06-16T02:30:00Z,1.12,12.8,2.18,0.00858,50.3,71.5,37.0,64.0,12.0,30.5,184.0,0.45
2025-06-16T03:30:00Z,1.12,11.2,2.2,0.00773,90.8,80.3,37.3,62.7,11.6,30.7,184.0,0.767
2025-06-16T04:30:00Z,1.16,8.88,2.3,0.00663,85.4,91.0,38.5,64.0,11.1,31.0,179.0,1.0
2025-06-16T05:30:00Z,1.12,9.0,2.05,0.00648,95.8,80.3,33.0,61.5,13.4,32.2,198.0,1.0
2025-06-16T06:30:00Z,0.94,9.25,2.3,0.0068,102.0,69.5,33.0,59.0,12.9,33.3,231.0,0.8
2025-06-16T07:30:00Z,0.923,9.65,2.35,0.00703,108.0,70.3,35.0,57.0,12.4,33.9,235.0,0.725
2025-06-16T08:30:00Z,0.94,9.73,2.63,0.00733,115.0,70.3,38.5,57.8,11.6,33.7,205.0,0.7
2025-06-16T09:30:00Z,0.873,9.3,2.05,0.0066,103.0,78.5,40.3,65.0,10.2,31.7,306.0,0.9
2025-06-16T10:30:00Z,0.635,9.35,2.38,0.0069,93.6,70.3,35.3,67.5,9.18,28.5,264.0,0.75
2025-06-16T11:30:00Z,1.21,17.2,2.38,0.0111,78.2,49.5,29.5,67.0,8.63,30.3,93.3,0.35
2025-06-16T12:30:00Z,1.31,20.8,1.78,0.0125,78.1,66.8,35.3,67.3,9.15,30.3,203.0,0.2
2025-06-16T13:30:00Z,1.65,26.2,3.03,0.0164,67.5,77.8,38.5,67.0,9.7,30.2,162.0,0.125
2025-06-16T14:30:00Z,1.74,33.4,4.1,0.0211,28.5,77.3,42.3,66.3,10.6,31.4,156.0,0.575
2025-06-16T15:30:00Z,1.62,14.5,2.3,0.00953,35.7,107.0,48.5,69.5,10.8,30.6,192.0,0.45
2025-06-16T16:30:00Z,1.5,9.93,2.13,0.00703,34.6,122.0,51.3,71.3,11.4,30.2,175.0,0.6
2025-06-16T17:30:00Z,1.2,8.4,2.43,0.00643,33.3,106.0,54.0,71.3,11.4,29.8,178.0,0.433
2025-06-16T18:30:00Z,1.1,7.75,2.35,0.006,,120.0,37.5,79.0,8.05,28.6,157.0,0.2
2025-06-16T19:30:00Z,1.04,8.58,2.4,0.00653,27.1,105.0,40.0,74.8,8.1,29.1,169.0,0.475
2025-06-16T20:30:00Z,0.983,5.9,2.28,0.005,34.5,80.3,41.0,70.0,7.75,29.3,182.0,0.475
2025-06-16T21:30:00Z,1.24,6.65,2.2,0.00533,36.1,75.8,40.0,70.3,8.8,29.0,219.0,0.35
2025-06-16T22:30:00Z,1.27,7.25,2.25,0.0057,34.8,78.5,40.5,71.0,14.0,28.8,130.0,0.225
2025-06-16T23:30:00Z,1.33,8.2,2.33,0.00623,22.4,81.5,40.0,75.0,15.7,28.4,303.0,0.375
2025-06-17T00:30:00Z,1.35,10.5,2.5,0.00763,20.5,94.3,41.0,81.5,13.7,26.9,151.0,0.25
2025-06-17T01:30:00Z,1.19,14.0,2.73,0.00963,13.8,108.0,40.5,89.5,10.9,25.7,264.0,0.3
2025-06-17T02:30:00Z,1.24,12.0,2.95,0.00873,14.3,141.0,36.8,90.8,9.13,24.7,173.0,0.4
2025-06-17T03:30:00Z,1.2,13.2,3.35,0.00973,39.7,149.0,33.5,88.3,8.2,25.4,102.0,0.325
2025-06-17T04:30:00Z,1.29,13.6,3.38,0.00998,37.4,101.0,32.3,85.5,7.85,25.8,261.0,0.325
2025-06-17T05:30:00Z,1.24,13.2,4.15,0.0104,34.6,53.8,30.0,79.8,8.63,27.1,255.0,0.45
2025-06-17T06:30:00Z,1.13,12.4,4.57,0.0103,39.3,41.0,25.0,81.7,9.23,27.4,326.0,0.333
2025-06-17T07:30:00Z,1.17,13.5,4.68,0.011,35.7,52.3,24.5,84.5,9.0,26.5,338.0,0.25
2025-06-17T08:30:00Z,1.05,17.0,5.3,0.0134,43.6,60.3,29.0,77.5,8.9,27.3,268.0,0.45
2025-06-17T09:30:00Z,0.78,12.7,5.2,0.011,53.9,55.3,33.0,73.0,8.48,28.6,334.0,0.5
2025-06-17T10:30:00Z,0.8,10.9,3.3,0.00847,52.4,41.0,27.7,75.7,8.0,29.2,328.0,0.4
2025-06-17T11:30:00Z,0.818,11.0,4.08,0.00918,52.0,37.0,25.0,74.3,8.1,29.4,333.0,0.325
2025-06-17T12:30:00Z,0.975,15.2,4.18,0.0115,42.2,39.0,23.5,76.5,8.1,29.1,322.0,0.125
2025-06-17T13:30:00Z,1.23,21.1,4.6,0.015,33.4,48.0,20.3,78.3,8.3,28.5,305.0,0.1
2025-06-17T14:30:00Z,1.51,32.6,6.2,0.0223,22.7,62.7,20.7,76.3,9.1,29.0,159.0,0.2
2025-06-17T15:30:00Z,1.54,39.2,9.03,0.0282,10.4,81.8,32.3,77.5,9.43,28.9,71.3,0.225
2025-06-17T16:30:00Z,1.43,29.0,6.98,0.0211,12.6,104.0,44.0,81.3,9.15,28.3,253.0,0.3
2025-06-17T17:30:00Z,1.09,19.6,6.7,0.0158,20.9,98.7,43.0,83.3,8.7,27.7,290.0,0.3
2025-06-17T18:30:00Z,0.89,8.65,5.4,0.00895,,87.0,31.0,90.5,8.15,25.7,98.0,0.35
2025-06-17T19:30:00Z,0.938,8.15,4.93,0.00833,28.5,101.0,28.5,91.0,7.43,25.6,77.5,0.325
2025-06-17T20:30:00Z,0.985,10.1,5.4,0.00978,22.3,114.0,25.0,92.0,7.75,25.4,177.0,0.225
2025-06-17T21:30:00Z,1.17,10.0,5.63,0.0099,14.7,95.0,26.0,91.0,8.18,25.5,95.5,0.225
2025-06-17T22:30:00Z,1.26,15.5,6.3,0.0133,12.0,64.3,24.8,90.5,7.93,25.5,60.8,0.175
2025-06-17T23:30:00Z,1.23,14.9,6.5,0.0132,13.3,43.8,20.5,87.5,8.48,26.3,178.0,0.525
2025-06-18T00:30:00Z,1.28,11.5,5.7,0.0107,28.0,92.5,40.3,87.3,8.1,26.2,187.0,0.55
2025-06-18T01:30:00Z,1.02,7.4,4.83,0.00785,40.1,94.5,39.8,89.8,7.75,25.2,116.0,0.25
2025-06-18T02:30:00Z,1.08,10.7,5.18,0.0099,39.1,25.8,14.5,90.0,7.38,25.2,194.0,0.2
2025-06-18T03:30:00Z,1.12,12.4,5.8,0.0113,46.4,26.3,14.5,87.0,7.3,25.0,339.0,0.325
2025-06-18T04:30:00Z,,,,,43.9,29.3,16.0,80.3,,26.2,320.0,0.45
2025-06-18T05:30:00Z,,,,,55.1,31.3,19.8,72.8,,28.1,324.0,0.525
2025-06-18T06:30:00Z,,,,,65.9,43.0,26.5,66.8,,29.4,248.0,0.425
2025-06-18T07:30:00Z,,,,,63.6,46.3,32.0,64.3,,30.7,259.0,0.45
2025-06-18T08:30:00Z,1.1,29.9,22.5,0.0342,60.2,46.8,33.0,62.5,7.8,31.7,342.0,0.525
2025-06-18T09:30:00Z,0.9,25.9,22.1,0.0318,70.7,46.0,29.7,59.7,6.7,32.2,153.0,0.433
2025-06-18T10:30:00Z,0.993,18.3,15.4,0.0223,94.6,39.8,26.0,59.0,6.33,33.1,271.0,0.425
2025-06-18T11:30:00Z,1.13,12.0,6.0,0.0112,113.0,35.0,23.0,62.5,6.35,32.7,317.0,0.2
2025-06-18T13:30:00Z,1.55,20.3,5.75,0.0155,37.6,70.5,39.0,69.5,6.5,31.3,199.0,0.3
2025-06-18T14:30:00Z,1.55,21.4,5.2,0.0156,32.1,78.8,39.0,70.3,6.43,31.0,251.0,0.3
2025-06-18T15:30:00Z,1.53,19.2,4.78,0.0141,27.2,76.0,35.5,73.8,6.45,30.1,232.0,0.275
2025-06-18T16:30:00Z,1.48,15.1,5.53,0.0125,30.5,62.5,30.0,75.5,6.88,29.4,197.0,0.225
2025-06-18T17:30:00Z,1.39,16.6,4.9,0.0128,21.5,66.5,28.5,77.0,6.65,29.2,154.0,0.3
2025-06-18T18:30:00Z,1.09,13.6,5.0,0.0113,,104.0,44.5,78.0,7.35,28.4,115.0,0.35
2025-06-18T19:30:00Z,1.14,11.6,5.3,0.0105,20.0,91.0,41.5,79.5,7.63,27.8,41.0,0.15
2025-06-18T20:30:00Z,1.19,11.1,5.95,0.0107,18.0,78.8,39.8,81.0,7.45,27.7,105.0,0.25
2025-06-18T21:30:00Z,1.35,12.6,5.63,0.0113,15.5,76.5,41.0,82.3,7.63,27.5,209.0,0.175
2025-06-18T22:30:00Z,1.32,12.6,5.95,0.0115,14.5,76.0,40.5,82.8,7.75,27.4,131.0,0.25
2025-06-18T23:30:00Z,1.4,14.5,5.88,0.0125,9.43,101.0,41.0,83.3,7.48,27.9,170.0,0.375
2025-06-19T00:30:00Z,1.48,14.5,7.0,0.0134,12.1,128.0,48.8,81.8,8.0,28.1,207.0,0.325
2025-06-19T01:30:00Z,1.31,12.7,8.08,0.0134,20.1,134.0,58.5,76.3,7.48,28.6,190.0,0.425
2025-06-19T02:30:00Z,1.3,12.6,10.7,0.0154,23.4,118.0,54.3,72.0,7.48,29.6,203.0,0.425
2025-06-19T03:30:00Z,1.31,20.1,18.3,0.0255,47.8,109.0,58.8,68.8,8.1,30.0,268.0,0.575
2025-06-19T04:30:00Z,,,,,62.8,109.0,66.3,65.0,,31.0,229.0,0.575
2025-06-19T05:30:00Z,,,,,59.1,90.8,59.0,62.5,,32.1,222.0,0.65
2025-06-19T06:30:00Z,1.04,28.3,40.0,0.0476,54.6,77.0,51.3,61.8,7.9,33.1,196.0,0.675
2025-06-19T07:30:00Z,0.995,20.6,25.1,0.0314,77.7,69.0,46.5,61.3,7.28,33.1,226.0,0.625
2025-06-19T08:30:00Z,1.05,21.0,16.8,0.0248,87.8,69.3,49.5,63.0,6.08,32.8,188.0,0.625
2025-06-19T10:30:00Z,0.903,11.2,6.57,0.0113,104.0,67.0,46.7,64.0,4.9,33.6,293.0,0.367
2025-06-19T11:30:00Z,1.07,14.1,4.45,0.0111,80.3,72.5,44.8,71.8,4.33,31.2,345.0,0.45
2025-06-19T12:30:00Z,1.25,18.5,4.7,0.0137,71.7,87.3,44.0,72.0,4.3,31.4,184.0,0.25
2025-06-19T13:30:00Z,1.57,28.2,5.78,0.0197,50.9,94.8,43.5,72.8,4.38,31.2,257.0,0.125
2025-06-19T14:30:00Z,1.54,27.5,6.43,0.0198,46.3,102.0,46.8,72.8,4.73,31.4,181.0,0.575
2025-06-19T15:30:00Z,1.44,22.5,5.88,0.0167,48.0,104.0,49.3,73.0,5.03,31.1,149.0,0.65
2025-06-19T16:30:00Z,1.34,15.1,5.13,0.0122,50.1,81.3,42.5,73.0,4.7,30.9,157.0,0.55
2025-06-19T17:30:00Z,1.26,12.0,5.47,0.0109,46.7,70.7,39.3,73.3,5.0,30.9,161.0,0.467
2025-06-19T18:30:00Z,1.06,7.4,5.15,0.0081,,69.0,37.0,73.0,7.1,30.8,155.0,0.45
2025-06-19T19:30:00Z,1.06,9.38,4.78,0.00885,38.0,62.8,32.5,74.8,6.75,30.3,139.0,0.325
2025-06-19T20:30:00Z,1.06,7.68,5.4,0.00848,50.0,55.5,27.5,75.3,7.03,30.0,173.0,0.425
2025-06-19T21:30:00Z,1.23,6.1,5.2,0.00747,43.3,64.7,32.7,76.7,7.2,29.7,210.0,0.3
2025-06-19T22:30:00Z,1.29,7.53,5.28,0.0083,38.4,91.3,43.8,78.0,7.0,29.5,184.0,0.35
2025-06-19T23:30:00Z,1.29,6.78,5.73,0.00825,39.2,239.0,51.5,78.3,6.98,29.4,182.0,0.5
2025-06-20T00:30:00Z,1.25,7.75,4.5,0.00778,40.9,240.0,45.8,83.5,7.28,28.0,172.0,1.03
2025-06-20T01:30:00Z,1.26,9.88,4.68,0.00905,31.3,128.0,36.8,92.0,7.55,27.1,161.0,0.725
2025-06-20T02:30:00Z,1.16,15.5,5.08,0.0124,29.5,116.0,33.0,91.8,8.0,26.7,163.0,0.825
2025-06-20T03:30:00Z,1.33,15.4,5.35,0.0126,30.1,52.5,26.8,88.0,6.6,26.3,163.0,0.7
2025-06-20T04:30:00Z,,,,,47.2,32.0,21.0,79.5,,26.9,173.0,0.9
2025-06-20T05:30:00Z,0.681,11.6,6.63,0.0116,45.3,40.3,21.5,75.5,96.0,28.7,175.0,1.0
2025-06-20T06:30:00Z,1.05,12.4,11.7,0.0161,40.5,56.3,24.3,72.8,6.18,29.0,178.0,1.03
2025-06-20T07:30:00Z,1.11,17.1,23.1,0.0279,35.8,61.0,30.5,68.8,7.2,30.1,184.0,0.875
2025-06-20T08:30:00Z,1.09,17.4,23.8,0.0286,43.6,62.0,35.0,67.5,6.58,30.6,206.0,0.525
2025-06-20T09:30:00Z,1.11,20.0,30.3,0.0353,49.2,58.3,36.0,65.3,7.3,31.8,175.0,0.825
2025-06-20T10:30:00Z,0.733,10.8,8.97,0.013,66.5,52.3,37.7,64.7,8.03,32.0,187.0,0.567
2025-06-20T11:30:00Z,1.05,13.3,8.13,0.0137,51.8,54.5,37.5,68.3,6.18,31.8,174.0,0.5
2025-06-20T12:30:00Z,1.33,19.2,6.48,0.0155,49.1,69.0,39.5,72.0,5.95,31.4,166.0,0.6
2025-06-20T13:30:00Z,1.27,17.0,6.0,0.0139,45.2,78.5,39.5,72.5,6.05,30.8,175.0,0.775
2025-06-20T14:30:00Z,1.15,12.2,6.05,0.0114,44.1,63.5,30.5,76.3,6.03,29.9,176.0,0.725
2025-06-20T15:30:00Z,1.2,9.0,4.88,0.00875,45.4,41.3,21.5,75.0,5.83,29.7,175.0,0.775
2025-06-20T16:30:00Z,1.21,6.2,4.83,0.00723,43.0,37.3,22.0,76.0,6.23,29.3,178.0,1.0
2025-06-20T17:30:00Z,1.04,7.25,4.45,0.00745,41.0,57.5,32.5,76.0,6.45,29.0,181.0,0.8
2025-06-20T18:30:00Z,0.745,4.35,5.05,0.0065,,44.0,27.5,75.0,6.0,28.8,177.0,0.65
2025-06-20T19:30:00Z,0.715,5.65,4.75,0.00685,43.2,33.0,22.5,75.3,5.65,28.4,183.0,0.6
2025-06-20T20:30:00Z,0.75,7.73,4.87,0.0081,36.9,30.3,16.7,76.0,5.77,28.2,170.0,0.5
2025-06-20T21:30:00Z,0.76,8.4,4.43,0.00805,33.8,32.0,19.3,76.8,5.55,27.9,185.0,0.5
2025-06-20T22:30:00Z,0.785,8.88,4.58,0.00848,29.2,37.8,27.0,77.3,5.55,27.9,174.0,0.6
2025-06-20T23:30:00Z,0.88,8.35,4.88,0.0084,30.0,41.5,27.0,77.8,6.75,27.9,177.0,0.525
2025-06-21T00:30:00Z,0.92,9.43,5.73,0.00968,28.4,45.8,25.5,77.8,10.3,27.8,174.0,0.775
2025-06-21T01:30:00Z,0.94,7.75,6.85,0.0097,33.6,56.0,28.0,76.5,11.8,28.8,180.0,0.65
2025-06-21T07:30:00Z,1.01,23.7,49.1,0.0525,36.0,38.0,23.5,60.8,8.98,32.8,181.0,0.625
2025-06-21T08:30:00Z,1.07,26.5,48.7,0.0537,42.3,41.8,24.5,58.8,8.88,33.7,189.0,0.6
2025-06-21T09:30:00Z,1.16,21.2,23.6,0.0305,69.4,46.3,25.3,62.0,8.13,33.4,176.0,0.733
2025-06-21T10:30:00Z,1.16,11.8,11.0,0.0152,83.8,51.3,29.5,63.3,7.63,33.9,188.0,0.45
2025-06-21T11:30:00Z,1.29,15.0,9.2,0.0154,71.7,47.3,27.0,63.8,7.13,33.7,171.0,0.475
2025-06-21T12:30:00Z,1.27,20.1,8.65,0.0177,56.6,45.8,27.5,65.0,6.93,33.3,160.0,0.575
2025-06-21T13:30:00Z,1.31,22.3,7.6,0.0181,38.5,52.0,30.0,66.0,6.75,32.9,159.0,0.45
2025-06-21T14:30:00Z,1.38,24.7,7.05,0.0189,34.4,68.5,32.5,68.0,6.9,32.2,184.0,0.55
2025-06-21T15:30:00Z,1.41,25.5,7.85,0.0199,28.7,70.8,33.0,68.3,7.13,32.0,169.0,0.575
2025-06-21T16:30:00Z,1.3,14.9,6.25,0.013,36.1,63.8,30.0,70.0,7.13,31.6,167.0,0.7
2025-06-21T17:30:00Z,1.08,12.2,6.3,0.0117,38.5,62.3,32.3,69.0,7.5,31.6,155.0,0.533
2025-06-21T18:30:00Z,0.835,13.7,6.5,0.0126,,58.5,28.5,70.0,7.25,31.5,169.0,0.35
2025-06-21T19:30:00Z,0.805,10.1,5.88,0.0101,41.6,50.3,27.5,70.0,7.18,31.2,178.0,0.275
2025-06-21T20:30:00Z,0.743,9.05,5.6,0.00935,37.6,41.0,26.5,71.3,7.05,30.6,129.0,0.475
2025-06-21T21:30:00Z,0.747,6.47,5.8,0.00817,46.6,42.3,26.7,76.7,6.8,29.2,130.0,0.733
2025-06-21T22:30:00Z,0.753,5.68,4.28,0.00648,56.9,43.8,26.3,80.5,6.98,28.6,159.0,0.775
2025-06-21T23:30:00Z,0.775,4.55,3.65,0.00535,69.8,39.0,23.0,79.5,7.2,27.8,171.0,0.8
2025-06-22T01:30:00Z,0.94,6.9,4.4,0.0073,48.8,39.0,24.0,80.0,7.0,28.6,164.0,0.7
2025-06-22T02:30:00Z,0.988,8.3,6.33,0.00958,41.8,36.3,24.0,77.0,7.25,29.3,173.0,0.75
2025-06-22T03:30:00Z,0.955,9.38,15.2,0.0173,40.3,48.8,28.5,74.0,6.98,30.3,183.0,0.675
2025-06-22T04:30:00Z,0.88,12.5,14.2,0.0182,47.2,56.0,33.8,72.3,7.15,30.3,192.0,0.65
2025-06-22T05:30:00Z,1.09,14.8,20.0,0.0241,40.8,49.0,32.0,72.8,7.77,30.0,175.0,0.85
2025-06-22T06:30:00Z,1.18,10.3,10.4,0.0139,51.2,55.5,32.8,74.0,8.28,30.5,182.0,0.6
2025-06-22T07:30:00Z,1.16,10.5,11.3,0.0147,49.4,58.0,34.3,73.5,8.75,30.3,188.0,0.65
2025-06-22T08:30:00Z,1.3,9.3,10.1,0.0132,46.1,88.5,27.0,73.0,8.7,31.0,176.0,0.7
2025-06-22T09:30:00Z,1.26,10.6,14.1,0.0171,46.7,83.3,27.0,71.0,8.47,31.4,162.0,0.667
2025-06-22T10:30:00Z,1.26,8.95,8.9,0.012,59.3,132.0,28.0,72.0,8.5,31.4,269.0,0.6
2025-06-22T11:30:00Z,1.27,10.6,4.9,0.0096,62.2,130.0,27.5,76.5,8.68,29.0,335.0,0.475
2025-06-22T12:30:00Z,1.36,17.3,4.53,0.0129,47.9,90.0,29.5,78.0,8.5,29.2,182.0,0.35
2025-06-22T13:30:00Z,1.36,16.3,4.55,0.0124,45.7,96.3,38.8,77.8,8.23,29.4,288.0,0.2
2025-06-22T14:30:00Z,1.39,16.9,4.38,0.0126,32.7,111.0,45.5,78.8,8.13,28.7,192.0,0.325
2025-06-22T15:30:00Z,1.45,17.9,4.97,0.0136,34.9,129.0,45.3,79.7,8.5,29.0,177.0,0.433
2025-06-22T16:30:00Z,1.45,12.7,4.5,0.0104,36.7,175.0,43.0,83.3,8.58,29.1,173.0,0.475
2025-06-22T17:30:00Z,1.23,7.63,4.33,0.00757,38.4,196.0,39.0,83.3,8.0,29.2,176.0,0.467
2025-06-22T18:30:00Z,0.95,5.5,5.0,0.007,,200.0,36.0,84.0,4.8,29.3,181.0,0.5
2025-06-22T19:30:00Z,1.01,4.45,4.25,0.00585,35.8,200.0,36.0,83.5,4.95,29.2,175.0,0.45
2025-06-22T20:30:00Z,0.88,3.8,4.25,0.0055,38.3,342.0,36.5,86.0,4.4,28.7,194.0,0.2
2025-06-22T21:30:00Z,0.898,5.38,4.45,0.00648,34.5,454.0,35.5,86.0,4.55,28.6,168.0,0.3
2025-06-22T22:30:00Z,0.923,7.55,4.2,0.00745,30.0,672.0,37.0,86.0,4.5,28.5,151.0,0.3
2025-06-22T23:30:00Z,0.91,6.68,3.73,0.00658,36.0,753.0,44.8,85.0,4.53,28.5,160.0,0.4
2025-06-23T00:30:00Z,1.09,8.45,4.05,0.0078,37.9,687.0,41.5,82.5,4.9,29.0,161.0,0.475
2025-06-23T01:30:00Z,1.14,8.9,6.68,0.0102,38.8,720.0,36.8,78.5,4.6,29.4,150.0,0.525
2025-06-23T02:30:00Z,1.21,7.45,9.03,0.0113,46.6,547.0,41.5,70.8,4.93,30.6,170.0,0.45
2025-06-23T03:30:00Z,1.18,13.8,19.3,0.023,35.8,190.0,43.5,68.0,5.25,31.0,225.0,0.425
2025-06-23T04:30:00Z,1.06,12.7,13.1,0.0175,41.6,94.0,49.0,68.8,4.83,30.9,257.0,0.575
2025-06-23T05:30:00Z,1.09,50.7,45.7,0.0641,37.8,81.0,48.3,66.8,5.3,31.4,234.0,0.75
2025-06-23T06:30:00Z,1.09,50.1,43.2,0.0617,44.1,81.7,44.3,66.7,7.23,31.7,192.0,0.8
2025-06-23T07:30:00Z,1.22,48.9,30.0,0.0504,47.4,89.0,44.5,69.3,7.55,31.6,170.0,0.925
2025-06-23T08:30:00Z,1.27,46.7,17.2,0.0388,55.7,97.3,44.0,68.8,7.58,32.2,167.0,0.775
2025-06-23T09:30:00Z,1.29,41.9,16.7,0.0359,53.0,97.8,42.5,73.0,7.55,30.6,263.0,0.35
2025-06-23T10:30:00Z,1.26,43.0,14.5,0.0347,51.5,86.8,40.0,74.0,7.25,29.8,318.0,0.275
2025-06-23T11:30:00Z,1.43,54.0,14.4,0.0405,48.3,91.8,39.8,72.5,7.48,31.4,222.0,0.5
2025-06-23T12:30:00Z,1.39,45.7,12.7,0.0346,54.0,98.7,43.0,72.0,7.33,31.8,170.0,0.8
2025-06-23T13:30:00Z,1.29,42.4,12.2,0.0325,50.3,114.0,43.5,75.3,7.4,31.1,182.0,0.65
2025-06-23T14:30:00Z,1.22,35.3,7.03,0.0245,44.7,124.0,40.5,75.8,7.3,30.9,178.0,0.8
2025-06-23T15:30:00Z,1.16,29.5,11.3,0.0249,38.7,107.0,35.8,76.8,7.2,30.6,174.0,0.725
2025-06-23T16:30:00Z,1.17,20.0,11.2,0.0197,40.1,106.0,33.3,78.0,7.55,30.2,176.0,0.725
2025-06-23T17:30:00Z,1.16,16.0,13.8,0.0198,39.0,105.0,33.3,81.0,7.3,29.6,186.0,0.5
2025-06-23T18:30:00Z,0.945,12.6,7.55,0.0128,,98.5,28.0,78.5,6.5,29.4,167.0,1.0
2025-06-23T19:30:00Z,0.97,20.9,5.15,0.0153,26.2,91.3,22.8,86.0,6.75,27.8,168.0,1.0
2025-06-23T20:30:00Z,0.958,22.8,5.25,0.0164,26.1,73.8,15.5,91.0,7.2,26.9,181.0,0.625
2025-06-23T21:30:00Z,0.823,19.2,6.8,0.0158,26.4,46.0,15.5,89.0,6.35,27.1,175.0,0.525
2025-06-23T22:30:00Z,0.8,19.0,7.03,0.0158,28.7,31.5,17.0,87.0,6.28,27.3,172.0,0.625
2025-06-23T23:30:00Z,0.795,16.4,7.38,0.0147,30.5,41.0,20.3,85.3,5.93,27.4,173.0,0.75
2025-06-24T00:30:00Z,0.835,17.0,8.53,0.016,31.1,36.8,18.3,86.0,6.35,27.4,177.0,0.6
2025-06-24T01:30:00Z,0.99,20.9,12.8,0.0215,30.8,30.3,15.0,84.0,6.28,27.4,181.0,0.8
2025-06-24T02:30:00Z,1.08,24.2,17.1,0.0268,26.2,40.8,20.5,83.5,6.38,28.2,183.0,0.8
2025-06-24T03:30:00Z,1.1,30.7,30.8,0.0414,25.9,82.0,19.8,79.5,6.28,28.3,177.0,0.875
2025-06-24T04:30:00Z,1.08,30.0,57.6,0.0628,24.8,76.0,13.5,71.8,6.5,30.0,186.0,0.825
2025-06-24T05:30:00Z,0.97,37.2,78.0,0.0832,19.6,32.0,9.5,70.5,7.23,29.9,184.0,1.05
2025-06-24T06:30:00Z,0.89,30.1,28.9,0.0395,28.2,72.0,13.8,75.0,7.88,29.4,178.0,1.23
2025-06-24T07:30:00Z,0.898,28.9,11.7,0.0249,32.5,72.5,14.5,79.0,7.93,28.5,171.0,1.13
2025-06-24T08:30:00Z,0.867,24.6,13.4,0.024,38.5,25.0,9.0,77.7,8.17,28.5,184.0,0.867
2025-06-24T09:30:00Z,0.985,26.6,18.6,0.0292,38.3,18.0,9.0,75.0,7.9,29.4,174.0,0.7
2025-06-24T11:30:00Z,1.11,35.4,17.7,0.0332,39.0,37.0,20.0,69.0,8.4,31.5,176.0,0.75
2025-06-24T12:30:00Z,1.1,34.4,16.6,0.0318,37.0,38.5,17.0,71.3,8.4,31.0,185.0,0.55
2025-06-24T13:30:00Z,1.09,37.9,8.1,0.0267,32.6,40.0,14.0,74.5,7.8,30.4,186.0,0.4
2025-06-24T14:30:00Z,1.01,39.5,12.9,0.0315,25.9,62.0,28.5,78.5,7.95,29.9,179.0,0.5
2025-06-24T15:30:00Z,0.985,34.2,11.0,0.0271,26.5,59.8,26.3,79.0,8.03,29.8,176.0,0.525
2025-06-24T16:30:00Z,0.903,27.3,9.4,0.0222,28.0,57.5,20.0,80.0,7.98,29.6,172.0,0.6
2025-06-24T17:30:00Z,0.925,28.9,10.7,0.0241,25.9,59.0,19.3,81.0,7.7,29.3,180.0,0.667
2025-06-25T04:30:00Z,1.16,50.3,7.3,0.0327,30.1,,,78.5,8.0,27.1,170.0,1.1
2025-06-25T05:30:00Z,1.12,58.2,6.8,0.0365,31.8,,,78.0,7.8,27.6,180.0,1.1
2025-06-25T06:30:00Z,0.98,47.6,11.4,0.0346,36.2,17.0,12.0,86.0,8.1,25.7,175.0,0.7
2025-06-25T07:30:00Z,0.985,52.5,10.4,0.0363,34.9,13.3,9.25,85.3,7.8,26.0,173.0,0.7
2025-06-25T08:30:00Z,,,,,34.9,,6.0,85.5,,25.6,265.0,0.325
2025-06-25T09:30:00Z,1.4,52.7,6.1,0.033,37.0,13.0,5.5,83.0,4.6,26.3,173.0,0.55
2025-06-25T10:30:00Z,1.54,37.3,7.03,0.0256,20.9,25.8,11.0,85.0,1.43,26.6,165.0,0.525
2025-06-25T11:30:00Z,1.92,50.4,8.98,0.0341,14.5,45.8,17.5,83.8,1.7,27.2,226.0,0.25
2025-06-25T14:30:00Z,1.97,50.2,12.8,0.037,9.45,70.5,27.0,82.5,1.8,27.5,203.0,0.35
2025-06-25T15:30:00Z,1.65,35.2,7.97,0.0252,10.7,63.0,27.0,82.3,0.9,27.2,199.0,0.367
2025-06-25T16:30:00Z,1.5,27.9,7.05,0.0206,19.0,50.5,30.3,80.0,0.775,27.6,173.0,0.575
2025-06-25T17:30:00Z,1.18,16.5,5.87,0.0136,30.9,50.0,33.0,77.0,0.95,27.7,182.0,0.6
2025-06-25T18:30:00Z,0.805,14.6,2.55,0.0099,,28.5,14.5,75.0,0.8,28.0,162.0,0.55
2025-06-25T19:30:00Z,0.91,12.2,5.5,0.011,49.4,22.8,13.0,73.5,1.1,28.2,172.0,0.6
2025-06-25T20:30:00Z,1.02,10.4,7.6,0.0117,49.8,24.3,14.0,74.0,1.7,28.7,185.0,0.45
2025-06-25T21:30:00Z,1.01,9.63,7.28,0.011,45.9,33.0,17.0,75.0,1.65,28.6,179.0,0.45
2025-06-25T22:30:00Z,1.05,14.2,7.25,0.0135,42.4,33.0,21.5,75.0,1.58,28.6,163.0,0.325
2025-06-25T23:30:00Z,1.03,27.6,9.28,0.0222,19.6,34.5,24.5,76.8,0.95,28.2,189.0,0.175
2025-06-26T00:30:00Z,1.21,47.5,20.1,0.0417,12.8,44.8,26.0,76.5,0.7,28.6,132.0,0.275
2025-06-26T01:30:00Z,1.03,22.9,11.9,0.0218,26.9,49.8,29.5,73.3,0.975,28.6,161.0,0.85
2025-06-26T02:30:00Z,1.05,23.6,15.8,0.0254,32.1,42.0,26.8,69.0,0.7,29.5,178.0,0.675
2025-06-26T03:30:00Z,1.04,16.3,15.1,0.021,37.5,35.0,21.0,68.0,1.2,30.4,180.0,0.8
2025-06-26T04:30:00Z,,,,,33.5,32.0,20.5,69.3,,29.7,186.0,0.775
2025-06-26T05:30:00Z,,,,,35.1,29.3,19.7,64.0,,31.0,182.0,1.13
2025-06-26T06:30:00Z,,,,,30.1,24.8,16.5,61.8,,31.7,190.0,0.85
2025-06-26T07:30:00Z,,,,,27.1,23.8,15.5,58.8,,32.6,181.0,0.8
2025-06-26T08:30:00Z,,,,,20.7,27.5,14.3,56.3,,33.3,184.0,0.85
2025-06-26T09:30:00Z,2.13,23.2,54.6,0.0567,,22.8,12.0,60.5,150.0,33.3,212.0,0.625
2025-06-26T10:30:00Z,0.845,21.9,27.2,0.0337,,21.5,12.0,61.5,,33.8,252.0,0.55
2025-06-26T11:30:00Z,0.963,15.9,9.25,0.016,,23.0,10.0,62.8,,33.9,276.0,0.45
2025-06-26T12:30:00Z,1.3,26.2,8.45,0.0208,42.2,24.3,8.5,64.3,,33.5,182.0,0.425
2025-06-26T13:30:00Z,1.51,39.1,10.3,0.0292,24.8,39.3,12.5,68.0,,32.5,196.0,0.5
2025-06-26T14:30:00Z,1.54,34.1,10.3,0.0265,25.0,53.3,19.7,70.7,,31.8,203.0,0.433
2025-06-26T15:30:00Z,1.26,20.3,6.9,0.0164,22.6,59.3,27.0,73.3,,31.2,181.0,0.7
2025-06-26T16:30:00Z,1.18,14.4,8.2,0.0144,21.3,58.7,26.7,73.0,,30.9,168.0,0.533
2025-06-26T17:30:00Z,0.945,13.7,7.37,0.0133,28.5,48.3,23.0,72.3,,30.8,172.0,0.533
2025-06-26T18:30:00Z,0.68,10.4,6.5,0.0108,,35.0,16.0,75.5,0.4,30.2,175.0,0.6
2025-06-26T19:30:00Z,0.855,8.5,6.45,0.0098,17.9,43.8,18.8,75.8,0.3,30.0,176.0,0.425
2025-06-26T20:30:00Z,1.05,9.8,8.37,0.012,22.9,50.0,19.5,75.5,0.7,29.9,171.0,0.375
2025-06-26T21:30:00Z,1.04,10.4,8.0,0.0121,20.8,37.3,16.5,75.5,0.55,29.8,195.0,0.15
2025-06-26T22:30:00Z,1.06,17.0,8.5,0.0159,17.0,23.8,15.5,78.5,0.6,29.3,80.5,0.125
2025-06-26T23:30:00Z,1.0,25.9,9.68,0.0217,12.3,23.5,15.0,78.8,0.55,29.2,156.0,0.125
2025-06-27T00:30:00Z,0.903,22.5,12.5,0.0221,10.3,30.3,16.8,74.8,,29.8,147.0,0.275
2025-06-27T01:30:00Z,0.928,18.7,11.6,0.0194,14.5,34.0,19.8,72.0,0.15,30.0,170.0,0.3
2025-06-27T02:30:00Z,0.925,21.7,18.9,0.0269,22.8,39.3,23.5,69.5,0.375,30.3,177.0,0.575
2025-06-27T03:30:00Z,,,,,29.1,37.3,23.0,67.3,,31.0,193.0,0.75
2025-06-27T04:30:00Z,1.18,28.3,33.1,0.042,35.6,32.3,17.8,66.5,7.77,31.9,181.0,0.875
2025-06-27T05:30:00Z,0.863,30.4,46.8,0.0543,37.5,40.8,17.0,65.8,1.4,32.6,193.0,0.65
2025-06-27T06:30:00Z,0.778,26.6,61.2,0.0639,27.6,41.0,20.8,63.0,1.75,33.0,190.0,0.725
2025-06-27T07:30:00Z,0.718,30.9,66.3,0.0703,28.9,33.0,19.8,61.3,1.53,33.6,195.0,0.85
2025-06-27T08:30:00Z,0.605,29.1,62.8,0.0665,30.5,30.0,15.7,59.7,1.25,33.8,170.0,0.733
2025-06-27T09:30:00Z,1.14,28.2,33.7,0.0423,49.4,30.0,14.0,62.5,1.35,34.0,166.0,0.7
2025-06-27T10:30:00Z,1.25,19.6,13.8,0.0217,55.0,56.5,24.0,66.5,0.95,33.6,196.0,0.4
2025-06-27T11:30:00Z,1.41,25.5,12.6,0.0238,46.5,62.3,24.0,67.5,1.23,33.4,197.0,0.375
2025-06-27T12:30:00Z,1.61,29.7,11.8,0.0254,45.3,70.5,25.8,68.5,1.48,33.1,183.0,0.55
2025-06-27T13:30:00Z,1.66,33.4,11.0,0.0268,37.9,77.0,33.5,70.5,1.33,32.7,178.0,0.6
2025-06-27T14:30:00Z,1.69,31.4,10.5,0.0252,30.9,81.0,39.0,71.0,1.35,32.4,169.0,0.65
2025-06-27T23:30:00Z,0.81,15.1,5.65,0.0126,32.6,2.5,4.0,89.0,1.05,25.1,172.0,0.75
2025-06-28T00:30:00Z,0.83,11.9,4.18,0.00975,35.3,12.3,7.5,89.8,0.5,25.3,163.0,0.875
2025-06-28T01:30:00Z,0.918,17.7,6.78,0.015,31.0,19.5,11.0,85.8,0.675,26.2,153.0,0.625
2025-06-28T02:30:00Z,1.02,19.4,10.5,0.0189,29.5,18.5,13.3,80.0,0.575,27.9,160.0,0.55
2025-06-28T03:30:00Z,1.12,19.6,12.9,0.021,28.1,25.8,17.0,77.8,0.625,28.3,182.0,0.425
2025-06-28T04:30:00Z,1.18,19.9,20.4,0.0271,39.9,26.5,16.5,73.5,1.7,28.9,181.0,0.575
2025-06-28T05:30:00Z,0.967,22.6,37.6,0.0426,33.9,27.8,16.8,73.3,1.7,29.1,198.0,0.55
2025-06-28T06:30:00Z,0.88,28.1,38.3,0.0461,41.0,36.5,20.5,71.0,0.875,29.7,218.0,0.45
2025-06-28T07:30:00Z,0.79,27.8,43.0,0.0497,40.7,36.0,23.8,68.8,0.675,30.5,196.0,0.55
2025-06-28T08:30:00Z,0.84,25.9,36.4,0.0434,35.2,34.5,28.0,69.5,0.375,31.0,254.0,0.45
2025-06-28T09:30:00Z,0.998,21.8,17.6,0.0259,59.0,51.8,32.0,71.8,0.05,31.3,247.0,0.375
2025-06-28T10:30:00Z,1.08,21.1,10.8,0.02,64.7,61.8,32.0,73.3,0.175,31.4,192.0,0.425
2025-06-28T11:30:00Z,1.37,28.8,12.3,0.0253,48.3,73.0,34.8,76.8,0.275,30.6,146.0,0.675
2025-06-28T12:30:00Z,1.47,45.9,14.8,0.0364,24.4,101.0,35.5,84.8,0.475,29.1,112.0,0.325
2025-06-28T13:30:00Z,1.15,25.1,6.73,0.0188,36.2,104.0,33.0,88.3,0.6,27.2,274.0,0.775
2025-06-28T14:30:00Z,1.01,18.7,6.28,0.0151,39.2,73.5,25.3,91.5,0.35,26.0,219.0,0.45
2025-06-28T15:30:00Z,1.0,27.5,7.9,0.021,27.7,54.3,14.0,91.8,0.3,26.1,130.0,0.675
2025-06-28T16:30:00Z,0.773,20.9,6.38,0.0163,31.2,42.8,10.0,91.0,,26.2,175.0,0.375
2025-06-28T17:30:00Z,0.79,13.5,5.27,0.0114,37.5,31.3,8.67,90.7,,26.2,168.0,0.7
2025-06-28T18:30:00Z,0.76,12.2,5.85,0.0113,,42.5,17.0,89.0,0.2,26.1,182.0,0.45
2025-06-28T19:30:00Z,0.865,14.4,5.45,0.0121,26.2,51.8,16.5,88.3,,26.3,172.0,0.5
2025-06-28T20:30:00Z,1.05,7.97,4.87,0.00823,33.9,61.0,17.0,88.0,0.933,26.4,143.0,0.75
2025-06-28T21:30:00Z,1.01,10.2,5.43,0.00985,48.2,41.3,142.0,92.5,0.9,24.8,172.0,0.925
2025-06-28T22:30:00Z,1.02,9.88,5.0,0.0093,56.0,12.3,146.0,93.8,1.4,24.1,200.0,0.7
2025-06-28T23:30:00Z,0.923,13.8,4.38,0.0109,31.5,5.5,9.5,94.0,0.95,24.0,114.0,0.65
2025-06-29T00:30:00Z,0.89,17.8,4.58,0.0132,27.3,6.0,9.0,94.0,0.25,23.8,206.0,0.325
2025-06-29T01:30:00Z,0.98,34.7,7.0,0.0242,18.8,7.0,8.0,94.0,0.6,23.8,119.0,0.25
2025-06-29T02:30:00Z,1.04,28.4,5.88,0.0199,17.6,14.0,7.5,95.0,0.425,24.0,178.0,0.275
2025-06-29T03:30:00Z,1.19,27.5,7.38,0.0206,16.3,28.3,9.5,95.0,0.575,24.0,166.0,0.3
2025-06-29T04:30:00Z,1.33,23.9,7.68,0.0189,21.8,34.3,13.5,94.0,1.18,23.3,166.0,0.6
2025-06-29T05:30:00Z,1.24,20.0,7.9,0.017,20.7,34.5,20.8,92.8,0.733,24.6,183.0,0.375
2025-06-29T06:30:00Z,1.18,22.9,10.1,0.0204,22.8,54.5,30.3,87.3,0.1,25.1,191.0,0.4
2025-06-29T07:30:00Z,1.07,24.6,20.8,0.03,22.8,72.5,33.5,83.8,,26.4,174.0,0.5
2025-06-29T08:30:00Z,1.12,24.2,11.2,0.022,24.9,54.8,28.8,81.3,0.5,27.5,204.0,0.35
2025-06-29T09:30:00Z,1.39,31.8,16.2,0.0301,30.1,32.5,23.5,75.3,0.85,28.6,265.0,0.4
2025-06-29T10:30:00Z,1.06,30.5,8.4,0.023,37.3,32.0,23.0,75.5,1.85,29.4,266.0,0.35
2025-06-29T13:30:00Z,0.0,18.2,8.5,0.0164,22.7,,,86.5,2.85,28.0,162.0,0.8
2025-06-29T14:30:00Z,0.0,26.8,8.83,0.0215,15.0,94.0,43.0,87.0,4.05,27.5,166.0,0.6
2025-06-29T15:30:00Z,0.0,18.1,7.95,0.0161,20.0,94.0,43.0,88.0,4.15,27.5,185.0,0.55
2025-06-30T03:30:00Z,0.0,13.2,9.6,0.0148,21.6,52.0,29.0,87.0,1.0,25.7,191.0,0.6
2025-06-30T04:30:00Z,0.0,15.7,8.28,0.0151,19.0,34.0,23.8,89.5,1.03,24.7,179.0,0.9
2025-06-30T05:30:00Z,0.0,14.7,12.0,0.0175,18.6,16.0,15.3,85.0,0.633,25.9,176.0,0.875
2025-06-30T06:30:00Z,0.0,15.6,8.43,0.0151,18.3,16.5,13.0,89.5,0.2,25.1,177.0,0.625
2025-06-30T07:30:00Z,0.0,24.7,37.8,0.0439,12.1,14.0,12.0,83.5,0.55,26.0,183.0,0.575
2025-06-30T08:30:00Z,0.0,27.2,42.1,0.0487,12.5,22.0,12.8,78.3,1.38,27.4,216.0,0.625
2025-06-30T09:30:00Z,0.0,22.3,34.4,0.0398,19.5,25.3,8.75,76.3,1.43,28.1,227.0,0.45
2025-06-30T10:30:00Z,0.0,24.4,22.4,0.0312,23.1,18.3,6.5,76.3,1.33,28.8,201.0,0.4
2025-06-30T11:30:00Z,0.0,22.4,13.2,0.0226,25.7,25.8,10.5,78.3,1.18,28.6,185.0,0.45
2025-06-30T12:30:00Z,0.0,24.7,12.3,0.0232,19.3,27.3,10.5,81.5,0.7,28.1,186.0,0.425
2025-06-30T13:30:00Z,0.0,23.1,11.1,0.0213,15.3,27.8,11.8,83.3,0.133,27.7,187.0,0.525
2025-06-30T14:30:00Z,0.0,26.3,11.4,0.0232,12.3,57.5,16.8,87.8,,26.9,210.0,0.45
2025-06-30T15:30:00Z,0.0,18.5,8.08,0.0164,12.2,88.3,23.5,89.0,0.6,26.6,180.0,0.625
2025-06-30T16:30:00Z,0.0,15.3,6.73,0.0136,16.9,52.5,17.3,87.8,0.925,26.6,183.0,0.75
2025-06-30T17:30:00Z,0.0,9.4,8.07,0.0116,13.8,11.7,10.7,88.7,0.6,26.5,182.0,0.7
2025-06-30T18:30:00Z,0.0,7.65,6.35,0.00925,,57.5,14.0,91.0,1.6,26.1,165.0,0.65
2025-06-30T19:30:00Z,0.0,9.15,5.6,0.0094,19.8,53.8,19.0,88.5,1.6,26.1,174.0,0.575
2025-06-30T20:30:00Z,0.0,6.93,5.03,0.0078,24.6,39.3,19.8,84.8,1.9,26.2,173.0,0.725
2025-06-30T21:30:00Z,0.0,5.88,4.48,0.00675,18.9,20.3,12.3,88.3,0.85,25.9,179.0,0.7
2025-06-30T22:30:00Z,0.0,7.95,4.65,0.00805,14.9,14.8,12.8,88.5,0.65,25.8,176.0,0.825
2025-06-30T23:30:00Z,0.0,5.83,4.0,0.00633,22.8,18.7,15.7,84.3,0.533,25.6,173.0,1.03
2025-07-01T00:30:00Z,0.0,8.05,5.03,0.0084,24.0,9.25,10.3,83.8,0.55,25.5,169.0,1.08
2025-07-01T01:30:00Z,0.0,10.9,4.78,0.00968,20.9,9.25,6.5,87.3,1.13,25.2,170.0,0.8
2025-07-01T02:30:00Z,0.0,25.0,8.85,0.0205,12.6,17.0,8.0,91.3,1.28,24.8,135.0,0.625
2025-07-01T03:30:00Z,0.0,21.4,5.1,0.0155,17.0,9.25,10.5,92.8,1.48,24.2,161.0,0.775
2025-07-01T04:30:00Z,0.0,19.7,5.85,0.0153,15.6,2.0,9.0,93.8,1.45,24.1,193.0,0.325
2025-07-01T05:30:00Z,0.0,21.9,8.0,0.0182,11.8,6.25,8.0,93.8,0.633,23.9,173.0,0.3
2025-07-01T06:30:00Z,0.0,18.2,9.85,0.0177,15.0,17.3,15.8,90.8,0.375,24.9,277.0,0.425
2025-07-01T07:30:00Z,0.0,16.2,7.75,0.015,14.7,23.3,16.3,85.8,0.425,26.0,191.0,0.25
2025-07-01T08:30:00Z,0.0,31.2,14.2,0.0282,13.7,18.0,10.0,85.3,0.367,26.9,75.0,0.275
2025-07-01T09:30:00Z,0.0,25.2,19.3,0.0291,16.1,22.8,14.3,80.8,0.45,27.2,320.0,0.4
2025-07-01T10:30:00Z,0.0,28.4,18.5,0.0301,23.3,28.8,17.5,75.8,1.23,28.8,301.0,0.55
2025-07-01T11:30:00Z,0.0,20.3,7.9,0.0172,31.0,31.8,17.5,78.8,1.18,29.4,320.0,0.25
2025-07-01T12:30:00Z,0.0,15.9,9.23,0.016,21.4,42.8,20.0,82.3,0.725,28.9,331.0,0.175
2025-07-01T13:30:00Z,0.0,29.9,8.7,0.023,8.85,47.3,23.8,87.8,0.6,27.6,307.0,0.15
2025-07-01T14:30:00Z,0.0,33.6,9.25,0.0254,6.48,68.8,27.5,90.5,0.167,26.7,298.0,0.125
2025-07-01T15:30:00Z,0.0,42.5,21.5,0.0401,3.47,108.0,31.3,91.7,,26.3,120.0,0.1
2025-07-01T16:30:00Z,0.0,35.2,27.0,0.0406,3.2,158.0,35.5,93.0,0.05,26.2,76.8,0.125
2025-07-01T17:30:00Z,0.0,23.9,13.4,0.0236,0.95,194.0,31.0,93.3,0.0,26.1,70.0,0.1
2025-07-01T18:30:00Z,0.0,28.1,17.8,0.0294,,244.0,24.0,94.0,,25.8,61.0,0.1
2025-07-01T19:30:00Z,0.0,22.6,8.6,0.019,1.75,227.0,23.0,94.0,,25.7,132.0,0.1
2025-07-01T20:30:00Z,0.0,14.1,13.1,0.0182,2.98,182.0,20.0,94.0,0.1,25.4,105.0,0.15
2025-07-01T21:30:00Z,0.0,23.6,11.2,0.0216,3.73,98.8,14.5,91.8,,25.5,130.0,0.25
2025-07-01T22:30:00Z,0.0,26.4,12.1,0.0238,3.98,33.3,9.0,89.5,,25.5,119.0,0.175
2025-07-01T23:30:00Z,0.0,19.1,17.9,0.0247,4.75,32.7,8.33,90.3,,25.2,249.0,0.1
2025-07-02T00:30:00Z,0.0,18.5,17.6,0.0241,8.0,26.0,9.5,87.0,,27.7,83.5,0.15
2025-07-02T01:30:00Z,0.0,19.4,16.5,0.0237,10.2,41.0,14.0,78.8,,29.0,132.0,0.4
2025-07-02T02:30:00Z,0.0,22.5,30.1,0.0364,27.2,49.7,16.7,71.0,,30.0,172.0,0.4
2025-07-02T03:30:00Z,0.0,21.6,50.3,0.0523,26.0,33.0,13.3,65.8,,31.2,184.0,0.45
2025-07-02T04:30:00Z,0.0,22.0,56.3,0.0574,27.6,36.0,16.0,62.5,,31.7,182.0,0.575
2025-07-02T05:30:00Z,0.227,25.2,53.1,0.0566,24.6,31.8,15.0,61.5,0.15,32.0,248.0,0.55
2025-07-02T06:30:00Z,,,,,28.2,25.0,15.0,62.8,,31.7,297.0,0.75
2025-07-02T07:30:00Z,,,,,26.1,22.0,16.7,59.0,,32.3,293.0,0.7
2025-07-02T08:30:00Z,0.77,27.3,35.8,0.0437,31.6,21.3,15.5,58.5,0.2,32.6,292.0,0.625
2025-07-02T09:30:00Z,0.79,31.1,42.1,0.0507,30.7,22.0,14.0,58.5,,33.2,291.0,0.6
2025-07-02T12:30:00Z,1.05,32.9,13.4,0.0284,41.4,42.7,21.3,70.0,0.333,32.0,205.0,0.267
2025-07-02T13:30:00Z,1.02,30.4,15.3,0.0286,43.0,52.5,24.5,74.8,0.15,30.3,146.0,0.3
2025-07-02T14:30:00Z,1.16,34.8,16.0,0.0316,24.6,66.3,28.0,77.5,,29.4,100.0,0.3
2025-07-02T15:30:00Z,1.03,26.7,11.6,0.0236,28.7,59.5,28.3,75.0,,29.5,138.0,0.475
2025-07-02T16:30:00Z,0.895,17.3,11.0,0.0181,32.4,49.5,22.3,74.8,,29.2,123.0,0.575
2025-07-02T17:30:00Z,0.805,19.1,10.4,0.0186,33.5,37.3,14.0,74.3,,28.9,122.0,0.533
2025-07-02T18:30:00Z,0.965,14.8,9.85,0.0159,,37.5,10.0,76.5,1.5,28.9,139.0,0.3
2025-07-02T19:30:00Z,0.83,16.3,10.5,0.0172,25.9,31.8,10.5,78.0,1.25,28.7,129.0,0.25
2025-07-02T20:30:00Z,0.873,10.9,8.8,0.013,28.0,23.5,12.0,79.8,1.3,28.7,167.0,0.325
2025-07-02T21:30:00Z,0.823,8.9,9.23,0.0122,30.8,38.0,15.5,80.0,0.875,28.8,164.0,0.55
2025-07-02T22:30:00Z,0.713,8.25,7.55,0.0106,28.0,39.0,19.0,80.0,0.45,28.2,173.0,0.5
2025-07-02T23:30:00Z,0.768,11.0,9.83,0.0139,22.1,21.5,14.8,79.3,0.65,28.1,164.0,0.4
2025-07-03T00:30:00Z,0.783,17.8,14.9,0.0215,26.4,18.0,10.5,75.0,0.35,29.1,164.0,0.375
2025-07-03T01:30:00Z,0.86,21.6,15.6,0.0242,21.1,21.7,12.0,75.0,0.25,29.5,164.0,0.4
2025-07-03T02:30:00Z,0.943,19.2,20.9,0.0272,24.8,32.5,11.0,75.5,0.9,28.6,156.0,0.775
2025-07-03T03:30:00Z,0.905,20.9,31.1,0.0364,30.2,30.0,12.0,74.0,1.15,29.1,172.0,0.775
2025-07-03T04:30:00Z,0.803,23.2,36.0,0.0416,31.0,27.0,13.0,70.0,58.3,29.5,164.0,0.9
2025-07-03T05:30:00Z,0.753,26.9,52.2,0.0567,28.9,28.3,12.0,67.3,5.77,30.6,177.0,0.75
2025-07-03T06:30:00Z,0.71,29.3,68.5,0.0713,27.7,40.3,15.5,66.5,6.18,30.9,186.0,0.725
2025-07-03T07:30:00Z,0.663,36.5,61.3,0.0693,29.1,40.8,21.0,66.5,5.53,30.9,175.0,0.625
2025-07-03T08:30:00Z,0.63,28.0,47.6,0.0536,36.3,44.3,25.0,68.5,5.75,30.8,210.0,0.45
2025-07-03T09:30:00Z,0.683,25.2,34.0,0.0411,34.0,60.3,29.7,69.7,5.47,30.9,203.0,0.533
2025-07-03T10:30:00Z,0.765,25.8,26.2,0.035,37.9,54.8,29.0,67.3,4.9,31.5,168.0,0.625
2025-07-03T11:30:00Z,0.958,21.2,13.4,0.0222,46.4,45.0,24.0,67.0,5.83,31.9,177.0,0.6
2025-07-03T12:30:00Z,1.03,26.2,13.0,0.0245,40.5,41.0,20.0,69.5,5.85,31.5,180.0,0.525
2025-07-03T13:30:00Z,1.08,26.8,13.4,0.0251,30.4,51.0,21.0,73.5,5.78,30.9,184.0,0.425
2025-07-03T14:30:00Z,1.16,37.8,15.1,0.0323,19.5,64.0,28.3,74.3,6.13,30.6,180.0,0.4
2025-07-03T15:30:00Z,1.02,25.1,13.6,0.0243,14.5,57.3,31.8,74.0,4.9,30.1,170.0,0.4
2025-07-03T16:30:00Z,0.958,23.4,12.9,0.0229,14.9,51.0,26.0,73.8,5.25,29.9,160.0,0.325
2025-07-03T17:30:00Z,0.975,20.4,12.1,0.0206,12.3,46.7,21.0,75.0,5.6,29.5,159.0,0.2
2025-07-03T18:30:00Z,1.08,28.3,12.0,0.0247,,46.5,19.0,76.0,6.8,29.0,173.0,0.25
2025-07-03T19:30:00Z,1.13,18.5,12.1,0.0197,10.4,47.8,16.8,77.3,7.1,28.8,145.0,0.2
2025-07-03T20:30:00Z,1.1,20.8,13.8,0.0223,5.88,46.0,13.8,80.5,8.03,28.1,60.5,0.15
2025-07-03T21:30:00Z,0.965,13.4,11.2,0.0162,11.4,35.3,11.8,80.8,7.8,27.7,170.0,0.15
2025-07-03T22:30:00Z,0.94,12.4,9.68,0.0145,15.4,27.0,9.5,79.0,7.6,28.3,169.0,0.475
2025-07-03T23:30:00Z,0.923,10.6,12.1,0.0154,12.4,26.0,15.8,82.0,6.68,28.1,169.0,0.475
2025-07-04T00:30:00Z,0.955,12.0,12.4,0.0165,17.5,64.5,32.5,79.0,6.7,28.5,169.0,0.75
2025-07-04T01:30:00Z,0.935,12.0,15.1,0.0186,19.9,49.5,30.8,74.8,6.63,28.8,168.0,0.675
2025-07-04T02:30:00Z,0.958,19.6,29.3,0.0343,15.3,27.8,20.3,71.8,6.93,29.1,173.0,0.65
2025-07-04T03:30:00Z,1.04,25.4,42.0,0.0476,27.0,22.5,11.5,70.3,8.1,30.0,181.0,0.525
2025-07-04T04:30:00Z,1.01,26.1,48.6,0.0533,29.3,30.3,13.5,70.3,8.35,30.3,181.0,0.475
2025-07-04T05:30:00Z,1.04,,,,31.8,36.8,21.0,72.0,7.6,30.1,168.0,0.625
2025-07-04T06:30:00Z,1.01,21.6,15.7,0.0243,34.4,43.8,23.5,74.3,6.85,30.3,166.0,0.45
2025-07-04T07:30:00Z,0.94,20.7,25.0,0.0313,29.7,47.3,22.3,73.0,6.93,30.1,155.0,0.333
2025-07-04T08:30:00Z,0.883,21.4,36.8,0.0413,28.6,33.0,21.5,69.3,6.6,30.4,219.0,0.325
2025-07-04T09:30:00Z,0.948,31.9,27.1,0.039,26.3,41.3,15.5,69.3,6.8,31.0,122.0,0.55
2025-07-04T10:30:00Z,0.925,25.9,27.4,0.0361,26.8,44.3,15.8,65.8,6.4,31.9,272.0,0.325
2025-07-04T11:30:00Z,1.15,22.3,19.3,0.0275,42.5,50.5,21.0,68.0,7.45,32.3,256.0,0.225
2025-07-04T12:30:00Z,1.18,24.6,12.5,0.0232,38.6,59.3,21.5,71.8,7.38,31.4,338.0,0.15
2025-07-04T13:30:00Z,1.42,38.8,12.9,0.0311,22.9,51.0,22.0,74.3,7.45,31.1,217.0,0.35
2025-07-04T14:30:00Z,1.25,23.4,13.2,0.0232,21.8,49.0,24.0,76.0,7.5,30.9,182.0,0.7
2025-07-04T19:30:00Z,,,,,19.4,21.0,7.0,76.0,,29.5,174.0,0.5
2025-07-04T20:30:00Z,1.05,12.2,11.4,0.0157,27.4,28.7,13.3,75.3,8.1,29.3,181.0,0.433
2025-07-04T21:30:00Z,1.08,9.53,9.8,0.013,30.2,28.3,19.3,78.0,7.97,29.1,156.0,0.467
2025-07-04T22:30:00Z,0.998,13.7,10.1,0.0155,22.6,25.8,16.0,78.5,7.4,28.7,193.0,0.275
2025-07-04T23:30:00Z,1.01,16.0,9.97,0.0166,12.0,35.0,20.3,80.0,6.6,28.3,170.0,0.167
2025-07-05T00:30:00Z,1.03,14.2,13.5,0.0185,18.1,53.5,27.8,79.0,7.05,28.6,236.0,0.15
2025-07-05T01:30:00Z,1.06,19.1,16.0,0.0232,23.0,55.3,26.5,76.5,6.93,29.1,200.0,0.275
2025-07-05T02:30:00Z,1.09,16.5,19.9,0.025,20.6,42.8,27.0,76.3,6.78,29.2,209.0,0.275
2025-07-05T03:30:00Z,1.31,23.4,20.4,0.029,22.3,50.8,25.8,77.3,7.83,29.5,192.0,0.25
2025-07-05T04:30:00Z,4.84,26.8,53.6,0.0578,25.5,54.0,26.5,76.3,100.0,28.9,209.0,0.525
2025-07-05T05:30:00Z,1.03,24.8,63.6,0.0648,26.4,60.8,32.0,71.3,8.37,30.2,178.0,0.575
2025-07-05T06:30:00Z,0.963,25.4,52.1,0.0559,29.9,62.3,33.0,71.0,7.33,30.4,163.0,0.667
2025-07-05T07:30:00Z,0.935,24.4,36.3,0.0425,31.6,51.3,34.0,72.3,6.43,30.2,178.0,0.7
2025-07-05T08:30:00Z,0.96,18.8,22.1,0.0279,26.9,47.3,28.8,74.5,6.23,30.3,179.0,0.725
2025-07-05T09:30:00Z,0.943,17.5,21.7,0.027,21.6,44.8,25.8,75.3,5.93,29.7,170.0,0.8
2025-07-05T10:30:00Z,1.02,16.0,18.9,0.0238,22.5,51.0,28.5,74.3,6.4,30.2,181.0,0.6
2025-07-05T11:30:00Z,1.25,24.4,13.9,0.0243,25.1,57.3,29.0,75.0,6.9,30.2,179.0,0.7
2025-07-05T12:30:00Z,1.23,25.2,12.9,0.0239,27.2,65.0,32.3,75.5,7.08,30.0,181.0,0.575
2025-07-05T13:30:00Z,1.23,24.0,12.5,0.0229,20.4,52.8,24.3,78.0,6.83,29.4,181.0,0.475
2025-07-05T14:30:00Z,1.12,22.9,12.2,0.0221,22.9,42.0,18.0,77.3,6.43,29.4,183.0,0.5
2025-07-05T15:30:00Z,0.96,17.4,11.0,0.0183,21.0,33.0,16.0,75.7,5.63,29.3,177.0,0.567
2025-07-05T16:30:00Z,0.975,17.8,11.6,0.0188,20.1,30.3,19.3,74.5,6.23,29.4,167.0,0.575
2025-07-05T17:30:00Z,0.855,12.4,10.9,0.0155,22.8,32.0,23.7,75.7,6.2,29.2,165.0,0.6
2025-07-05T18:30:00Z,0.855,8.1,7.6,0.0105,,18.5,9.5,74.0,7.15,29.3,173.0,0.75
2025-07-05T19:30:00Z,0.88,6.2,10.2,0.0116,36.8,24.8,9.0,74.3,7.6,29.3,183.0,0.6
2025-07-05T20:30:00Z,0.913,10.5,9.33,0.0131,33.9,29.5,10.8,76.5,8.27,29.0,175.0,0.75
2025-07-05T21:30:00Z,0.887,10.7,9.3,0.0133,28.6,34.7,17.0,79.3,8.03,28.7,172.0,0.7
2025-07-05T22:30:00Z,0.86,9.85,9.48,0.013,30.4,40.5,23.3,81.0,7.5,28.4,165.0,0.825
2025-07-05T23:30:00Z,0.768,9.0,8.33,0.0116,28.1,30.0,22.5,80.0,6.75,28.3,167.0,0.775
2025-07-06T00:30:00Z,0.768,10.6,8.4,0.0125,26.9,32.0,22.5,79.0,7.0,28.3,174.0,0.65
2025-07-06T01:30:00Z,0.78,11.3,10.6,0.0147,24.4,32.0,19.0,80.3,7.2,28.3,209.0,0.425
2025-07-06T02:30:00Z,0.918,11.7,10.9,0.0151,24.8,36.3,22.8,81.0,7.3,28.3,165.0,0.5
2025-07-06T03:30:00Z,1.15,20.8,10.3,0.0194,20.9,48.3,24.5,85.0,7.88,27.8,243.0,0.35
2025-07-06T04:30:00Z,1.1,20.6,7.05,0.0167,21.5,62.3,23.0,90.5,7.78,26.2,202.0,0.425
2025-07-06T05:30:00Z,0.857,23.1,10.2,0.0206,35.3,51.0,17.3,90.8,7.33,24.7,117.0,0.35
2025-07-06T06:30:00Z,0.74,24.0,58.6,0.0604,30.5,20.3,7.5,80.8,6.23,26.6,153.0,0.425
2025-07-06T07:30:00Z,0.595,28.6,79.8,0.0801,23.4,15.3,8.5,74.5,5.8,29.0,164.0,0.6
2025-07-06T08:30:00Z,0.59,28.7,78.3,0.0789,22.3,33.0,18.8,71.5,5.45,30.1,174.0,0.575
2025-07-06T09:30:00Z,0.605,25.7,57.2,0.0601,23.5,39.5,26.5,72.8,5.45,30.4,174.0,0.675
2025-07-06T10:30:00Z,0.74,21.9,39.1,0.0435,25.4,38.8,23.5,72.8,5.15,30.5,178.0,0.575
2025-07-06T11:30:00Z,0.94,21.6,28.5,0.0347,33.0,53.8,24.0,74.8,5.58,31.2,240.0,0.275
2025-07-06T12:30:00Z,0.983,17.3,17.1,0.0231,40.6,73.5,28.0,79.3,5.6,30.4,301.0,0.225
2025-07-06T13:30:00Z,1.18,26.5,17.0,0.0279,28.3,80.3,32.0,82.3,5.28,29.7,157.0,0.3
2025-07-06T14:30:00Z,1.19,40.6,18.2,0.0364,16.8,83.3,33.0,84.0,5.4,29.1,49.0,0.133
2025-07-06T15:30:00Z,1.11,42.3,18.7,0.0377,9.63,109.0,31.5,85.5,5.03,29.0,98.3,0.2
2025-07-06T16:30:00Z,0.91,23.5,14.8,0.0245,17.8,117.0,30.8,86.3,4.98,28.6,125.0,0.2
2025-07-06T17:30:00Z,0.885,16.3,12.7,0.019,11.5,115.0,28.7,87.5,5.15,28.2,103.0,0.233
2025-07-06T18:30:00Z,0.98,12.8,11.0,0.0157,,539.0,24.0,87.5,6.25,28.0,138.0,0.45
2025-07-06T19:30:00Z,1.1,11.1,9.65,0.0138,10.0,239.0,22.3,87.8,6.65,27.7,86.3,0.225
2025-07-06T20:30:00Z,1.04,6.4,9.13,0.0108,21.2,207.0,24.7,84.3,7.13,28.0,171.0,0.5
2025-07-06T21:30:00Z,0.99,7.97,8.53,0.0112,21.9,166.0,25.3,84.3,6.73,28.1,158.0,0.667
2025-07-06T22:30:00Z,0.968,6.28,7.48,0.0094,26.9,133.0,23.0,86.8,7.15,27.8,159.0,0.725
2025-07-06T23:30:00Z,0.85,6.78,8.43,0.0104,32.8,81.5,22.0,87.5,6.53,27.4,171.0,0.575
2025-07-07T00:30:00Z,0.813,7.88,7.25,0.0101,34.2,41.5,18.8,83.8,6.0,27.4,167.0,0.95
2025-07-07T01:30:00Z,0.835,8.55,10.7,0.0133,35.9,23.3,13.3,79.8,6.33,27.3,166.0,1.03
2025-07-07T02:30:00Z,0.958,12.1,17.2,0.0204,26.1,21.3,12.3,77.8,6.55,27.6,182.0,1.13
2025-07-07T03:30:00Z,1.06,16.2,25.0,0.029,25.4,34.3,20.3,76.0,7.1,28.5,176.0,0.867
2025-07-07T04:30:00Z,0.948,30.2,42.3,0.0505,20.6,47.3,25.3,74.0,7.58,29.4,183.0,0.7
2025-07-07T05:30:00Z,1.11,23.5,53.1,0.0556,17.6,47.8,26.8,72.5,7.7,29.9,196.0,0.675
2025-07-07T06:30:00Z,1.09,31.3,49.4,0.0568,23.8,64.8,36.5,70.3,7.33,30.2,260.0,0.55
2025-07-07T07:30:00Z,0.968,38.6,56.9,0.0668,24.2,67.8,40.0,63.3,6.73,31.6,241.0,0.45
2025-07-07T08:30:00Z,0.943,39.6,41.0,0.0544,29.5,59.0,41.5,62.0,6.43,32.2,322.0,0.575
2025-07-07T09:30:00Z,0.9,29.9,20.5,0.0326,36.1,54.0,35.3,63.8,5.98,32.4,322.0,0.6
2025-07-07T10:30:00Z,0.963,16.8,13.2,0.0197,40.8,46.0,28.0,64.5,5.48,32.8,306.0,0.65
2025-07-07T11:30:00Z,1.16,16.4,10.3,0.0171,61.5,46.7,27.0,66.3,6.37,33.0,314.0,0.5
2025-07-07T12:30:00Z,1.25,17.1,7.4,0.0151,42.8,67.5,25.8,77.5,6.65,30.9,295.0,0.825
2025-07-07T13:30:00Z,1.29,15.1,6.0,0.0129,36.6,66.5,23.0,82.3,6.93,29.8,306.0,0.875
2025-07-07T14:30:00Z,1.16,11.8,4.53,0.00993,37.9,57.8,18.3,82.5,6.48,29.5,304.0,0.875
2025-07-07T15:30:00Z,1.02,9.05,5.18,0.009,44.2,54.5,19.3,81.8,5.83,29.4,319.0,0.7
2025-07-07T16:30:00Z,0.998,9.78,4.38,0.00873,56.4,39.0,20.5,84.8,5.73,26.7,141.0,0.975
2025-07-07T17:30:00Z,0.99,6.93,6.63,0.0091,58.4,28.3,14.0,91.0,6.05,25.7,123.0,0.6
2025-07-07T18:30:00Z,1.05,8.35,6.55,0.00975,,26.5,1.0,90.5,6.25,26.0,138.0,0.4
2025-07-07T19:30:00Z,1.19,7.1,6.8,0.0093,29.1,27.3,2.33,90.0,6.75,26.2,192.0,0.333
2025-07-07T20:30:00Z,1.23,9.77,7.97,0.0117,28.2,39.8,7.25,90.0,7.73,26.5,166.0,0.325
2025-07-07T21:30:00Z,1.15,12.6,7.65,0.0129,26.7,46.3,11.5,90.0,7.53,26.4,129.0,0.25
2025-07-07T22:30:00Z,1.1,13.7,7.03,0.013,22.1,36.5,11.8,90.3,6.9,26.2,86.0,0.175
2025-07-07T23:30:00Z,1.01,12.1,10.1,0.0147,20.2,48.5,11.5,91.0,6.5,26.2,78.8,0.175
2025-07-08T00:30:00Z,1.08,15.5,11.3,0.0174,23.0,50.0,10.8,88.5,6.05,26.7,186.0,0.275
2025-07-08T01:30:00Z,1.15,14.9,13.6,0.019,28.9,50.0,14.0,84.8,6.58,27.4,174.0,0.35
2025-07-08T02:30:00Z,1.24,19.5,25.9,0.0314,24.8,65.0,23.0,80.5,6.8,28.0,228.0,0.325
2025-07-08T03:30:00Z,1.37,19.6,45.7,0.0476,20.9,80.3,31.8,78.0,7.65,28.6,203.0,0.425
2025-07-08T04:30:00Z,1.2,36.3,54.0,0.0632,24.3,112.0,48.0,73.0,7.77,30.1,187.0,0.433
2025-07-08T05:30:00Z,1.02,29.0,44.5,0.0516,39.4,142.0,63.5,73.3,6.6,30.2,216.0,0.45
2025-07-08T06:30:00Z,1.03,21.9,16.8,0.0253,51.2,122.0,58.5,74.5,5.83,30.0,309.0,0.925
2025-07-08T07:30:00Z,0.793,16.7,5.88,0.0137,65.0,63.8,36.8,77.3,5.63,27.6,317.0,0.525
2025-07-08T08:30:00Z,0.84,21.5,8.15,0.0181,44.3,24.8,14.3,80.3,4.68,27.2,165.0,0.35
2025-07-08T09:30:00Z,0.84,13.6,6.0,0.0121,43.0,22.0,12.0,84.0,4.8,27.0,312.0,0.3
2025-07-08T10:30:00Z,0.805,16.7,11.2,0.0179,38.7,54.5,33.5,79.0,4.95,29.1,326.0,0.35
2025-07-08T11:30:00Z,0.96,16.2,9.13,0.016,39.6,71.0,29.8,81.3,5.08,28.9,309.0,0.2
2025-07-08T12:30:00Z,1.22,21.1,11.4,0.0205,30.6,86.5,28.8,82.5,5.55,29.1,257.0,0.225
2025-07-08T13:30:00Z,1.23,19.1,10.3,0.0186,29.6,86.8,34.0,84.5,5.7,28.8,313.0,0.2
2025-07-08T14:30:00Z,1.24,15.5,10.1,0.0164,26.5,145.0,35.5,86.5,5.48,28.5,296.0,0.125
2025-07-08T15:30:00Z,1.31,24.3,11.9,0.0226,15.1,216.0,38.8,88.0,5.13,28.2,305.0,0.1
2025-07-08T16:30:00Z,1.27,32.0,12.6,0.0272,9.15,248.0,41.5,89.0,4.73,28.0,39.0,0.15
2025-07-08T17:30:00Z,1.28,28.0,10.8,0.0237,10.8,273.0,41.3,89.7,5.5,27.6,137.0,0.133
2025-07-08T18:30:00Z,1.32,27.5,12.1,0.0244,,402.0,47.0,91.0,7.65,27.6,58.5,0.2
2025-07-08T19:30:00Z,1.42,28.8,14.1,0.0268,7.8,406.0,52.8,90.8,7.6,27.6,80.0,0.25
2025-07-08T20:30:00Z,1.28,15.3,11.9,0.0179,7.95,,54.0,90.0,8.47,27.3,57.5,0.175
2025-07-08T21:30:00Z,1.21,11.0,10.2,0.0141,8.5,,47.3,90.3,8.28,27.0,125.0,0.2
2025-07-08T22:30:00Z,1.21,10.1,11.9,0.0151,7.43,294.0,43.0,89.8,8.05,26.9,175.0,0.225
2025-07-08T23:30:00Z,1.12,12.2,14.2,0.018,4.78,254.0,40.5,89.0,8.0,26.9,215.0,0.225
2025-07-09T00:30:00Z,1.01,13.0,11.4,0.0162,7.85,189.0,37.8,88.5,7.35,27.1,324.0,0.2
2025-07-09T01:30:00Z,1.15,19.4,15.8,0.0232,11.8,330.0,40.5,86.8,7.63,27.8,256.0,0.35
2025-07-09T02:30:00Z,1.13,19.9,13.7,0.0217,25.5,540.0,65.5,84.5,7.5,28.1,317.0,0.525
2025-07-09T03:30:00Z,1.33,21.4,8.08,0.0179,24.6,,66.8,90.8,7.88,26.9,257.0,0.45
2025-07-09T04:30:00Z,1.37,19.9,5.93,0.0154,25.5,900.0,36.8,91.8,7.9,26.1,223.0,0.25
2025-07-09T05:30:00Z,1.09,13.0,11.0,0.0159,31.5,476.0,21.3,90.3,8.1,24.9,273.0,0.325
2025-07-09T06:30:00Z,0.875,15.0,47.5,0.0466,16.4,128.0,17.8,79.7,8.48,27.9,304.0,0.425
2025-07-09T07:30:00Z,0.708,20.2,36.1,0.0401,24.2,318.0,33.0,73.0,8.1,29.4,314.0,0.5
2025-07-09T08:30:00Z,0.633,23.8,32.8,0.0394,22.9,,41.0,70.3,7.63,30.3,328.0,0.45
2025-07-09T09:30:00Z,0.575,39.7,28.6,0.0443,24.7,,29.3,67.3,7.35,30.6,330.0,0.475
2025-07-09T10:30:00Z,0.6,28.2,14.8,0.0271,36.0,43.0,23.0,71.8,7.28,30.6,327.0,0.475
2025-07-09T11:30:00Z,0.773,13.6,7.85,0.0136,41.3,47.3,20.5,75.5,7.85,30.1,314.0,0.425
2025-07-09T12:30:00Z,0.948,17.8,7.48,0.0156,41.1,48.3,18.8,77.3,8.23,29.7,320.0,0.3
2025-07-09T13:30:00Z,1.05,26.0,11.3,0.023,31.4,50.3,22.8,77.0,8.43,29.0,209.0,0.575
2025-07-09T14:30:00Z,0.845,18.1,6.48,0.0149,39.1,44.0,19.0,86.8,8.6,25.0,133.0,1.2
2025-07-09T15:30:00Z,0.775,13.0,3.98,0.0101,44.9,23.3,11.0,91.8,8.5,24.7,169.0,0.7
2025-07-09T16:30:00Z,0.665,8.48,3.9,0.0077,41.1,13.0,8.5,92.0,7.48,24.6,170.0,0.375
2025-07-09T17:30:00Z,0.68,8.6,2.7,0.0068,35.1,10.0,8.0,92.0,7.4,24.6,152.0,0.3
2025-07-10T02:30:00Z,0.92,13.0,5.63,0.0115,36.6,32.0,10.7,93.0,8.1,23.4,,
2025-07-10T03:30:00Z,1.0,13.3,4.55,0.0108,35.7,20.3,10.5,93.0,8.05,23.3,,
2025-07-10T04:30:00Z,1.12,13.1,5.68,0.0116,34.4,29.5,13.0,93.0,8.68,23.4,187.0,0.4
2025-07-10T05:30:00Z,1.04,16.5,6.23,0.0138,30.4,54.8,17.5,93.0,8.83,23.8,181.0,0.4
2025-07-10T06:30:00Z,1.18,16.6,7.53,0.015,30.9,57.3,19.5,92.3,8.73,24.2,164.0,0.575
2025-07-10T07:30:00Z,1.35,17.3,16.0,0.0222,31.5,48.3,15.5,84.3,8.48,25.7,167.0,0.825
2025-07-10T08:30:00Z,1.5,15.6,27.2,0.0304,27.6,31.5,11.5,77.0,8.88,26.9,177.0,0.9
2025-07-10T09:30:00Z,1.5,20.0,24.7,0.0307,29.3,23.3,11.5,74.5,7.98,27.9,183.0,0.75
2025-07-10T10:30:00Z,1.49,16.8,18.1,0.0236,35.9,28.7,12.7,75.7,8.13,28.3,174.0,0.767
2025-07-10T11:30:00Z,1.56,14.5,7.08,0.0134,39.9,23.8,11.0,77.8,8.28,28.4,178.0,0.625
2025-07-10T12:30:00Z,1.69,18.9,7.03,0.0157,45.2,25.0,7.0,78.0,8.7,28.1,187.0,0.475
2025-07-10T13:30:00Z,1.75,23.0,8.08,0.0188,37.2,30.5,8.5,79.8,8.68,27.5,201.0,0.35
2025-07-10T14:30:00Z,1.93,37.0,12.6,0.03,18.4,40.3,13.0,81.8,9.03,27.3,186.0,0.4
2025-07-10T15:30:00Z,1.93,31.6,10.9,0.0257,19.3,51.0,19.5,83.5,9.23,27.2,175.0,0.4
2025-07-10T16:30:00Z,1.79,21.2,8.8,0.0185,18.2,46.8,23.3,84.8,8.48,27.0,222.0,0.225
2025-07-10T17:30:00Z,1.5,23.0,9.9,0.0202,8.93,56.0,24.0,86.3,8.0,26.7,124.0,0.233
2025-07-10T18:30:00Z,1.08,14.6,7.55,0.0139,,55.5,25.0,87.0,6.75,26.3,75.5,0.15
2025-07-10T19:30:00Z,1.12,12.5,7.45,0.0127,7.47,64.5,26.5,87.5,6.8,25.9,72.5,0.125
2025-07-10T20:30:00Z,1.16,16.4,10.2,0.017,13.5,64.0,24.3,86.3,7.9,25.9,122.0,0.225
2025-07-10T21:30:00Z,1.02,11.4,9.35,0.0137,18.1,38.0,12.3,87.3,7.55,25.7,121.0,0.125
2025-07-10T22:30:00Z,1.06,14.9,9.75,0.0159,12.1,20.5,4.5,89.0,7.3,25.5,75.0,0.125
2025-07-10T23:30:00Z,0.898,14.1,13.7,0.0186,11.2,18.5,5.5,87.5,7.65,25.6,122.0,0.175
2025-07-11T00:30:00Z,0.773,19.5,16.5,0.0237,14.5,23.0,7.0,83.3,7.65,26.7,132.0,0.25
2025-07-11T01:30:00Z,0.958,15.4,12.4,0.0183,35.1,28.8,11.0,79.8,7.08,27.5,170.0,0.325
2025-07-11T02:30:00Z,0.938,17.5,23.4,0.0283,41.9,33.5,15.0,75.5,7.0,28.1,168.0,0.4
2025-07-11T03:30:00Z,0.925,20.9,33.2,0.0381,44.4,34.5,17.0,71.3,7.2,28.8,294.0,0.375
2025-07-11T04:30:00Z,0.975,24.6,52.6,0.0559,43.9,32.5,19.5,68.8,7.98,29.6,251.0,0.525
2025-07-11T05:30:00Z,0.873,24.4,37.6,0.0436,44.3,57.0,29.3,68.5,7.67,29.5,289.0,0.6
2025-07-11T06:30:00Z,0.77,26.8,60.9,0.0638,33.4,65.8,33.3,66.0,8.1,30.6,223.0,0.475
2025-07-11T07:30:00Z,0.805,29.8,59.4,0.0642,33.6,53.8,30.0,63.0,8.13,31.1,233.0,0.575
2025-07-11T08:30:00Z,0.67,29.5,50.6,0.0568,39.0,54.8,33.5,61.5,8.23,31.4,275.0,0.55
2025-07-11T09:30:00Z,0.857,29.2,29.8,0.0397,45.3,49.8,37.5,62.3,7.23,31.4,246.0,0.5
2025-07-11T10:30:00Z,1.02,21.3,22.9,0.0299,54.7,49.3,33.8,64.5,7.08,31.7,209.0,0.45
2025-07-11T11:30:00Z,1.12,20.5,15.8,0.0237,66.1,56.0,31.3,65.0,7.0,31.7,197.0,0.525
2025-07-11T12:30:00Z,1.27,19.4,11.2,0.0194,68.7,73.0,34.0,67.5,7.45,31.3,191.0,0.375
2025-07-11T13:30:00Z,1.21,30.8,12.7,0.0267,50.5,79.3,30.7,70.3,7.8,30.6,195.0,0.3
2025-07-11T14:30:00Z,1.12,29.4,13.6,0.0267,35.1,95.0,33.0,76.8,7.7,29.8,239.0,0.225
2025-07-11T15:30:00Z,1.03,20.2,13.1,0.0214,38.6,93.8,35.3,79.5,7.95,29.3,195.0,0.25
2025-07-11T16:30:00Z,0.813,11.5,11.0,0.015,37.3,71.0,32.5,79.5,7.5,28.9,184.0,0.5
2025-07-11T17:30:00Z,0.975,9.93,11.2,0.0144,28.8,70.3,33.0,84.3,7.25,28.5,170.0,0.4
2025-07-11T18:30:00Z,1.03,9.85,9.1,0.0126,,190.0,41.5,85.0,7.8,28.0,187.0,0.25
2025-07-11T19:30:00Z,1.09,8.45,8.15,0.0111,17.6,212.0,41.5,85.8,8.0,27.8,227.0,0.25
2025-07-11T20:30:00Z,1.24,12.5,8.1,0.0133,12.5,238.0,40.0,86.8,8.8,27.6,95.3,0.225
2025-07-11T21:30:00Z,1.24,7.68,10.8,0.0128,14.6,238.0,36.3,88.8,8.33,27.1,71.3,0.175
2025-07-11T22:30:00Z,1.23,9.75,9.33,0.0128,13.6,228.0,31.0,89.8,8.3,26.9,199.0,0.175
2025-07-11T23:30:00Z,1.24,14.3,12.0,0.0174,9.7,222.0,34.8,89.0,8.7,26.8,222.0,0.15
2025-07-12T00:30:00Z,1.11,18.3,12.7,0.0201,8.78,162.0,43.8,87.3,8.25,27.1,170.0,0.325
2025-07-12T01:30:00Z,1.2,19.4,14.4,0.022,9.68,113.0,45.5,84.3,7.75,27.6,143.0,0.25
2025-07-12T02:30:00Z,1.06,18.3,29.1,0.0334,23.6,94.5,40.0,74.8,7.8,28.2,242.0,0.35
2025-07-12T03:30:00Z,1.07,23.0,34.9,0.0406,26.4,58.5,31.5,70.5,8.4,28.7,281.0,0.425
2025-07-12T04:30:00Z,1.16,26.0,39.4,0.0459,30.2,59.7,28.7,70.0,8.63,29.3,319.0,0.333
2025-07-12T05:30:00Z,1.06,22.3,34.6,0.04,45.4,82.0,40.8,70.0,8.63,29.9,201.0,0.275
2025-07-12T06:30:00Z,0.938,22.4,31.0,0.0371,45.0,86.3,48.5,70.3,8.3,29.6,333.0,0.4
2025-07-12T07:30:00Z,0.79,20.4,22.1,0.0288,28.6,66.8,41.5,69.5,7.9,29.7,327.0,0.575
2025-07-12T08:30:00Z,0.668,21.7,17.8,0.026,31.2,48.3,33.0,65.5,7.9,30.7,321.0,0.525
2025-07-12T09:30:00Z,0.685,10.6,5.6,0.0102,44.2,43.0,26.5,71.3,7.4,30.2,326.0,0.275
2025-07-12T10:30:00Z,0.778,16.7,7.6,0.015,35.1,51.5,25.5,78.5,7.18,28.7,308.0,0.3
2025-07-12T11:30:00Z,0.805,28.3,10.9,0.0239,20.0,84.5,40.5,78.5,7.38,28.6,322.0,0.375
2025-07-12T12:30:00Z,0.978,22.9,9.2,0.0197,26.2,105.0,45.3,77.8,7.58,28.7,325.0,0.35
2025-07-12T13:30:00Z,1.02,18.0,8.53,0.0165,34.6,75.5,27.8,79.0,8.28,28.2,297.0,0.175
2025-07-12T14:30:00Z,1.17,23.1,13.0,0.0229,18.3,55.0,18.0,82.3,8.33,27.7,251.0,0.2
2025-07-12T15:30:00Z,1.36,40.1,12.1,0.0312,7.77,56.3,20.0,82.3,8.23,27.7,222.0,0.133
2025-07-12T16:30:00Z,1.19,30.4,17.4,0.0303,4.65,59.5,27.0,84.0,8.03,27.9,167.0,0.175
2025-07-12T17:30:00Z,1.29,28.2,15.7,0.0278,4.0,61.3,28.3,82.0,7.55,28.1,187.0,0.233
2025-07-12T18:30:00Z,1.23,23.4,13.9,0.0237,,118.0,45.5,83.5,7.7,27.7,161.0,0.35
2025-07-12T19:30:00Z,1.19,15.3,11.3,0.0173,10.2,167.0,53.3,85.5,7.9,27.6,133.0,0.4
2025-07-12T20:30:00Z,1.32,10.9,10.8,0.0145,7.63,256.0,52.8,87.5,8.4,27.3,146.0,0.2
2025-07-12T21:30:00Z,0.963,10.4,10.8,0.0143,7.53,297.0,43.5,89.3,8.08,27.0,244.0,0.1
2025-07-12T22:30:00Z,0.943,20.3,12.2,0.0208,6.7,222.0,42.5,88.0,8.33,27.1,154.0,0.25
2025-07-12T23:30:00Z,0.8,15.5,12.6,0.0185,8.73,105.0,39.3,82.5,8.28,27.0,151.0,0.35
2025-07-13T00:30:00Z,0.94,15.4,18.4,0.0232,3.0,45.0,21.7,80.7,7.97,27.1,140.0,0.233
2025-07-13T01:30:00Z,1.24,16.8,16.6,0.0224,7.03,53.8,20.3,83.3,7.6,27.6,161.0,0.325
2025-07-13T02:30:00Z,1.31,14.1,26.4,0.0289,14.0,116.0,47.3,82.0,7.7,28.2,169.0,0.325
2025-07-13T03:30:00Z,1.34,13.8,44.4,0.0435,16.8,152.0,66.5,77.0,7.98,29.2,158.0,0.35
2025-07-13T04:30:00Z,1.31,29.7,62.2,0.0663,21.4,124.0,58.3,69.8,8.35,30.4,305.0,0.45
2025-07-13T05:30:00Z,1.16,25.6,69.7,0.0703,32.1,91.5,48.5,66.8,8.33,31.7,258.0,0.475
2025-07-13T06:30:00Z,1.21,22.7,32.6,0.0385,51.2,98.3,55.5,71.3,7.08,31.4,327.0,0.575
2025-07-13T07:30:00Z,1.01,16.9,17.4,0.0231,38.1,116.0,66.0,73.8,6.83,28.9,185.0,0.55
2025-07-13T08:30:00Z,0.827,7.83,5.7,0.00878,37.3,71.0,43.3,88.8,6.1,24.5,330.0,0.65
2025-07-13T09:30:00Z,1.02,13.3,6.75,0.0126,22.1,24.0,20.0,89.0,5.65,25.8,165.0,0.7
2025-07-13T10:30:00Z,1.2,20.1,15.4,0.0232,11.0,61.0,18.0,90.0,5.7,26.1,226.0,0.25
2025-07-13T11:30:00Z,1.28,24.8,15.6,0.0259,8.08,55.3,18.5,87.8,5.98,26.9,86.8,0.325
2025-07-13T12:30:00Z,1.76,28.6,27.0,0.0372,2.75,57.3,18.3,85.0,6.1,27.5,171.0,0.225
2025-07-13T13:30:00Z,1.49,43.1,25.5,0.0437,2.93,61.0,19.0,81.0,6.5,27.9,170.0,0.333
2025-07-13T14:30:00Z,1.47,39.8,20.2,0.0376,7.33,62.3,21.8,81.8,7.13,28.2,147.0,0.3
2025-07-13T15:30:00Z,1.52,35.3,26.4,0.0402,3.15,78.5,25.0,85.0,6.88,27.7,199.0,0.125
2025-07-13T16:30:00Z,1.18,23.6,26.7,0.0343,4.53,68.3,23.0,87.3,6.3,26.9,81.0,0.125
2025-07-13T17:30:00Z,0.755,21.2,15.8,0.0241,7.57,40.3,16.7,84.0,6.95,26.8,127.0,0.267
2025-07-13T18:30:00Z,0.605,10.4,12.3,0.0156,,32.0,6.0,80.0,7.65,27.2,61.5,0.15
2025-07-13T19:30:00Z,0.71,13.3,13.2,0.0178,3.23,26.8,4.25,81.0,7.1,27.0,108.0,0.25
2025-07-13T20:30:00Z,1.04,9.23,10.9,0.0138,4.73,17.5,3.0,82.0,7.77,26.7,35.8,0.125
2025-07-13T21:30:00Z,1.15,10.3,11.6,0.0149,5.33,16.0,4.5,85.0,8.13,26.4,271.0,0.125
2025-07-13T22:30:00Z,1.22,13.4,15.9,0.02,2.68,31.0,10.5,87.0,8.23,26.4,84.0,0.1
2025-07-13T23:30:00Z,1.23,16.2,18.9,0.024,3.23,35.8,14.8,86.5,8.25,26.4,218.0,0.15
2025-07-14T00:30:00Z,1.38,18.8,27.2,0.0321,2.87,25.0,17.3,83.3,8.1,27.1,115.0,0.25
2025-07-14T01:30:00Z,1.42,17.6,26.8,0.0312,2.5,37.0,19.0,85.8,7.38,27.0,146.0,0.25
2025-07-14T02:30:00Z,1.29,15.2,16.3,0.0213,11.0,53.7,21.0,84.3,7.37,27.2,169.0,0.767
2025-07-14T03:30:00Z,1.17,13.0,11.6,0.0163,10.4,55.0,17.0,90.5,7.43,25.4,175.0,0.6
2025-07-14T04:30:00Z,1.32,14.5,14.0,0.0191,11.6,36.0,3.5,86.5,7.6,25.8,172.0,0.65
2025-07-14T05:30:00Z,1.2,21.1,37.2,0.0415,21.6,22.0,5.5,78.0,7.9,27.3,173.0,0.875
2025-07-14T06:30:00Z,1.03,17.5,46.7,0.0473,18.8,24.0,5.5,73.5,7.53,28.7,177.0,0.775
2025-07-14T07:30:00Z,1.04,19.6,59.3,0.0586,19.1,31.3,9.75,71.5,7.18,29.5,174.0,0.55
2025-07-14T08:30:00Z,1.13,21.6,67.8,0.0667,20.7,40.3,16.0,68.8,7.3,30.2,219.0,0.425
2025-07-14T09:30:00Z,1.51,27.0,52.7,0.0572,24.7,33.3,,65.3,6.9,31.2,207.0,0.375
2025-07-14T10:30:00Z,1.59,19.5,21.6,0.0279,19.1,31.8,9.0,74.8,6.43,28.8,60.0,0.575
2025-07-14T11:30:00Z,1.65,20.5,17.8,0.0254,19.6,41.0,10.0,76.0,6.25,28.5,83.5,0.5
2025-07-14T12:30:00Z,1.9,23.3,18.3,0.0272,17.2,38.8,9.5,80.3,6.38,27.5,92.5,0.4
2025-07-14T13:30:00Z,2.33,30.4,21.9,0.0339,10.7,28.3,5.0,82.5,6.55,27.1,83.0,0.275
2025-07-14T14:30:00Z,2.41,30.6,29.8,0.0405,5.3,37.8,8.25,83.0,6.6,27.7,121.0,0.475
2025-07-14T15:30:00Z,2.04,18.7,17.1,0.0239,8.38,47.8,13.5,82.3,6.68,27.7,118.0,0.5
2025-07-14T16:30:00Z,1.88,17.7,14.5,0.0212,6.75,36.8,11.5,83.8,6.8,27.5,119.0,0.25
2025-07-14T17:30:00Z,1.42,16.6,15.3,0.0212,10.6,34.0,12.0,84.0,6.5,27.2,119.0,0.3
2025-07-14T18:30:00Z,0.69,6.5,7.55,0.00955,,23.5,9.5,75.5,7.1,28.8,168.0,0.8
2025-07-14T19:30:00Z,0.905,6.05,8.7,0.0103,24.3,14.8,6.5,76.0,7.4,28.5,162.0,0.55
2025-07-14T20:30:00Z,1.31,10.0,9.07,0.0127,28.6,12.3,4.75,75.8,7.13,27.8,155.0,0.325
2025-07-14T21:30:00Z,1.4,7.55,8.53,0.0109,38.4,15.0,4.5,76.5,7.2,27.7,157.0,0.625
2025-07-14T22:30:00Z,1.42,6.05,8.0,0.0097,42.3,13.0,3.5,77.0,7.35,27.8,160.0,0.875
2025-07-14T23:30:00Z,1.43,5.9,7.2,0.009,43.0,15.3,4.0,77.5,7.18,27.9,164.0,0.975
2025-07-15T00:30:00Z,1.38,7.7,8.63,0.0111,38.7,13.5,3.5,78.8,7.03,27.7,159.0,0.85
2025-07-15T01:30:00Z,1.32,10.7,9.35,0.0133,29.9,19.3,10.3,80.0,6.88,27.2,161.0,0.875
2025-07-15T02:30:00Z,1.4,12.1,18.5,0.0215,26.5,26.0,14.0,76.7,7.2,27.6,153.0,0.8
2025-07-15T03:30:00Z,1.47,15.4,22.1,0.0261,27.6,25.3,12.0,73.8,7.1,28.4,159.0,0.95
2025-07-15T04:30:00Z,1.51,17.5,29.5,0.0333,28.1,30.0,11.7,71.3,7.73,29.2,159.0,1.03
2025-07-15T05:30:00Z,1.19,18.7,42.6,0.0446,25.7,29.0,11.0,69.0,7.83,30.5,158.0,0.85
2025-07-15T06:30:00Z,0.883,18.0,61.5,0.0595,20.7,23.7,9.67,64.0,8.77,31.1,166.0,1.0
2025-07-15T07:30:00Z,0.687,20.2,55.7,0.056,23.5,21.3,7.67,62.3,8.6,31.3,165.0,1.1
2025-07-15T08:30:00Z,0.22,17.1,48.1,0.0482,30.4,23.3,4.67,61.3,9.05,31.5,165.0,1.2
2025-07-15T09:30:00Z,,,,,32.1,23.0,5.5,60.8,,31.4,173.0,1.05
2025-07-15T10:30:00Z,1.34,15.6,21.4,0.0257,39.2,29.3,6.0,60.8,8.1,31.8,165.0,1.1
2025-07-15T11:30:00Z,1.49,14.4,10.1,0.0158,42.4,29.8,7.0,64.0,7.43,32.2,157.0,0.95
2025-07-15T12:30:00Z,1.8,16.0,9.68,0.0164,41.0,24.0,8.0,67.8,8.08,31.4,168.0,0.8
2025-07-15T13:30:00Z,1.29,17.5,10.6,0.0179,40.8,30.8,8.5,69.3,8.65,30.8,162.0,0.75
2025-07-15T14:30:00Z,0.97,15.9,11.1,0.0175,37.7,33.5,10.0,70.5,8.95,30.3,162.0,0.85
2025-07-15T15:30:00Z,0.86,10.7,10.2,0.0139,41.5,37.3,12.8,71.0,8.75,29.9,163.0,0.775
2025-07-15T16:30:00Z,0.693,7.03,10.1,0.012,45.7,38.5,13.0,72.0,8.45,29.7,162.0,1.0
2025-07-15T17:30:00Z,1.03,6.27,9.5,0.0111,41.8,27.3,9.33,72.7,7.75,29.3,162.0,1.03
2025-07-15T18:30:00Z,0.86,6.9,7.6,0.0098,,34.0,5.0,73.5,7.15,28.7,167.0,0.9
2025-07-15T19:30:00Z,0.945,5.25,6.8,0.0083,39.9,30.3,7.0,75.5,7.15,28.4,163.0,0.95
2025-07-15T20:30:00Z,1.04,4.4,6.93,0.008,39.9,31.8,15.3,77.0,7.43,28.2,167.0,0.975
2025-07-15T21:30:00Z,1.18,5.4,8.88,0.0102,48.3,40.3,17.8,78.0,7.75,28.2,161.0,0.925
2025-07-15T22:30:00Z,1.16,5.7,6.28,0.00813,48.2,33.3,12.0,78.0,7.9,28.0,159.0,0.875
2025-07-15T23:30:00Z,1.16,5.45,6.68,0.00835,45.6,26.8,12.0,80.5,7.93,27.3,159.0,1.03
2025-07-16T00:30:00Z,1.05,7.6,5.35,0.0084,36.3,32.8,14.0,91.3,7.88,25.8,155.0,0.625
2025-07-16T01:30:00Z,1.0,10.3,7.4,0.0115,33.8,28.3,16.3,91.8,8.03,25.0,159.0,0.95
2025-07-16T02:30:00Z,1.04,7.73,6.95,0.00978,34.4,18.5,12.8,91.5,7.75,24.8,156.0,0.85
2025-07-16T03:30:00Z,1.12,11.0,6.75,0.0113,33.5,18.5,7.0,92.5,7.78,24.4,153.0,0.775
2025-07-16T04:30:00Z,1.19,15.0,9.5,0.0158,30.9,19.5,7.5,88.8,8.0,25.1,161.0,0.75
2025-07-16T05:30:00Z,,,,,28.7,16.3,11.0,83.8,,25.9,157.0,1.25
2025-07-16T06:30:00Z,1.11,15.0,12.5,0.0181,,12.0,10.8,81.5,7.53,25.7,162.0,1.1
2025-07-16T07:30:00Z,1.26,18.6,19.9,0.0261,20.7,14.5,5.25,77.3,7.28,26.7,165.0,1.05
2025-07-16T08:30:00Z,1.33,17.3,20.7,0.026,26.5,17.5,4.5,75.8,7.55,27.1,165.0,1.23
2025-07-16T09:30:00Z,1.43,20.8,35.9,0.0403,23.7,21.3,7.5,70.5,8.1,28.4,167.0,1.15
2025-07-16T10:30:00Z,1.45,22.0,37.9,0.0425,27.8,26.0,9.0,67.0,8.6,29.2,169.0,0.95
2025-07-16T11:30:00Z,1.56,14.6,12.4,0.0178,43.4,17.5,8.0,72.8,8.53,29.1,168.0,0.65
2025-07-16T12:30:00Z,1.49,17.7,13.9,0.0207,38.7,22.5,7.0,75.0,8.05,28.9,182.0,0.6
2025-07-16T13:30:00Z,1.42,25.9,14.1,0.0252,25.5,28.8,10.0,76.5,7.63,28.3,180.0,0.55
2025-07-16T14:30:00Z,1.48,26.3,15.5,0.0266,17.3,36.3,13.0,78.8,7.4,27.9,170.0,0.45
2025-07-16T15:30:00Z,1.56,29.5,16.1,0.0288,13.5,46.3,16.3,79.0,7.4,27.7,180.0,0.3
2025-07-16T16:30:00Z,1.46,25.1,12.1,0.0231,15.4,52.0,18.7,78.3,7.5,27.5,206.0,0.233
2025-07-16T17:30:00Z,1.36,26.9,15.4,0.0268,14.2,50.0,17.0,80.0,8.0,27.3,166.0,0.3
2025-07-16T18:30:00Z,0.725,15.3,14.2,0.0197,,35.5,13.0,80.5,7.05,26.9,159.0,0.25
2025-07-16T19:30:00Z,0.825,16.4,11.6,0.0182,28.5,37.0,13.5,79.0,7.5,27.2,151.0,0.4
2025-07-16T20:30:00Z,0.883,12.4,13.5,0.0175,30.9,38.0,14.0,78.8,7.3,27.1,152.0,0.275
2025-07-16T21:30:00Z,0.837,14.1,11.2,0.0166,27.4,29.0,13.3,79.8,6.63,26.9,156.0,0.375
2025-07-16T22:30:00Z,0.843,12.8,9.78,0.0148,31.2,25.8,10.5,79.5,6.28,27.0,165.0,0.525
2025-07-16T23:30:00Z,0.875,14.5,11.3,0.0169,23.8,33.0,12.5,80.8,6.33,26.9,170.0,0.475
2025-07-17T00:30:00Z,0.973,13.7,11.6,0.0167,23.2,42.3,23.8,79.8,6.45,27.1,167.0,0.775
2025-07-17T01:30:00Z,1.11,12.9,11.6,0.0163,36.2,43.8,24.3,81.5,7.08,26.8,165.0,1.13
2025-07-17T02:30:00Z,1.13,13.7,10.0,0.0154,34.5,37.7,15.7,85.0,7.3,26.0,158.0,1.03
2025-07-17T04:30:00Z,1.2,18.2,16.3,0.0229,32.6,24.0,7.75,81.5,7.55,26.0,162.0,0.675
2025-07-17T05:30:00Z,0.887,17.9,26.5,0.031,30.7,16.3,3.5,77.3,7.53,27.0,173.0,0.625
2025-07-17T06:30:00Z,0.858,20.4,46.3,0.0485,28.5,27.8,1.5,71.3,7.88,28.2,169.0,0.65
2025-07-17T07:30:00Z,0.725,23.7,72.4,0.0714,19.4,48.0,1.5,63.0,8.2,29.9,195.0,0.45
2025-07-17T08:30:00Z,0.975,30.1,62.8,0.067,23.5,2.0,2.0,60.3,8.0,30.3,186.0,0.425
2025-07-17T09:30:00Z,0.925,26.3,36.8,0.0439,33.4,9.25,,60.5,8.3,30.5,241.0,0.475
2025-07-17T10:30:00Z,0.943,24.3,19.1,0.0284,48.0,19.0,,65.3,8.43,30.4,311.0,0.4
2025-07-17T11:30:00Z,0.955,20.5,15.7,0.0237,52.4,23.5,12.5,67.5,8.08,30.8,330.0,0.2
2025-07-17T12:30:00Z,1.01,17.7,11.7,0.0189,50.2,26.0,12.0,71.0,8.3,30.1,316.0,0.175
2025-07-17T13:30:00Z,0.865,21.9,13.6,0.0227,30.5,31.8,13.0,74.3,7.65,29.2,308.0,0.225
2025-07-17T14:30:00Z,1.04,26.9,16.0,0.0274,20.9,39.0,15.3,76.0,7.83,28.9,315.0,0.267
2025-07-17T15:30:00Z,1.04,20.4,14.5,0.0226,15.2,46.8,21.3,80.0,7.65,28.3,311.0,0.175
2025-07-17T16:30:00Z,1.17,17.2,13.4,0.0201,13.8,49.7,27.0,81.3,7.73,28.1,307.0,0.133
2025-07-17T17:30:00Z,1.13,26.5,18.1,0.0288,12.3,46.0,26.7,81.7,7.5,28.1,121.0,0.167
2025-07-17T18:30:00Z,0.55,13.0,12.5,0.0171,,38.0,22.0,82.0,5.6,27.8,288.0,0.1
2025-07-17T19:30:00Z,,,,,7.1,29.5,18.5,84.5,,27.9,143.0,0.25
2025-07-17T20:30:00Z,0.97,14.0,15.2,0.0198,7.87,28.3,17.3,82.3,6.6,27.9,136.0,0.433
2025-07-17T21:30:00Z,0.67,10.9,13.8,0.017,6.93,31.3,17.3,84.3,5.53,27.5,145.0,0.375
2025-07-17T22:30:00Z,0.7,14.1,14.4,0.0192,7.1,42.3,29.8,83.0,4.95,27.6,138.0,0.325
2025-07-17T23:30:00Z,0.685,11.0,16.7,0.0194,4.83,40.3,30.5,83.8,5.05,27.2,165.0,0.15
2025-07-18T00:30:00Z,0.903,12.7,19.2,0.0224,2.4,38.3,28.3,83.8,5.4,27.3,183.0,0.2
2025-07-18T01:30:00Z,1.33,24.1,31.0,0.038,2.1,46.0,32.3,85.5,6.13,27.0,174.0,0.2
2025-07-18T02:30:00Z,1.32,23.0,28.6,0.0356,4.9,34.0,21.0,86.8,5.88,25.7,134.0,0.225
2025-07-18T03:30:00Z,1.39,22.8,23.7,0.0314,5.53,14.3,12.8,84.5,6.15,26.7,109.0,0.275
2025-07-18T04:30:00Z,1.14,23.0,26.8,0.034,6.1,9.0,9.5,84.8,5.83,26.3,66.0,0.25
2025-07-18T05:30:00Z,0.87,13.7,21.0,0.0244,12.7,10.5,9.5,84.5,5.27,25.5,204.0,0.25
2025-07-18T06:30:00Z,0.818,10.4,16.5,0.0189,23.7,9.0,7.5,78.5,5.78,26.4,313.0,0.225
2025-07-18T07:30:00Z,0.828,14.6,38.8,0.0393,21.4,10.5,6.5,75.0,5.5,26.8,306.0,0.375
2025-07-18T08:30:00Z,0.885,28.5,29.3,0.0389,19.5,12.0,6.0,69.8,5.8,28.4,297.0,0.475
2025-07-18T09:30:00Z,1.21,23.2,33.6,0.0397,27.4,12.0,4.0,70.3,5.8,28.8,323.0,0.4
2025-07-18T10:30:00Z,1.38,25.6,24.6,0.0336,28.5,34.0,15.5,72.8,5.73,29.3,332.0,0.325
2025-07-18T11:30:00Z,1.43,19.0,14.6,0.022,36.5,61.0,26.3,74.0,5.65,29.5,332.0,0.275
2025-07-18T12:30:00Z,1.35,22.1,14.7,0.0237,32.4,54.0,18.3,78.0,5.33,28.8,318.0,0.275
2025-07-18T13:30:00Z,1.19,27.7,13.4,0.0256,20.4,46.3,19.8,82.5,5.28,27.7,296.0,0.175
2025-07-18T14:30:00Z,1.49,36.4,19.0,0.0348,6.43,55.0,29.3,86.5,5.73,27.1,323.0,0.1
2025-07-18T15:30:00Z,1.86,44.1,36.9,0.0535,2.95,59.5,30.0,89.3,5.85,26.9,118.0,0.125
2025-07-18T16:30:00Z,1.63,32.9,29.2,0.0412,2.2,56.8,25.5,90.0,5.55,26.8,59.0,0.175
2025-07-18T17:30:00Z,1.32,21.5,19.3,0.0272,2.83,49.0,23.3,89.0,5.7,26.8,111.0,0.233
2025-07-18T18:30:00Z,0.67,16.2,16.0,0.0217,,23.5,13.5,83.0,6.6,26.9,103.0,0.15
2025-07-18T19:30:00Z,0.82,12.4,17.9,0.0211,2.83,22.5,12.5,82.5,6.4,27.3,146.0,0.275
2025-07-18T20:30:00Z,1.11,26.8,14.5,0.026,10.7,22.0,13.5,80.5,6.6,27.7,158.0,0.425
2025-07-18T21:30:00Z,0.81,10.3,13.6,0.0165,20.3,24.8,14.5,80.5,6.95,27.7,161.0,0.425
2025-07-18T22:30:00Z,0.863,13.4,8.95,0.0144,17.8,28.0,15.0,82.5,6.55,27.3,129.0,0.225
2025-07-18T23:30:00Z,1.05,23.4,20.1,0.0288,6.78,30.5,16.5,85.0,6.73,26.8,114.0,0.175
2025-07-19T00:30:00Z,1.14,19.1,21.4,0.0275,12.6,33.5,20.5,81.8,6.8,28.1,148.0,0.325
2025-07-19T01:30:00Z,1.43,14.2,17.9,0.0221,26.2,39.3,27.5,78.3,6.63,27.9,178.0,0.825
2025-07-19T02:30:00Z,1.38,10.9,26.3,0.0272,26.8,42.5,29.5,76.3,6.83,28.2,171.0,0.875
2025-07-19T03:30:00Z,1.35,18.1,37.0,0.0397,29.6,40.0,30.5,74.0,7.1,29.1,168.0,0.75
2025-07-19T04:30:00Z,1.37,20.1,43.6,0.0462,27.4,41.3,33.0,72.0,7.65,29.8,175.0,0.625
2025-07-19T05:30:00Z,0.96,18.8,70.5,0.0674,22.5,41.0,30.5,68.8,7.3,30.4,190.0,0.5
2025-07-19T06:30:00Z,1.05,22.2,96.4,0.0902,17.7,42.5,29.0,65.5,7.6,31.2,164.0,0.5
2025-07-19T07:30:00Z,1.0,30.8,81.2,0.0824,17.8,44.7,30.0,63.3,7.83,31.6,174.0,0.567
2025-07-19T08:30:00Z,1.01,29.3,61.0,0.0652,22.9,41.8,28.5,63.0,7.63,31.8,176.0,0.525
2025-07-19T09:30:00Z,1.21,25.6,59.8,0.0623,29.4,42.0,25.8,62.8,7.63,31.9,198.0,0.525
2025-07-19T10:30:00Z,1.3,22.4,53.1,0.0551,34.5,42.0,25.0,61.8,7.38,32.5,196.0,0.5
2025-07-19T11:30:00Z,1.32,19.6,33.7,0.0378,41.7,38.0,23.0,64.8,7.3,32.4,192.0,0.45
2025-07-19T12:30:00Z,1.35,18.9,21.5,0.0275,46.0,37.5,21.0,69.5,7.6,31.7,192.0,0.35
2025-07-19T13:30:00Z,1.21,21.0,20.7,0.028,39.4,40.8,28.8,72.8,7.4,30.8,211.0,0.25
2025-07-19T14:30:00Z,1.3,25.0,20.8,0.0302,24.4,44.0,31.8,75.0,7.43,30.2,210.0,0.175
2025-07-19T15:30:00Z,1.22,18.4,18.3,0.0246,26.6,42.5,27.5,75.5,7.85,30.1,154.0,0.2
2025-07-19T16:30:00Z,1.24,16.2,17.9,0.0232,25.1,38.5,28.5,77.5,7.43,29.7,197.0,0.15
2025-07-19T17:30:00Z,1.41,21.9,16.4,0.025,13.6,39.0,27.3,78.3,7.35,29.6,174.0,0.267
2025-07-19T18:30:00Z,0.91,12.6,16.5,0.0201,,48.0,37.5,81.0,7.45,29.3,158.0,0.3
2025-07-19T19:30:00Z,1.0,9.9,17.2,0.0193,13.6,46.5,36.0,80.8,7.1,29.1,169.0,0.225
2025-07-19T20:30:00Z,1.29,10.6,17.6,0.0199,17.2,43.8,30.8,81.0,7.73,29.0,174.0,0.225
2025-07-19T21:30:00Z,1.16,7.8,18.8,0.0195,17.5,42.5,32.5,81.0,7.48,28.7,183.0,0.25
2025-07-19T22:30:00Z,1.17,10.4,17.0,0.0193,20.3,45.5,40.8,81.5,6.78,28.3,188.0,0.225
2025-07-19T23:30:00Z,1.19,8.85,19.1,0.0202,17.7,51.3,39.8,82.3,6.88,28.2,164.0,0.275
2025-07-20T00:30:00Z,1.37,13.4,18.1,0.0218,18.9,55.0,38.0,82.0,7.38,28.2,174.0,0.275
2025-07-20T01:30:00Z,1.55,11.6,26.3,0.0275,18.8,53.0,41.0,79.0,7.4,28.4,210.0,0.25
2025-07-20T02:30:00Z,1.46,10.5,37.0,0.0356,22.4,45.8,32.3,75.5,7.55,28.8,275.0,0.225
2025-07-20T03:30:00Z,1.5,11.5,37.5,0.0366,24.7,38.8,24.5,75.3,7.23,29.3,192.0,0.175
2025-07-20T04:30:00Z,1.5,14.0,49.8,0.048,26.4,39.0,28.3,73.3,7.7,29.2,205.0,0.25
2025-07-20T05:30:00Z,1.12,26.1,66.8,0.0682,23.2,47.3,33.5,71.3,7.2,29.6,123.0,0.325
2025-07-20T06:30:00Z,1.03,37.4,70.4,0.0771,29.0,62.8,36.5,70.0,6.13,30.6,130.0,0.3
2025-07-20T07:30:00Z,1.02,34.0,48.7,0.0576,38.8,65.3,37.5,71.5,5.85,30.5,197.0,0.225
2025-07-20T08:30:00Z,1.01,20.1,42.4,0.0451,43.1,59.8,41.0,72.0,5.9,30.6,231.0,0.15
2025-07-20T09:30:00Z,1.19,21.8,42.0,0.0457,40.4,57.3,40.0,70.5,6.05,30.6,236.0,0.275
2025-07-20T10:30:00Z,1.09,19.5,41.1,0.0438,36.5,49.0,32.0,69.0,6.37,31.4,240.0,0.233
2025-07-20T11:30:00Z,1.15,13.6,18.7,0.0225,31.2,40.5,24.5,78.8,5.7,29.8,259.0,0.225
2025-07-20T12:30:00Z,1.27,31.7,24.9,0.0372,14.0,37.5,23.3,82.3,5.63,29.3,221.0,0.1
2025-07-20T13:30:00Z,1.29,33.4,23.6,0.037,9.2,42.0,28.3,81.0,5.73,29.6,103.0,0.167
2025-07-20T14:30:00Z,1.12,27.7,22.0,0.0326,16.2,42.0,30.0,82.8,6.23,29.1,226.0,0.15
2025-07-20T15:30:00Z,1.11,28.0,21.0,0.032,15.6,37.5,28.5,83.0,5.93,29.0,191.0,0.15
2025-07-20T16:30:00Z,1.2,20.5,21.3,0.0283,14.6,32.3,26.5,84.3,5.6,28.6,275.0,0.1
2025-07-20T17:30:00Z,1.43,20.8,20.4,0.0276,12.3,30.7,24.7,84.7,5.85,28.6,176.0,0.133
2025-07-20T18:30:00Z,0.855,17.5,13.1,0.02,,30.5,23.5,84.5,6.45,28.7,137.0,0.2
2025-07-20T19:30:00Z,1.01,13.1,14.9,0.0191,7.73,30.0,21.8,86.0,6.6,28.6,146.0,0.2
2025-07-20T20:30:00Z,1.37,12.8,17.6,0.0212,13.2,36.8,25.3,87.5,6.5,28.3,156.0,0.25
2025-07-20T21:30:00Z,1.15,12.0,15.9,0.0193,12.3,43.5,36.3,88.5,6.38,28.1,147.0,0.35
2025-07-20T22:30:00Z,1.14,5.48,15.6,0.0156,16.3,43.0,37.8,89.0,6.7,27.8,150.0,0.375
2025-07-20T23:30:00Z,1.2,7.85,13.6,0.0152,15.1,45.0,40.8,89.8,6.38,27.7,142.0,0.375
2025-07-21T00:30:00Z,1.24,14.2,12.0,0.0173,11.5,46.0,40.8,89.5,6.43,27.4,208.0,0.275
2025-07-21T01:30:00Z,1.59,18.8,17.9,0.0246,8.55,31.0,24.8,92.0,6.28,26.5,79.0,0.15
2025-07-21T02:30:00Z,1.57,16.1,13.4,0.0195,9.6,14.3,15.5,93.0,6.78,25.9,102.0,0.3
2025-07-21T03:30:00Z,1.58,18.1,13.2,0.0204,12.0,10.5,11.0,93.0,6.88,25.5,118.0,0.5
2025-07-21T04:30:00Z,1.54,14.6,10.2,0.016,18.9,7.5,6.0,93.0,6.45,24.7,139.0,0.55
2025-07-21T05:30:00Z,1.07,16.1,10.5,0.0171,17.2,5.5,4.0,92.0,6.3,24.5,148.0,0.375
2025-07-21T06:30:00Z,0.983,13.6,12.6,0.0175,15.7,8.0,,92.0,5.5,23.9,156.0,0.267
2025-07-21T07:30:00Z,0.87,11.2,9.65,0.0138,16.6,6.75,,91.0,5.98,24.8,257.0,0.15
2025-07-21T08:30:00Z,1.01,12.4,11.9,0.0163,16.7,3.0,,90.8,5.78,24.5,172.0,0.225
2025-07-21T09:30:00Z,1.31,15.6,10.5,0.0169,16.3,6.5,,90.5,5.5,24.9,176.0,0.225
2025-07-21T10:30:00Z,1.46,12.4,11.8,0.0162,15.2,11.0,14.5,89.8,5.63,26.0,183.0,0.225
2025-07-21T11:30:00Z,1.19,13.2,10.1,0.0152,10.8,22.3,20.3,86.0,5.85,25.8,206.0,0.2
2025-07-21T12:30:00Z,1.3,12.7,10.1,0.0149,5.43,29.5,22.8,86.8,6.13,25.8,267.0,0.1
2025-07-21T13:30:00Z,1.12,15.6,12.1,0.0181,3.38,31.5,20.5,89.5,6.08,25.3,233.0,0.1
2025-07-21T14:30:00Z,1.21,18.3,13.0,0.0203,3.3,39.8,26.5,89.0,5.63,25.1,307.0,0.175
2025-07-21T15:30:00Z,1.03,12.8,13.5,0.0178,3.95,41.0,24.3,87.8,5.58,25.1,159.0,0.125
2025-07-21T16:30:00Z,1.23,17.2,16.7,0.0228,3.57,39.3,19.7,87.0,5.73,25.2,123.0,0.2
2025-07-21T17:30:00Z,1.05,12.9,16.1,0.0199,3.5,44.3,24.0,86.3,5.85,25.4,133.0,0.2
2025-07-21T18:30:00Z,0.71,28.9,15.4,0.0279,,36.0,21.0,89.5,6.1,25.2,44.5,0.1
2025-07-21T19:30:00Z,0.795,22.2,12.5,0.022,2.3,34.5,18.8,90.5,6.3,25.2,73.5,0.15
2025-07-21T20:30:00Z,0.783,9.57,11.7,0.0146,2.8,34.5,20.5,91.0,6.67,25.3,79.8,0.15
2025-07-21T21:30:00Z,0.568,6.58,12.9,0.014,3.13,33.5,24.0,91.0,6.18,25.4,114.0,0.275
2025-07-21T22:30:00Z,0.643,6.6,12.4,0.0135,2.3,27.3,17.8,91.0,6.0,25.3,133.0,0.275
2025-07-21T23:30:00Z,0.623,11.8,12.5,0.0165,3.3,19.5,12.0,90.3,5.98,25.1,131.0,0.25
2025-07-22T00:30:00Z,0.743,18.6,16.0,0.0229,3.65,15.5,10.5,89.0,6.2,25.1,145.0,0.25
2025-07-22T01:30:00Z,1.0,22.1,19.1,0.0272,3.6,19.5,13.3,87.5,6.35,25.5,163.0,0.2
2025-07-22T02:30:00Z,1.13,30.4,18.3,0.031,6.45,24.5,17.5,86.3,6.03,25.6,161.0,0.25
2025-07-22T03:30:00Z,1.12,30.3,17.8,0.0306,6.83,23.8,14.5,85.8,6.13,25.9,153.0,0.225
2025-07-22T04:30:00Z,1.12,27.3,26.4,0.036,4.98,27.3,14.5,85.8,6.6,26.0,120.0,0.4
2025-07-22T05:30:00Z,,34.0,24.3,0.0378,5.15,23.8,11.3,89.0,6.4,25.2,142.0,0.3
2025-07-22T06:30:00Z,0.0,35.7,23.8,0.0383,5.78,10.5,6.5,91.0,5.45,24.1,107.0,0.375
2025-07-22T07:30:00Z,0.867,42.9,29.5,0.0468,5.75,4.0,6.5,88.8,5.03,25.1,112.0,0.325
2025-07-22T08:30:00Z,1.23,41.3,37.2,0.0522,4.38,4.5,3.0,85.3,5.0,26.5,123.0,0.425
2025-07-22T09:30:00Z,0.865,27.2,31.8,0.0403,3.0,8.0,1.0,81.8,5.08,27.7,95.8,0.15
2025-07-22T10:30:00Z,0.74,21.8,21.0,0.0287,3.53,15.3,2.0,81.5,5.15,27.8,322.0,0.1
2025-07-22T11:30:00Z,0.718,15.7,17.1,0.0223,6.38,19.0,3.0,82.8,4.83,27.8,315.0,0.25
2025-07-22T12:30:00Z,0.968,19.6,19.7,0.0264,4.68,18.8,7.0,86.3,5.4,27.3,331.0,0.175
2025-07-22T13:30:00Z,1.31,22.0,29.2,0.0355,3.38,32.3,19.3,90.0,5.0,26.6,202.0,0.1
2025-07-22T14:30:00Z,1.55,20.9,55.6,0.0563,3.13,51.5,31.0,92.3,5.63,26.2,316.0,0.1
2025-07-22T15:30:00Z,1.51,25.9,41.7,0.0476,2.7,56.8,32.0,93.0,5.33,25.8,225.0,0.125
2025-07-22T16:30:00Z,1.72,27.6,58.6,0.0623,2.73,54.8,33.0,93.8,5.63,25.7,61.0,0.125
2025-07-22T17:30:00Z,1.11,16.0,31.9,0.0345,2.4,52.7,30.3,93.3,5.4,25.6,125.0,0.233
2025-07-22T18:30:00Z,0.68,15.1,22.0,0.0259,,20.5,5.5,93.0,6.2,25.2,76.5,0.15
2025-07-22T19:30:00Z,0.61,9.85,19.6,0.0212,3.1,22.8,5.0,92.5,6.15,25.1,108.0,0.25
2025-07-22T20:30:00Z,0.567,7.4,12.3,0.0139,2.88,21.3,4.5,90.0,7.23,25.4,116.0,0.35
2025-07-22T21:30:00Z,0.403,7.57,14.1,0.0155,2.77,16.3,4.0,88.7,6.23,25.5,115.0,0.233
2025-07-22T22:30:00Z,0.388,16.4,16.5,0.0222,3.28,16.0,2.5,87.0,6.23,25.7,112.0,0.175
2025-07-22T23:30:00Z,0.433,22.3,21.1,0.029,3.45,13.8,1.0,86.8,5.53,25.9,137.0,0.2
2025-07-23T00:30:00Z,0.633,32.5,35.3,0.046,2.43,19.3,7.0,86.3,6.1,26.4,131.0,0.225
2025-07-23T01:30:00Z,0.865,23.3,32.7,0.039,3.28,35.8,17.5,82.0,6.43,27.1,140.0,0.45
2025-07-23T02:30:00Z,0.66,19.7,43.2,0.0456,5.45,40.3,25.5,80.3,6.85,27.6,282.0,0.625
2025-07-23T03:30:00Z,0.585,16.7,27.5,0.0312,12.2,48.0,35.0,80.3,6.5,27.0,303.0,0.7
2025-07-23T04:30:00Z,0.58,11.0,10.5,0.0144,11.1,41.0,33.5,83.5,6.1,26.4,98.5,0.35
2025-07-23T05:30:00Z,,,,,14.1,25.0,18.5,74.0,,29.0,288.0,0.35
2025-07-23T06:30:00Z,1.11,40.0,68.7,0.0772,14.3,34.5,23.0,70.0,5.47,30.0,290.0,0.525
2025-07-23T07:30:00Z,1.09,42.5,74.1,0.0829,14.8,55.0,38.0,69.5,5.03,30.5,302.0,0.525
2025-07-23T08:30:00Z,1.17,31.5,77.3,0.0796,17.2,63.8,47.3,71.3,5.13,30.9,287.0,0.4
2025-07-23T09:30:00Z,1.19,34.2,68.2,0.0737,18.0,53.3,41.5,71.3,5.1,30.9,303.0,0.65
2025-07-23T10:30:00Z,1.31,17.6,35.8,0.0385,18.8,56.8,41.8,76.0,4.63,31.1,299.0,0.575
2025-07-23T11:30:00Z,1.53,18.9,22.8,0.0285,14.3,61.5,36.3,78.5,4.28,30.1,197.0,0.425
2025-07-23T12:30:00Z,1.73,28.4,25.9,0.0362,13.3,58.0,25.0,78.0,4.5,28.8,92.0,0.375
2025-07-23T13:30:00Z,1.64,24.5,20.9,0.03,12.2,48.8,21.0,84.5,4.78,27.4,197.0,0.325
2025-07-23T14:30:00Z,1.63,30.0,21.1,0.0331,11.6,47.0,23.0,83.3,4.55,27.3,152.0,0.375
2025-07-23T15:30:00Z,1.63,30.7,21.2,0.0335,9.0,54.0,22.8,85.0,4.53,27.4,139.0,0.375
2025-07-23T16:30:00Z,1.49,28.5,17.3,0.0293,10.2,51.7,21.7,88.7,4.6,26.9,113.0,0.333
2025-07-24T05:30:00Z,0.97,41.9,81.0,0.0881,13.8,73.5,50.5,65.3,7.43,30.6,325.0,0.5
2025-07-24T06:30:00Z,0.943,49.3,75.0,0.0872,14.1,52.3,32.0,65.0,7.75,30.8,315.0,0.575
2025-07-24T07:30:00Z,0.91,32.5,51.6,0.0592,8.58,41.0,22.3,60.0,7.43,31.4,308.0,0.675
2025-07-24T08:30:00Z,0.865,34.2,43.6,0.0536,11.2,31.3,13.5,60.0,7.58,31.7,307.0,0.65
2025-07-24T09:30:00Z,0.955,30.8,40.3,0.0491,16.0,25.0,11.0,62.5,7.45,31.7,302.0,0.7
2025-07-24T11:30:00Z,1.03,14.9,13.3,0.0188,41.1,35.0,18.0,67.0,7.1,32.0,316.0,0.4
2025-07-24T12:30:00Z,1.05,,,,42.2,41.3,21.5,71.5,7.08,31.0,318.0,0.325
2025-07-24T13:30:00Z,1.14,19.5,11.6,0.0198,37.6,54.0,35.3,76.8,7.13,30.2,320.0,0.25
2025-07-24T14:30:00Z,1.23,19.7,13.4,0.0214,34.5,65.0,44.8,81.0,7.18,29.5,315.0,0.2
2025-07-24T15:30:00Z,1.28,20.5,14.2,0.0225,27.4,64.8,42.0,81.8,7.45,29.1,299.0,0.15
2025-07-24T16:30:00Z,1.23,16.8,14.3,0.0205,24.7,53.8,32.3,82.8,7.23,28.9,309.0,0.3
2025-07-24T17:30:00Z,1.1,12.5,14.8,0.0187,18.8,46.7,27.3,85.7,7.35,28.5,304.0,0.3
2025-07-24T18:30:00Z,0.99,10.0,14.5,0.0172,,31.5,23.5,88.0,6.15,28.0,296.0,0.3
2025-07-24T19:30:00Z,1.01,8.5,13.5,0.0155,13.5,33.3,24.0,88.5,6.0,27.6,304.0,0.3
2025-07-24T20:30:00Z,1.05,7.83,13.2,0.0149,12.3,32.0,22.0,89.5,6.6,27.4,232.0,0.225
2025-07-24T21:30:00Z,0.953,8.55,13.6,0.0156,9.7,30.5,19.5,90.5,6.3,27.0,101.0,0.175
2025-07-24T22:30:00Z,0.93,10.1,14.2,0.0169,6.75,31.8,20.0,91.8,6.1,26.7,273.0,0.225
2025-07-24T23:30:00Z,0.948,12.1,14.9,0.0185,5.35,29.5,18.5,93.0,6.05,26.7,198.0,0.125
2025-07-25T00:30:00Z,1.02,14.3,17.0,0.0214,8.3,38.3,20.8,91.8,6.3,27.1,312.0,0.2
2025-07-25T01:30:00Z,1.17,18.4,25.5,0.0305,15.4,52.0,30.5,84.5,6.85,28.0,229.0,0.25
2025-07-25T02:30:00Z,1.17,18.8,41.6,0.0438,20.4,58.0,37.0,76.5,6.83,29.2,317.0,0.275
2025-07-25T03:30:00Z,1.08,17.5,36.1,0.0386,16.7,64.8,34.3,72.3,6.8,29.5,309.0,0.525
2025-07-25T04:30:00Z,1.29,,,,11.4,57.5,26.3,68.8,0.0,30.4,305.0,0.625
2025-07-25T05:30:00Z,1.27,,,,8.7,42.3,20.3,67.0,,31.0,307.0,0.6
2025-07-25T06:30:00Z,1.07,,,,6.9,43.3,19.3,64.3,3.6,31.6,305.0,0.65
2025-07-25T07:30:00Z,1.07,52.3,22.4,0.046,,47.0,19.5,61.3,2.8,32.1,297.0,0.725
2025-07-25T08:30:00Z,1.1,33.0,29.4,0.0414,14.1,46.8,15.5,62.8,2.55,32.2,302.0,0.725
2025-07-25T09:30:00Z,1.24,31.9,69.2,0.0732,12.1,47.0,16.0,62.5,3.45,32.5,308.0,0.575
2025-07-25T10:30:00Z,1.25,27.0,31.8,0.0402,16.7,39.8,17.5,65.8,3.28,32.9,314.0,0.55
2025-07-25T11:30:00Z,1.29,18.6,19.4,0.0257,22.7,39.3,18.0,70.5,2.83,32.7,312.0,0.55
2025-07-25T12:30:00Z,1.38,14.1,11.2,0.0166,28.9,44.3,19.5,71.5,2.63,31.7,313.0,0.45
2025-07-25T13:30:00Z,1.42,17.6,14.8,0.0214,24.7,44.0,22.3,75.7,2.8,30.9,305.0,0.2
2025-07-25T14:30:00Z,1.56,21.7,15.2,0.0239,20.1,50.8,28.8,79.0,2.75,30.4,301.0,0.225
2025-07-25T15:30:00Z,1.61,25.0,17.0,0.0271,15.5,62.8,32.5,81.3,3.33,30.1,292.0,0.225
2025-07-25T16:30:00Z,1.57,21.7,16.8,0.0252,15.7,70.5,35.0,83.5,2.93,29.8,298.0,0.15
2025-07-25T17:30:00Z,1.37,21.0,17.9,0.0258,13.8,65.7,33.7,85.3,2.6,29.5,186.0,0.2
2025-07-25T18:30:00Z,0.95,17.5,16.4,0.0226,,49.5,25.0,83.5,1.85,29.3,92.5,0.2
2025-07-25T19:30:00Z,1.03,14.5,16.0,0.0207,8.7,44.0,23.3,83.0,1.95,29.4,153.0,0.3
2025-07-25T20:30:00Z,1.08,8.5,13.3,0.0153,20.2,49.5,32.8,82.3,2.47,28.8,160.0,1.13
2025-07-25T21:30:00Z,0.92,5.27,11.0,0.0117,26.2,52.0,33.3,78.3,1.9,28.0,157.0,0.9
2025-07-25T22:30:00Z,0.83,5.95,11.3,0.0124,21.9,22.8,8.0,77.5,2.03,28.0,161.0,0.5
2025-07-25T23:30:00Z,0.883,10.4,12.6,0.0158,18.6,10.0,4.5,77.8,1.88,28.0,185.0,0.325
2025-07-26T00:30:00Z,0.978,16.6,15.6,0.0215,16.1,18.3,10.8,78.5,1.8,28.0,220.0,0.2
2025-07-26T01:30:00Z,1.1,23.2,31.3,0.0377,13.4,29.0,19.3,74.8,2.08,28.6,148.0,0.25
2025-07-26T02:30:00Z,1.16,40.4,52.1,0.0638,12.6,39.3,24.3,70.8,2.33,29.3,252.0,0.25
2025-07-26T03:30:00Z,1.15,39.1,66.2,0.0746,12.8,41.3,24.8,66.5,2.28,30.3,230.0,0.3
2025-07-26T04:30:00Z,1.09,40.5,67.5,0.0764,16.2,31.5,17.3,63.8,3.0,31.4,246.0,0.45
2025-07-26T05:30:00Z,0.923,,,,24.9,32.5,15.0,65.0,,31.2,294.0,0.5
2025-07-26T06:30:00Z,0.99,48.8,78.8,0.09,16.7,33.0,16.5,64.0,2.1,31.9,303.0,0.625
2025-07-26T07:30:00Z,0.993,47.0,69.1,0.0811,13.4,30.0,16.5,60.0,1.7,32.6,288.0,0.625
2025-07-26T08:30:00Z,0.99,38.5,78.4,0.0842,13.8,26.5,10.8,58.5,1.88,33.0,310.0,0.675
2025-07-26T09:30:00Z,1.08,29.1,56.7,0.0616,16.9,20.8,4.0,57.8,2.35,33.1,310.0,0.6
2025-07-26T10:30:00Z,1.23,11.4,25.0,0.0264,21.0,17.0,2.67,60.3,2.47,34.1,308.0,0.333
2025-07-26T11:30:00Z,1.32,7.15,9.7,0.0117,30.8,23.3,7.25,70.0,2.1,33.2,309.0,0.375
2025-07-26T12:30:00Z,1.36,4.88,7.53,0.00875,38.8,26.3,13.0,72.5,2.13,32.4,299.0,0.3
2025-07-26T13:30:00Z,1.22,5.4,6.78,0.00838,41.5,33.5,15.8,75.5,1.78,31.8,314.0,0.25
2025-07-26T14:30:00Z,1.21,6.08,7.3,0.00915,38.1,45.0,20.5,77.5,1.8,31.3,297.0,0.325
2025-07-26T15:30:00Z,1.25,7.2,7.98,0.0103,22.1,44.5,24.0,74.0,1.3,31.2,304.0,0.275
2025-07-26T16:30:00Z,1.21,6.25,8.38,0.0102,21.1,43.0,24.3,76.0,1.23,31.0,237.0,0.25
2025-07-26T17:30:00Z,1.32,6.47,9.8,0.0114,16.6,41.3,19.3,79.0,1.65,30.4,97.7,0.3
2025-07-26T18:30:00Z,0.985,3.85,8.95,0.00935,,36.5,19.0,79.5,2.5,29.0,89.0,0.25
2025-07-26T19:30:00Z,1.15,5.75,8.0,0.0096,12.2,26.3,14.5,80.8,2.4,28.7,105.0,0.2
2025-07-26T20:30:00Z,1.14,7.63,8.17,0.0106,10.7,18.0,11.0,80.8,2.93,29.1,84.0,0.2
2025-07-26T21:30:00Z,0.838,3.85,8.2,0.0087,10.7,22.3,14.5,83.3,2.3,28.7,123.0,0.225
2025-07-26T22:30:00Z,0.775,3.23,8.25,0.00845,10.5,24.0,18.0,80.3,1.63,29.2,130.0,0.225
2025-07-26T23:30:00Z,0.828,6.7,9.6,0.0114,8.65,24.0,14.3,80.3,1.43,29.1,118.0,0.25
2025-07-27T00:30:00Z,0.913,6.63,9.78,0.0115,12.6,28.3,9.75,80.0,1.58,29.5,156.0,0.225
2025-07-27T01:30:00Z,1.18,10.5,14.4,0.0173,8.83,39.8,15.8,78.5,2.1,30.0,66.8,0.15
2025-07-27T02:30:00Z,1.39,12.0,28.4,0.0295,13.9,54.3,23.7,76.3,3.03,30.7,174.0,0.333
2025-07-27T03:30:00Z,1.34,8.03,23.2,0.0232,13.6,52.5,28.5,77.5,2.85,29.8,163.0,0.575
2025-07-27T04:30:00Z,1.31,8.25,27.6,0.0268,11.6,51.8,35.0,78.0,3.25,30.3,169.0,0.575
2025-07-27T05:30:00Z,1.09,6.45,23.7,0.0227,20.1,63.8,43.8,79.8,2.63,30.5,186.0,0.55
2025-07-27T06:30:00Z,0.985,4.38,7.78,0.00865,27.8,59.3,43.3,87.5,1.43,27.5,306.0,1.05
2025-07-27T07:30:00Z,1.15,9.25,4.3,0.0084,28.3,34.8,29.8,93.8,1.25,26.2,174.0,0.45
2025-07-27T08:30:00Z,1.27,13.0,5.83,0.0116,21.4,24.8,28.0,93.5,1.05,25.9,144.0,0.5
2025-07-27T09:30:00Z,1.47,10.8,8.4,0.0126,21.2,26.5,31.0,91.0,1.35,27.2,133.0,0.5
2025-07-27T10:30:00Z,1.08,5.73,8.53,0.00995,24.6,24.0,24.8,82.0,1.9,28.9,167.0,0.575
2025-07-27T11:30:00Z,1.15,6.03,6.68,0.00865,15.3,23.5,17.5,81.3,2.05,29.3,175.0,0.325
2025-07-27T12:30:00Z,1.23,9.5,7.1,0.0108,9.05,29.8,16.0,82.0,1.5,29.1,178.0,0.275
2025-07-27T13:30:00Z,1.32,14.5,8.33,0.0145,6.48,39.5,23.3,80.8,1.63,28.8,161.0,0.25
2025-07-27T14:30:00Z,1.57,16.4,12.5,0.0189,5.63,57.0,31.0,83.0,1.15,28.5,178.0,0.2
2025-07-27T15:30:00Z,1.61,15.1,13.5,0.019,5.23,66.3,29.8,85.0,1.28,27.9,196.0,0.125
2025-07-27T16:30:00Z,1.2,9.9,10.5,0.0138,6.3,61.5,26.5,82.5,0.875,27.9,143.0,0.225
2025-07-27T17:30:00Z,1.28,9.6,9.9,0.0132,3.8,50.0,21.0,82.0,1.3,28.1,128.0,0.2
2025-07-27T18:30:00Z,0.72,13.9,9.8,0.0154,,28.0,18.0,79.5,3.0,28.2,94.0,0.2
2025-07-27T19:30:00Z,0.795,14.2,9.85,0.0156,3.93,30.0,16.0,81.8,3.2,27.8,105.0,0.125
2025-07-27T20:30:00Z,1.05,7.7,9.87,0.0121,8.35,25.3,13.0,82.5,3.07,27.8,62.8,0.1
2025-07-27T21:30:00Z,0.957,7.13,10.7,0.0125,6.35,19.0,11.0,85.5,2.95,27.5,126.0,0.125
2025-07-27T22:30:00Z,0.923,4.98,9.45,0.0103,4.93,18.0,8.5,83.0,1.93,27.2,105.0,0.175
2025-07-27T23:30:00Z,1.08,6.15,13.9,0.0146,8.87,16.5,7.5,85.3,2.53,27.1,84.3,0.175
2025-07-28T00:30:00Z,1.24,7.65,11.8,0.0137,13.6,23.3,9.75,82.5,2.4,27.7,161.0,0.225
2025-07-28T01:30:00Z,1.65,12.0,16.2,0.0195,7.0,43.0,19.3,80.3,2.6,28.3,160.0,0.275
2025-07-28T02:30:00Z,1.21,13.5,20.9,0.0242,12.0,58.5,28.0,76.8,3.35,29.2,173.0,0.35
2025-07-28T03:30:00Z,0.993,8.83,26.5,0.0262,9.73,54.3,30.0,74.5,3.5,29.7,182.0,0.45
2025-07-28T04:30:00Z,0.928,8.13,25.1,0.0247,11.8,48.0,31.0,74.8,3.78,29.8,162.0,0.525
2025-07-28T05:30:00Z,0.825,7.08,18.7,0.019,12.6,46.5,32.5,76.0,2.73,29.5,153.0,0.6
2025-07-28T06:30:00Z,0.92,6.23,14.0,0.0147,14.3,36.3,25.3,78.3,1.1,29.5,195.0,0.35
2025-07-28T07:30:00Z,1.1,7.53,8.28,0.0108,18.7,24.0,11.8,86.0,0.9,28.4,212.0,0.175
2025-07-28T08:30:00Z,1.24,8.8,10.6,0.0133,8.83,17.5,9.5,87.0,1.0,27.9,98.8,0.25
2025-07-28T09:30:00Z,1.26,7.95,35.7,0.0333,6.3,29.3,14.5,78.5,1.95,29.3,120.0,0.4
2025-07-28T10:30:00Z,1.07,11.5,14.5,0.0179,10.1,37.8,18.5,74.3,2.03,30.2,187.0,0.275
2025-07-28T11:30:00Z,1.08,10.8,7.45,0.0118,11.1,35.3,23.0,80.5,1.88,29.8,201.0,0.225
2025-07-28T12:30:00Z,1.15,9.6,8.18,0.0117,9.68,42.0,27.0,83.3,1.88,29.3,196.0,0.25
2025-07-28T13:30:00Z,1.02,9.73,6.78,0.0107,8.23,45.3,27.5,84.8,1.88,28.9,191.0,0.35
2025-07-28T14:30:00Z,1.2,7.53,6.65,0.00945,9.0,51.0,31.8,85.3,0.85,28.4,183.0,0.475
2025-07-28T15:30:00Z,1.09,4.08,6.43,0.0074,13.4,46.3,32.5,85.3,1.13,28.1,179.0,0.575
2025-07-28T16:30:00Z,1.04,2.83,6.38,0.00668,13.2,33.8,26.3,86.3,1.3,27.9,172.0,0.675
2025-07-28T17:30:00Z,1.04,2.1,6.17,0.00613,17.7,27.7,24.7,83.7,1.4,28.1,170.0,0.667
2025-07-28T18:30:00Z,1.1,2.45,6.1,0.00625,,17.0,16.5,81.5,4.15,28.5,176.0,0.7
2025-07-28T19:30:00Z,1.14,4.05,5.65,0.0068,11.0,14.5,16.5,83.3,4.45,28.3,173.0,0.8
2025-07-28T20:30:00Z,1.06,1.93,5.53,0.0055,11.3,16.5,18.8,83.3,4.3,28.1,167.0,0.75
2025-07-28T21:30:00Z,0.967,1.0,5.25,0.00478,17.7,25.0,24.0,83.8,4.18,27.8,168.0,0.75
2025-07-28T22:30:00Z,0.938,0.167,5.43,0.00443,15.9,22.8,20.3,83.8,3.63,27.6,166.0,0.775
2025-07-28T23:30:00Z,0.985,0.925,5.4,0.00485,16.9,18.8,15.0,84.8,3.55,27.4,163.0,0.7
2025-07-29T00:30:00Z,1.06,2.7,5.95,0.00625,14.7,27.8,22.8,84.5,3.63,27.4,159.0,0.65
2025-07-29T01:30:00Z,1.26,4.95,7.23,0.0085,9.7,36.0,27.0,85.5,3.25,27.0,251.0,0.375
2025-07-29T02:30:00Z,1.28,6.58,6.8,0.00903,12.9,25.8,18.8,91.3,3.9,25.9,222.0,0.325
2025-07-29T03:30:00Z,1.09,7.1,7.48,0.00985,13.0,15.0,14.3,89.5,4.3,26.4,173.0,0.525
2025-07-29T04:30:00Z,0.95,4.27,9.17,0.00977,12.3,17.0,17.0,85.3,4.2,26.5,159.0,0.933
2025-07-29T05:30:00Z,0.81,3.6,7.33,0.00788,14.8,14.8,13.3,83.3,4.07,27.0,158.0,1.08
2025-07-29T06:30:00Z,1.0,3.63,8.18,0.00855,13.7,13.5,9.0,80.8,3.68,26.8,157.0,1.18
2025-07-29T07:30:00Z,1.04,4.0,7.38,0.00815,12.9,12.5,7.5,81.3,3.25,27.3,157.0,1.05
2025-07-29T08:30:00Z,1.06,3.85,6.2,0.00705,17.4,11.0,4.0,82.0,3.45,27.0,162.0,1.05
2025-07-29T09:30:00Z,1.14,3.85,6.73,0.00755,16.2,9.0,2.0,81.3,3.48,27.1,159.0,1.08
2025-07-29T10:30:00Z,0.96,4.03,6.25,0.0072,17.6,5.0,4.0,81.5,4.25,27.5,162.0,0.925
2025-07-29T11:30:00Z,1.02,4.77,6.5,0.00783,18.1,7.33,4.33,79.3,4.47,28.1,164.0,0.8
2025-07-29T12:30:00Z,1.16,6.78,6.5,0.0089,15.9,14.0,6.5,79.3,4.43,28.2,170.0,0.575
2025-07-29T13:30:00Z,1.13,7.98,7.35,0.0102,12.2,23.0,11.8,80.0,4.28,28.0,173.0,0.5
2025-07-29T14:30:00Z,1.23,8.78,7.55,0.0108,7.15,32.0,15.5,79.3,3.7,28.0,165.0,0.55
2025-07-29T15:30:00Z,1.17,7.58,7.48,0.0102,9.98,32.0,19.8,78.0,3.68,28.1,162.0,0.65
2025-07-29T16:30:00Z,1.12,5.45,6.8,0.00843,10.4,30.0,23.3,77.8,3.45,28.1,158.0,0.675
2025-07-29T17:30:00Z,1.03,3.37,6.4,0.007,15.5,24.3,20.0,77.7,3.45,28.0,153.0,0.733
2025-07-29T18:30:00Z,0.725,1.9,6.9,0.0066,,8.5,5.0,78.5,2.5,28.0,166.0,0.3
2025-07-29T19:30:00Z,0.765,1.85,6.9,0.0066,24.5,6.5,5.0,73.0,2.55,28.8,157.0,0.525
2025-07-29T20:30:00Z,0.753,1.23,6.73,0.00613,24.0,3.5,4.0,72.3,2.63,28.9,159.0,0.375
2025-07-29T21:30:00Z,0.753,1.7,7.4,0.00695,19.6,1.5,2.0,75.0,2.43,28.3,193.0,0.2
2025-07-29T22:30:00Z,0.898,1.7,7.83,0.00725,21.0,1.0,2.0,73.3,1.73,28.2,167.0,0.375
2025-07-29T23:30:00Z,0.95,1.98,7.28,0.00698,22.2,1.0,2.5,73.8,1.63,28.3,171.0,0.5
2025-07-30T00:30:00Z,1.08,4.55,7.75,0.00873,14.7,4.5,5.25,76.0,1.68,28.1,162.0,0.375
2025-07-30T01:30:00Z,1.41,9.23,10.2,0.0132,8.5,21.5,15.3,77.3,1.93,28.1,169.0,0.275
2025-07-30T02:30:00Z,1.23,9.97,13.3,0.0161,10.9,43.0,26.7,78.0,2.67,28.1,183.0,0.3
2025-07-30T03:30:00Z,1.11,6.7,18.0,0.0182,13.5,46.3,31.5,76.8,2.95,28.5,167.0,0.575
2025-07-30T04:30:00Z,1.03,5.33,17.7,0.0172,18.4,30.5,16.3,75.8,3.13,28.7,174.0,0.825
2025-07-30T05:30:00Z,0.78,5.1,16.8,0.0164,19.9,20.3,12.3,75.3,2.0,28.6,168.0,0.9
2025-07-30T06:30:00Z,0.965,6.33,19.4,0.0192,15.3,23.0,15.0,74.8,0.9,29.1,168.0,0.725
2025-07-30T07:30:00Z,0.99,6.98,22.1,0.0217,16.9,24.0,13.3,77.0,0.85,28.7,240.0,0.425
2025-07-30T08:30:00Z,1.03,10.2,38.0,0.0363,14.6,21.5,13.0,75.5,1.28,29.0,269.0,0.375
2025-07-30T09:30:00Z,1.07,9.15,28.4,0.0279,17.0,25.8,15.0,76.0,1.1,29.8,311.0,0.575
2025-07-30T10:30:00Z,1.05,8.05,19.1,0.0199,20.4,28.5,20.0,76.5,1.55,30.5,309.0,0.3
2025-07-30T11:30:00Z,1.07,5.6,12.1,0.0128,24.0,23.5,18.8,76.0,1.4,30.5,305.0,0.25
2025-07-30T12:30:00Z,1.17,6.8,10.2,0.012,19.9,23.0,12.5,80.3,0.95,29.9,324.0,0.15
2025-07-30T13:30:00Z,1.32,11.0,10.9,0.0147,16.5,30.8,14.5,83.0,1.03,29.4,291.0,0.125
2025-07-30T14:30:00Z,1.3,14.3,11.4,0.0168,9.15,42.3,23.8,83.8,0.467,28.9,133.0,0.1
2025-07-30T15:30:00Z,1.26,13.7,10.4,0.0158,9.25,47.3,25.8,84.5,0.575,28.7,111.0,0.1
2025-07-30T16:30:00Z,0.98,5.37,9.8,0.0108,17.4,50.0,28.3,86.7,0.3,27.1,178.0,0.633
2025-07-30T17:30:00Z,0.93,0.8,5.37,0.0048,22.5,36.0,23.3,91.7,0.9,24.8,166.0,0.833
2025-07-30T18:30:00Z,0.71,3.75,3.1,0.00455,,2.0,2.0,93.0,3.5,25.2,184.0,0.2
2025-07-30T19:30:00Z,0.74,2.3,3.1,0.0037,,2.0,2.0,93.0,3.6,25.3,171.0,0.3
2025-07-30T20:30:00Z,0.0,4.8,,0.0016,14.1,,,94.0,,25.5,89.0,0.1
2025-07-30T22:30:00Z,0.0,,,,7.2,,,,,25.6,344.0,0.1
2025-07-31T00:30:00Z,0.0,,,,10.9,,,,,25.7,152.0,0.4
2025-07-31T02:30:00Z,0.0,,,,19.2,,,,,26.9,176.0,0.9
2025-07-31T03:30:00Z,,,,,,,,,,26.8,,
2025-07-31T04:30:00Z,0.0,2.9,6.8,0.00705,20.5,,,82.0,4.77,27.3,165.0,1.03
2025-07-31T05:30:00Z,0.0,3.63,7.63,0.00815,14.9,2.0,,83.8,5.47,27.6,173.0,0.7
2025-07-31T06:30:00Z,0.0,3.48,8.43,0.00868,20.1,7.25,8.5,84.5,2.7,26.7,175.0,0.825
2025-07-31T07:30:00Z,0.0,3.83,9.37,0.00963,21.1,13.7,9.0,83.0,2.67,26.4,162.0,1.07
2025-07-31T08:30:00Z,0.0,4.27,8.4,0.00907,22.5,16.3,10.7,82.0,2.5,26.7,161.0,0.933
2025-07-31T09:30:00Z,0.0,5.15,10.1,0.011,15.9,24.3,17.5,78.3,2.4,27.7,172.0,0.75
2025-07-31T10:30:00Z,1.07,5.78,16.1,0.0162,14.4,28.5,19.0,76.5,2.65,28.6,169.0,0.675
2025-07-31T11:30:00Z,1.26,5.6,10.5,0.0115,14.8,31.0,19.5,79.0,2.73,28.8,174.0,0.65
2025-07-31T12:30:00Z,1.25,6.55,9.9,0.0116,23.1,35.8,25.5,82.5,3.03,28.0,291.0,0.35
2025-07-31T13:30:00Z,1.24,8.75,9.8,0.0127,14.5,39.0,29.0,85.0,2.85,27.3,174.0,0.5
2025-07-31T14:30:00Z,1.43,7.95,7.6,0.0104,13.8,24.0,25.0,89.0,3.2,26.2,174.0,0.4
2025-07-31T15:30:00Z,1.43,9.63,8.15,0.0117,11.0,25.5,27.0,89.5,3.4,26.3,186.0,0.25
2025-07-31T16:30:00Z,1.29,9.23,8.47,0.0118,10.9,28.7,30.3,89.3,3.13,26.3,166.0,0.3
2025-07-31T17:30:00Z,0.92,3.5,7.6,0.008,11.1,32.0,15.0,89.0,2.4,26.3,164.0,0.3
2025-07-31T18:30:00Z,0.905,3.75,8.0,0.00855,,43.5,21.5,88.0,3.25,26.4,160.0,0.3
2025-07-31T19:30:00Z,1.09,6.55,8.85,0.0107,13.0,35.0,21.5,86.5,3.65,26.4,162.0,0.275
2025-07-31T20:30:00Z,0.92,2.7,8.0,0.00793,5.63,26.3,21.5,85.8,3.53,26.6,176.0,0.225
2025-07-31T21:30:00Z,1.21,4.13,9.15,0.00965,10.9,31.0,24.3,86.0,3.93,26.5,212.0,0.15
2025-07-31T22:30:00Z,1.24,5.83,9.07,0.0105,9.2,35.3,29.3,86.0,3.5,26.8,157.0,0.267
2025-07-31T23:30:00Z,1.18,3.73,7.63,0.00815,12.2,34.3,31.8,88.5,3.85,26.3,168.0,0.575
2025-08-01T00:30:00Z,1.23,3.03,6.98,0.0073,12.0,25.5,22.8,92.0,4.0,25.6,168.0,0.475
2025-08-01T01:30:00Z,1.02,2.58,7.35,0.00738,12.8,20.0,20.8,90.0,3.48,25.8,172.0,0.75
2025-08-01T02:30:00Z,1.06,2.58,8.03,0.0079,14.0,20.5,29.0,87.3,3.2,26.5,168.0,0.7
2025-08-01T03:30:00Z,1.08,2.98,8.45,0.00843,19.3,25.5,27.3,84.5,3.18,26.8,168.0,0.975
2025-08-01T04:30:00Z,1.13,3.68,10.9,0.0108,13.0,23.8,19.5,85.8,3.0,27.1,188.0,0.475
2025-08-01T05:30:00Z,1.14,4.65,14.1,0.014,6.5,20.5,17.0,84.0,3.3,26.8,168.0,0.65
2025-08-01T06:30:00Z,0.875,8.9,16.7,0.0183,17.8,23.0,16.5,81.5,3.5,27.8,163.0,0.85
2025-08-01T15:30:00Z,1.5,16.6,13.0,0.0193,5.85,55.5,30.0,87.0,3.2,28.2,161.0,0.25
2025-08-01T16:30:00Z,1.25,10.1,10.7,0.014,8.55,51.3,34.8,86.0,2.85,28.0,166.0,0.375
2025-08-01T17:30:00Z,0.965,5.27,9.93,0.0109,10.6,43.0,38.3,85.0,2.05,27.7,171.0,0.6
2025-08-01T18:30:00Z,0.93,1.95,8.9,0.00825,,27.5,22.5,87.5,2.0,27.1,172.0,0.45
2025-08-01T19:30:00Z,0.995,1.4,8.85,0.00795,10.0,21.5,19.5,88.5,1.85,27.1,164.0,0.55
2025-08-01T20:30:00Z,1.02,1.5,8.43,0.00767,14.2,22.3,17.5,89.8,1.7,26.8,162.0,0.475
2025-08-01T21:30:00Z,1.31,1.78,8.13,0.00755,11.2,23.3,17.5,90.0,1.93,26.7,163.0,0.475
2025-08-01T22:30:00Z,1.39,3.9,7.73,0.00835,11.6,20.8,22.3,90.3,2.53,26.7,170.0,0.35
2025-08-01T23:30:00Z,1.32,4.83,8.2,0.00923,8.6,27.7,29.3,90.3,2.43,26.7,161.0,0.3
2025-08-02T00:30:00Z,1.36,4.23,8.55,0.00918,11.4,34.0,32.5,90.0,2.55,26.9,165.0,0.3
2025-08-02T01:30:00Z,1.05,4.98,10.1,0.0108,12.6,46.3,37.8,89.3,2.33,27.0,185.0,0.3
2025-08-02T02:30:00Z,1.07,4.83,13.5,0.0136,7.93,61.8,50.8,87.5,1.98,26.7,215.0,0.4
2025-08-02T03:30:00Z,1.11,5.58,24.1,0.0226,8.13,64.5,53.8,83.5,2.13,26.8,199.0,0.475
2025-08-02T04:30:00Z,1.06,6.48,28.6,0.0267,11.8,59.5,50.0,80.3,2.08,27.9,173.0,0.575
2025-08-02T05:30:00Z,1.05,8.75,29.5,0.0286,17.7,49.8,39.3,78.5,2.97,28.4,205.0,0.675
2025-08-02T06:30:00Z,0.925,11.6,38.5,0.0375,12.9,43.5,29.0,75.5,3.63,29.2,215.0,0.55
2025-08-02T07:30:00Z,0.98,10.8,42.5,0.0403,13.5,43.0,32.5,72.5,3.6,29.5,251.0,0.55
2025-08-02T08:30:00Z,0.973,9.98,39.4,0.0373,17.2,37.3,29.3,72.3,3.48,30.0,282.0,0.475
2025-08-02T09:30:00Z,0.618,9.55,41.5,0.0388,18.6,28.5,24.0,71.0,2.58,30.2,312.0,0.45
2025-08-02T10:30:00Z,0.618,8.63,27.4,0.0269,18.6,22.5,19.0,72.3,2.38,30.1,308.0,0.55
2025-08-02T11:30:00Z,0.588,6.83,19.3,0.0194,25.4,24.0,14.5,75.0,1.9,30.3,309.0,0.45
2025-08-02T12:30:00Z,0.743,6.2,12.2,0.0132,22.6,25.3,13.5,78.5,1.9,29.6,317.0,0.2
2025-08-02T13:30:00Z,1.27,9.13,10.0,0.013,13.3,24.0,14.3,84.3,2.17,28.3,253.0,0.267
2025-08-02T14:30:00Z,1.5,11.8,6.8,0.0118,9.63,28.0,21.8,91.0,2.13,27.1,250.0,0.15
2025-08-02T15:30:00Z,1.56,14.3,8.33,0.0144,5.73,27.3,24.3,92.8,2.45,26.9,203.0,0.1
2025-08-02T16:30:00Z,1.44,10.8,8.7,0.0128,5.18,24.0,18.8,93.5,2.35,26.9,326.0,0.2
2025-08-02T17:30:00Z,1.25,9.63,8.67,0.0122,14.6,25.0,18.0,94.0,1.7,26.6,225.0,0.2
2025-08-02T18:30:00Z,0.95,5.3,8.1,0.0094,,33.0,25.0,94.0,1.8,26.6,182.0,0.1
2025-08-02T19:30:00Z,0.97,3.9,7.35,0.008,4.8,28.8,20.3,94.0,1.8,26.7,263.0,0.1
2025-08-02T20:30:00Z,1.12,4.17,6.53,0.00753,2.68,24.0,17.5,94.0,1.8,26.8,208.0,0.125
2025-08-02T21:30:00Z,1.43,2.9,6.75,0.00705,5.03,25.5,13.8,94.0,2.23,26.9,237.0,0.1
2025-08-02T22:30:00Z,1.55,2.45,6.28,0.00638,7.18,30.5,13.3,94.0,2.38,26.6,304.0,0.325
2025-08-02T23:30:00Z,1.37,5.85,5.43,0.00753,5.95,39.3,29.0,94.5,2.68,26.4,303.0,0.375
2025-08-03T00:30:00Z,0.83,10.0,5.55,0.00988,6.98,43.5,39.0,95.0,2.43,26.4,306.0,0.625
2025-08-03T01:30:00Z,0.855,11.1,6.38,0.0111,6.05,45.5,38.3,95.0,2.13,26.1,310.0,0.35
2025-08-03T02:30:00Z,0.787,8.35,7.43,0.0105,9.7,45.5,35.5,94.8,1.68,26.0,314.0,0.325
2025-08-03T03:30:00Z,1.24,7.77,8.03,0.0106,9.53,41.3,33.0,94.0,2.07,26.3,304.0,0.267
2025-08-03T04:30:00Z,1.27,7.38,15.4,0.0164,14.5,39.0,34.0,89.5,2.58,25.6,306.0,0.375
2025-08-03T05:30:00Z,1.01,7.9,36.2,0.0336,19.1,38.5,34.5,78.5,2.95,28.2,194.0,0.35
2025-08-03T06:30:00Z,1.09,15.0,53.5,0.0515,6.1,53.7,31.3,71.7,3.5,29.5,210.0,0.4
2025-08-03T07:30:00Z,1.1,12.7,32.0,0.0328,11.4,48.5,24.3,68.8,3.75,30.4,302.0,0.6
2025-08-03T08:30:00Z,1.06,10.4,20.5,0.0222,12.3,20.7,10.3,69.7,3.13,30.4,307.0,0.633
2025-08-03T09:30:00Z,1.05,7.58,13.1,0.0147,16.2,15.0,8.0,72.8,2.83,30.6,299.0,0.625
2025-08-03T10:30:00Z,0.9,5.98,11.5,0.0125,18.3,12.0,10.0,71.0,2.35,31.1,307.0,0.45
2025-08-03T11:30:00Z,0.823,4.8,12.7,0.0128,18.7,12.8,9.0,74.3,1.93,30.9,303.0,0.25
2025-08-03T12:30:00Z,0.915,4.48,9.68,0.0102,22.2,19.5,11.0,79.0,1.75,30.2,286.0,0.175
2025-08-03T13:30:00Z,1.07,6.98,9.03,0.0111,14.9,23.0,13.3,82.3,1.75,29.4,242.0,0.1
2025-08-03T14:30:00Z,1.45,10.9,11.2,0.0149,6.1,24.5,10.0,82.3,2.1,29.0,169.0,0.15
2025-08-03T15:30:00Z,1.55,9.5,12.2,0.015,10.6,31.8,12.8,82.0,2.7,28.8,55.8,0.125
2025-08-03T16:30:00Z,1.47,9.85,9.5,0.013,11.6,34.3,15.0,84.8,2.6,28.1,312.0,0.125
2025-08-03T17:30:00Z,1.33,8.37,8.77,0.0116,8.7,27.3,13.7,85.7,2.2,28.3,207.0,0.133
2025-08-03T18:30:00Z,0.415,5.05,9.5,0.0104,,31.0,21.0,87.0,1.6,27.7,201.0,0.2
2025-08-03T19:30:00Z,0.555,3.75,9.3,0.00955,10.1,25.8,17.3,88.0,1.25,27.5,139.0,0.15
2025-08-03T20:30:00Z,1.25,2.37,9.47,0.00897,8.93,21.0,13.0,88.5,1.63,27.1,128.0,0.175
2025-08-03T21:30:00Z,1.25,2.58,9.18,0.0088,9.85,20.0,12.5,89.8,0.85,26.9,231.0,0.125
2025-08-03T22:30:00Z,1.33,2.45,8.23,0.00798,15.5,19.0,12.0,87.0,1.43,26.7,308.0,0.5
2025-08-03T23:30:00Z,1.48,3.3,6.35,0.00695,29.2,16.3,11.0,86.0,1.73,26.0,308.0,0.35
2025-08-04T00:30:00Z,1.43,4.35,5.93,0.00715,27.1,15.0,10.8,87.0,1.68,26.2,305.0,0.225
2025-08-04T01:30:00Z,1.58,7.35,7.1,0.0097,20.0,20.8,13.5,87.0,2.05,26.5,166.0,0.2
2025-08-04T02:30:00Z,1.59,9.5,8.4,0.0119,14.3,25.5,15.5,87.3,1.5,26.7,115.0,0.175
2025-08-04T03:30:00Z,1.45,8.97,9.23,0.0123,14.6,27.7,16.3,87.7,0.933,26.6,251.0,0.267
2025-08-04T04:30:00Z,1.21,4.63,13.5,0.0135,20.2,24.3,20.0,83.8,1.05,26.6,312.0,0.325
2025-08-04T05:30:00Z,1.09,8.25,20.1,0.0207,22.3,21.0,20.0,81.8,1.53,27.0,294.0,0.5
2025-08-04T06:30:00Z,1.09,18.6,37.6,0.0404,20.8,31.8,22.5,75.5,2.88,28.6,298.0,0.55
2025-08-04T07:30:00Z,1.07,14.5,22.6,0.0261,15.7,40.5,26.5,71.3,3.25,29.6,294.0,0.625
2025-08-04T08:30:00Z,1.04,11.7,14.2,0.0178,15.8,41.5,24.0,71.8,3.08,30.1,299.0,0.55
2025-08-04T09:30:00Z,1.01,8.4,10.8,0.0132,19.0,41.0,23.0,74.0,2.75,29.9,305.0,0.425
2025-08-04T10:30:00Z,0.848,6.65,10.5,0.0121,23.1,41.0,24.3,76.5,2.55,29.8,307.0,0.375
2025-08-04T11:30:00Z,0.793,3.87,9.07,0.0094,18.6,43.7,26.0,80.0,1.67,29.5,293.0,0.2
2025-08-04T12:30:00Z,0.868,3.45,8.1,0.00843,29.8,47.0,27.0,83.0,1.38,29.1,320.0,0.1
2025-08-04T13:30:00Z,1.14,8.28,9.13,0.0119,18.2,48.5,28.0,85.5,1.83,28.6,299.0,0.1
2025-08-04T14:30:00Z,1.31,11.0,10.1,0.014,6.68,50.5,28.0,86.3,2.0,28.5,213.0,0.25
2025-08-04T15:30:00Z,1.58,8.6,11.3,0.0138,8.2,46.8,27.5,90.5,2.78,27.8,183.0,0.25
2025-08-04T16:30:00Z,1.41,6.77,9.5,0.0113,8.33,37.3,25.7,91.0,2.57,27.4,149.0,0.367
2025-08-04T17:30:00Z,1.23,7.47,9.07,0.0113,7.37,40.7,27.3,91.3,2.65,27.2,176.0,0.3
2025-08-04T18:30:00Z,0.245,0.1,4.85,0.00405,,10.0,9.0,92.5,2.6,25.2,99.0,0.2
2025-08-04T19:30:00Z,0.395,0.15,5.0,0.00415,20.5,8.5,6.0,93.0,2.2,25.0,83.0,0.15
2025-08-04T20:30:00Z,1.12,1.05,6.15,0.00555,18.9,7.33,4.67,93.0,2.45,25.0,117.0,0.1
2025-08-04T21:30:00Z,1.12,0.825,6.63,0.0058,13.2,5.0,3.5,93.0,2.38,25.4,286.0,0.1
2025-08-04T22:30:00Z,1.2,2.23,7.13,0.007,12.3,7.25,4.0,93.5,2.6,25.7,142.0,0.275
2025-08-04T23:30:00Z,1.4,3.1,5.53,0.0062,16.6,14.3,6.5,94.0,2.68,25.8,97.8,0.325
2025-08-05T00:30:00Z,1.38,9.65,7.0,0.0108,9.75,17.3,11.0,94.0,2.8,25.5,92.5,0.375
2025-08-05T01:30:00Z,1.41,7.43,6.78,0.00945,13.6,16.0,13.0,94.0,2.88,24.9,107.0,0.4
2025-08-05T02:30:00Z,1.44,12.0,9.83,0.0144,7.03,16.0,14.0,94.8,2.7,24.6,110.0,0.275
2025-08-05T03:30:00Z,1.42,9.15,10.5,0.0134,6.4,17.0,15.0,94.0,2.38,24.3,150.0,0.2
2025-08-05T04:30:00Z,1.56,8.55,12.1,0.0144,13.1,19.5,16.0,91.8,2.48,25.5,125.0,0.225
2025-08-05T05:30:00Z,1.29,8.1,16.7,0.0179,16.2,27.0,20.0,85.3,2.67,26.3,246.0,0.375
2025-08-05T06:30:00Z,1.19,7.2,13.3,0.0146,10.5,32.5,20.3,84.8,2.4,27.3,291.0,0.3
2025-08-05T09:30:00Z,1.24,8.23,15.4,0.0169,17.4,44.0,22.5,81.3,3.4,28.4,299.0,0.45
2025-08-05T10:30:00Z,1.22,7.25,13.4,0.0147,17.8,43.0,21.0,82.5,3.05,28.6,318.0,0.25
2025-08-05T11:30:00Z,1.27,5.03,10.6,0.0113,12.0,43.5,23.3,84.3,2.23,28.3,300.0,0.1
2025-08-05T12:30:00Z,1.43,8.73,10.9,0.0135,15.7,43.5,20.8,87.5,2.4,27.7,296.0,0.125
2025-08-05T13:30:00Z,1.9,14.2,14.9,0.0197,7.6,46.8,23.8,88.5,2.73,27.7,181.0,0.175
2025-08-05T14:30:00Z,1.76,14.3,15.7,0.0204,4.6,53.5,26.8,88.5,2.78,27.9,141.0,0.25
2025-08-05T15:30:00Z,2.01,13.5,16.2,0.0204,6.0,56.0,28.0,89.5,3.35,27.9,131.0,0.3
2025-08-05T16:30:00Z,1.81,11.9,12.4,0.0164,5.95,59.5,29.0,90.0,3.3,27.7,130.0,0.15
2025-08-05T17:30:00Z,1.46,14.9,11.6,0.0174,5.93,57.3,29.3,90.0,3.2,27.6,99.0,0.2
2025-08-05T18:30:00Z,0.33,2.35,9.6,0.00905,,31.5,25.5,85.0,2.85,26.3,109.0,0.45
2025-08-05T19:30:00Z,0.77,1.4,9.1,0.0081,25.1,22.3,16.3,90.0,2.8,24.5,279.0,0.367
2025-08-05T20:30:00Z,1.13,1.57,4.4,0.0044,19.8,13.8,6.75,93.0,2.07,24.2,171.0,0.25
2025-08-05T21:30:00Z,1.15,1.63,4.5,0.00453,17.7,8.0,2.75,94.0,2.25,24.4,89.0,0.225
2025-08-05T22:30:00Z,1.19,1.0,5.65,0.00513,18.5,8.0,4.75,94.0,2.68,24.3,83.0,0.35
2025-08-05T23:30:00Z,1.32,2.98,6.83,0.00713,27.3,6.75,4.25,94.0,3.35,24.1,109.0,0.45
2025-08-06T00:30:00Z,1.36,7.58,7.2,0.00988,17.7,3.0,2.5,94.0,3.05,24.3,122.0,0.4
2025-08-06T01:30:00Z,1.47,9.97,9.03,0.0127,12.5,2.67,3.0,93.3,3.13,24.7,108.0,0.4
2025-08-06T02:30:00Z,1.31,9.3,8.78,0.0121,23.9,4.25,3.0,89.0,3.28,24.1,110.0,0.375
2025-08-06T03:30:00Z,1.28,9.4,17.1,0.0189,18.2,6.0,3.5,82.0,2.7,25.6,301.0,0.25
2025-08-06T06:30:00Z,0.968,13.6,28.7,0.0306,13.5,40.0,14.3,69.8,5.43,29.1,309.0,0.625
2025-08-06T07:30:00Z,0.897,12.9,13.9,0.0181,19.6,46.5,17.5,71.3,5.83,29.2,302.0,0.75
2025-08-06T08:30:00Z,0.735,9.63,10.6,0.0137,24.2,48.5,19.5,71.3,5.65,29.8,309.0,0.45
2025-08-06T09:30:00Z,0.763,7.58,13.3,0.0149,21.6,56.3,19.5,70.0,5.63,30.6,314.0,0.425
2025-08-06T10:30:00Z,0.84,6.27,9.43,0.011,27.0,62.3,22.3,75.7,5.1,30.3,314.0,0.3
2025-08-06T11:30:00Z,1.0,5.3,10.8,0.0115,19.6,64.0,26.0,78.0,4.85,29.9,321.0,0.325
2025-08-06T12:30:00Z,1.11,5.63,9.18,0.0105,18.4,67.5,28.0,82.5,5.35,29.2,314.0,0.2
2025-08-06T13:30:00Z,1.19,7.15,9.7,0.0117,12.5,62.8,27.0,84.3,5.28,28.3,311.0,0.2
2025-08-06T14:30:00Z,1.43,10.9,10.7,0.0145,8.77,56.0,28.8,84.8,5.63,27.8,220.0,0.3
2025-08-06T15:30:00Z,0.97,2.83,3.88,0.00465,50.7,44.5,23.3,89.8,5.6,23.5,136.0,0.55
2025-08-06T16:30:00Z,0.933,7.2,3.68,0.00683,36.9,18.5,8.25,92.8,5.63,23.4,42.8,0.175
2025-08-06T17:30:00Z,0.895,7.9,3.93,0.0074,31.9,4.0,2.67,93.0,4.95,23.4,204.0,0.133
2025-08-06T18:30:00Z,0.785,6.1,4.45,0.00685,,6.0,5.0,94.0,2.85,24.0,340.0,0.1
2025-08-06T19:30:00Z,0.93,4.6,4.85,0.0064,9.5,10.0,5.0,94.0,1.7,23.8,303.0,0.175
2025-08-06T20:30:00Z,0.993,2.93,5.7,0.00617,5.95,17.0,8.5,94.0,2.1,24.0,314.0,0.15
2025-08-06T21:30:00Z,0.993,3.7,5.85,0.00675,10.3,26.3,16.0,94.0,2.55,23.9,292.0,0.2
2025-08-06T22:30:00Z,1.03,3.13,6.3,0.00678,7.78,27.8,16.8,94.0,2.28,23.9,316.0,0.125
2025-08-06T23:30:00Z,1.02,4.9,7.28,0.0085,9.68,19.5,11.5,94.0,2.75,24.1,252.0,0.15
2025-08-07T00:30:00Z,0.99,6.0,7.38,0.0092,10.5,15.8,9.0,93.8,2.7,24.4,313.0,0.2
2025-08-07T01:30:00Z,1.12,7.68,9.58,0.0119,10.4,20.8,11.0,90.5,3.0,25.2,311.0,0.2
2025-08-07T02:30:00Z,1.08,8.6,13.6,0.0156,13.2,32.3,19.3,83.3,3.0,26.4,320.0,0.3
2025-08-07T03:30:00Z,0.96,6.75,17.1,0.0175,18.5,33.8,21.5,75.5,2.63,28.2,315.0,0.575
2025-08-07T04:30:00Z,0.915,7.65,16.9,0.0178,23.1,32.0,18.0,72.0,2.55,28.9,310.0,0.65
2025-08-07T05:30:00Z,0.827,8.75,18.2,0.0194,21.7,30.5,17.0,69.3,2.9,29.8,312.0,0.6
2025-08-07T06:30:00Z,0.813,12.5,15.5,0.0193,17.3,37.5,16.5,66.3,3.55,30.2,307.0,0.75
2025-08-07T07:30:00Z,0.973,13.5,8.93,0.0144,18.2,49.0,17.5,68.0,3.9,30.7,310.0,0.825
2025-08-07T08:30:00Z,0.99,10.1,5.13,0.00953,20.3,50.5,19.5,68.5,4.08,30.7,308.0,0.825
2025-08-07T09:30:00Z,1.02,7.35,5.5,0.00838,23.6,51.0,21.0,67.3,3.9,31.2,313.0,0.725
2025-08-07T10:30:00Z,0.99,5.87,5.8,0.00783,37.9,53.7,23.7,71.0,3.9,31.4,321.0,0.567
2025-08-07T11:30:00Z,0.835,4.88,7.03,0.0083,25.2,61.0,28.0,73.3,2.88,30.8,317.0,0.475
2025-08-07T12:30:00Z,0.92,4.47,6.47,0.00763,19.4,65.0,29.7,78.3,3.17,29.8,320.0,0.4
2025-08-07T13:30:00Z,1.05,5.0,6.7,0.00813,18.8,61.0,28.5,82.5,3.48,28.9,320.0,0.225
2025-08-07T14:30:00Z,1.18,6.05,8.38,0.01,13.7,62.5,32.3,85.0,3.53,28.8,315.0,0.225
2025-08-07T15:30:00Z,1.47,4.73,10.7,0.0112,11.5,67.3,34.3,87.7,4.37,28.5,306.0,0.2
2025-08-07T16:30:00Z,1.48,4.23,9.53,0.00998,8.58,64.0,32.5,89.8,4.18,28.2,316.0,0.25
2025-08-07T17:30:00Z,1.15,2.6,9.0,0.00867,9.57,58.7,31.0,90.7,3.75,27.9,306.0,0.3
2025-08-07T18:30:00Z,0.555,4.15,9.15,0.0096,,53.0,25.0,91.0,2.15,27.5,183.0,0.2
2025-08-07T19:30:00Z,0.83,3.4,9.15,0.0093,13.6,47.5,25.0,91.0,1.8,27.0,321.0,0.2
2025-08-07T20:30:00Z,1.04,2.3,9.1,0.0086,10.7,40.5,23.0,90.8,2.2,26.6,301.0,0.175
2025-08-07T21:30:00Z,1.04,2.0,9.17,0.0085,14.1,39.0,21.3,90.0,1.83,26.3,299.0,0.2
2025-08-07T22:30:00Z,1.11,3.3,9.3,0.00933,9.6,39.5,21.3,90.8,2.15,26.1,309.0,0.15
2025-08-07T23:30:00Z,1.09,4.83,11.0,0.0115,7.23,39.3,18.5,91.5,2.8,26.0,315.0,0.2
2025-08-08T00:30:00Z,1.01,10.2,12.2,0.0154,6.6,42.0,22.3,89.8,2.48,26.3,159.0,0.1
2025-08-08T01:30:00Z,0.973,7.35,11.9,0.0136,13.3,50.0,31.5,80.8,2.48,27.3,330.0,0.25
2025-08-08T02:30:00Z,0.913,8.83,20.6,0.0214,18.3,52.0,32.5,75.0,2.7,28.7,328.0,0.325
2025-08-08T03:30:00Z,0.977,8.7,27.7,0.0271,21.9,53.8,28.0,70.0,2.5,29.7,317.0,0.4
2025-08-08T04:30:00Z,0.985,12.0,19.1,0.0219,22.4,63.0,28.5,69.0,2.35,30.0,320.0,0.55
2025-08-08T05:30:00Z,0.973,10.9,28.7,0.0291,20.2,66.3,28.8,69.0,3.1,30.8,318.0,0.425
2025-08-08T06:30:00Z,0.998,12.5,32.4,0.033,17.1,68.3,27.0,67.5,4.85,31.2,311.0,0.525
2025-08-08T07:30:00Z,1.06,11.4,22.5,0.0244,21.1,75.5,28.5,68.0,5.73,31.5,306.0,0.575
2025-08-08T08:30:00Z,0.91,9.8,12.0,0.015,32.9,74.0,30.0,71.8,5.35,31.4,308.0,0.675
2025-08-08T09:30:00Z,0.885,8.48,7.45,0.0106,35.6,74.5,35.3,73.8,5.08,31.2,301.0,1.3
2025-08-08T10:30:00Z,1.05,7.5,4.75,0.00785,32.8,68.3,32.3,78.0,4.85,29.3,181.0,0.625
2025-08-08T11:30:00Z,1.02,6.7,3.95,0.00678,33.0,39.5,17.3,90.5,4.4,25.1,149.0,0.5
2025-08-08T12:30:00Z,1.32,10.1,4.0,0.0086,30.1,13.3,8.0,92.8,3.98,24.6,97.3,0.475
2025-08-08T13:30:00Z,1.37,13.9,5.1,0.0115,18.5,7.0,4.5,93.0,4.48,24.8,109.0,0.275
2025-08-08T14:30:00Z,1.34,13.2,6.55,0.0124,14.1,10.5,3.0,93.0,4.5,24.8,118.0,0.3
2025-08-08T15:30:00Z,1.55,14.4,8.15,0.0143,11.5,11.0,5.25,93.0,5.4,25.1,191.0,0.15
2025-08-08T16:30:00Z,1.58,13.9,9.43,0.015,7.3,12.3,8.5,93.0,5.38,25.3,214.0,0.175
2025-08-08T17:30:00Z,1.36,15.1,10.5,0.0166,5.13,16.3,9.33,93.0,4.8,25.4,90.0,0.2
2025-08-08T18:30:00Z,0.655,7.0,8.4,0.0106,,11.5,8.0,93.0,2.85,25.2,104.0,0.2
2025-08-08T19:30:00Z,0.97,5.35,7.9,0.0093,4.8,14.0,7.5,93.0,2.15,25.0,90.3,0.2
2025-08-08T20:30:00Z,0.943,2.9,7.97,0.008,6.33,13.8,5.5,92.0,2.53,24.9,101.0,0.225
2025-08-08T21:30:00Z,0.965,3.45,7.95,0.0083,4.8,10.0,4.0,92.0,2.55,25.0,46.5,0.1
2025-08-08T23:30:00Z,1.03,6.75,12.5,0.0137,5.5,16.0,3.0,92.0,3.35,25.4,48.0,0.15
2025-08-09T00:30:00Z,1.04,6.65,13.2,0.0143,4.7,17.8,4.5,91.8,3.28,25.8,168.0,0.175
2025-08-09T01:30:00Z,0.87,7.0,14.6,0.0156,7.15,20.0,6.0,87.5,3.15,26.2,134.0,0.45
2025-08-09T02:30:00Z,0.805,5.25,18.3,0.0177,15.6,19.0,14.0,83.0,3.3,28.3,181.0,0.45
2025-08-09T03:30:00Z,0.87,7.97,25.2,0.0247,17.9,24.0,12.7,79.7,3.4,28.3,152.0,0.467
2025-08-09T04:30:00Z,1.04,7.1,25.1,0.0242,13.0,27.0,12.5,79.3,2.8,28.6,164.0,0.45
2025-08-09T05:30:00Z,0.98,6.88,23.4,0.0226,16.3,27.5,13.5,78.5,3.0,28.3,168.0,0.575
2025-08-09T06:30:00Z,0.94,9.08,31.6,0.0305,14.7,23.0,12.5,75.5,3.53,28.8,189.0,0.45
2025-08-09T07:30:00Z,1.05,12.3,51.4,0.0483,13.3,15.3,8.0,73.3,4.63,29.4,191.0,0.5
2025-08-09T08:30:00Z,1.16,11.1,42.8,0.0406,18.3,17.8,7.5,73.3,4.58,29.8,252.0,0.4
2025-08-09T09:30:00Z,1.19,9.6,34.0,0.0327,24.9,23.5,12.5,73.8,4.55,30.1,291.0,0.475
2025-08-09T10:30:00Z,1.34,6.23,15.2,0.0157,25.4,25.7,16.0,82.0,3.9,29.3,281.0,0.4
2025-08-09T11:30:00Z,1.24,7.7,11.2,0.0132,20.2,26.5,17.0,91.3,3.45,27.4,129.0,0.175
2025-08-09T12:30:00Z,1.24,9.45,10.2,0.0134,13.3,20.0,16.0,92.8,3.2,27.1,320.0,0.175
2025-08-09T13:30:00Z,1.63,12.8,10.3,0.0152,11.9,19.8,15.5,93.0,3.33,26.6,259.0,0.15
2025-08-09T14:30:00Z,1.23,7.68,7.78,0.0104,18.4,22.5,14.5,94.0,3.03,26.3,298.0,0.125
2025-08-09T15:30:00Z,1.69,11.4,10.2,0.0144,7.05,22.5,15.0,94.0,3.43,26.4,160.0,0.15
2025-08-09T16:30:00Z,1.85,13.2,12.0,0.0167,6.2,27.8,17.0,94.0,3.53,26.7,141.0,0.25
2025-08-09T17:30:00Z,1.46,11.3,8.97,0.0133,6.63,34.3,18.7,94.0,3.45,26.6,129.0,0.267
2025-08-09T18:30:00Z,0.77,5.4,9.15,0.0103,,35.0,17.5,94.0,2.15,26.3,152.0,0.15
2025-08-09T19:30:00Z,0.745,5.85,9.1,0.0106,5.5,27.3,15.0,94.0,1.6,26.1,147.0,0.15
2025-08-09T20:30:00Z,1.01,2.67,8.33,0.0082,3.23,18.5,13.0,94.0,1.6,25.8,338.0,0.1
2025-08-09T21:30:00Z,1.08,2.23,8.15,0.00783,4.1,16.0,13.5,94.5,1.15,25.9,194.0,0.1
2025-08-09T22:30:00Z,1.15,4.78,8.53,0.00948,5.2,25.5,17.5,95.0,1.33,26.2,126.0,0.25
2025-08-09T23:30:00Z,1.2,3.1,9.33,0.00928,3.65,29.3,16.8,94.0,1.35,25.9,150.0,0.2
2025-08-10T00:30:00Z,1.4,3.58,10.4,0.0104,6.1,24.5,16.3,94.0,1.55,26.3,120.0,0.225
2025-08-10T01:30:00Z,1.26,4.3,10.3,0.0107,7.0,35.8,23.0,93.5,2.0,26.6,125.0,0.325
2025-08-10T02:30:00Z,1.03,6.83,14.0,0.0151,6.35,50.8,34.5,89.0,2.13,26.9,213.0,0.325
2025-08-10T03:30:00Z,0.977,9.48,25.7,0.026,10.5,66.3,51.3,83.0,2.2,27.6,305.0,0.4
2025-08-10T04:30:00Z,1.05,8.53,29.5,0.0285,14.1,76.5,59.5,79.8,1.95,28.1,322.0,0.425
2025-08-10T05:30:00Z,1.08,11.4,35.0,0.0346,12.5,82.3,61.0,76.5,2.37,28.8,309.0,0.625
2025-08-10T06:30:00Z,1.02,16.9,33.0,0.0358,13.0,86.0,57.5,73.0,2.83,29.6,311.0,0.6
2025-08-10T07:30:00Z,1.07,17.0,29.4,0.0329,11.6,80.3,49.5,70.0,3.05,30.4,308.0,0.625
2025-08-10T08:30:00Z,0.893,13.6,19.3,0.0229,15.3,71.0,44.0,69.3,2.88,31.3,316.0,0.525
2025-08-10T09:30:00Z,0.925,7.95,15.6,0.0169,18.8,63.8,36.8,74.8,2.8,31.1,320.0,0.3
2025-08-10T10:30:00Z,0.975,6.48,14.8,0.0154,18.6,59.5,30.0,78.0,2.93,30.7,324.0,0.375
2025-08-10T11:30:00Z,0.853,5.65,17.9,0.0176,22.9,61.5,31.8,79.3,2.55,30.5,312.0,0.2
2025-08-10T12:30:00Z,1.04,4.55,15.0,0.0147,19.9,59.0,34.5,81.8,1.75,30.0,308.0,0.15
2025-08-10T13:30:00Z,1.26,7.07,11.3,0.013,12.9,53.7,29.3,85.3,1.87,29.0,325.0,0.1
2025-08-10T14:30:00Z,1.16,7.5,10.4,0.0125,23.5,51.8,27.0,81.8,1.7,28.6,329.0,0.35
2025-08-10T15:30:00Z,1.35,6.2,11.4,0.0125,19.7,38.0,21.3,83.5,2.23,28.0,316.0,0.225
2025-08-10T16:30:00Z,1.19,8.5,12.4,0.0146,15.1,34.0,16.0,86.0,2.5,28.3,190.0,0.2
2025-08-10T17:30:00Z,1.05,9.3,12.1,0.0148,10.7,37.0,17.7,88.7,3.2,28.3,57.3,0.233
2025-08-10T18:30:00Z,0.89,4.6,11.4,0.0117,,43.0,27.0,89.0,4.7,28.3,173.0,0.3
2025-08-10T19:30:00Z,0.795,3.4,11.2,0.0109,25.1,42.5,30.5,89.8,4.0,27.1,249.0,0.3
2025-08-10T20:30:00Z,0.81,0.7,6.05,0.0053,27.3,32.7,26.0,92.7,3.3,26.0,214.0,0.133
2025-08-10T21:30:00Z,0.885,1.23,5.6,0.00518,22.5,13.5,9.5,93.8,2.9,26.2,139.0,0.175
2025-08-10T22:30:00Z,0.88,1.38,5.68,0.00535,17.3,11.5,7.25,94.0,3.23,26.3,252.0,0.1
2025-08-10T23:30:00Z,1.07,1.95,6.23,0.00613,9.4,9.5,4.5,94.0,3.38,26.5,306.0,0.125
2025-08-11T00:30:00Z,1.42,4.55,8.05,0.00898,9.55,12.8,7.25,94.8,3.68,26.7,168.0,0.1
2025-08-11T01:30:00Z,1.6,8.95,10.9,0.0136,7.25,22.0,14.0,95.0,3.88,26.9,328.0,0.1
2025-08-11T02:30:00Z,1.78,9.3,11.2,0.014,9.8,26.5,16.5,94.3,3.55,27.1,263.0,0.15
2025-08-11T03:30:00Z,1.71,11.2,13.3,0.0168,10.1,31.5,19.3,93.8,3.75,27.1,215.0,0.125
2025-08-11T04:30:00Z,1.35,9.6,16.1,0.0182,10.6,41.0,26.3,88.8,3.33,27.6,130.0,0.225
2025-08-11T05:30:00Z,0.96,8.43,12.8,0.0149,11.3,46.7,29.3,87.0,2.25,27.8,84.7,0.367
2025-08-11T06:30:00Z,0.815,7.73,8.28,0.0108,16.6,35.8,23.0,91.3,1.48,26.0,106.0,0.325
2025-08-11T07:30:00Z,1.31,13.8,15.2,0.0197,6.75,22.0,15.5,93.0,1.75,26.3,91.0,0.2
2025-08-11T08:30:00Z,1.65,14.5,19.5,0.0236,6.05,21.5,14.0,92.5,2.4,26.8,122.0,0.125
2025-08-11T09:30:00Z,1.49,12.6,17.2,0.0207,6.7,22.0,14.5,92.0,2.3,26.9,107.0,0.275
2025-08-11T10:30:00Z,0.965,13.5,15.0,0.0194,6.63,20.0,14.5,92.0,2.3,26.7,81.3,0.225
2025-08-11T11:30:00Z,0.523,9.88,7.0,0.0109,13.1,22.3,14.5,92.5,2.1,26.0,246.0,0.125
2025-08-11T12:30:00Z,0.65,12.8,6.0,0.0117,11.3,21.3,12.0,93.5,0.95,25.8,193.0,0.2
2025-08-11T13:30:00Z,0.91,18.4,10.1,0.018,5.85,22.3,14.3,94.0,0.95,26.0,144.0,0.275
2025-08-11T14:30:00Z,0.668,14.2,10.6,0.0161,5.48,29.8,19.0,94.0,1.38,26.0,133.0,0.35
2025-08-11T15:30:00Z,0.797,9.4,8.83,0.0122,5.57,27.7,19.3,94.0,1.23,25.9,133.0,0.3
2025-08-11T16:30:00Z,0.678,4.68,5.95,0.00733,8.8,24.0,16.3,94.0,1.83,25.6,126.0,0.3
2025-08-11T17:30:00Z,0.705,4.87,4.43,0.00617,8.6,18.3,10.7,94.0,1.6,25.5,137.0,0.167
2025-08-11T18:30:00Z,0.625,5.9,4.5,0.0068,,16.0,8.0,95.0,1.8,25.3,128.0,0.35
2025-08-11T19:30:00Z,0.52,2.1,3.9,0.0043,10.5,13.8,7.5,95.0,2.05,25.2,154.0,0.3
2025-08-11T20:30:00Z,0.417,1.4,4.0,0.00397,11.7,12.3,7.5,95.0,1.23,25.0,124.0,0.25
2025-08-11T21:30:00Z,0.388,0.8,3.85,0.00355,17.5,14.0,7.75,95.0,0.925,24.6,107.0,0.25
2025-08-11T22:30:00Z,0.435,0.85,3.85,0.00358,19.1,11.8,6.75,95.0,1.23,24.4,86.0,0.225
2025-08-11T23:30:00Z,0.623,2.2,3.9,0.00433,14.8,8.5,5.0,95.0,1.5,24.4,99.0,0.175
2025-08-12T00:30:00Z,0.815,9.7,7.65,0.0114,7.38,8.5,5.0,95.0,1.93,24.7,100.0,0.225
2025-08-12T01:30:00Z,1.06,9.5,11.9,0.0148,6.73,9.67,7.0,95.0,2.0,24.6,110.0,0.267
2025-08-12T02:30:00Z,0.99,9.13,14.9,0.017,5.9,12.8,8.5,95.0,2.25,24.5,126.0,0.2
2025-08-12T03:30:00Z,0.955,8.33,14.6,0.0163,7.9,14.0,8.0,95.3,2.1,24.4,110.0,0.175
2025-08-12T04:30:00Z,0.625,4.85,13.8,0.0138,11.1,13.5,7.5,93.5,1.23,24.6,127.0,0.2
2025-08-12T05:30:00Z,0.78,5.85,19.9,0.0193,10.5,13.0,8.0,83.3,2.07,25.6,295.0,0.35
2025-08-12T06:30:00Z,0.9,7.9,16.8,0.0179,12.5,12.5,8.5,80.5,3.0,27.0,309.0,0.5
2025-08-12T07:30:00Z,1.14,6.68,16.6,0.0171,9.45,15.5,11.0,79.8,3.0,27.4,312.0,0.475
2025-08-12T08:30:00Z,1.3,5.2,12.3,0.0128,11.9,19.0,12.5,78.3,3.3,28.2,307.0,0.5
2025-08-12T09:30:00Z,1.28,3.18,6.33,0.0068,15.4,22.0,14.0,81.0,3.0,28.6,317.0,0.5
2025-08-12T10:30:00Z,1.36,1.9,3.77,0.00407,19.2,26.0,13.7,84.3,3.13,28.4,306.0,0.633
2025-08-12T11:30:00Z,1.15,2.35,3.58,0.00415,21.2,27.0,12.0,86.0,2.8,28.0,308.0,0.55
2025-08-12T12:30:00Z,1.03,2.05,3.2,0.00368,18.8,26.5,13.0,88.0,2.25,27.3,310.0,0.6
2025-08-12T13:30:00Z,1.08,2.25,2.83,0.0035,18.2,27.3,13.5,89.5,2.23,26.9,309.0,0.55
2025-08-12T14:30:00Z,1.11,2.43,2.98,0.00368,14.0,28.0,14.5,90.5,2.5,26.5,309.0,0.375
2025-08-12T15:30:00Z,1.31,1.88,4.3,0.0045,12.2,29.0,17.5,91.0,2.58,26.4,301.0,0.3
2025-08-12T16:30:00Z,1.56,2.2,5.83,0.0059,10.1,31.5,19.0,92.0,3.25,26.6,306.0,0.25
2025-08-12T17:30:00Z,1.19,4.33,6.2,0.00733,8.83,30.3,19.3,92.3,3.35,26.6,293.0,0.233
2025-08-12T18:30:00Z,0.69,2.95,6.5,0.00685,,33.5,19.0,93.0,4.55,26.6,322.0,0.15
2025-08-12T19:30:00Z,0.71,2.1,6.25,0.0062,8.6,31.8,18.0,93.0,4.55,26.4,318.0,0.15
2025-08-12T20:30:00Z,1.09,0.667,6.7,0.0058,4.25,27.5,16.5,93.0,3.63,26.3,311.0,0.175
2025-08-12T21:30:00Z,1.08,0.825,7.08,0.00615,7.13,25.0,17.5,94.0,3.45,26.2,311.0,0.175
2025-08-12T22:30:00Z,1.1,0.85,7.3,0.0064,5.3,24.0,18.0,94.0,3.48,26.2,308.0,0.175
2025-08-12T23:30:00Z,1.13,1.2,7.1,0.00645,3.8,24.0,17.0,94.0,3.35,26.2,309.0,0.2
2025-08-13T00:30:00Z,1.59,2.55,10.9,0.0102,6.5,39.0,20.0,94.0,4.0,26.5,301.0,0.3
2025-08-13T01:30:00Z,1.61,2.9,10.0,0.0097,5.9,40.5,23.0,92.0,4.4,26.8,318.0,0.3
2025-08-13T02:30:00Z,1.51,8.55,14.0,0.0159,7.05,44.8,28.0,84.3,4.2,27.2,180.0,0.425
2025-08-13T03:30:00Z,1.27,6.77,19.8,0.0197,9.68,51.0,27.3,76.5,4.53,28.5,320.0,0.55
2025-08-13T04:30:00Z,3.11,5.98,12.7,0.0135,13.5,45.0,20.8,72.8,63.2,29.1,316.0,0.6
2025-08-13T05:30:00Z,0.84,23.1,14.7,0.0242,14.4,45.3,19.3,70.5,3.8,29.8,312.0,0.7
2025-08-13T06:30:00Z,0.858,23.4,14.3,0.0241,12.5,49.0,20.8,68.8,3.6,30.0,308.0,0.75
2025-08-13T07:30:00Z,0.998,22.5,20.1,0.0284,9.4,40.5,18.0,67.5,3.5,30.5,310.0,0.775
2025-08-13T08:30:00Z,1.39,17.0,12.2,0.019,12.1,37.8,17.8,69.8,4.33,30.6,313.0,0.7
2025-08-13T09:30:00Z,1.2,18.4,18.0,0.0244,14.5,40.3,18.0,69.7,4.37,31.0,311.0,0.667
2025-08-13T10:30:00Z,1.2,15.2,16.2,0.0213,19.6,41.0,16.0,72.8,4.4,30.9,316.0,0.5
2025-08-13T11:30:00Z,1.27,20.1,15.1,0.0229,31.2,42.5,20.3,75.3,4.13,30.7,312.0,0.425
2025-08-13T12:30:00Z,1.18,17.4,12.6,0.0195,28.6,50.3,27.0,80.5,3.6,29.6,326.0,0.225
2025-08-13T13:30:00Z,1.4,27.2,13.9,0.0257,16.9,52.0,27.5,82.3,3.55,29.1,273.0,0.125
2025-08-13T14:30:00Z,1.45,34.1,21.7,0.0358,7.48,53.8,26.5,83.3,3.75,29.0,206.0,0.125
2025-08-13T15:30:00Z,1.65,28.8,22.9,0.0339,8.73,53.8,24.8,84.8,3.93,28.7,77.0,0.125
2025-08-13T16:30:00Z,1.67,20.4,22.3,0.029,10.3,49.0,22.3,83.3,4.58,28.8,113.0,0.175
2025-08-13T17:30:00Z,1.14,21.6,20.4,0.0281,9.2,48.7,20.3,84.7,3.8,28.7,77.3,0.133
2025-08-13T18:30:00Z,0.595,28.3,19.6,0.031,,40.5,20.0,85.0,1.25,28.7,147.0,0.1
2025-08-13T19:30:00Z,0.605,22.1,19.7,0.0277,7.67,40.5,18.0,84.5,1.35,28.6,154.0,0.35
2025-08-13T20:30:00Z,1.04,8.3,17.3,0.0185,8.23,39.5,19.0,88.3,0.5,28.0,160.0,0.525
2025-08-13T21:30:00Z,0.973,7.33,15.3,0.0163,17.2,35.3,23.0,89.5,0.375,26.6,147.0,0.775
2025-08-13T22:30:00Z,0.967,7.03,10.2,0.012,14.8,27.3,18.0,92.0,0.4,25.5,121.0,0.833
2025-08-13T23:30:00Z,1.11,8.78,8.38,0.0115,14.5,12.8,5.5,93.0,0.55,24.9,121.0,0.5
2025-08-14T00:30:00Z,1.42,25.1,13.3,0.0241,9.98,8.0,4.0,94.0,1.15,24.9,74.5,0.275
2025-08-14T01:30:00Z,1.49,26.1,14.8,0.026,7.85,9.5,3.5,94.0,1.35,24.8,199.0,0.225
2025-08-14T02:30:00Z,1.62,23.9,24.7,0.0328,6.9,12.0,7.0,91.3,1.4,25.5,142.0,0.375
2025-08-14T03:30:00Z,1.42,21.4,28.7,0.0347,11.3,16.0,11.5,85.0,1.35,26.0,156.0,0.55
2025-08-14T04:30:00Z,1.14,13.1,18.9,0.0224,13.1,24.0,10.8,88.3,0.475,25.8,176.0,0.625
2025-08-14T05:30:00Z,1.01,13.3,16.2,0.0202,15.2,21.8,6.75,89.8,1.23,26.1,171.0,0.6
2025-08-14T06:30:00Z,0.935,14.4,14.7,0.0195,16.6,16.8,6.0,89.5,2.55,26.1,172.0,0.7
2025-08-14T07:30:00Z,1.1,13.4,8.8,0.0143,15.6,17.3,6.0,92.8,2.65,25.2,169.0,0.525
2025-08-14T08:30:00Z,1.43,19.7,7.98,0.017,15.4,8.75,3.5,94.0,3.13,25.0,162.0,0.5
2025-08-14T09:30:00Z,1.39,26.1,8.83,0.021,15.1,3.0,2.0,94.0,3.23,24.8,193.0,0.25
2025-08-14T10:30:00Z,1.29,23.6,7.97,0.0191,15.5,4.0,2.0,94.0,3.2,25.6,285.0,0.1
2025-08-14T11:30:00Z,1.39,34.5,9.45,0.0261,11.7,7.0,3.5,94.0,3.0,26.0,304.0,0.2
2025-08-14T12:30:00Z,1.29,34.7,13.7,0.0296,6.3,8.25,5.5,94.0,2.53,25.6,255.0,0.175
2025-08-14T13:30:00Z,1.27,32.4,17.8,0.0317,7.88,10.0,5.25,94.8,2.55,25.4,253.0,0.1
2025-08-14T14:30:00Z,1.53,34.2,30.3,0.0428,3.05,8.0,3.0,95.0,2.83,25.4,163.0,0.1
2025-08-14T15:30:00Z,1.47,26.6,31.1,0.0395,4.05,8.0,2.0,95.0,3.1,25.5,118.0,0.15
2025-08-14T16:30:00Z,1.77,24.3,29.9,0.0373,5.95,18.0,11.0,95.0,3.75,25.5,24.0,0.1
2025-08-14T17:30:00Z,1.43,28.2,27.1,0.037,5.57,19.0,11.0,95.0,3.6,25.7,138.0,0.133
2025-08-14T18:30:00Z,0.665,12.0,18.1,0.0211,,23.0,10.0,94.0,2.6,25.6,163.0,0.3
2025-08-14T19:30:00Z,0.68,11.0,16.4,0.0192,6.3,15.8,7.5,91.8,2.35,25.5,157.0,0.375
2025-08-14T20:30:00Z,0.87,8.17,14.9,0.0165,5.55,9.5,4.5,91.0,1.77,25.4,166.0,0.2
2025-08-14T21:30:00Z,0.853,7.48,14.7,0.0159,10.8,11.0,4.5,91.0,1.93,25.4,181.0,0.175
2025-08-14T22:30:00Z,0.87,7.7,15.1,0.0163,9.63,9.0,5.5,91.3,1.58,25.3,192.0,0.175
2025-08-14T23:30:00Z,1.09,13.3,16.7,0.0206,12.1,10.8,6.5,91.5,2.28,25.2,168.0,0.15
2025-08-15T00:30:00Z,1.38,24.2,21.7,0.0305,8.35,20.8,11.3,91.8,2.88,25.6,156.0,0.2
2025-08-15T01:30:00Z,1.32,16.8,20.5,0.0255,10.2,25.3,15.0,90.3,2.8,26.0,218.0,0.175
2025-08-15T02:30:00Z,1.38,18.8,20.9,0.027,11.0,25.3,15.3,89.0,3.05,26.3,185.0,0.25
2025-08-15T03:30:00Z,1.17,16.9,34.4,0.037,12.2,31.0,18.0,88.5,2.73,26.0,184.0,0.325
2025-08-15T04:30:00Z,0.9,25.4,92.3,0.0885,13.1,25.3,16.8,79.8,3.03,27.4,217.0,0.475
2025-08-15T05:30:00Z,0.963,30.0,93.5,0.0919,14.9,15.0,9.67,76.8,3.1,28.3,196.0,0.475
2025-08-15T06:30:00Z,0.975,32.3,114.0,0.11,16.0,18.5,7.5,73.0,3.58,28.8,244.0,0.475
2025-08-15T07:30:00Z,1.09,45.9,152.0,0.148,11.2,21.8,8.5,68.0,4.38,29.8,227.0,0.675
2025-08-15T08:30:00Z,1.35,34.0,79.3,0.0826,19.0,20.3,8.33,69.7,4.53,30.4,259.0,0.333
2025-08-15T09:30:00Z,1.39,21.8,45.2,0.0483,28.3,19.5,8.0,74.8,3.5,30.3,229.0,0.2
2025-08-15T10:30:00Z,1.46,17.9,21.1,0.0267,26.8,19.5,7.5,84.3,3.23,27.9,261.0,0.3
2025-08-15T11:30:00Z,1.5,26.1,11.4,0.0231,24.7,16.7,6.0,91.7,3.17,25.6,154.0,0.4
2025-08-15T12:30:00Z,1.55,48.0,21.4,0.0429,9.17,6.5,6.0,92.0,2.63,26.7,50.3,0.15
2025-08-15T13:30:00Z,1.59,48.4,20.7,0.0426,3.68,7.75,7.25,93.3,2.73,26.5,333.0,0.175
2025-08-15T14:30:00Z,1.96,45.3,30.2,0.0487,5.9,11.3,9.0,94.0,2.68,26.5,216.0,0.1
2025-08-15T15:30:00Z,2.15,37.7,36.0,0.0493,2.4,18.3,13.3,94.0,3.0,26.8,122.0,0.233
2025-08-15T16:30:00Z,1.74,21.0,14.7,0.0231,5.98,22.5,13.0,94.0,3.15,26.6,115.0,0.2
2025-08-15T17:30:00Z,1.35,16.6,14.1,0.0203,5.2,23.7,10.0,94.0,3.25,26.4,77.3,0.167
2025-08-15T18:30:00Z,0.68,14.3,15.4,0.0201,,23.0,7.0,94.0,1.65,26.1,102.0,0.2
2025-08-15T19:30:00Z,0.67,14.9,17.3,0.022,6.1,20.5,7.0,94.0,1.4,26.0,97.3,0.15
2025-08-15T20:30:00Z,0.91,11.3,15.6,0.0186,4.0,15.7,6.67,94.0,1.3,25.9,145.0,0.133
2025-08-15T21:30:00Z,0.897,10.8,15.4,0.0182,4.07,10.3,5.33,93.0,0.767,25.9,150.0,0.133
2025-08-16T02:30:00Z,1.36,17.6,25.2,0.0298,10.8,14.0,9.0,86.0,1.75,27.1,163.0,0.6
2025-08-16T03:30:00Z,1.12,22.0,50.8,0.053,16.5,18.0,13.0,83.3,1.77,27.2,178.0,0.4
2025-08-16T04:30:00Z,0.893,21.9,88.8,0.0839,12.2,21.3,12.7,78.0,1.73,28.0,186.0,0.567
2025-08-16T05:30:00Z,0.953,23.8,102.0,0.0952,11.5,23.0,11.5,76.5,2.57,28.8,200.0,0.4
2025-08-16T06:30:00Z,1.01,27.2,88.3,0.0863,14.9,27.8,15.3,76.5,3.0,28.5,184.0,0.575
2025-08-16T07:30:00Z,1.14,34.4,157.0,0.146,12.1,30.0,19.5,73.0,4.05,29.2,207.0,0.55
2025-08-16T08:30:00Z,1.39,33.6,104.0,0.103,16.7,31.3,19.0,72.8,4.53,29.7,210.0,0.4
2025-08-16T09:30:00Z,1.36,34.2,117.0,0.113,16.3,32.8,18.5,70.0,4.43,30.7,187.0,0.25
2025-08-16T10:30:00Z,1.38,30.5,82.8,0.0835,21.1,31.3,21.5,72.0,4.25,31.0,257.0,0.25
2025-08-16T11:30:00Z,1.33,22.1,35.9,0.041,26.1,33.3,22.3,76.0,3.2,30.1,185.0,0.233
2025-08-16T12:30:00Z,1.24,25.9,25.7,0.0347,14.3,34.5,21.0,78.5,2.58,29.2,225.0,0.125
2025-08-16T13:30:00Z,1.55,42.1,24.1,0.042,9.83,40.3,24.5,82.0,2.55,28.5,197.0,0.175
2025-08-16T14:30:00Z,1.65,43.1,34.3,0.0508,6.35,54.3,28.3,84.5,3.33,28.3,135.0,0.2
2025-08-16T15:30:00Z,1.81,43.0,29.8,0.0471,5.65,60.8,26.8,85.3,3.1,28.1,152.0,0.25
2025-08-16T16:30:00Z,1.83,27.5,29.9,0.0389,5.7,60.5,23.0,87.0,3.85,27.9,132.0,0.3
2025-08-16T17:30:00Z,0.93,43.8,22.7,0.0418,6.1,50.0,21.5,88.5,3.4,27.5,97.0,0.2
2025-08-16T18:30:00Z,0.74,22.2,20.9,0.0288,,40.0,17.0,88.5,1.95,27.1,65.0,0.15
2025-08-16T19:30:00Z,0.92,26.5,25.7,0.035,6.8,39.0,18.3,89.3,2.1,27.0,103.0,0.2
2025-08-16T20:30:00Z,0.907,15.4,20.2,0.0246,4.27,35.0,19.0,86.3,1.53,26.8,108.0,0.2
2025-08-16T21:30:00Z,0.843,14.6,18.8,0.0231,7.23,30.3,14.0,85.8,1.5,26.5,123.0,0.15
2025-08-16T22:30:00Z,0.89,20.0,20.6,0.0274,4.85,24.0,10.8,87.0,1.18,26.4,102.0,0.175
2025-08-16T23:30:00Z,0.963,24.4,22.0,0.0308,5.67,21.5,11.5,85.0,1.45,26.9,126.0,0.225
2025-08-17T00:30:00Z,1.37,27.1,30.2,0.039,9.1,25.0,10.5,86.8,2.2,27.3,126.0,0.35
2025-08-17T01:30:00Z,1.33,14.6,19.1,0.0233,9.65,31.5,18.3,87.0,1.75,27.0,150.0,0.475
2025-08-17T02:30:00Z,1.3,13.1,15.3,0.0194,17.4,23.8,16.0,91.8,1.8,25.7,137.0,0.525
2025-08-17T03:30:00Z,1.24,15.9,9.05,0.0158,18.8,7.5,4.0,93.0,1.78,25.4,150.0,0.475
2025-08-17T04:30:00Z,0.895,10.5,7.55,0.0117,17.5,4.5,4.0,92.8,0.725,24.8,161.0,0.7
2025-08-17T05:30:00Z,0.92,8.8,7.38,0.0107,19.6,3.5,3.0,92.5,2.57,24.4,158.0,0.675
2025-08-17T12:30:00Z,1.48,25.6,42.4,0.048,9.5,21.0,6.0,91.0,5.9,26.2,346.0,0.1
2025-08-18T03:30:00Z,0.73,16.7,37.4,0.0392,16.4,15.0,10.0,78.0,1.8,26.8,168.0,1.4
2025-08-18T04:30:00Z,0.61,13.5,30.4,0.0319,17.2,15.0,10.0,79.0,1.1,26.8,154.0,1.2
2025-08-18T09:30:00Z,1.09,24.1,108.0,0.1,15.1,13.0,1.0,61.0,5.0,30.9,169.0,0.6
2025-08-18T10:30:00Z,1.22,22.5,59.7,0.0605,21.8,12.5,1.0,62.8,4.58,32.1,191.0,0.375
2025-08-18T11:30:00Z,1.28,19.4,25.6,0.0311,28.2,14.5,2.0,68.3,3.93,31.2,238.0,0.225
2025-08-18T12:30:00Z,1.16,33.5,22.6,0.0362,6.27,23.8,5.0,77.0,3.1,29.1,294.0,0.125
2025-08-18T13:30:00Z,1.35,31.6,19.9,0.033,4.2,32.5,8.0,82.5,3.25,27.9,283.0,0.175
2025-08-18T14:30:00Z,1.44,34.9,33.7,0.0459,4.68,36.0,11.3,84.5,3.35,27.4,269.0,0.15
2025-08-18T15:30:00Z,1.48,25.4,28.5,0.0367,5.25,39.8,10.0,83.3,3.73,27.5,73.8,0.2
2025-08-18T16:30:00Z,1.65,34.3,27.2,0.0404,10.2,35.5,6.0,83.5,4.43,26.8,64.3,0.15
2025-08-18T17:30:00Z,1.19,22.9,22.5,0.0305,5.8,27.3,5.33,82.0,3.9,26.3,144.0,0.1
2025-08-18T18:30:00Z,0.81,18.0,17.3,0.0237,,16.5,6.0,86.0,1.45,26.0,270.0,0.15
2025-08-18T19:30:00Z,0.875,18.0,18.4,0.0245,4.33,18.0,7.0,88.0,1.35,25.6,35.0,0.1
2025-08-18T20:30:00Z,0.467,15.9,15.4,0.021,5.23,18.3,7.0,85.3,0.733,25.3,105.0,0.1
2025-08-18T21:30:00Z,0.425,15.4,16.1,0.0212,6.25,13.0,3.5,83.8,0.475,25.5,108.0,0.1
2025-08-18T22:30:00Z,0.395,13.4,17.1,0.0211,6.85,10.8,1.0,82.8,0.75,25.8,72.5,0.125
2025-08-18T23:30:00Z,0.535,20.0,25.2,0.0311,5.38,13.8,1.0,82.5,0.6,25.9,65.8,0.1
2025-08-19T00:30:00Z,1.05,25.4,45.7,0.0507,5.23,19.3,1.5,82.5,1.83,26.5,131.0,0.15
2025-08-19T01:30:00Z,1.07,27.8,46.3,0.0525,6.77,30.7,5.0,78.7,1.87,27.9,123.0,0.367
2025-08-19T02:30:00Z,0.93,24.6,66.1,0.0668,10.7,35.0,9.25,73.5,1.98,28.9,145.0,0.325
2025-08-19T03:30:00Z,0.943,26.7,89.5,0.087,22.1,23.0,6.5,68.3,2.4,30.7,166.0,0.325
2025-08-19T04:30:00Z,0.44,34.6,85.6,0.088,27.9,22.7,6.0,66.3,1.8,31.1,216.0,0.5
2025-08-19T05:30:00Z,0.65,34.1,93.1,0.0938,22.3,20.5,6.75,65.0,2.3,31.0,304.0,0.6
2025-08-19T06:30:00Z,0.873,41.3,99.8,0.103,17.4,17.0,5.75,63.8,3.75,31.2,311.0,0.725
2025-08-19T07:30:00Z,0.9,41.0,93.7,0.098,18.4,15.0,2.33,63.5,3.38,31.7,303.0,0.65
2025-08-19T08:30:00Z,1.26,26.3,29.6,0.0381,23.6,17.0,2.0,72.0,3.53,30.2,229.0,0.8
2025-08-19T09:30:00Z,1.35,21.4,6.83,0.0169,27.2,19.5,3.0,90.3,2.95,24.8,125.0,0.775
2025-08-19T10:30:00Z,1.5,34.0,15.6,0.0308,17.3,11.8,3.0,92.3,3.38,24.3,116.0,0.575
2025-08-19T11:30:00Z,1.58,44.6,27.8,0.0463,11.5,2.33,2.0,87.0,3.25,26.1,113.0,0.475
2025-08-19T12:30:00Z,1.52,40.9,32.4,0.0481,4.97,4.0,,87.0,2.83,26.2,109.0,0.35
2025-08-19T13:30:00Z,1.51,38.6,35.4,0.0493,6.8,5.0,,87.3,2.8,26.0,102.0,0.325
2025-08-19T14:30:00Z,1.6,36.9,50.4,0.0606,5.05,18.5,4.0,88.3,3.05,25.7,105.0,0.1
2025-08-19T15:30:00Z,1.52,35.4,39.5,0.0509,4.87,34.5,4.0,89.5,3.08,25.3,71.5,0.15
2025-08-19T16:30:00Z,1.5,22.8,21.8,0.0299,7.13,31.5,4.0,88.5,3.33,25.3,129.0,0.125
2025-08-19T17:30:00Z,1.1,23.4,23.1,0.0313,5.1,23.3,4.0,89.3,3.35,25.0,182.0,0.133
2025-08-19T18:30:00Z,0.705,17.9,18.3,0.0243,,21.0,1.0,89.0,0.95,25.0,181.0,0.1
2025-08-19T19:30:00Z,0.68,19.5,19.9,0.0265,6.4,21.0,1.0,89.0,1.1,24.9,8.0,0.1
2025-08-19T20:30:00Z,0.255,11.4,15.0,0.0183,7.95,10.0,,85.0,,25.1,70.5,0.1
2025-08-19T21:30:00Z,0.255,11.1,15.1,0.0181,7.85,11.8,,84.8,,25.4,118.0,0.175
2025-08-19T22:30:00Z,0.3,16.3,17.5,0.0229,6.35,11.0,,83.8,0.1,25.8,123.0,0.175
2025-08-19T23:30:00Z,0.585,24.8,55.3,0.0582,4.37,15.8,3.0,87.3,0.6,25.7,48.0,0.1
2025-08-20T00:30:00Z,1.1,27.4,43.1,0.0496,5.63,46.3,19.0,86.3,1.3,26.2,143.0,0.175
2025-08-20T01:30:00Z,1.02,33.8,36.5,0.0477,7.03,54.3,21.7,81.3,1.0,27.4,167.0,0.3
2025-08-20T02:30:00Z,0.808,25.7,63.4,0.0652,11.8,41.5,11.3,75.5,1.43,28.6,175.0,0.475
2025-08-20T03:30:00Z,0.72,24.0,46.6,0.0507,13.3,32.0,9.75,77.0,1.08,28.3,170.0,0.675
2025-08-20T04:30:00Z,0.248,18.6,55.8,0.0553,17.0,22.5,9.0,73.8,0.325,27.4,166.0,0.8
2025-08-20T05:30:00Z,,,,,17.6,14.8,4.5,76.3,,28.0,166.0,0.65
2025-08-20T06:30:00Z,0.88,29.6,78.1,0.0792,15.7,13.8,2.5,71.5,1.1,29.3,165.0,0.525
2025-08-20T07:30:00Z,1.13,31.7,79.8,0.0817,,16.0,2.5,70.0,1.48,30.1,194.0,0.35
2025-08-20T08:30:00Z,1.59,21.0,31.1,0.0364,14.1,16.8,4.0,78.0,1.95,28.4,261.0,0.525
2025-08-20T09:30:00Z,1.69,27.3,17.9,0.0291,8.25,16.3,4.0,86.3,1.55,27.2,195.0,0.3
2025-08-20T10:30:00Z,1.9,39.3,33.6,0.0482,4.15,14.5,6.75,89.5,1.65,26.8,224.0,0.375
2025-08-20T11:30:00Z,1.64,26.2,19.2,0.0295,7.55,16.0,8.25,90.0,1.7,26.2,311.0,0.3
2025-08-20T12:30:00Z,1.88,28.1,41.2,0.0485,6.25,25.0,7.5,89.8,0.975,26.3,105.0,0.175
2025-08-20T13:30:00Z,1.98,24.1,67.7,0.0678,4.78,40.3,10.5,90.0,1.55,26.4,164.0,0.2
2025-08-20T14:30:00Z,1.87,23.4,65.1,0.0653,5.65,51.5,13.5,90.5,1.55,25.8,106.0,0.1
2025-08-20T15:30:00Z,1.87,19.0,54.8,0.0547,6.05,53.0,15.0,91.3,1.5,25.6,59.0,0.1
2025-08-20T16:30:00Z,1.85,20.1,31.9,0.0366,5.0,39.8,9.5,90.0,2.05,25.8,97.3,0.225
2025-08-20T17:30:00Z,1.28,31.1,25.6,0.0373,9.97,33.0,5.67,88.0,2.1,25.9,105.0,0.2
2025-08-20T18:30:00Z,0.54,15.7,23.2,0.0272,,26.0,3.0,86.0,2.95,26.0,50.0,0.15
2025-08-20T19:30:00Z,0.565,18.4,23.8,0.0291,5.07,17.5,3.0,86.5,2.9,25.8,190.0,0.1
2025-08-20T20:30:00Z,0.723,17.2,20.8,0.0261,2.65,10.0,2.5,86.5,2.0,25.6,77.8,0.1
2025-08-20T21:30:00Z,0.715,17.8,21.5,0.0269,3.7,12.5,1.5,87.0,1.88,25.5,54.3,0.1
2025-08-20T22:30:00Z,0.713,20.3,26.5,0.0324,3.35,13.0,1.0,88.5,1.93,25.1,49.5,0.1
2025-08-20T23:30:00Z,0.923,21.7,28.8,0.0349,4.48,14.8,,88.5,1.98,25.2,119.0,0.175
2025-08-21T00:30:00Z,1.34,19.3,27.3,0.0324,5.9,22.3,11.0,85.5,2.98,26.2,144.0,0.45
2025-08-21T01:30:00Z,1.21,14.7,15.3,0.0203,12.2,21.8,7.75,87.8,2.78,25.7,164.0,0.475
2025-08-21T02:30:00Z,1.16,18.5,23.3,0.0288,15.8,13.5,4.75,83.5,2.8,25.9,189.0,0.35
2025-08-21T03:30:00Z,1.06,20.6,49.2,0.0509,21.0,7.0,3.5,73.8,2.7,28.6,200.0,0.375
2025-08-21T04:30:00Z,0.715,25.0,63.0,0.0646,25.0,6.0,1.0,68.8,2.28,29.3,246.0,0.425
2025-08-21T05:30:00Z,0.72,25.4,64.9,0.0663,23.1,10.0,1.0,66.0,2.3,29.9,166.0,0.4
2025-08-21T06:30:00Z,0.785,35.1,119.0,0.115,16.9,11.5,,66.0,4.5,30.7,226.0,0.45
2025-08-21T07:30:00Z,0.787,39.9,133.0,0.129,13.8,11.0,,65.3,4.83,30.5,232.0,0.533
2025-08-21T08:30:00Z,1.13,29.0,65.9,0.069,29.0,13.3,,68.3,5.03,31.3,255.0,0.233
2025-08-21T09:30:00Z,1.14,33.3,76.2,0.0796,30.4,16.0,1.0,66.3,5.0,31.7,329.0,0.375
2025-08-21T10:30:00Z,1.14,27.8,59.6,0.0633,38.2,20.8,3.75,67.3,4.7,32.2,314.0,0.475
2025-08-21T11:30:00Z,1.13,17.4,24.6,0.0293,38.5,24.3,5.5,73.3,4.2,31.1,322.0,0.275
2025-08-21T12:30:00Z,0.978,17.6,17.5,0.0236,34.7,24.0,4.5,78.0,3.58,29.7,325.0,0.125
2025-08-21T13:30:00Z,1.31,31.5,15.8,0.0296,18.7,37.3,16.5,82.3,3.5,28.9,290.0,0.15
2025-08-21T14:30:00Z,1.7,58.7,32.6,0.0577,12.1,54.3,28.0,85.3,3.65,28.5,86.3,0.1
2025-08-21T15:30:00Z,1.47,38.6,25.8,0.0414,8.18,62.0,26.0,87.3,3.7,27.9,197.0,0.15
2025-08-21T16:30:00Z,1.7,38.3,24.4,0.0402,9.0,55.3,22.5,88.0,4.23,27.5,294.0,0.15
2025-08-21T17:30:00Z,1.35,31.9,23.1,0.0357,9.37,46.7,21.3,89.0,3.75,27.4,45.7,0.133
2025-08-21T18:30:00Z,0.65,38.7,19.1,0.0361,,50.0,17.5,88.5,0.8,27.1,121.0,0.15
2025-08-21T19:30:00Z,0.725,22.2,18.3,0.0267,9.47,42.3,15.5,88.5,0.85,26.8,62.0,0.125
2025-08-21T20:30:00Z,1.18,13.9,18.6,0.0225,10.7,30.0,12.7,89.0,0.1,26.2,51.3,0.1
2025-08-21T21:30:00Z,1.13,14.1,18.5,0.0225,7.98,27.5,13.0,89.8,0.25,25.8,50.0,0.1
2025-08-22T03:30:00Z,1.51,26.0,68.2,0.0692,29.6,37.5,16.7,73.5,1.57,30.1,263.0,0.333
2025-08-22T04:30:00Z,1.15,28.3,75.8,0.0767,23.6,,16.0,70.0,0.8,30.1,249.0,0.5
2025-08-22T05:30:00Z,0.977,29.2,61.8,0.0657,23.4,46.0,15.0,68.8,1.93,30.7,322.0,0.45
2025-08-22T06:30:00Z,0.87,32.4,78.0,0.0806,19.3,32.5,9.0,65.0,3.35,31.4,314.0,0.5
2025-08-22T07:30:00Z,1.01,40.3,79.9,0.0864,13.4,18.5,3.5,61.0,3.9,31.7,315.0,0.6
2025-08-22T08:30:00Z,1.31,30.8,53.4,0.0598,13.6,15.0,4.25,60.8,4.08,32.0,313.0,0.725
2025-08-22T09:30:00Z,1.3,26.1,48.9,0.0536,15.6,11.0,3.0,61.0,3.9,32.5,324.0,0.55
2025-08-22T11:30:00Z,1.14,11.2,15.7,0.0187,37.2,11.0,6.0,69.5,3.7,31.8,325.0,0.4
2025-08-22T12:30:00Z,0.955,12.3,15.3,0.019,28.1,11.0,6.0,72.0,2.9,30.8,316.0,0.25
2025-08-22T13:30:00Z,1.17,27.7,12.0,0.0245,8.1,,,,2.0,30.1,290.0,0.1
2025-08-22T15:30:00Z,,16.7,15.9,0.0218,18.4,34.0,19.0,80.0,3.5,28.4,168.0,0.5
2025-08-22T16:30:00Z,,17.5,16.5,0.0227,24.8,28.8,19.0,79.3,4.13,28.6,172.0,0.475
2025-08-22T17:30:00Z,0.88,13.3,15.6,0.0198,24.4,21.0,16.7,79.0,4.5,28.5,166.0,0.467
2025-08-22T18:30:00Z,0.66,10.6,13.9,0.017,,23.5,9.0,80.0,3.2,28.2,163.0,0.3
2025-08-22T19:30:00Z,0.645,10.4,14.8,0.0175,27.1,20.8,8.5,80.5,3.65,28.1,163.0,0.375
2025-08-22T20:30:00Z,0.987,7.9,15.0,0.0164,20.4,14.5,10.5,82.0,2.97,27.6,166.0,0.45
2025-08-22T21:30:00Z,0.95,8.5,13.7,0.0157,24.6,15.5,14.5,84.0,2.48,27.0,160.0,0.525
2025-08-22T22:30:00Z,0.965,9.05,13.2,0.0156,22.5,15.8,13.5,86.0,2.43,26.5,168.0,0.575
2025-08-22T23:30:00Z,1.04,9.3,12.6,0.0152,16.6,13.8,12.8,88.0,2.53,26.1,168.0,0.55
2025-08-23T00:30:00Z,1.31,11.9,14.0,0.0177,24.6,14.0,10.8,88.5,3.3,25.9,157.0,0.6
2025-08-23T01:30:00Z,1.34,11.5,12.2,0.0161,30.3,12.3,6.67,87.0,3.4,25.8,168.0,0.7
2025-08-23T02:30:00Z,1.44,13.0,11.9,0.0165,35.0,11.5,7.0,83.5,3.23,26.4,170.0,0.55
2025-08-23T03:30:00Z,1.51,16.5,16.3,0.022,29.7,13.0,6.5,82.0,3.18,27.1,170.0,0.475
2025-08-23T04:30:00Z,1.26,17.2,19.6,0.0251,25.4,17.8,7.5,79.3,2.63,27.3,179.0,0.675
2025-08-23T05:30:00Z,1.09,20.5,37.7,0.0415,26.1,16.5,6.25,76.5,2.9,27.6,172.0,0.75
2025-08-23T06:30:00Z,0.987,22.1,47.3,0.0502,22.3,13.0,3.33,75.0,2.33,28.2,163.0,0.733
2025-08-23T07:30:00Z,1.09,24.4,94.2,0.0896,14.3,11.5,2.0,71.0,3.0,29.3,176.0,0.725
2025-08-23T08:30:00Z,1.37,25.8,107.0,0.101,13.6,11.0,4.5,67.0,3.93,30.2,180.0,0.65
2025-08-23T09:30:00Z,1.41,27.0,109.0,0.103,15.9,10.5,7.0,65.3,4.15,31.5,195.0,0.45
2025-08-23T10:30:00Z,1.47,21.5,61.8,0.0617,27.9,11.5,6.75,69.0,3.63,31.4,168.0,0.4
2025-08-23T11:30:00Z,1.5,19.0,32.0,0.0361,33.8,15.5,6.0,72.3,2.93,30.9,185.0,0.325
2025-08-23T12:30:00Z,1.29,20.5,23.5,0.03,21.2,16.5,7.0,76.8,2.03,29.6,273.0,0.15
2025-08-23T13:30:00Z,1.48,28.3,21.0,0.0321,14.1,18.0,6.0,78.0,2.15,29.3,191.0,0.225
2025-08-23T14:30:00Z,1.41,24.0,20.0,0.0291,16.8,31.0,12.7,78.7,2.13,28.7,164.0,0.5
2025-08-23T15:30:00Z,1.39,15.5,16.6,0.0218,13.5,24.3,17.7,81.0,2.43,27.5,165.0,0.6
2025-08-23T16:30:00Z,1.59,19.0,18.6,0.0252,20.2,17.5,12.5,81.8,2.78,27.4,216.0,0.275
2025-08-23T17:30:00Z,1.59,18.0,17.9,0.0241,17.4,18.0,7.0,83.5,3.3,27.3,186.0,0.25
2025-08-23T18:30:00Z,0.955,15.5,16.6,0.0218,,26.0,13.0,83.0,2.0,27.2,234.0,0.2
2025-08-23T19:30:00Z,1.02,16.3,16.3,0.0219,12.7,22.5,13.5,83.5,1.75,27.2,111.0,0.15
2025-08-23T20:30:00Z,1.14,14.9,17.4,0.0221,5.88,18.0,11.8,86.0,1.53,26.7,41.5,0.175
2025-08-23T21:30:00Z,1.13,11.3,17.5,0.0203,9.53,17.5,7.5,86.8,0.875,26.5,172.0,0.125
2025-08-23T22:30:00Z,1.15,13.7,18.4,0.0222,5.2,15.8,6.5,87.5,0.725,26.5,191.0,0.1
2025-08-23T23:30:00Z,1.19,14.1,20.2,0.0239,4.87,13.0,7.5,88.0,0.6,26.3,36.3,0.125
2025-08-24T00:30:00Z,1.48,19.5,28.3,0.0334,9.7,13.0,7.0,84.0,1.55,27.1,121.0,0.3
2025-08-24T01:30:00Z,1.44,16.4,33.6,0.0361,11.6,13.0,4.67,78.0,1.57,28.5,167.0,0.267
2025-08-24T02:30:00Z,1.44,14.6,35.5,0.0366,21.1,13.0,4.0,74.3,1.75,29.5,159.0,0.45
2025-08-24T03:30:00Z,1.36,19.5,81.2,0.0764,18.9,13.0,5.5,71.0,2.28,29.8,173.0,0.6
2025-08-24T04:30:00Z,1.06,18.7,70.1,0.067,19.4,12.5,6.0,67.8,1.6,30.1,166.0,0.875
2025-08-24T05:30:00Z,0.987,20.6,75.9,0.0727,21.1,12.0,4.0,69.0,1.57,30.2,172.0,0.7
2025-08-24T06:30:00Z,0.893,31.6,152.0,0.14,15.8,11.5,3.0,65.3,2.58,31.1,171.0,0.6
2025-08-24T07:30:00Z,0.93,29.7,153.0,0.14,14.9,9.0,2.5,64.5,3.23,31.3,197.0,0.45
2025-08-24T08:30:00Z,1.16,29.4,94.4,0.0924,18.5,7.0,2.0,68.0,3.23,30.9,302.0,0.6
2025-08-24T09:30:00Z,1.3,11.5,15.1,0.0184,23.1,10.3,1.0,81.8,2.4,27.8,304.0,1.03
2025-08-24T10:30:00Z,1.26,8.4,4.53,0.00815,23.5,8.25,2.5,92.5,2.05,24.9,309.0,0.55
2025-08-24T11:30:00Z,1.33,12.1,5.8,0.0112,20.0,1.5,3.5,93.8,2.2,24.5,233.0,0.525
2025-08-24T12:30:00Z,1.07,19.0,8.75,0.0172,10.9,4.75,3.75,94.0,1.3,24.2,315.0,0.3
2025-08-24T13:30:00Z,1.09,18.1,7.1,0.0154,7.43,7.5,3.5,94.0,1.3,24.1,309.0,0.275
2025-08-24T14:30:00Z,1.11,21.3,10.1,0.0196,9.63,3.5,2.0,93.5,1.18,24.1,106.0,0.2
2025-08-24T15:30:00Z,1.15,19.7,10.1,0.0187,5.15,1.0,,93.3,1.35,24.1,246.0,0.15
2025-08-24T16:30:00Z,1.35,18.0,10.9,0.0184,7.35,2.5,,93.3,1.48,24.2,190.0,0.175
2025-08-24T17:30:00Z,1.24,16.3,11.6,0.0181,7.07,4.0,,93.0,2.35,24.5,222.0,0.3
2025-08-24T18:30:00Z,0.855,11.1,10.0,0.014,,10.5,4.5,93.0,3.05,25.4,141.0,0.55
2025-08-24T19:30:00Z,,,,,5.95,2.5,5.0,94.0,,25.4,214.0,0.15
2025-08-24T20:30:00Z,0.653,6.57,11.0,0.0124,8.3,2.0,4.0,94.0,2.43,25.2,307.0,0.175
2025-08-24T21:30:00Z,0.655,4.5,10.6,0.0111,6.65,1.5,2.5,94.0,2.25,24.9,309.0,0.2
2025-08-24T22:30:00Z,0.675,6.13,10.5,0.0118,7.78,2.0,2.5,94.0,2.28,24.3,318.0,0.225
2025-08-24T23:30:00Z,0.69,8.15,10.3,0.0127,8.03,3.75,3.0,94.0,2.5,24.0,310.0,0.225
2025-08-25T00:30:00Z,0.953,13.6,11.0,0.0162,10.7,3.75,2.0,94.5,2.83,24.2,290.0,0.2
2025-08-25T01:30:00Z,1.26,20.9,22.9,0.0297,4.65,4.25,2.0,95.0,3.03,24.7,268.0,0.15
2025-08-25T02:30:00Z,1.54,20.8,32.0,0.0371,3.28,9.5,5.75,95.0,3.1,25.0,277.0,0.125
2025-08-25T03:30:00Z,1.67,30.9,35.0,0.0448,4.1,10.0,11.7,94.7,3.23,25.4,176.0,0.233
2025-08-25T04:30:00Z,1.35,29.4,28.5,0.0388,9.55,9.0,13.0,92.5,2.9,25.7,152.0,0.2
2025-08-25T05:30:00Z,0.893,26.2,43.3,0.0491,8.88,16.5,12.0,80.3,2.6,27.9,165.0,0.3
2025-08-25T06:30:00Z,0.838,21.4,28.4,0.0345,15.7,18.5,8.75,77.5,2.9,28.5,164.0,0.575
2025-08-25T07:30:00Z,0.793,18.6,35.2,0.0385,15.5,15.3,4.5,76.5,3.0,28.7,190.0,0.475
2025-08-25T08:30:00Z,1.09,26.0,43.8,0.0494,11.0,14.0,3.0,81.5,3.55,28.4,285.0,0.55
2025-08-25T09:30:00Z,1.13,14.4,10.9,0.0165,11.8,12.5,1.0,87.3,3.35,26.9,311.0,0.375
2025-08-25T10:30:00Z,1.17,21.1,12.3,0.0213,8.83,11.7,2.67,86.0,3.53,27.1,319.0,0.267
2025-08-25T11:30:00Z,1.39,25.6,14.8,0.0257,5.08,16.0,5.5,88.5,3.68,26.9,312.0,0.25
2025-08-25T12:30:00Z,1.35,23.9,35.8,0.0418,4.73,24.8,8.5,91.0,3.3,26.7,324.0,0.175
2025-08-25T13:30:00Z,1.38,28.9,47.1,0.0537,5.37,30.7,11.3,90.3,3.4,26.6,110.0,0.233
2025-08-25T14:30:00Z,1.15,23.9,27.7,0.0352,7.8,31.8,10.0,85.0,3.35,27.3,144.0,0.4
2025-08-25T15:30:00Z,0.845,13.0,14.7,0.0188,15.6,26.8,8.0,79.5,2.78,27.8,164.0,0.6
2025-08-25T16:30:00Z,1.04,14.3,15.7,0.0204,14.5,13.3,5.25,79.3,2.93,27.6,166.0,0.55
2025-08-25T17:30:00Z,0.88,7.2,14.1,0.0152,24.2,8.0,2.33,79.0,2.9,27.7,165.0,0.8
2025-08-25T18:30:00Z,0.59,4.7,11.0,0.0115,,9.0,1.0,88.5,1.55,25.6,158.0,0.9
2025-08-25T19:30:00Z,0.645,5.05,11.1,0.0117,22.2,7.0,1.0,88.8,1.25,25.4,156.0,0.85
2025-08-25T20:30:00Z,0.833,1.3,6.0,0.00563,20.2,3.25,1.5,91.0,0.467,25.0,158.0,0.95
2025-08-25T21:30:00Z,0.867,1.93,4.33,0.00453,23.1,1.0,2.0,90.3,0.533,25.2,157.0,1.17
2025-08-25T22:30:00Z,0.875,2.55,4.3,0.00488,23.1,2.0,,88.3,0.225,25.7,164.0,1.1
2025-08-25T23:30:00Z,0.89,3.58,5.53,0.0064,22.5,2.0,,89.3,0.15,25.4,162.0,1.05
2025-08-26T00:30:00Z,1.14,7.3,6.95,0.00955,25.6,2.0,5.5,86.5,0.967,25.9,168.0,1.03
2025-08-26T01:30:00Z,1.28,10.3,8.23,0.0122,26.4,7.5,8.25,88.5,1.33,25.5,165.0,0.925
2025-08-26T02:30:00Z,1.35,11.5,9.18,0.0136,27.0,11.5,12.0,90.3,1.38,25.0,163.0,1.0
2025-08-26T03:30:00Z,1.41,11.6,9.95,0.0142,28.4,11.0,13.0,88.0,1.2,25.5,166.0,1.05
2025-08-26T04:30:00Z,0.965,10.2,13.8,0.0166,28.0,12.0,12.0,79.0,0.7,27.5,166.0,1.45
2025-08-26T05:30:00Z,0.97,13.8,15.3,0.0198,30.3,13.5,11.5,77.5,1.63,27.7,165.0,1.38
2025-08-26T06:30:00Z,0.988,13.6,17.9,0.0218,30.5,17.3,11.8,76.8,3.23,28.5,167.0,1.2
2025-08-26T07:30:00Z,1.06,15.3,14.9,0.0203,29.4,18.5,11.5,76.5,3.33,28.6,161.0,1.05
2025-08-26T08:30:00Z,1.28,19.3,16.3,0.0235,30.4,18.0,8.5,75.3,3.75,29.0,165.0,0.95
2025-08-26T09:30:00Z,1.41,17.3,14.7,0.0211,30.1,20.5,7.0,76.8,4.4,29.0,172.0,0.675
2025-08-26T10:30:00Z,1.58,23.8,11.4,0.022,15.4,18.3,9.0,84.3,4.15,27.8,293.0,0.275
2025-08-26T11:30:00Z,2.0,41.7,26.6,0.0438,8.5,13.0,11.5,88.5,4.05,27.2,144.0,0.425
2025-08-26T12:30:00Z,1.8,40.3,43.6,0.0569,4.68,14.3,14.0,90.0,4.05,26.8,211.0,0.225
2025-08-26T13:30:00Z,1.83,30.2,46.1,0.0536,3.9,18.0,15.5,92.0,3.85,26.1,321.0,0.1
2025-08-26T14:30:00Z,2.2,26.0,64.0,0.0658,6.03,19.5,14.0,93.3,3.9,26.0,197.0,0.125
2025-08-26T15:30:00Z,1.68,30.4,30.8,0.0412,6.33,27.8,16.3,90.3,3.55,26.4,144.0,0.425
2025-08-26T16:30:00Z,1.67,20.4,21.0,0.0279,8.9,30.5,17.3,86.8,3.63,26.8,144.0,0.3
2025-08-26T17:30:00Z,1.27,24.8,21.2,0.0304,12.5,26.7,15.7,86.3,3.25,26.9,150.0,0.3
2025-08-26T18:30:00Z,0.64,10.3,18.0,0.0201,,24.0,16.0,84.5,1.25,27.2,154.0,0.5
2025-08-26T19:30:00Z,0.695,8.25,16.3,0.0176,26.6,20.3,14.7,82.3,1.0,27.2,147.0,0.567
2025-08-26T21:30:00Z,0.56,7.3,16.0,0.0169,25.0,8.0,5.0,82.0,0.2,26.3,144.0,0.4
2025-08-26T22:30:00Z,0.555,8.53,15.7,0.0173,24.7,8.0,4.0,82.8,0.35,26.1,145.0,0.3
2025-08-26T23:30:00Z,0.65,16.6,16.8,0.0225,13.6,11.3,8.25,85.5,0.2,25.7,139.0,0.225
2025-08-27T00:30:00Z,0.84,22.7,20.1,0.0284,12.4,15.0,14.0,86.0,0.6,25.8,148.0,0.25
2025-08-27T01:30:00Z,1.15,17.8,24.8,0.0296,26.4,34.0,22.0,80.0,1.4,27.5,160.0,0.6
2025-08-27T02:30:00Z,1.04,17.4,31.8,0.0351,29.2,31.3,20.3,76.0,1.23,28.2,164.0,0.833
2025-08-27T03:30:00Z,1.06,22.6,46.1,0.0495,26.6,25.0,15.5,75.3,1.68,28.8,167.0,0.775
2025-08-27T04:30:00Z,0.755,17.7,63.7,0.0612,23.2,17.0,13.5,73.0,1.45,29.3,167.0,0.725
2025-08-27T05:30:00Z,0.903,19.2,66.0,0.0639,23.5,16.0,12.3,71.8,0.967,29.7,202.0,0.55
2025-08-27T06:30:00Z,0.953,30.4,126.0,0.119,17.4,17.3,9.33,69.0,2.0,30.4,187.0,0.5
2025-08-27T07:30:00Z,0.983,33.9,125.0,0.119,17.2,18.3,11.0,67.5,2.23,31.0,179.0,0.475
2025-08-27T08:30:00Z,1.16,35.7,114.0,0.111,21.7,22.0,13.0,68.5,2.8,31.0,265.0,0.475
2025-08-27T09:30:00Z,1.34,33.7,76.7,0.0803,27.1,22.5,16.3,66.5,2.73,31.5,303.0,0.675
2025-08-27T10:30:00Z,1.38,28.4,54.6,0.0595,37.2,26.3,21.0,66.3,2.43,32.0,307.0,0.5
2025-08-27T11:30:00Z,1.41,15.9,15.4,0.021,43.4,32.5,19.3,70.5,2.03,31.1,303.0,0.25
2025-08-27T12:30:00Z,1.27,22.5,14.0,0.0234,23.7,29.5,15.5,78.0,1.4,29.8,234.0,0.1
2025-08-27T13:30:00Z,1.4,28.5,15.3,0.0276,13.8,41.5,21.5,82.5,1.48,28.7,307.0,0.2
2025-08-27T14:30:00Z,1.52,34.0,18.4,0.0331,11.1,47.8,21.8,84.5,0.925,27.9,319.0,0.1
2025-08-27T15:30:00Z,1.75,40.4,23.9,0.041,6.2,46.8,18.5,87.0,1.33,27.6,179.0,0.175
2025-08-27T16:30:00Z,1.69,26.5,27.9,0.0368,5.18,57.5,21.0,86.8,1.2,27.8,101.0,0.275
2025-08-28T04:30:00Z,0.95,24.4,72.3,0.0717,23.7,31.0,23.7,76.0,2.3,29.6,202.0,0.333
2025-08-28T05:30:00Z,0.99,25.8,57.9,0.0608,19.3,33.0,22.3,77.3,2.45,29.5,171.0,0.3
2025-08-28T06:30:00Z,0.938,33.6,92.9,0.0934,21.1,34.0,21.0,73.5,3.45,30.3,201.0,0.325
2025-08-28T07:30:00Z,0.913,36.8,123.0,0.119,15.2,33.5,20.0,70.0,3.65,30.7,294.0,0.425
2025-08-28T08:30:00Z,1.1,34.9,123.0,0.119,18.4,30.0,20.5,70.8,4.45,31.1,236.0,0.4
2025-08-28T09:30:00Z,1.2,29.6,69.3,0.0721,19.9,28.5,17.8,71.5,4.15,30.6,321.0,0.575
2025-08-28T10:30:00Z,1.35,18.5,31.8,0.0357,27.8,25.8,14.0,74.5,3.78,30.6,329.0,0.3
2025-08-28T11:30:00Z,1.47,19.2,26.8,0.032,38.8,25.0,16.3,74.3,3.9,30.5,177.0,0.133
2025-08-28T12:30:00Z,1.25,26.5,20.5,0.0308,24.1,28.8,17.5,77.5,3.43,29.4,223.0,0.1
2025-08-28T13:30:00Z,1.47,39.0,25.1,0.0412,10.3,33.3,19.3,81.8,2.55,28.8,142.0,0.25
2025-08-28T14:30:00Z,1.41,42.3,27.5,0.0449,9.08,45.8,24.0,84.3,2.98,28.3,103.0,0.225
2025-08-28T15:30:00Z,1.21,20.5,20.6,0.0276,19.5,48.5,25.5,82.8,2.85,28.1,163.0,0.45
2025-08-28T16:30:00Z,1.33,17.3,21.5,0.0266,15.5,39.0,20.7,83.0,3.13,27.7,188.0,0.233
2025-08-28T17:30:00Z,1.37,39.1,24.8,0.0409,8.87,24.3,11.3,86.7,3.55,27.5,168.0,0.2
2025-08-28T18:30:00Z,0.87,11.7,18.6,0.0214,,17.5,14.0,89.0,2.2,27.1,182.0,0.35
2025-08-28T19:30:00Z,0.87,9.25,17.3,0.019,32.0,11.8,10.0,88.5,2.0,26.0,134.0,0.825
2025-08-28T20:30:00Z,0.55,3.23,7.57,0.00783,30.3,4.25,4.0,92.3,1.4,24.8,157.0,0.475
2025-08-28T21:30:00Z,0.558,5.08,6.93,0.00838,24.7,2.0,2.0,93.8,1.03,24.6,121.0,0.225
2025-08-28T22:30:00Z,0.547,4.9,6.8,0.00817,33.8,,,94.0,1.2,24.5,133.0,0.567
2025-08-28T23:30:00Z,0.545,6.8,6.05,0.0085,30.4,,,93.0,1.25,24.1,132.0,0.5
2025-08-29T00:30:00Z,1.02,33.3,13.0,0.0282,14.2,,,93.0,1.9,24.4,111.0,0.3
2025-08-29T01:30:00Z,1.16,26.8,12.6,0.0245,16.7,2.5,,91.8,2.18,25.1,145.0,0.35
2025-08-29T02:30:00Z,1.17,18.0,16.2,0.0228,25.2,7.0,5.5,84.8,2.08,26.9,153.0,0.65
2025-08-29T03:30:00Z,1.21,17.2,21.6,0.0267,24.8,14.3,10.3,81.5,2.25,27.4,166.0,0.775
2025-08-29T04:30:00Z,0.748,18.0,42.1,0.0437,22.0,15.3,14.0,77.5,1.9,27.6,170.0,1.03
2025-08-29T05:30:00Z,0.87,17.2,31.4,0.0347,27.1,10.3,8.5,74.8,1.97,27.5,175.0,1.08
2025-08-29T06:30:00Z,0.955,20.7,75.7,0.0725,19.0,8.0,4.0,76.0,3.08,27.7,175.0,1.1
2025-08-29T07:30:00Z,1.04,21.9,72.2,0.0703,16.2,10.5,5.0,76.3,3.43,28.1,169.0,1.05
2025-08-29T08:30:00Z,1.22,24.4,56.7,0.0591,16.5,12.5,5.5,74.5,4.28,28.5,187.0,0.85
2025-08-29T09:30:00Z,1.25,20.9,47.2,0.0495,22.7,12.0,5.5,74.0,4.45,28.9,177.0,0.925
2025-08-29T10:30:00Z,1.31,15.9,28.3,0.0314,30.3,13.0,4.75,75.8,3.75,29.3,175.0,0.75
2025-08-29T11:30:00Z,1.33,13.1,15.7,0.0198,35.1,13.0,3.5,78.0,3.75,28.6,175.0,0.825
2025-08-29T12:30:00Z,1.44,16.0,12.4,0.0186,32.4,14.5,5.0,81.3,3.45,27.7,171.0,0.875
2025-08-29T13:30:00Z,1.5,20.5,12.5,0.021,28.4,16.0,6.0,82.3,3.8,27.3,170.0,0.675
2025-08-29T14:30:00Z,1.6,26.8,11.8,0.0238,21.1,21.8,7.5,83.0,3.5,27.2,166.0,0.6
2025-08-29T15:30:00Z,1.63,21.3,11.9,0.021,22.2,23.5,8.5,82.3,3.45,26.9,183.0,0.4
2025-08-29T16:30:00Z,1.47,17.6,14.0,0.0207,23.3,20.0,8.0,80.5,3.85,26.9,184.0,0.375
2025-08-29T17:30:00Z,1.26,17.1,14.0,0.0204,19.0,21.3,10.7,82.0,3.15,26.6,142.0,0.233
2025-08-29T18:30:00Z,0.88,21.0,17.5,0.0254,,40.5,21.0,83.5,1.1,26.3,134.0,0.3
2025-08-29T19:30:00Z,0.95,22.2,17.2,0.0258,14.0,32.8,15.8,84.0,1.3,26.1,88.5,0.15
2025-08-29T20:30:00Z,0.87,13.3,15.5,0.0197,14.4,17.3,8.0,84.5,1.43,25.6,80.0,0.15
2025-08-29T21:30:00Z,0.865,14.4,13.7,0.0187,15.7,8.0,5.0,83.3,1.03,25.6,165.0,0.15
2025-08-29T22:30:00Z,0.82,11.1,12.0,0.0156,29.0,4.5,3.5,77.5,0.95,26.7,173.0,0.55
2025-08-29T23:30:00Z,0.86,8.33,12.1,0.0143,32.3,3.0,2.0,77.0,1.25,26.9,182.0,0.45
2025-08-30T00:30:00Z,0.97,11.8,13.7,0.0174,27.0,6.75,2.25,77.8,1.3,27.0,155.0,0.45
2025-08-30T01:30:00Z,1.11,18.3,18.2,0.0245,25.1,14.5,6.0,75.8,1.35,27.9,160.0,0.6
2025-08-30T02:30:00Z,1.04,13.2,21.5,0.0245,31.6,17.3,10.0,75.3,1.45,28.3,170.0,0.75
2025-08-30T03:30:00Z,1.08,17.7,44.8,0.0459,25.4,16.0,10.5,75.0,1.45,28.5,165.0,0.8
2025-08-30T04:30:00Z,0.975,17.7,70.3,0.0665,26.6,15.0,8.5,72.8,1.75,29.1,174.0,0.8
2025-08-30T05:30:00Z,0.797,21.2,68.4,0.0669,29.3,13.5,9.25,71.5,1.87,29.6,170.0,0.775
2025-08-30T06:30:00Z,0.648,25.5,110.0,0.103,22.7,14.8,10.0,70.0,2.98,30.5,214.0,0.525
2025-08-30T07:30:00Z,0.445,29.2,170.0,0.154,17.3,15.3,9.0,67.8,2.93,29.8,186.0,0.575
2025-08-30T08:30:00Z,0.643,36.3,139.0,0.132,15.4,12.0,8.5,68.5,3.23,30.0,186.0,0.675
2025-08-30T09:30:00Z,0.878,25.7,57.4,0.0604,26.2,14.5,9.5,72.3,3.23,30.2,302.0,0.45
2025-08-30T10:30:00Z,0.958,24.6,54.8,0.0576,32.8,18.5,12.0,72.3,2.75,30.7,247.0,0.275
2025-08-30T11:30:00Z,1.01,21.2,23.3,0.0302,35.0,21.5,13.5,77.3,2.35,29.6,304.0,0.45
2025-08-30T12:30:00Z,0.903,29.5,17.0,0.0295,15.8,25.0,14.5,84.0,2.1,28.4,314.0,0.225
2025-08-30T13:30:00Z,1.14,48.1,31.9,0.0515,4.97,30.0,15.3,82.7,2.07,28.1,102.0,0.2
2025-08-30T14:30:00Z,1.13,33.6,23.4,0.0369,9.6,37.5,16.0,81.5,1.78,28.5,219.0,0.175
2025-08-30T15:30:00Z,1.24,43.1,29.6,0.047,12.7,41.8,18.0,83.8,2.0,28.1,186.0,0.125
2025-08-30T16:30:00Z,1.24,30.2,23.8,0.0354,5.0,49.5,17.3,81.8,2.3,28.2,148.0,0.275
2025-08-30T17:30:00Z,1.15,34.3,19.9,0.0344,10.1,44.7,13.0,80.3,2.35,28.3,177.0,0.233
2025-08-30T18:30:00Z,0.695,14.4,17.7,0.022,,23.0,13.0,81.0,1.8,28.1,181.0,0.3
2025-08-30T19:30:00Z,0.745,11.9,17.9,0.0208,15.1,18.3,9.5,81.0,1.7,28.0,166.0,0.325
2025-08-30T20:30:00Z,0.547,9.13,16.4,0.0182,14.0,13.0,7.5,85.0,1.43,27.2,161.0,0.425
2025-08-30T21:30:00Z,0.493,6.57,15.2,0.0158,18.5,10.3,7.67,87.3,0.833,26.4,166.0,0.367
2025-08-30T22:30:00Z,0.563,7.1,14.2,0.0153,13.8,7.5,4.0,85.0,0.725,26.5,165.0,0.4
2025-08-30T23:30:00Z,0.55,8.1,14.2,0.0158,17.9,10.0,3.0,84.0,0.45,26.6,164.0,0.3
2025-08-31T00:30:00Z,1.03,19.2,18.1,0.0249,20.3,18.5,9.0,84.0,1.4,26.6,124.0,0.55
2025-08-31T01:30:00Z,1.2,22.0,16.0,0.0247,15.2,15.3,7.5,85.0,2.38,26.4,115.0,0.275
2025-08-31T02:30:00Z,0.925,17.8,13.0,0.02,20.1,11.0,6.0,83.5,2.35,26.8,152.0,0.25
2025-08-31T03:30:00Z,0.0,21.3,2.3,0.0132,19.8,,,92.0,3.6,24.9,134.0,0.25
2025-08-31T05:30:00Z,0.0,34.7,20.3,0.035,9.15,,,94.0,,24.8,92.0,0.15
2025-08-31T07:30:00Z,0.0,,,,6.95,,,95.0,0.0,25.0,98.0,0.15
2025-08-31T09:30:00Z,0.0,,,,5.2,,,,0.0,26.3,160.0,0.5
2025-08-31T10:30:00Z,0.0,,,,25.1,,,,,26.4,163.0,0.5
2025-08-31T14:30:00Z,0.0,,,,8.35,,,85.0,0.0,26.0,170.0,0.3
2025-08-31T15:30:00Z,0.983,20.0,9.35,0.0182,16.0,11.0,6.0,84.0,5.15,26.0,169.0,0.275
2025-08-31T16:30:00Z,1.66,22.3,10.6,0.0204,21.2,13.0,8.25,84.0,6.23,26.1,148.0,0.2
2025-08-31T17:30:00Z,0.785,22.4,11.0,0.0209,14.3,15.7,12.0,85.7,6.1,25.7,261.0,0.1
2025-08-31T18:30:00Z,0.955,12.8,11.5,0.0161,,20.0,13.0,85.5,3.35,25.8,151.0,0.35
2025-08-31T19:30:00Z,1.08,7.75,11.6,0.0135,22.1,13.8,7.75,86.8,2.95,25.5,168.0,0.4
2025-08-31T20:30:00Z,1.08,8.13,10.2,0.0126,13.8,5.75,2.0,91.8,3.0,24.8,180.0,0.25
2025-08-31T21:30:00Z,1.08,8.53,7.48,0.0106,19.1,3.0,3.5,93.0,2.98,24.6,141.0,0.275
2025-08-31T22:30:00Z,1.14,9.38,6.78,0.0105,18.3,2.5,6.0,93.0,3.13,24.5,150.0,0.4
2025-08-31T23:30:00Z,1.18,6.1,6.5,0.0085,32.0,3.0,7.0,93.0,3.9,23.7,150.0,0.6
2025-09-01T00:30:00Z,1.33,38.1,8.9,0.0275,10.1,,9.0,94.0,3.9,23.8,73.5,0.15
2025-09-01T01:30:00Z,1.32,32.8,10.6,0.0261,10.5,,6.75,94.8,3.83,23.7,168.0,0.2
2025-09-01T02:30:00Z,1.24,25.5,8.85,0.0207,15.5,1.0,4.0,95.0,3.55,23.6,160.0,0.375
2025-09-01T03:30:00Z,1.19,26.0,9.1,0.0212,17.9,1.0,,95.0,3.5,23.5,149.0,0.4
2025-09-01T04:30:00Z,1.05,16.7,8.43,0.0157,21.5,3.0,4.67,95.0,3.4,23.0,165.0,0.5
2025-09-01T05:30:00Z,0.957,19.8,8.65,0.0176,18.9,2.5,3.0,94.8,3.1,23.0,151.0,0.325
2025-09-01T06:30:00Z,0.887,24.2,14.2,0.0244,15.6,1.67,2.67,94.0,2.9,23.9,184.0,0.233
2025-09-01T07:30:00Z,0.963,20.8,12.3,0.0211,16.0,1.0,4.67,93.7,3.5,24.4,199.0,0.167
2025-09-01T08:30:00Z,1.04,24.3,11.2,0.022,17.1,1.0,3.25,92.8,3.78,24.1,217.0,0.45
2025-09-01T09:30:00Z,1.21,25.9,11.0,0.0227,16.1,1.0,1.0,91.5,4.25,24.0,155.0,0.375
2025-09-01T10:30:00Z,1.09,48.2,28.3,0.0487,7.0,1.0,2.0,93.0,4.55,24.4,80.5,0.15
2025-09-01T11:30:00Z,1.27,41.1,18.9,0.0373,4.35,2.5,4.0,93.0,3.78,24.2,255.0,0.2
2025-09-01T12:30:00Z,1.29,38.6,24.8,0.0407,8.93,4.0,5.33,93.3,3.3,23.8,155.0,0.2
2025-09-01T13:30:00Z,1.24,44.5,28.6,0.047,3.98,,4.0,94.0,3.03,23.7,160.0,0.2
2025-09-01T14:30:00Z,1.09,37.3,13.1,0.0304,4.85,6.0,3.0,94.3,2.98,23.5,317.0,0.35
2025-09-01T15:30:00Z,0.943,27.9,11.9,0.0245,6.05,5.0,3.0,94.8,3.15,23.3,160.0,0.275
2025-09-01T16:30:00Z,0.88,22.4,9.93,0.02,5.28,3.0,2.0,95.0,2.78,23.4,292.0,0.175
2025-09-01T17:30:00Z,0.96,20.7,9.13,0.0184,4.53,2.0,1.0,95.0,3.25,23.5,294.0,0.167
2025-09-01T18:30:00Z,0.96,18.7,12.4,0.02,,,,95.0,3.3,23.5,177.0,0.35
2025-09-01T19:30:00Z,0.875,9.95,10.2,0.0136,26.2,,,94.5,3.4,23.1,158.0,0.9
2025-09-01T20:30:00Z,0.84,6.95,4.65,0.0075,32.4,,,94.0,3.45,22.6,143.0,0.6
2025-09-01T21:30:00Z,0.705,5.75,4.7,0.0069,31.4,,,94.5,2.88,22.5,183.0,0.325
2025-09-01T22:30:00Z,0.693,10.2,5.1,0.00958,26.5,,,95.0,2.58,22.4,118.0,0.375
2025-09-01T23:30:00Z,0.695,16.4,5.53,0.0132,19.3,,,95.0,2.9,22.4,267.0,0.25
2025-09-02T00:30:00Z,0.675,11.5,4.58,0.00985,25.9,,,94.8,2.78,22.4,161.0,0.525
2025-09-02T01:30:00Z,0.803,13.2,5.63,0.0116,25.6,,,93.8,2.95,22.6,164.0,0.725
2025-09-02T02:30:00Z,0.86,13.4,8.15,0.0137,27.3,,,92.5,3.08,22.5,155.0,0.875
2025-09-02T03:30:00Z,1.0,15.3,6.67,0.0135,26.6,,1.0,92.0,3.07,22.4,161.0,0.667
2025-09-02T04:30:00Z,0.953,14.9,14.9,0.02,24.3,,1.0,86.5,3.0,24.3,170.0,0.575
2025-09-02T05:30:00Z,0.833,15.1,17.3,0.0221,24.3,1.0,3.5,80.3,3.1,25.4,168.0,0.975
2025-09-02T06:30:00Z,0.85,15.1,10.1,0.0163,24.3,1.0,3.5,85.0,3.55,24.6,165.0,0.9
2025-09-02T07:30:00Z,0.903,14.1,6.8,0.013,21.4,1.0,3.0,88.5,3.55,23.6,175.0,0.75
2025-09-02T08:30:00Z,0.893,13.8,9.25,0.0149,25.4,1.0,,81.3,3.3,25.0,165.0,0.975
2025-09-02T09:30:00Z,1.01,11.6,9.38,0.0138,34.9,,,76.8,3.5,25.6,155.0,1.08
2025-09-02T10:30:00Z,1.11,19.5,7.1,0.0162,37.3,,,73.8,3.78,26.2,159.0,0.65
2025-09-02T11:30:00Z,1.27,27.1,7.2,0.0203,24.2,11.5,,78.8,3.9,25.8,284.0,0.2
2025-09-02T12:30:00Z,1.6,41.9,10.2,0.0306,7.1,9.33,1.0,87.7,3.9,24.3,318.0,0.133
2025-09-02T13:30:00Z,1.97,49.0,37.9,0.0569,4.8,9.75,4.0,89.8,4.18,23.7,237.0,0.2
2025-09-02T14:30:00Z,1.91,48.4,50.3,0.0666,5.15,15.3,8.75,90.3,4.15,23.7,248.0,0.2
2025-09-02T15:30:00Z,1.59,37.9,26.3,0.0415,6.0,16.0,11.0,88.5,3.75,23.9,245.0,0.3
2025-09-02T16:30:00Z,1.09,14.6,10.5,0.0163,18.1,12.3,6.0,83.0,3.25,24.8,162.0,0.375
2025-09-02T17:30:00Z,0.91,11.2,11.6,0.0154,19.7,6.67,1.0,83.7,3.5,24.5,164.0,0.5
2025-09-02T18:30:00Z,0.585,6.95,11.3,0.0128,,7.0,2.0,84.5,3.4,24.4,158.0,0.6
2025-09-02T19:30:00Z,0.59,6.95,10.7,0.0124,26.3,5.0,2.5,83.3,3.3,24.4,165.0,0.65
2025-09-02T20:30:00Z,0.64,5.13,9.73,0.0106,30.5,1.67,2.33,80.3,3.5,24.6,177.0,0.867
2025-09-02T21:30:00Z,0.475,5.13,7.4,0.00875,32.6,1.0,2.0,83.3,3.1,24.0,178.0,0.675
2025-09-02T22:30:00Z,0.48,6.28,5.48,0.00778,27.6,,,91.3,2.85,22.7,179.0,0.475
2025-09-02T23:30:00Z,0.508,5.3,3.63,0.00578,33.0,,,93.5,2.55,22.2,161.0,0.5
2025-09-03T00:30:00Z,0.555,12.4,4.05,0.00985,26.3,,,94.0,2.8,22.2,149.0,0.55
2025-09-03T01:30:00Z,0.683,14.8,4.38,0.0114,26.3,,,94.5,3.3,22.2,149.0,0.775
2025-09-03T02:30:00Z,0.77,16.6,6.38,0.014,25.9,,,95.0,3.58,22.2,142.0,0.8
2025-09-03T03:30:00Z,0.873,19.8,6.78,0.0161,26.0,,,95.0,3.35,22.2,143.0,0.725
2025-09-03T04:30:00Z,0.87,18.2,6.7,0.0152,26.0,,1.0,95.0,3.23,22.3,154.0,0.975
2025-09-03T05:30:00Z,0.96,15.3,7.35,0.0141,23.8,,1.0,95.0,2.87,22.0,147.0,0.8
2025-09-03T06:30:00Z,1.06,20.4,9.8,0.0188,16.4,,,94.5,2.88,22.5,138.0,0.8
2025-09-03T07:30:00Z,1.15,26.6,24.0,0.0336,12.9,,,89.3,3.18,23.9,136.0,0.55
2025-09-03T08:30:00Z,1.08,28.4,96.9,0.0939,10.1,,,74.5,3.5,26.9,142.0,0.55
2025-09-03T09:30:00Z,1.18,25.8,50.6,0.0549,14.1,,,75.0,3.6,28.7,192.0,0.367
2025-09-03T10:30:00Z,1.47,33.1,23.0,0.0363,10.4,13.5,3.0,82.8,3.6,27.7,216.0,0.25
2025-09-03T11:30:00Z,1.83,44.4,32.2,0.0498,4.08,15.0,4.0,85.5,3.7,27.4,151.0,0.175
2025-09-03T12:30:00Z,1.89,44.3,28.8,0.047,5.98,24.8,13.3,88.0,3.9,26.8,192.0,0.2
2025-09-03T13:30:00Z,1.59,35.9,18.6,0.0342,8.55,26.3,18.0,89.5,3.25,26.2,212.0,0.125
2025-09-03T14:30:00Z,1.74,39.5,32.7,0.0476,7.17,17.7,13.0,91.0,3.0,25.6,138.0,0.133
2025-09-03T15:30:00Z,2.04,38.2,53.6,0.0639,3.83,22.8,13.0,92.0,3.5,25.6,96.8,0.125
2025-09-03T16:30:00Z,1.8,24.8,44.5,0.0493,3.78,25.3,15.0,93.0,3.4,25.4,115.0,0.125
2025-09-03T17:30:00Z,1.21,18.1,32.5,0.036,3.85,18.3,12.7,93.0,2.85,24.8,61.0,0.1
2025-09-03T18:30:00Z,0.855,20.4,23.7,0.0301,,13.0,5.0,94.0,1.5,25.0,57.0,0.1
2025-09-03T19:30:00Z,0.83,15.0,21.0,0.025,2.2,11.5,7.0,94.0,1.3,24.9,259.0,0.15
2025-09-03T20:30:00Z,0.98,12.5,18.4,0.0216,4.5,11.0,11.0,93.8,1.67,24.4,337.0,0.1
2025-09-03T21:30:00Z,0.87,14.1,17.5,0.0217,4.58,14.0,15.0,93.0,0.875,24.0,115.0,0.125
2025-09-03T22:30:00Z,0.8,11.5,15.1,0.0185,3.88,13.8,15.0,93.0,0.525,24.0,333.0,0.175
2025-09-03T23:30:00Z,0.853,12.2,18.9,0.0218,4.23,13.7,10.3,93.0,0.867,24.1,136.0,0.133
2025-09-04T00:30:00Z,0.965,13.0,31.6,0.0326,4.2,13.8,9.0,93.0,1.33,23.9,42.3,0.125
2025-09-04T01:30:00Z,1.16,17.7,36.2,0.0389,5.6,13.5,11.8,93.0,1.45,24.0,121.0,0.125
2025-09-04T02:30:00Z,1.2,16.2,30.4,0.0333,4.23,13.0,9.75,88.8,1.55,24.7,261.0,0.125
2025-09-04T03:30:00Z,1.36,25.4,38.7,0.045,4.5,21.0,8.25,82.3,1.85,26.4,67.5,0.175
2025-09-04T04:30:00Z,1.31,27.2,46.0,0.0519,8.45,27.8,12.3,78.8,1.7,27.3,140.0,0.2
2025-09-04T05:30:00Z,1.06,21.1,55.3,0.0562,8.63,22.0,8.75,78.5,2.0,28.1,319.0,0.3
2025-09-04T06:30:00Z,0.808,12.3,17.6,0.0209,10.4,21.0,8.75,85.0,2.13,26.4,311.0,0.475
2025-09-04T07:30:00Z,0.727,9.33,7.97,0.0114,15.3,18.3,10.0,90.0,1.87,25.0,316.0,0.3
2025-09-04T08:30:00Z,0.767,11.8,7.53,0.0125,16.7,6.33,4.33,92.0,1.7,24.9,319.0,0.3
2025-09-04T09:30:00Z,0.83,11.9,7.9,0.0128,8.4,2.33,3.0,91.3,1.93,25.0,309.0,0.3
2025-09-04T10:30:00Z,1.04,13.9,11.3,0.0165,9.03,1.0,1.0,87.3,2.08,25.8,299.0,0.275
2025-09-04T11:30:00Z,1.08,23.3,14.8,0.0244,12.4,10.5,2.5,85.3,2.5,25.7,308.0,0.2
2025-09-04T12:30:00Z,1.05,17.3,10.4,0.0176,6.8,9.5,3.75,87.3,2.28,25.3,312.0,0.275
2025-09-04T13:30:00Z,1.27,25.5,25.9,0.0347,5.2,13.3,4.25,88.5,2.5,25.0,31.3,0.125
2025-09-04T14:30:00Z,1.32,23.9,41.5,0.0465,4.5,20.3,6.5,90.0,2.53,24.5,258.0,0.1
2025-09-04T15:30:00Z,1.55,24.7,56.2,0.0589,3.8,30.3,9.5,90.8,2.85,24.3,118.0,0.1
2025-09-04T16:30:00Z,1.58,19.4,67.1,0.0648,3.55,40.5,13.0,92.0,2.98,24.3,48.0,0.125
2025-09-04T17:30:00Z,1.26,15.1,39.8,0.0403,4.95,42.0,14.0,92.0,2.7,24.2,355.0,0.15
2025-09-04T18:30:00Z,1.36,9.5,32.4,0.0314,,22.0,9.5,93.0,2.35,23.8,11.0,0.1
2025-09-04T19:30:00Z,1.3,11.0,32.3,0.0321,2.63,20.0,8.5,93.0,2.6,23.7,122.0,0.125
2025-09-04T20:30:00Z,1.08,12.3,21.4,0.0239,4.23,15.0,5.5,92.3,3.03,23.6,117.0,0.125
2025-09-04T21:30:00Z,0.985,12.0,17.8,0.0208,4.45,6.75,3.0,90.3,2.23,23.4,114.0,0.2
2025-09-04T22:30:00Z,0.877,9.53,26.6,0.0267,4.03,4.0,,92.3,2.0,23.2,235.0,0.133
2025-09-04T23:30:00Z,1.05,10.2,50.6,0.0466,3.65,12.5,,93.0,2.3,23.4,186.0,0.175
2025-09-05T00:30:00Z,1.06,12.5,56.2,0.0523,3.85,13.0,,92.8,1.88,23.7,190.0,0.175
2025-09-05T01:30:00Z,1.11,16.5,43.4,0.044,4.25,23.3,8.0,88.8,2.5,25.0,123.0,0.225
2025-09-05T02:30:00Z,1.19,21.4,43.4,0.0467,12.0,28.8,7.0,76.3,2.93,28.3,144.0,0.35
2025-09-05T03:30:00Z,1.1,19.6,51.8,0.0525,26.5,19.5,6.0,72.5,2.93,28.6,289.0,0.425
2025-09-05T04:30:00Z,1.13,23.3,57.7,0.0593,30.8,16.5,5.5,71.5,2.78,29.4,243.0,0.45
2025-09-05T05:30:00Z,0.907,24.4,42.6,0.0476,31.8,21.0,9.75,72.0,3.5,29.7,179.0,0.325
2025-09-05T06:30:00Z,0.733,25.0,62.1,0.0637,19.4,18.0,8.67,72.3,4.83,29.6,249.0,0.4
2025-09-05T07:30:00Z,0.768,32.9,105.0,0.103,25.2,16.0,5.5,68.5,5.45,30.0,306.0,0.35
2025-09-05T08:30:00Z,0.753,35.9,110.0,0.109,18.0,30.3,5.0,64.0,5.5,30.9,330.0,0.4
2025-09-05T09:30:00Z,0.785,30.1,79.9,0.081,26.5,27.5,3.0,65.8,5.25,30.9,311.0,0.4
2025-09-05T10:30:00Z,0.868,17.6,26.3,0.0307,30.5,12.5,2.5,69.3,4.8,30.9,313.0,0.35
2025-09-05T11:30:00Z,1.04,15.0,17.4,0.0221,27.1,17.0,6.25,76.0,4.53,30.2,313.0,0.1
2025-09-05T12:30:00Z,1.38,21.0,17.9,0.0257,23.9,30.3,13.5,80.0,4.75,29.4,300.0,0.15
2025-09-05T13:30:00Z,1.94,52.4,36.3,0.0574,9.78,38.5,19.0,84.3,5.13,28.8,120.0,0.1
2025-09-05T14:30:00Z,1.85,53.8,37.7,0.0593,10.5,58.8,27.3,85.3,5.25,28.6,150.0,0.175
2025-09-05T15:30:00Z,1.63,47.4,28.8,0.0486,9.1,77.7,29.7,85.3,4.77,28.6,146.0,0.2
2025-09-05T16:30:00Z,1.42,35.4,24.4,0.0387,7.6,65.8,25.0,86.3,4.63,28.2,90.5,0.15
2025-09-05T17:30:00Z,1.19,29.1,23.6,0.0347,5.7,52.7,20.7,88.3,4.25,27.7,48.3,0.133
2025-09-05T18:30:00Z,1.22,22.5,20.7,0.0288,,35.5,18.0,90.0,3.05,27.2,193.0,0.1
2025-09-05T19:30:00Z,1.17,20.1,18.7,0.0259,5.0,32.3,16.0,89.8,3.4,27.1,94.8,0.175
2025-09-05T20:30:00Z,1.13,11.8,17.8,0.0208,8.8,24.5,13.5,88.8,3.37,27.2,188.0,0.175
2025-09-05T21:30:00Z,1.09,17.1,20.9,0.0261,6.67,20.3,13.0,90.0,2.87,26.9,91.7,0.1
2025-09-05T22:30:00Z,0.888,18.7,21.4,0.0273,5.9,24.5,14.0,91.0,2.5,26.5,61.3,0.125
2025-09-05T23:30:00Z,0.738,14.7,18.5,0.0228,9.4,23.0,12.3,90.5,2.78,25.8,221.0,0.2
2025-09-06T00:30:00Z,0.795,18.8,19.7,0.026,6.83,9.75,7.0,91.8,2.93,25.1,46.8,0.1
2025-09-06T01:30:00Z,0.963,15.1,22.3,0.0261,7.75,1.0,3.67,91.0,3.05,25.7,262.0,0.2
2025-09-06T02:30:00Z,1.03,13.4,17.0,0.0209,10.9,7.0,,87.3,2.73,24.6,251.0,0.375
2025-09-06T03:30:00Z,0.987,31.7,23.8,0.0362,8.4,6.67,,83.7,2.97,25.5,239.0,0.3
2025-09-06T04:30:00Z,0.96,15.2,23.8,0.0275,14.2,6.0,,80.8,3.05,27.2,304.0,0.35
2025-09-06T05:30:00Z,1.09,19.8,7.23,0.0164,15.3,8.75,2.0,90.5,3.23,25.7,305.0,0.275
2025-09-06T06:30:00Z,0.923,16.4,5.38,0.0131,15.0,7.5,3.75,93.0,3.5,24.8,159.0,0.15
2025-09-06T07:30:00Z,1.17,29.8,11.1,0.0248,11.8,4.0,6.0,92.8,3.5,25.8,125.0,0.25
2025-09-06T08:30:00Z,1.12,28.9,19.0,0.0308,11.6,4.5,5.5,92.0,3.43,24.3,112.0,0.2
2025-09-06T09:30:00Z,1.14,19.3,17.5,0.0245,8.6,6.0,5.0,87.3,3.35,25.4,163.0,0.425
2025-09-06T10:30:00Z,1.27,28.1,16.0,0.028,11.8,6.25,5.0,84.3,3.78,25.3,189.0,0.225
2025-09-06T11:30:00Z,1.42,36.2,23.0,0.0379,12.4,4.0,,85.8,3.6,25.7,190.0,0.125
2025-09-06T12:30:00Z,1.79,38.5,45.1,0.0571,3.03,11.3,1.0,90.5,4.5,25.5,173.0,0.1
2025-09-06T13:30:00Z,1.86,25.9,52.3,0.0563,5.63,17.0,1.5,92.5,4.48,25.5,171.0,0.1
2025-09-06T14:30:00Z,1.96,20.8,65.0,0.0639,10.1,20.8,5.25,93.0,4.3,25.4,226.0,0.1
2025-09-06T15:30:00Z,1.74,21.9,53.0,0.0548,5.77,26.5,9.0,93.0,4.18,25.1,181.0,0.1
2025-09-06T16:30:00Z,1.2,19.2,28.5,0.0333,8.53,24.5,8.5,92.3,4.0,24.8,116.0,0.225
2025-09-06T17:30:00Z,1.06,20.1,25.1,0.0311,6.5,20.3,7.0,89.7,3.5,24.8,106.0,0.133
2025-09-06T18:30:00Z,1.17,22.3,42.3,0.0462,,11.5,2.0,90.5,3.3,24.8,52.5,0.1
2025-09-06T19:30:00Z,1.01,17.3,26.3,0.0306,2.53,13.0,1.5,91.5,3.3,24.4,180.0,0.1
2025-09-06T20:30:00Z,,19.3,28.5,0.0334,5.87,14.5,2.5,91.0,3.53,24.6,133.0,0.15
2025-09-06T21:30:00Z,,21.0,24.9,0.0314,4.18,16.0,5.25,89.5,3.1,24.7,76.8,0.1
2025-09-06T22:30:00Z,,23.0,23.9,0.0316,3.78,15.5,6.5,90.8,2.6,24.7,123.0,0.175
2025-09-06T23:30:00Z,0.805,19.9,18.3,0.0255,5.63,15.0,6.0,88.8,2.33,25.0,141.0,0.15
2025-09-07T00:30:00Z,0.945,23.9,25.3,0.0333,2.63,17.5,6.5,87.3,2.88,25.8,130.0,0.275
2025-09-07T01:30:00Z,0.998,15.2,26.5,0.0296,10.0,18.0,6.5,83.5,2.9,27.2,157.0,0.375
2025-09-07T02:30:00Z,1.11,15.1,39.7,0.0403,17.1,16.3,6.0,80.0,3.27,28.2,166.0,0.667
2025-09-07T03:30:00Z,1.08,15.2,51.7,0.0501,17.7,13.0,7.5,78.5,3.33,28.7,167.0,0.525
2025-09-07T04:30:00Z,1.13,16.3,68.9,0.0647,18.6,15.0,11.0,76.8,3.65,28.9,173.0,0.55
2025-09-07T05:30:00Z,0.957,18.0,88.1,0.0812,18.9,14.0,10.5,74.5,3.7,29.6,174.0,0.55
2025-09-07T06:30:00Z,0.75,25.0,142.0,0.129,14.4,12.5,10.8,71.3,4.38,30.3,168.0,0.55
2025-09-07T07:30:00Z,0.705,18.8,51.0,0.0515,17.4,15.3,9.5,75.0,3.65,29.7,189.0,0.4
2025-09-07T08:30:00Z,0.765,18.3,42.5,0.0443,20.3,22.3,10.8,79.3,3.18,28.9,208.0,0.2
2025-09-07T09:30:00Z,0.913,24.0,63.4,0.0643,17.8,28.5,17.5,76.3,3.05,29.2,150.0,0.25
2025-09-07T10:30:00Z,1.15,33.7,56.7,0.064,17.4,35.5,16.0,75.5,3.23,29.6,127.0,0.2
2025-09-07T11:30:00Z,1.2,26.3,33.5,0.0412,12.5,35.8,12.3,80.8,3.45,28.8,304.0,0.1
2025-09-07T12:30:00Z,1.46,38.4,26.9,0.0423,5.7,34.8,12.0,86.3,3.15,27.9,291.0,0.1
2025-09-07T13:30:00Z,1.65,39.5,43.3,0.0562,6.15,44.0,18.5,89.3,3.53,27.4,168.0,0.15
2025-09-07T14:30:00Z,1.42,32.9,47.7,0.0562,10.3,51.5,22.0,89.8,3.63,27.2,91.0,0.275
2025-09-07T15:30:00Z,1.15,19.1,26.5,0.0317,5.5,43.5,16.0,87.3,3.0,27.1,144.0,0.35
2025-09-07T16:30:00Z,1.04,21.8,24.7,0.0316,9.0,32.5,13.8,88.0,2.85,26.7,131.0,0.275
2025-09-07T17:30:00Z,1.06,20.0,22.0,0.0285,14.2,30.0,15.7,88.7,2.5,26.5,129.0,0.2
2025-09-07T18:30:00Z,1.14,17.2,20.8,0.026,,24.0,8.5,90.0,3.45,25.9,102.0,0.15
2025-09-07T19:30:00Z,1.05,22.7,20.3,0.0285,5.05,21.3,8.5,89.0,3.0,25.7,222.0,0.125
2025-09-07T20:30:00Z,1.14,22.3,24.4,0.0317,5.25,15.0,9.5,90.8,3.17,25.4,121.0,0.1
2025-09-07T21:30:00Z,1.06,15.1,23.4,0.027,9.38,15.0,10.5,92.0,3.3,25.2,131.0,0.125
2025-09-07T22:30:00Z,0.913,13.2,22.3,0.0252,4.05,20.5,10.0,92.3,2.83,24.9,34.3,0.125
2025-09-07T23:30:00Z,0.948,19.4,28.1,0.0332,6.5,26.3,8.5,92.3,2.7,24.8,72.3,0.125
2025-09-08T00:30:00Z,1.12,19.5,24.1,0.03,6.5,28.3,10.5,90.8,2.53,25.4,137.0,0.2
2025-09-08T01:30:00Z,1.44,25.4,28.9,0.037,6.23,24.3,13.3,90.3,2.9,26.4,138.0,0.2
2025-09-08T02:30:00Z,1.52,32.9,41.9,0.0516,11.5,23.0,15.5,85.5,3.3,26.8,148.0,0.35
2025-09-08T03:30:00Z,1.3,23.4,58.4,0.0599,15.7,22.3,17.5,79.3,3.53,28.0,162.0,0.525
2025-09-08T04:30:00Z,1.19,18.5,51.3,0.0515,18.5,20.8,14.5,76.3,3.08,28.7,160.0,0.575
2025-09-08T05:30:00Z,1.03,22.5,76.9,0.0744,24.0,22.8,14.5,73.5,3.33,29.3,220.0,0.475
2025-09-08T06:30:00Z,0.798,32.8,131.0,0.124,18.1,26.0,18.0,70.3,4.45,30.1,250.0,0.35
2025-09-08T07:30:00Z,0.725,35.6,171.0,0.158,15.5,28.0,18.0,67.5,4.65,30.2,216.0,0.45
2025-09-08T14:30:00Z,1.57,41.9,25.1,0.0427,10.5,39.0,19.0,90.5,3.3,26.3,305.0,0.15
2025-09-08T15:30:00Z,1.55,34.1,28.6,0.0413,4.73,43.8,22.0,91.3,3.45,26.0,179.0,0.1
2025-09-08T16:30:00Z,1.45,27.6,26.3,0.0361,7.57,45.5,24.0,92.0,3.55,25.8,254.0,0.1
2025-09-08T17:30:00Z,1.46,22.8,28.7,0.0355,4.15,43.7,22.7,93.0,3.4,25.6,25.0,0.1
2025-09-08T18:30:00Z,1.25,16.5,21.7,0.0264,,42.5,20.0,92.0,2.55,25.2,206.0,0.1
2025-09-08T19:30:00Z,1.19,18.8,20.4,0.0266,4.65,37.3,16.8,91.3,2.4,24.9,110.0,0.1
2025-09-08T20:30:00Z,1.2,29.3,23.1,0.0344,8.48,27.3,11.5,92.0,2.97,24.8,185.0,0.1
2025-09-08T21:30:00Z,1.12,11.0,20.8,0.0227,6.7,17.7,12.3,92.7,2.57,24.6,299.0,0.1
2025-09-08T22:30:00Z,1.0,11.7,17.8,0.0206,3.1,22.3,17.0,93.0,2.3,24.5,175.0,0.1
2025-09-08T23:30:00Z,1.01,16.4,24.0,0.0282,3.33,31.0,17.3,93.0,2.45,24.4,137.0,0.125
2025-09-09T00:30:00Z,1.02,18.4,24.2,0.0295,7.73,29.5,9.5,92.8,2.33,24.7,59.5,0.125
2025-09-09T01:30:00Z,1.1,21.4,28.3,0.0344,5.68,37.8,10.0,87.3,2.43,26.0,106.0,0.175
2025-09-09T02:30:00Z,1.23,24.4,41.9,0.0471,12.0,41.3,14.0,79.8,2.78,27.1,212.0,0.275
2025-09-09T03:30:00Z,1.22,18.8,49.0,0.0498,24.1,31.7,14.3,77.0,3.3,28.0,317.0,0.467
2025-09-09T04:30:00Z,1.18,18.0,37.6,0.0401,27.6,31.0,17.5,76.3,3.13,28.5,318.0,0.525
2025-09-09T05:30:00Z,0.957,16.9,30.3,0.0336,33.2,33.0,20.0,73.8,2.77,29.2,312.0,0.6
2025-09-09T06:30:00Z,0.643,30.3,45.6,0.0532,23.2,26.8,16.0,68.3,2.83,30.0,313.0,0.6
2025-09-09T07:30:00Z,0.855,30.7,50.5,0.0574,16.1,15.3,,65.0,2.8,30.5,309.0,0.625
2025-09-09T08:30:00Z,0.763,26.1,26.1,0.0351,17.4,12.7,3.0,66.0,2.67,30.7,302.0,0.667
2025-09-09T09:30:00Z,0.88,18.5,25.4,0.0305,20.2,14.0,1.75,68.0,2.38,30.9,304.0,0.675
2025-09-09T10:30:00Z,1.15,12.4,6.2,0.0116,29.2,15.8,1.0,70.8,2.3,31.0,311.0,0.675
2025-09-09T11:30:00Z,1.27,10.9,3.3,0.00848,29.8,17.0,2.5,75.8,2.48,30.0,309.0,0.525
2025-09-09T12:30:00Z,1.39,11.9,2.83,0.0086,22.6,19.0,5.0,82.5,2.7,29.0,310.0,0.35
2025-09-09T13:30:00Z,1.41,15.8,5.63,0.013,27.8,24.0,8.5,86.3,2.73,28.2,302.0,0.35
2025-09-09T14:30:00Z,1.21,18.8,9.68,0.0179,17.7,31.8,16.8,88.0,2.45,27.5,301.0,0.3
2025-09-09T15:30:00Z,1.12,12.5,9.88,0.0147,21.7,33.8,19.8,87.5,2.4,26.9,310.0,0.325
2025-09-09T16:30:00Z,1.09,10.2,9.25,0.013,20.1,29.5,14.0,88.5,2.4,26.6,312.0,0.35
2025-09-09T17:30:00Z,1.18,10.3,9.7,0.0134,12.7,29.5,15.0,91.0,2.1,26.4,316.0,0.35
2025-09-09T19:30:00Z,,,,,8.95,21.0,17.5,93.0,,25.9,311.0,0.3
2025-09-09T20:30:00Z,1.36,8.0,9.55,0.0121,9.1,21.3,17.0,94.0,3.0,25.7,316.0,0.3
2025-09-09T21:30:00Z,1.24,8.65,9.23,0.0121,9.9,20.0,13.5,94.0,2.5,25.3,301.0,0.2
2025-09-09T22:30:00Z,1.06,7.45,9.1,0.0114,13.4,17.5,11.0,94.0,2.43,25.0,300.0,0.3
2025-09-09T23:30:00Z,1.05,6.0,7.78,0.0095,14.2,19.0,11.0,94.0,2.55,24.9,299.0,0.325
2025-09-10T00:30:00Z,1.05,7.28,6.95,0.00955,14.9,20.5,10.0,94.0,2.43,25.0,307.0,0.375
2025-09-10T01:30:00Z,1.14,8.6,6.55,0.0099,14.9,24.3,12.8,91.5,2.4,26.0,311.0,0.625
2025-09-10T02:30:00Z,1.32,8.58,6.08,0.0095,21.6,30.0,16.5,85.0,2.65,26.9,322.0,0.675
2025-09-10T03:30:00Z,1.3,15.4,5.37,0.0125,22.4,27.7,12.0,80.0,2.57,27.9,323.0,0.767
2025-09-10T04:30:00Z,1.2,10.7,5.65,0.0103,22.7,20.8,9.5,74.8,2.63,28.5,323.0,0.725
2025-09-10T05:30:00Z,1.02,10.8,5.23,0.01,27.7,16.3,9.0,74.7,3.27,28.8,311.0,0.867
2025-09-10T06:30:00Z,0.695,16.4,10.3,0.017,23.7,16.5,7.25,71.0,4.18,29.4,316.0,0.825
2025-09-10T07:30:00Z,0.518,18.0,16.8,0.0233,20.1,17.0,5.0,69.3,4.2,29.8,319.0,0.8
2025-09-10T08:30:00Z,0.425,18.8,16.9,0.0237,25.2,19.5,4.5,69.0,4.3,30.0,319.0,0.775
2025-09-10T09:30:00Z,0.435,13.6,5.45,0.0117,30.2,19.5,7.0,71.0,4.3,29.9,317.0,0.975
2025-09-10T10:30:00Z,0.73,9.43,3.48,0.00788,41.8,23.8,9.5,74.8,4.78,29.8,324.0,0.775
2025-09-10T11:30:00Z,0.8,9.08,2.73,0.00705,37.2,31.8,13.5,79.8,4.43,29.2,320.0,0.625
2025-09-10T12:30:00Z,0.843,10.1,3.18,0.00795,31.2,31.5,16.5,83.3,4.63,28.4,317.0,0.525
2025-09-10T13:30:00Z,0.743,12.8,4.67,0.0106,28.5,30.3,16.0,85.7,4.8,27.7,326.0,0.5
2025-09-10T14:30:00Z,0.533,10.5,4.6,0.00935,31.0,32.0,14.3,87.5,4.48,27.2,320.0,0.575
2025-09-10T15:30:00Z,0.528,8.15,4.0,0.00758,25.1,31.5,13.0,88.5,4.63,26.9,318.0,0.625
2025-09-10T16:30:00Z,0.493,5.5,3.73,0.00595,23.2,26.3,12.0,90.3,4.73,26.5,317.0,0.575
2025-09-10T17:30:00Z,0.705,4.73,4.07,0.00577,21.5,22.3,8.67,91.0,4.75,26.2,316.0,0.467
2025-09-10T18:30:00Z,1.15,3.9,4.2,0.00545,,19.0,8.0,92.0,3.85,26.1,323.0,0.5
2025-09-10T19:30:00Z,1.2,4.4,3.4,0.0051,12.6,19.0,7.0,92.5,3.8,26.0,318.0,0.5
2025-09-10T20:30:00Z,1.26,5.23,4.03,0.0061,14.7,18.5,6.0,93.0,4.27,25.7,315.0,0.425
2025-09-10T21:30:00Z,1.21,5.98,4.3,0.00668,13.6,17.0,7.5,93.3,3.68,25.5,309.0,0.325
2025-09-10T22:30:00Z,1.06,5.55,5.23,0.00723,14.0,18.5,9.0,93.3,3.48,25.3,310.0,0.225
2025-09-10T23:30:00Z,1.07,7.25,6.4,0.00905,11.6,20.3,7.5,94.0,3.65,25.2,306.0,0.225
2025-09-11T00:30:00Z,1.14,8.18,7.4,0.0104,7.1,22.3,6.5,94.0,3.83,25.3,320.0,0.225
2025-09-11T01:30:00Z,1.21,9.13,8.4,0.0117,16.7,27.3,8.33,91.3,3.6,25.8,327.0,0.467
2025-09-11T02:30:00Z,1.47,8.75,9.68,0.0126,22.8,34.5,13.3,83.5,4.15,26.8,335.0,0.525
2025-09-11T03:30:00Z,1.39,16.9,11.2,0.0181,23.0,38.0,14.5,79.0,4.13,27.2,326.0,0.725
2025-09-11T04:30:00Z,1.36,15.5,7.53,0.0143,25.1,36.0,13.0,76.8,4.13,27.4,313.0,0.8
2025-09-11T05:30:00Z,1.22,14.9,6.03,0.0128,32.8,34.0,13.3,75.0,4.2,28.1,320.0,0.7
2025-09-11T06:30:00Z,0.71,21.3,24.6,0.0313,22.1,31.0,13.5,68.0,3.43,28.9,322.0,0.725
2025-09-11T07:30:00Z,0.58,21.4,20.7,0.0282,24.9,27.8,10.5,68.3,2.98,29.1,319.0,0.675
2025-09-11T08:30:00Z,0.588,22.7,13.2,0.0229,23.0,27.5,8.0,67.0,3.18,29.3,315.0,0.75
2025-09-11T09:30:00Z,0.577,16.5,11.5,0.0182,32.4,28.3,8.0,65.3,3.27,29.8,311.0,0.733
2025-09-11T10:30:00Z,0.83,11.5,3.3,0.00875,49.9,29.8,10.8,70.3,3.48,30.0,316.0,0.6
2025-09-11T11:30:00Z,0.98,13.4,3.33,0.00983,33.7,38.3,14.3,75.0,3.47,29.3,311.0,0.667
2025-09-11T12:30:00Z,0.983,16.8,2.85,0.0112,25.4,34.8,11.3,77.8,3.3,28.5,312.0,0.625
2025-09-11T13:30:00Z,0.955,14.1,3.68,0.0105,22.8,28.0,7.0,78.5,3.58,28.0,315.0,0.6
2025-09-11T14:30:00Z,0.79,14.2,4.13,0.0109,15.4,27.5,8.0,81.0,2.98,27.4,324.0,0.4
2025-09-11T15:30:00Z,0.765,12.9,5.68,0.0115,13.6,26.0,8.0,83.8,3.08,26.9,335.0,0.325
2025-09-11T16:30:00Z,0.745,12.2,7.98,0.013,12.6,29.3,8.75,87.0,2.95,26.4,309.0,0.25
2025-09-11T17:30:00Z,0.925,10.5,8.97,0.0129,9.7,34.7,12.0,88.0,3.5,26.3,307.0,0.267
2025-09-11T18:30:00Z,1.18,6.7,11.4,0.0128,,24.5,13.0,89.0,5.0,26.3,303.0,0.25
2025-09-11T19:30:00Z,1.26,10.1,10.9,0.0143,6.67,22.0,9.0,89.5,5.15,26.3,306.0,0.2
2025-09-11T20:30:00Z,1.34,7.55,11.4,0.0132,10.0,18.3,5.0,90.0,5.15,26.2,310.0,0.167
2025-09-11T21:30:00Z,1.3,8.2,12.5,0.0145,11.5,20.8,6.5,90.0,5.18,26.0,316.0,0.2
2025-09-11T22:30:00Z,1.12,6.57,11.7,0.013,13.4,23.0,8.67,89.3,5.13,25.9,317.0,0.233
2025-09-11T23:30:00Z,1.08,7.4,11.0,0.0129,13.8,18.5,9.5,90.3,5.03,25.7,320.0,0.225
2025-09-12T00:30:00Z,1.15,9.73,12.1,0.015,9.25,18.5,8.5,91.3,4.98,25.6,320.0,0.275
2025-09-12T01:30:00Z,1.13,10.7,14.2,0.0171,17.9,26.3,9.0,87.0,5.05,26.4,339.0,0.475
2025-09-12T02:30:00Z,1.39,12.6,13.3,0.0175,16.1,34.0,13.5,83.8,5.33,26.8,308.0,0.6
2025-09-12T03:30:00Z,1.41,17.2,13.4,0.02,26.2,37.5,14.5,81.3,5.5,27.0,328.0,0.45
2025-09-12T04:30:00Z,1.41,15.2,16.7,0.0217,33.8,37.3,12.5,76.3,5.18,28.3,325.0,0.5
2025-09-12T05:30:00Z,1.02,17.6,20.2,0.0258,34.1,34.5,12.0,74.0,3.97,28.5,320.0,0.575
2025-09-12T06:30:00Z,0.61,20.0,27.8,0.0332,35.9,34.3,12.7,71.0,2.33,29.1,312.0,0.567
2025-09-12T07:30:00Z,0.518,21.8,32.3,0.0379,34.0,36.8,14.0,71.5,2.4,29.5,316.0,0.425
2025-09-12T08:30:00Z,0.488,27.9,71.7,0.0731,25.3,40.5,13.0,68.5,2.7,29.9,330.0,0.475
2025-09-12T09:30:00Z,0.473,24.3,28.4,0.0361,30.7,41.0,13.8,70.0,2.53,30.3,324.0,0.55
2025-09-12T10:30:00Z,0.685,14.9,12.5,0.0181,36.2,37.0,10.8,68.0,2.5,30.5,325.0,0.45
2025-09-12T11:30:00Z,0.88,13.6,6.77,0.0127,35.3,31.3,6.33,74.3,2.43,29.6,322.0,0.333
2025-09-12T12:30:00Z,0.99,16.5,7.0,0.0145,27.8,30.8,8.0,79.8,2.5,28.9,324.0,0.25
2025-09-12T13:30:00Z,1.15,20.9,9.8,0.0191,22.3,37.3,9.75,82.8,2.75,28.4,320.0,0.25
2025-09-12T14:30:00Z,0.755,18.0,12.5,0.0197,18.2,40.5,12.0,84.0,2.65,27.9,315.0,0.275
2025-09-12T15:30:00Z,0.737,15.0,13.2,0.0188,15.6,37.0,12.0,85.0,2.77,27.6,334.0,0.267
2025-09-12T16:30:00Z,0.637,11.7,13.5,0.0172,24.1,33.0,10.7,85.0,2.6,27.4,316.0,0.433
2025-09-12T17:30:00Z,0.825,10.8,13.1,0.0164,18.5,31.0,9.33,85.3,2.55,27.2,321.0,0.233
2025-09-12T18:30:00Z,1.26,9.65,16.5,0.0186,,25.0,11.5,87.0,2.35,27.1,326.0,0.2
2025-09-12T19:30:00Z,1.28,9.75,15.3,0.0176,9.73,29.0,11.5,88.0,2.25,26.9,303.0,0.2
2025-09-12T20:30:00Z,1.29,10.5,15.9,0.0185,11.5,30.5,10.0,89.0,2.7,26.8,103.0,0.15
2025-09-12T21:30:00Z,1.22,12.3,16.0,0.0196,13.0,26.8,11.5,89.0,2.58,26.4,64.3,0.225
2025-09-12T22:30:00Z,0.96,7.7,16.5,0.0175,16.8,20.0,10.8,89.0,1.9,25.5,64.8,0.2
2025-09-12T23:30:00Z,0.99,18.8,17.0,0.0238,10.1,13.3,5.5,91.8,1.95,25.4,198.0,0.125
2025-09-13T00:30:00Z,1.1,22.5,20.0,0.0283,3.53,10.3,4.33,93.0,1.8,25.6,157.0,0.1
2025-09-13T01:30:00Z,1.1,14.7,18.3,0.0227,13.7,10.8,4.5,91.5,1.95,26.1,331.0,0.25
2025-09-13T02:30:00Z,1.32,10.5,36.0,0.0348,14.1,23.5,7.5,81.5,2.28,27.1,266.0,0.35
2025-09-13T03:30:00Z,1.23,21.9,47.8,0.0506,18.7,31.8,9.25,75.3,3.05,28.3,316.0,0.5
2025-09-13T04:30:00Z,1.18,16.4,33.4,0.0359,26.0,27.3,6.33,72.0,2.63,29.3,321.0,0.4
2025-09-13T05:30:00Z,0.99,14.6,25.0,0.0281,28.2,25.5,6.5,70.8,2.4,29.5,319.0,0.325
2025-09-13T06:30:00Z,0.698,10.0,17.4,0.0196,26.9,22.8,8.25,74.3,2.28,29.2,320.0,0.3
2025-09-13T07:30:00Z,0.675,14.9,22.6,0.0263,29.1,22.3,8.0,73.5,2.05,29.2,326.0,0.3
2025-09-13T08:30:00Z,0.643,29.2,95.5,0.0933,20.1,25.8,5.5,68.8,2.9,29.8,233.0,0.4
2025-09-13T09:30:00Z,0.883,31.4,36.9,0.0467,13.7,27.0,4.0,77.5,2.73,28.9,151.0,0.325
2025-09-13T10:30:00Z,1.27,26.4,17.0,0.0279,15.1,21.8,3.0,83.8,2.78,28.0,255.0,0.15
2025-09-13T11:30:00Z,1.56,43.2,24.7,0.043,8.7,26.0,13.5,84.3,2.65,28.5,244.0,0.15
2025-09-13T12:30:00Z,1.63,50.9,32.5,0.0535,6.1,34.5,13.5,86.5,2.75,27.8,308.0,0.1
2025-09-13T13:30:00Z,1.96,42.3,37.1,0.0527,5.28,34.5,11.0,89.3,2.88,27.5,324.0,0.1
2025-09-13T14:30:00Z,1.9,38.0,47.8,0.0591,5.18,42.3,12.8,90.5,2.83,27.3,323.0,0.1
2025-09-13T15:30:00Z,1.43,33.9,36.0,0.0472,5.8,49.5,17.5,90.0,2.8,26.8,80.8,0.1
2025-09-13T16:30:00Z,1.22,27.4,25.6,0.0354,8.23,50.0,18.0,89.8,2.53,26.6,89.5,0.125
2025-09-13T17:30:00Z,1.23,27.4,30.6,0.0395,6.33,51.0,19.0,90.0,2.1,26.4,161.0,0.133
2025-09-13T18:30:00Z,1.31,17.1,31.2,0.0345,,56.0,17.0,91.0,1.9,26.2,52.0,0.1
2025-09-13T19:30:00Z,1.27,18.5,21.6,0.0275,4.9,47.8,14.8,92.0,1.5,26.0,75.0,0.125
2025-09-13T20:30:00Z,1.17,17.3,20.3,0.0257,5.78,36.8,14.5,90.8,1.8,26.1,95.5,0.125
2025-09-13T21:30:00Z,1.15,19.8,22.9,0.0291,5.13,33.0,15.0,91.5,1.55,26.0,80.5,0.15
2025-09-13T22:30:00Z,0.838,24.8,19.9,0.0294,5.9,31.5,16.0,90.3,1.25,26.0,88.8,0.15
2025-09-13T23:30:00Z,0.728,12.7,15.6,0.0194,16.0,30.5,14.8,91.3,0.975,25.4,248.0,0.4
2025-09-14T00:30:00Z,0.745,15.5,8.23,0.0149,29.9,22.3,10.0,93.8,0.75,24.9,117.0,0.2
2025-09-14T01:30:00Z,0.878,30.9,10.0,0.0246,16.2,14.5,9.0,94.5,1.13,25.1,142.0,0.15
2025-09-14T02:30:00Z,1.2,26.5,15.6,0.0268,9.58,14.0,9.0,95.0,1.45,25.6,97.3,0.225
2025-09-14T03:30:00Z,1.2,14.6,28.7,0.0311,20.3,14.5,9.0,92.0,1.3,25.9,249.0,0.275
2025-09-14T04:30:00Z,1.14,11.1,25.9,0.027,28.4,19.3,11.0,81.8,1.08,27.5,308.0,0.55
2025-09-14T05:30:00Z,1.03,16.5,35.5,0.0376,29.6,35.0,17.8,75.8,1.87,29.3,327.0,0.35
2025-09-14T06:30:00Z,0.748,27.8,36.4,0.0443,29.3,41.3,21.0,75.3,2.5,29.3,309.0,0.525
2025-09-14T07:30:00Z,0.698,25.0,38.5,0.0446,32.0,30.8,15.3,74.3,2.85,29.5,319.0,0.4
2025-09-14T08:30:00Z,0.695,24.6,36.6,0.0428,30.2,32.5,13.3,73.3,2.88,29.4,315.0,0.35
2025-09-14T09:30:00Z,0.63,24.3,39.5,0.045,29.3,33.7,13.3,71.0,2.77,30.5,315.0,0.5
2025-09-14T10:30:00Z,0.953,17.5,19.2,0.025,26.8,28.8,10.5,74.3,2.58,30.3,316.0,0.3
2025-09-14T11:30:00Z,1.1,21.2,13.1,0.0219,25.5,29.0,10.5,80.5,2.98,29.1,294.0,0.2
2025-09-14T12:30:00Z,1.25,27.8,14.0,0.0262,18.0,30.3,12.0,84.0,2.9,28.4,296.0,0.2
2025-09-14T13:30:00Z,1.35,26.7,14.2,0.0257,12.5,32.3,18.3,87.8,2.9,27.9,300.0,0.225
2025-09-14T14:30:00Z,1.26,29.8,15.3,0.0283,10.3,37.5,23.0,88.5,2.73,27.7,318.0,0.1
2025-09-14T15:30:00Z,1.23,31.5,15.1,0.029,8.23,45.7,21.7,88.3,2.57,27.7,317.0,0.2
2025-09-14T16:30:00Z,1.03,20.9,14.4,0.0229,9.27,43.7,18.7,87.7,2.33,27.3,208.0,0.167
2025-09-14T17:30:00Z,1.05,19.7,15.7,0.0233,11.1,38.7,16.0,89.3,2.75,26.9,212.0,0.1
2025-09-14T18:30:00Z,1.25,14.6,13.7,0.0189,,33.0,10.0,92.5,2.75,26.4,306.0,0.1
2025-09-14T19:30:00Z,1.25,11.3,12.4,0.016,5.25,27.3,12.0,93.0,2.85,26.3,306.0,0.1
2025-09-14T20:30:00Z,1.2,7.97,11.7,0.0137,6.5,20.0,12.8,93.0,2.7,26.2,309.0,0.175
2025-09-14T21:30:00Z,1.2,8.05,12.5,0.0145,6.95,19.0,11.5,93.8,2.98,26.1,224.0,0.1
2025-09-14T22:30:00Z,0.933,9.25,13.0,0.0155,6.73,19.0,10.5,94.0,2.6,25.8,204.0,0.1
2025-09-14T23:30:00Z,0.865,10.5,12.5,0.0157,7.65,19.5,7.5,94.0,2.55,25.6,224.0,0.125
2025-09-15T00:30:00Z,0.93,13.2,12.5,0.0172,7.98,24.3,8.0,93.3,2.5,25.8,297.0,0.175
2025-09-15T01:30:00Z,1.03,16.6,15.5,0.0214,11.5,33.0,12.3,90.0,2.4,26.6,336.0,0.3
2025-09-15T02:30:00Z,1.17,16.0,23.1,0.0273,18.5,41.8,16.0,81.5,3.03,27.9,322.0,0.475
2025-09-15T03:30:00Z,1.2,10.3,22.1,0.0235,21.3,39.8,13.3,77.0,2.8,28.8,310.0,0.5
2025-09-15T04:30:00Z,1.1,14.8,19.8,0.0239,21.3,30.0,6.33,74.7,2.67,29.2,325.0,0.433
2025-09-15T05:30:00Z,1.01,24.3,24.3,0.0326,21.3,27.5,6.5,72.0,2.73,29.4,312.0,0.525
2025-09-15T06:30:00Z,0.72,24.7,56.5,0.059,17.1,27.3,7.5,69.0,2.65,30.2,233.0,0.525
2025-09-15T07:30:00Z,0.713,34.2,103.0,0.102,14.1,29.5,6.5,70.5,2.78,29.8,185.0,0.4
2025-09-15T08:30:00Z,0.658,36.0,117.0,0.114,13.6,33.0,8.0,68.3,3.25,30.5,315.0,0.425
2025-09-15T09:30:00Z,0.605,25.1,44.6,0.0495,19.4,32.3,9.0,69.3,2.98,30.8,315.0,0.55
2025-09-15T10:30:00Z,0.918,16.3,16.4,0.0219,29.3,29.8,8.5,74.0,2.35,30.4,321.0,0.35
2025-09-15T11:30:00Z,1.02,17.3,12.2,0.0191,26.8,35.3,9.5,75.3,2.65,30.1,322.0,0.3
2025-09-15T12:30:00Z,1.16,21.6,12.3,0.0215,17.5,37.5,10.0,78.5,2.48,29.2,328.0,0.125
2025-09-15T13:30:00Z,1.31,30.6,14.8,0.0282,9.8,40.0,12.5,80.5,2.45,28.6,319.0,0.125
2025-09-15T14:30:00Z,1.18,28.6,14.4,0.0269,10.7,42.5,17.0,83.3,2.63,28.0,268.0,0.125
2025-09-15T15:30:00Z,1.39,31.5,28.7,0.04,4.75,47.3,18.3,85.5,2.83,27.7,163.0,0.1
2025-09-15T16:30:00Z,1.16,26.9,18.6,0.0295,10.4,49.8,17.5,85.0,2.35,27.9,75.0,0.15
2025-09-15T17:30:00Z,1.02,14.0,15.8,0.0203,5.85,43.0,15.0,84.0,2.3,28.0,248.0,0.1
2025-09-15T18:30:00Z,1.31,21.2,18.8,0.0266,,54.5,16.5,87.5,2.2,27.6,195.0,0.2
2025-09-15T19:30:00Z,1.28,15.6,16.8,0.0219,4.95,46.3,,89.3,2.25,27.1,105.0,0.175
2025-09-15T20:30:00Z,1.26,11.3,14.2,0.0175,6.03,35.3,16.0,90.5,2.7,26.9,25.5,0.15
2025-09-15T21:30:00Z,1.16,9.6,14.1,0.0166,6.53,30.8,14.8,89.8,2.2,26.6,199.0,0.225
2025-09-15T22:30:00Z,0.743,19.0,11.5,0.0194,31.1,25.0,10.5,83.5,1.93,24.7,70.5,0.325
2025-09-15T23:30:00Z,0.713,10.6,9.85,0.0137,29.8,12.5,6.0,87.0,1.83,24.2,294.0,0.1
2025-09-16T00:30:00Z,0.93,32.0,12.7,0.0273,20.0,6.25,4.0,85.3,1.93,24.8,171.0,0.1
2025-09-16T01:30:00Z,1.05,29.9,15.7,0.0286,12.3,28.0,19.5,81.3,1.8,26.5,130.0,0.35
2025-09-16T02:30:00Z,1.25,19.4,19.4,0.0261,12.8,42.5,16.3,84.3,2.5,27.0,162.0,0.5
2025-09-16T03:30:00Z,1.31,17.0,28.4,0.0322,14.2,43.0,18.8,81.5,2.65,27.7,173.0,0.575
2025-09-16T04:30:00Z,1.31,18.8,31.3,0.0354,18.5,52.0,30.5,79.8,2.95,28.2,170.0,0.525
2025-09-16T05:30:00Z,1.2,23.1,66.6,0.0665,25.2,56.0,35.0,76.0,2.83,28.7,210.0,0.425
2025-09-16T06:30:00Z,0.893,30.8,112.0,0.108,23.0,50.0,30.7,71.7,2.57,29.8,266.0,0.333
2025-09-16T07:30:00Z,0.733,16.8,31.1,0.0342,36.4,42.7,27.3,82.0,1.5,27.9,326.0,0.267
2025-09-16T08:30:00Z,0.77,15.2,16.6,0.0216,36.4,40.0,27.0,88.0,1.2,26.6,309.0,0.25
2025-09-17T00:30:00Z,1.08,16.2,14.8,0.0206,8.75,27.0,10.5,95.0,1.2,25.1,332.0,0.1
2025-09-17T01:30:00Z,1.11,18.4,17.4,0.024,9.7,28.5,12.0,94.3,1.45,25.3,303.0,0.25
2025-09-17T02:30:00Z,1.34,16.0,21.6,0.0261,19.1,34.3,18.3,87.5,2.08,26.0,303.0,0.425
2025-09-17T03:30:00Z,1.48,20.5,33.6,0.0382,28.4,40.5,23.5,82.3,2.48,27.3,307.0,0.35
2025-09-17T04:30:00Z,1.26,20.9,30.4,0.0358,23.2,41.0,22.0,78.5,2.43,28.0,315.0,0.475
2025-09-17T05:30:00Z,1.09,19.8,32.9,0.0373,23.4,38.8,17.5,74.8,2.7,29.1,326.0,0.5
2025-09-17T06:30:00Z,0.925,26.9,61.7,0.0645,24.5,35.5,17.3,70.3,2.9,30.0,328.0,0.5
2025-09-17T07:30:00Z,0.755,33.5,72.5,0.0767,19.0,36.3,16.8,65.5,2.5,30.7,318.0,0.475
2025-09-17T08:30:00Z,0.725,27.0,43.8,0.0499,22.5,40.8,13.0,67.8,2.38,31.0,316.0,0.45
2025-09-17T09:30:00Z,0.665,23.1,25.9,0.0333,26.2,40.8,14.5,69.0,2.35,31.1,318.0,0.55
2025-09-17T10:30:00Z,0.845,20.9,12.8,0.0215,38.1,37.0,13.0,69.3,1.95,29.8,322.0,0.425
2025-09-17T11:30:00Z,1.09,20.5,9.25,0.0185,40.2,33.0,10.5,73.5,2.18,28.4,317.0,0.275
2025-09-17T12:30:00Z,1.44,50.9,11.3,0.0363,18.7,33.0,14.5,77.8,2.35,27.5,314.0,0.15
2025-09-17T13:30:00Z,1.7,59.8,13.9,0.0431,5.1,41.0,20.0,82.0,2.65,27.0,320.0,0.1
2025-09-17T14:30:00Z,1.66,53.4,13.9,0.0397,4.9,43.7,21.3,85.7,2.47,26.6,317.0,0.1
2025-09-17T15:30:00Z,1.56,48.2,27.4,0.0479,8.57,55.0,21.8,85.3,2.48,27.2,145.0,0.2
2025-09-17T16:30:00Z,0.915,19.6,13.0,0.021,31.9,58.0,19.0,81.3,2.43,26.9,90.0,0.375
2025-09-17T17:30:00Z,0.875,13.4,11.9,0.0168,45.2,32.7,10.0,82.0,1.95,25.8,89.7,0.3
2025-09-17T18:30:00Z,1.02,10.1,11.6,0.0149,,19.5,4.0,86.5,1.4,25.7,71.0,0.2
2025-09-17T19:30:00Z,1.07,10.1,11.0,0.0143,34.8,15.3,3.5,87.0,1.45,25.5,238.0,0.175
2025-09-17T20:30:00Z,1.13,7.97,10.9,0.0131,34.0,10.7,3.0,86.7,1.83,25.7,171.0,0.233
2025-09-17T21:30:00Z,1.16,9.85,10.6,0.0139,24.2,12.0,4.0,87.5,1.55,25.8,174.0,0.225
2025-09-17T22:30:00Z,1.05,8.98,10.3,0.0132,23.1,15.8,9.75,89.5,1.48,25.5,140.0,0.375
2025-09-17T23:30:00Z,0.8,9.93,8.97,0.0126,37.3,12.7,7.33,89.0,0.967,24.4,183.0,0.3
2025-09-18T00:30:00Z,0.863,14.4,7.38,0.0137,29.8,7.5,3.0,92.5,1.08,24.1,161.0,0.2
2025-09-18T01:30:00Z,1.02,24.9,8.48,0.0201,19.2,5.5,,93.0,1.15,24.1,159.0,0.175
2025-09-18T02:30:00Z,1.38,32.7,12.6,0.0276,15.7,7.0,2.0,93.0,1.75,24.3,167.0,0.25
2025-09-18T03:30:00Z,1.45,26.6,10.3,0.0225,19.4,9.0,2.0,92.0,1.8,24.1,296.0,0.5
2025-09-18T08:30:00Z,0.71,28.4,58.9,0.063,31.5,26.3,9.0,70.3,1.57,28.4,304.0,0.467
2025-09-18T09:30:00Z,0.895,29.5,30.7,0.0407,45.4,29.0,,71.0,1.43,28.6,312.0,0.475
2025-09-18T10:30:00Z,1.0,23.9,26.7,0.0344,45.1,29.5,6.0,76.3,1.95,29.0,309.0,0.35
2025-09-18T11:30:00Z,1.13,27.3,10.1,0.0227,30.2,29.0,8.5,81.5,1.2,28.1,311.0,0.15
2025-09-18T12:30:00Z,1.53,39.7,12.0,0.0309,15.7,33.3,14.7,87.0,1.57,26.9,312.0,0.133
2025-09-18T13:30:00Z,1.38,37.9,12.8,0.0305,27.9,39.8,17.5,87.0,1.73,26.2,319.0,0.2
2025-09-18T14:30:00Z,1.56,56.8,25.3,0.0508,8.63,39.3,16.0,89.3,1.88,25.2,197.0,0.1
2025-09-18T15:30:00Z,1.52,44.0,23.8,0.0427,9.1,34.5,14.0,91.8,1.85,25.3,141.0,0.15
2025-09-18T16:30:00Z,1.12,31.4,12.4,0.0267,14.0,37.0,11.8,90.8,1.53,24.9,62.5,0.125
2025-09-18T17:30:00Z,1.11,23.3,12.1,0.0222,6.45,34.5,8.5,90.5,1.15,25.1,73.0,0.2
2025-09-18T18:30:00Z,1.15,18.5,13.3,0.0206,,39.5,13.0,91.0,1.95,25.8,73.0,0.3
2025-09-18T19:30:00Z,1.26,16.6,12.0,0.0186,5.05,36.8,13.0,92.5,1.65,25.5,99.3,0.1
2025-09-18T20:30:00Z,1.3,16.4,13.2,0.0194,6.85,27.3,11.5,93.0,2.33,25.2,185.0,0.1
2025-09-18T21:30:00Z,1.26,8.15,12.0,0.0141,8.2,22.5,11.3,94.0,2.43,24.7,187.0,0.1
2025-09-18T22:30:00Z,1.16,12.8,14.9,0.0189,4.05,22.5,12.5,94.0,2.13,24.8,72.5,0.2
2025-09-18T23:30:00Z,1.06,14.9,19.9,0.0242,3.8,23.3,11.3,94.0,1.9,24.2,139.0,0.1
2025-09-19T00:30:00Z,1.19,17.5,31.9,0.0353,15.9,23.5,10.0,94.5,2.35,24.5,57.3,0.125
2025-09-19T01:30:00Z,1.41,22.0,30.7,0.0366,6.65,26.8,11.3,94.0,2.2,25.1,75.7,0.125
2025-09-19T02:30:00Z,1.44,24.1,32.4,0.0392,12.0,36.0,14.5,91.0,2.33,25.7,70.8,0.175
2025-09-19T03:30:00Z,1.51,19.6,38.5,0.0418,24.9,40.0,17.7,79.3,2.8,27.3,227.0,0.267
2025-09-19T04:30:00Z,,,,,38.1,40.0,21.0,80.5,,26.0,318.0,0.425
2025-09-19T05:30:00Z,0.915,30.2,8.95,0.0233,43.0,30.0,20.5,76.3,2.75,27.8,315.0,0.55
2025-09-19T06:30:00Z,0.785,24.0,28.1,0.0356,35.4,25.8,16.0,72.5,1.95,29.1,319.0,0.55
2025-09-19T07:30:00Z,0.923,28.4,37.5,0.0456,21.0,35.0,13.5,69.0,1.45,29.8,312.0,0.55
2025-09-19T08:30:00Z,0.863,24.1,41.3,0.0464,24.1,52.5,19.3,69.5,1.6,29.8,325.0,0.475
2025-09-19T09:30:00Z,0.868,23.0,31.4,0.0377,27.9,62.3,18.3,69.5,1.5,30.3,324.0,0.45
2025-09-19T10:30:00Z,1.03,18.6,15.5,0.0225,36.0,68.3,19.8,73.5,1.75,30.1,322.0,0.3
2025-09-19T11:30:00Z,1.31,17.6,9.03,0.0167,40.3,56.5,23.3,78.8,1.55,29.0,320.0,0.325
2025-09-19T12:30:00Z,1.35,16.8,6.78,0.0144,39.1,52.0,26.3,80.5,1.25,28.0,314.0,0.4
2025-09-19T13:30:00Z,1.43,18.5,8.07,0.0165,22.0,56.0,26.3,84.3,1.6,27.4,304.0,0.267
2025-09-19T14:30:00Z,1.49,26.2,9.7,0.0218,17.0,65.5,23.5,88.5,1.8,26.6,310.0,0.125
2025-09-19T15:30:00Z,1.39,22.7,9.5,0.0198,9.85,62.3,24.5,89.0,1.03,25.8,314.0,0.2
2025-09-19T16:30:00Z,1.41,26.8,11.8,0.0239,13.5,59.0,23.5,90.5,1.33,25.3,260.0,0.1
2025-09-19T17:30:00Z,1.38,23.6,10.5,0.021,15.4,58.0,24.7,91.0,1.75,24.7,228.0,0.1
2025-09-19T18:30:00Z,1.11,20.9,11.3,0.0203,,62.5,26.0,92.0,3.2,24.2,323.0,0.15
2025-09-19T19:30:00Z,1.11,21.8,9.3,0.0192,8.9,57.7,24.3,92.0,3.3,23.9,307.0,0.133
2025-09-19T20:30:00Z,1.2,10.6,7.77,0.012,7.45,39.8,19.5,93.0,3.63,23.5,335.0,0.2
2025-09-19T21:30:00Z,1.25,11.3,7.63,0.0122,6.25,36.5,17.8,93.0,3.25,23.3,176.0,0.15
2025-09-19T22:30:00Z,1.24,13.3,8.53,0.014,5.68,41.8,16.5,93.8,3.43,23.1,110.0,0.15
2025-09-19T23:30:00Z,1.14,14.9,9.05,0.0153,5.45,48.0,23.8,94.0,2.98,22.6,329.0,0.1
2025-09-20T00:30:00Z,1.35,22.3,19.7,0.0278,5.55,56.3,31.0,93.0,3.4,22.9,111.0,0.2
2025-09-20T01:30:00Z,1.2,26.5,17.5,0.0284,8.1,64.0,33.8,84.0,3.03,24.8,221.0,0.175
2025-09-20T02:30:00Z,1.29,27.6,20.9,0.0317,25.9,47.3,24.7,75.0,3.27,26.9,314.0,0.333
2025-09-20T03:30:00Z,1.35,19.9,22.7,0.029,47.9,44.8,22.0,71.8,3.53,28.1,318.0,0.5
2025-09-20T04:30:00Z,1.19,12.5,10.2,0.0149,55.8,49.8,25.5,70.3,3.4,28.5,314.0,0.525
2025-09-20T05:30:00Z,1.08,12.9,6.83,0.0124,54.6,50.0,23.5,69.3,3.63,29.1,326.0,0.525
2025-09-20T06:30:00Z,0.905,18.4,11.3,0.019,44.6,49.5,18.3,65.5,3.8,29.4,312.0,0.7
2025-09-20T07:30:00Z,0.818,22.1,21.4,0.0291,34.0,40.0,14.5,65.0,3.7,29.9,313.0,0.65
2025-09-20T08:30:00Z,0.825,25.0,17.7,0.0277,36.4,37.5,15.0,64.5,4.28,30.1,312.0,0.7
2025-09-20T09:30:00Z,0.79,20.3,7.0,0.0165,48.2,41.0,14.5,64.0,4.18,30.5,318.0,0.675
2025-09-20T10:30:00Z,0.878,14.1,7.45,0.0136,58.4,40.5,12.5,66.5,4.15,30.3,328.0,0.425
2025-09-20T11:30:00Z,1.06,13.8,6.43,0.0126,63.1,41.0,12.0,71.8,4.25,29.2,321.0,0.475
2025-09-20T12:30:00Z,1.18,18.5,4.83,0.0138,49.0,48.3,14.5,77.0,4.3,28.0,316.0,0.4
2025-09-20T13:30:00Z,1.2,19.4,5.8,0.0151,39.3,56.0,19.5,80.3,4.28,27.2,305.0,0.3
2025-09-20T14:30:00Z,1.19,21.6,7.83,0.0179,30.7,61.3,24.5,83.0,4.23,26.4,302.0,0.25
2025-09-20T15:30:00Z,0.99,16.6,6.55,0.0141,31.2,58.3,24.0,83.3,4.33,26.1,320.0,0.25
2025-09-20T16:30:00Z,0.97,14.4,6.88,0.0132,25.6,49.5,22.0,85.8,4.08,25.4,301.0,0.175
2025-09-20T17:30:00Z,1.06,16.8,7.33,0.0149,16.5,48.7,22.7,88.3,3.8,24.9,307.0,0.1
2025-09-20T18:30:00Z,1.12,19.7,7.75,0.0168,,58.5,28.0,90.0,2.35,24.5,170.0,0.1
2025-09-20T19:30:00Z,1.21,23.2,8.2,0.0191,7.97,51.3,23.3,91.5,2.25,24.3,85.5,0.1
2025-09-20T20:30:00Z,1.27,15.5,8.13,0.0149,8.83,41.0,17.5,92.0,2.2,24.0,185.0,0.1
2025-09-20T21:30:00Z,1.35,20.2,10.6,0.0194,6.45,43.0,22.0,93.0,2.65,23.8,35.8,0.1
2025-09-20T22:30:00Z,1.23,15.0,9.03,0.0153,9.78,44.5,24.5,92.5,2.43,23.3,244.0,0.1
2025-09-20T23:30:00Z,1.16,14.2,9.8,0.0155,4.7,42.0,22.0,93.0,2.25,23.2,1.0,0.1
2025-09-21T00:30:00Z,1.24,18.9,14.7,0.022,6.45,55.5,28.0,93.0,2.45,23.6,328.0,0.1
2025-09-21T01:30:00Z,1.19,17.6,11.6,0.0188,15.0,57.0,30.0,90.0,2.43,24.3,336.0,0.2
2025-09-21T02:30:00Z,1.19,13.8,13.3,0.0181,36.4,59.5,36.5,79.5,2.38,26.3,316.0,0.425
2025-09-21T03:30:00Z,1.29,14.9,18.9,0.0233,49.5,49.0,28.8,76.5,2.45,27.5,330.0,0.55
2025-09-21T04:30:00Z,1.33,14.2,12.9,0.0181,59.4,42.3,20.8,74.3,2.88,28.3,330.0,0.475
2025-09-21T05:30:00Z,1.13,15.5,13.3,0.0191,62.7,51.0,23.0,70.8,2.97,29.4,326.0,0.525
2025-09-21T06:30:00Z,0.933,27.8,36.4,0.0444,45.3,52.3,22.0,67.3,3.28,30.1,327.0,0.55
2025-09-21T07:30:00Z,0.783,32.8,51.8,0.0596,38.1,53.3,23.5,66.3,3.48,30.4,324.0,0.6
2025-09-21T08:30:00Z,0.77,32.9,30.3,0.0422,39.0,57.3,25.0,67.0,2.9,30.6,326.0,0.625
2025-09-21T09:30:00Z,0.79,28.5,11.3,0.0244,49.5,60.0,24.5,66.5,3.0,31.2,322.0,0.625
2025-09-21T10:30:00Z,0.863,16.8,6.6,0.0143,66.9,64.0,24.7,68.3,2.9,31.0,328.0,0.467
2025-09-21T11:30:00Z,1.07,15.2,6.4,0.0133,60.3,69.8,27.0,73.3,3.18,30.0,320.0,0.4
2025-09-21T12:30:00Z,1.18,17.9,5.95,0.0144,50.6,74.3,28.0,76.5,3.3,28.9,327.0,0.325
2025-09-21T13:30:00Z,1.21,18.2,7.55,0.0158,37.8,75.0,29.3,80.5,3.28,27.9,324.0,0.325
2025-09-21T14:30:00Z,1.24,18.4,8.33,0.0166,29.7,73.7,31.7,84.0,3.3,27.2,320.0,0.3
2025-09-21T15:30:00Z,1.06,12.7,8.23,0.0134,24.0,74.3,32.3,84.3,2.87,27.0,324.0,0.333
2025-09-21T16:30:00Z,1.04,14.0,7.85,0.0138,31.3,71.0,29.5,85.0,2.65,26.8,309.0,0.3
2025-09-21T17:30:00Z,0.99,10.8,7.6,0.0119,24.6,64.0,27.5,85.0,2.45,26.2,305.0,0.2
2025-09-21T18:30:00Z,1.0,15.0,8.25,0.0147,,60.0,22.5,87.5,1.8,25.9,97.5,0.15
2025-09-21T19:30:00Z,1.13,15.2,9.45,0.0158,14.1,54.8,21.5,88.5,1.55,25.6,256.0,0.1
2025-09-21T20:30:00Z,1.28,15.3,8.97,0.0154,11.5,46.5,21.0,90.8,2.07,25.3,325.0,0.15
2025-09-21T21:30:00Z,1.3,16.6,9.98,0.0169,9.8,43.0,21.0,91.0,1.8,25.3,61.5,0.125
2025-09-21T22:30:00Z,1.3,17.0,11.2,0.0182,7.43,43.3,21.3,92.0,1.9,25.3,87.3,0.167
2025-09-21T23:30:00Z,1.17,20.6,14.8,0.023,7.87,44.8,23.0,92.0,1.45,24.7,198.0,0.1
2025-09-22T00:30:00Z,1.23,20.9,14.4,0.0229,4.05,48.3,24.0,92.0,1.3,24.8,188.0,0.15
2025-09-22T01:30:00Z,1.22,17.3,13.1,0.0198,16.2,59.8,30.3,88.0,1.5,26.1,259.0,0.2
2025-09-22T02:30:00Z,1.23,16.0,22.9,0.0271,31.2,74.8,43.3,79.8,1.8,27.5,343.0,0.3
2025-09-22T03:30:00Z,1.32,17.0,31.0,0.0342,43.2,79.3,41.8,78.0,2.13,28.4,330.0,0.55
2025-09-22T04:30:00Z,1.1,14.8,16.8,0.0215,59.3,74.3,33.5,75.0,1.75,29.0,321.0,0.65
2025-09-22T05:30:00Z,1.01,15.0,13.8,0.0192,60.3,70.8,32.0,70.5,2.87,30.0,329.0,0.65
2025-09-22T06:30:00Z,1.05,25.6,26.3,0.035,42.6,67.5,29.5,68.3,4.05,30.5,325.0,0.65
2025-09-22T07:30:00Z,0.773,30.0,35.3,0.0446,34.3,70.0,29.0,65.0,4.15,31.0,327.0,0.65
2025-09-22T08:30:00Z,0.793,31.3,17.4,0.0308,42.3,70.0,27.3,64.3,3.73,31.1,322.0,0.775
2025-09-22T09:30:00Z,0.73,25.6,12.4,0.0237,54.7,69.7,25.3,64.0,3.83,31.7,321.0,0.767
2025-09-22T10:30:00Z,1.02,15.6,5.2,0.0125,64.6,81.0,25.0,68.5,3.55,31.0,321.0,0.6
2025-09-22T11:30:00Z,1.1,15.4,5.28,0.0125,68.5,81.8,24.0,70.8,3.83,30.2,319.0,0.525
2025-09-22T12:30:00Z,1.16,18.5,3.98,0.0131,52.3,80.5,25.5,75.8,3.78,29.1,324.0,0.4
2025-09-22T13:30:00Z,1.17,17.2,6.25,0.0142,43.9,81.0,30.0,80.3,4.08,28.1,324.0,0.375
2025-09-22T14:30:00Z,1.18,16.3,6.73,0.0141,39.8,78.5,28.5,82.5,4.25,27.7,318.0,0.425
2025-09-22T15:30:00Z,0.927,12.4,6.23,0.0116,41.7,73.7,28.3,82.0,3.67,27.2,315.0,0.433
2025-09-22T16:30:00Z,0.84,9.5,6.13,0.01,44.2,70.8,26.8,82.8,3.63,26.9,309.0,0.3
2025-09-22T17:30:00Z,1.0,8.43,6.07,0.0094,43.3,67.3,23.0,82.0,3.6,26.7,314.0,0.333
2025-09-22T18:30:00Z,1.01,8.6,5.9,0.00935,,62.5,25.0,83.5,3.65,26.5,297.0,0.2
2025-09-22T19:30:00Z,1.24,10.2,6.45,0.0107,31.3,65.0,24.0,85.0,3.9,26.2,171.0,0.15
2025-09-22T20:30:00Z,1.39,10.3,7.17,0.0113,32.1,64.8,28.5,86.5,4.2,25.9,320.0,0.175
2025-09-22T21:30:00Z,1.43,10.9,7.83,0.0122,27.3,61.5,33.8,88.5,4.13,25.6,323.0,0.15
2025-09-22T22:30:00Z,1.43,13.0,7.88,0.0133,21.6,63.5,32.5,89.8,4.05,25.3,324.0,0.1
2025-09-22T23:30:00Z,1.26,14.2,8.48,0.0144,10.2,67.5,33.3,90.8,4.05,25.1,311.0,0.15
2025-09-23T00:30:00Z,1.35,17.0,9.65,0.0169,9.88,66.3,31.0,91.0,3.9,25.1,303.0,0.2
2025-09-23T01:30:00Z,1.35,17.7,9.83,0.0174,26.7,67.8,32.5,87.0,3.85,26.2,313.0,0.325
2025-09-23T02:30:00Z,1.4,16.9,14.6,0.0209,32.9,78.8,38.0,81.0,3.78,27.5,241.0,0.475
2025-09-23T03:30:00Z,1.53,21.4,16.6,0.0249,45.1,85.0,36.5,77.0,4.28,28.4,321.0,0.6
2025-09-23T04:30:00Z,1.47,17.2,11.6,0.0186,66.8,84.0,37.8,70.5,4.08,29.3,332.0,0.575
2025-09-23T05:30:00Z,1.11,18.2,9.05,0.0171,66.9,75.8,33.0,63.5,3.7,30.3,318.0,0.65
2025-09-23T06:30:00Z,0.955,31.7,17.9,0.0314,49.7,66.5,24.3,60.5,3.88,30.7,324.0,0.675
2025-09-23T07:30:00Z,0.817,34.5,27.5,0.0407,43.9,67.5,25.5,61.0,3.55,31.0,316.0,0.725
2025-09-23T08:30:00Z,1.09,36.6,30.7,0.0444,50.0,69.3,23.3,60.8,3.7,31.3,328.0,0.65
2025-09-23T09:30:00Z,0.968,30.6,18.5,0.0313,71.8,67.5,19.0,61.8,3.7,31.6,321.0,0.6
2025-09-23T10:30:00Z,1.06,21.1,8.4,0.018,100.0,66.0,19.0,64.3,3.78,31.1,328.0,0.475
2025-09-23T11:30:00Z,1.39,24.1,6.33,0.018,81.4,72.8,,67.5,3.95,29.8,323.0,0.3
2025-09-23T12:30:00Z,1.14,24.2,7.68,0.0192,59.4,80.3,38.0,72.3,4.25,28.5,306.0,0.3
2025-09-23T13:30:00Z,1.23,24.0,8.08,0.0194,47.1,78.0,32.3,75.8,4.28,27.8,302.0,0.325
2025-09-23T14:30:00Z,1.27,27.6,8.27,0.0214,42.4,80.7,31.0,77.3,3.93,27.4,300.0,0.3
2025-09-23T15:30:00Z,0.968,18.6,8.08,0.0165,47.6,79.8,27.5,78.8,4.05,26.9,315.0,0.25
2025-09-23T16:30:00Z,0.948,15.2,7.5,0.0142,43.0,74.0,28.0,80.8,3.8,26.5,309.0,0.325
2025-09-23T17:30:00Z,0.95,13.7,7.15,0.0131,33.9,75.0,30.0,83.0,3.5,26.3,313.0,0.3
2025-09-23T18:30:00Z,1.05,10.8,6.75,0.0113,,59.0,26.0,86.5,3.0,25.7,308.0,0.25
2025-09-23T19:30:00Z,1.36,12.3,7.55,0.0127,21.5,57.5,25.5,87.0,3.3,25.4,108.0,0.125
2025-09-23T20:30:00Z,1.4,11.2,7.7,0.0122,33.4,58.5,28.3,87.5,3.23,25.1,311.0,0.125
2025-09-23T21:30:00Z,1.39,9.75,8.53,0.0121,34.3,61.5,31.3,88.8,3.28,25.0,278.0,0.1
2025-09-23T22:30:00Z,1.4,12.5,8.38,0.0134,25.7,63.3,32.0,89.8,3.53,24.8,302.0,0.125
2025-09-23T23:30:00Z,1.25,14.9,8.45,0.0148,13.7,67.5,35.3,90.8,3.15,24.3,251.0,0.175
2025-09-24T00:30:00Z,1.28,20.4,9.65,0.0187,19.4,70.5,33.8,90.3,3.15,24.6,250.0,0.225
2025-09-24T01:30:00Z,1.34,19.5,9.68,0.0182,19.2,73.8,34.3,87.0,3.1,25.6,338.0,0.275
2025-09-24T02:30:00Z,1.34,17.6,12.3,0.0193,38.6,80.3,38.5,80.5,3.28,26.8,246.0,0.45
2025-09-24T03:30:00Z,0.897,21.6,17.4,0.0256,57.5,82.8,37.0,72.5,3.33,28.5,329.0,0.55
2025-09-24T04:30:00Z,0.73,14.3,9.28,0.0151,80.1,74.8,,67.8,3.3,29.3,324.0,0.625
2025-09-24T05:30:00Z,0.84,14.0,6.37,0.0126,82.1,58.3,32.0,63.0,3.37,30.1,330.0,0.667
2025-09-24T06:30:00Z,0.86,28.1,7.75,0.0213,48.1,50.0,22.5,57.5,4.25,30.7,320.0,0.7
2025-09-24T07:30:00Z,0.69,31.8,24.9,0.0372,44.6,49.0,24.0,58.3,4.3,31.1,317.0,0.7
2025-09-24T08:30:00Z,1.0,29.6,26.8,0.0376,53.8,48.8,25.5,57.5,3.93,31.2,318.0,0.725
2025-09-24T09:30:00Z,1.16,17.7,10.4,0.0179,80.6,51.0,17.3,60.3,4.13,31.8,319.0,0.625
2025-09-24T10:30:00Z,1.11,14.4,3.85,0.0108,106.0,56.3,15.0,65.5,4.03,31.1,328.0,0.5
2025-09-24T11:30:00Z,1.37,19.3,4.17,0.0136,99.7,62.3,20.0,69.7,4.43,29.8,326.0,0.333
2025-09-24T12:30:00Z,1.51,27.1,3.58,0.0173,82.3,72.3,30.3,74.5,4.4,28.7,325.0,0.225
2025-09-24T13:30:00Z,1.52,29.6,4.9,0.0197,68.8,82.0,39.0,77.5,4.3,28.0,291.0,0.3
2025-09-24T14:30:00Z,1.07,24.7,6.1,0.0181,59.8,84.0,37.5,79.0,4.9,27.4,304.0,0.25
2025-09-24T15:30:00Z,0.923,27.2,6.87,0.0201,33.5,73.7,33.7,82.0,4.53,26.7,302.0,0.133
2025-09-24T16:30:00Z,0.878,25.9,7.53,0.0199,30.4,68.5,30.0,83.0,4.35,26.2,302.0,0.175
2025-09-24T17:30:00Z,0.975,22.8,8.33,0.0189,27.0,67.0,28.3,84.3,3.7,25.8,218.0,0.133
2025-09-24T18:30:00Z,0.98,13.9,8.5,0.0144,,62.0,25.0,86.0,2.35,25.4,306.0,0.2
2025-09-24T19:30:00Z,1.23,11.8,8.4,0.0131,27.5,57.8,,87.0,2.4,25.2,306.0,0.1
2025-09-24T20:30:00Z,1.28,12.1,8.03,0.013,26.9,51.8,19.0,88.5,2.7,25.0,295.0,0.1
2025-09-24T21:30:00Z,1.27,13.8,8.0,0.0138,27.7,52.5,23.8,88.5,2.48,24.8,221.0,0.1
2025-09-24T22:30:00Z,1.25,14.9,8.4,0.0147,20.8,55.3,28.0,90.0,2.7,24.7,231.0,0.1
2025-09-24T23:30:00Z,1.06,17.0,8.8,0.0162,13.1,57.0,28.3,91.0,2.38,24.5,313.0,0.1
2025-09-25T00:30:00Z,1.12,26.5,11.2,0.0232,7.28,62.8,36.0,91.0,2.15,24.7,327.0,0.125
2025-09-25T01:30:00Z,1.22,24.9,11.7,0.0227,13.5,72.8,39.0,87.8,2.18,25.7,323.0,0.275
2025-09-25T02:30:00Z,1.24,20.5,13.6,0.022,35.3,80.0,38.0,80.5,2.38,27.1,323.0,0.45
2025-09-25T03:30:00Z,1.49,29.1,19.5,0.0313,54.0,88.8,39.0,71.5,2.95,28.7,331.0,0.5
2025-09-25T04:30:00Z,1.43,15.0,11.1,0.017,79.1,80.0,38.0,65.0,2.53,29.8,327.0,0.55
2025-09-25T05:30:00Z,1.11,14.9,8.0,0.0144,84.2,67.3,37.3,64.3,2.7,30.4,326.0,0.625
2025-09-25T06:30:00Z,1.07,29.5,12.5,0.0259,58.7,69.7,,67.0,3.9,31.7,321.0,0.533
2025-09-25T08:30:00Z,0.745,28.2,25.7,0.0359,62.0,58.3,32.7,63.7,4.13,31.8,317.0,0.7
2025-09-25T09:30:00Z,0.67,25.8,26.9,0.0356,67.1,58.5,30.5,63.0,4.08,32.0,316.0,0.625
2025-09-25T10:30:00Z,0.77,16.7,6.65,0.0143,83.8,58.5,28.5,65.8,3.7,31.4,313.0,0.5
2025-09-25T11:30:00Z,0.935,20.0,4.95,0.0147,73.3,59.5,28.0,69.5,3.93,30.1,312.0,0.325
2025-09-25T12:30:00Z,1.17,27.4,5.4,0.0189,56.2,66.3,,72.3,3.88,28.9,326.0,0.275
2025-09-25T13:30:00Z,1.38,30.5,6.65,0.0216,45.1,74.5,42.0,76.0,4.33,28.0,292.0,0.325
2025-09-25T14:30:00Z,1.33,21.2,6.73,0.0168,44.1,70.8,39.8,77.5,4.38,27.6,295.0,0.3
2025-09-25T15:30:00Z,1.38,20.4,7.6,0.017,33.7,59.3,37.0,80.0,4.13,27.0,302.0,0.225
2025-09-25T16:30:00Z,1.23,16.7,7.98,0.0154,37.7,57.0,37.0,80.0,4.0,26.8,311.0,0.325
2025-09-25T17:30:00Z,0.94,14.3,7.57,0.0138,31.7,58.7,36.3,82.0,3.35,26.1,293.0,0.2
2025-09-25T18:30:00Z,0.825,12.7,7.3,0.0127,,55.0,42.0,84.0,2.3,25.5,287.0,0.2
2025-09-25T19:30:00Z,0.83,11.9,7.55,0.0125,23.3,51.5,32.8,85.0,2.2,25.2,298.0,0.15
2025-09-25T20:30:00Z,1.21,11.7,8.03,0.0128,20.4,46.5,24.5,87.5,2.33,25.0,310.0,0.125
2025-09-25T21:30:00Z,1.38,13.3,7.5,0.0132,23.3,51.3,28.0,88.0,2.78,25.0,300.0,0.2
2025-09-25T22:30:00Z,1.41,11.6,7.28,0.0121,25.5,54.8,33.0,88.0,2.65,24.9,288.0,0.2
2025-09-25T23:30:00Z,1.44,13.8,7.3,0.0133,32.1,52.5,38.5,87.8,2.4,25.0,288.0,0.25
2025-09-26T00:30:00Z,1.44,21.4,6.8,0.0169,33.8,60.3,46.3,86.8,2.3,25.4,289.0,0.275
2025-09-26T01:30:00Z,1.28,20.5,7.05,0.0167,32.0,68.5,50.5,84.5,2.28,26.2,323.0,0.325
2025-09-26T02:30:00Z,1.21,17.3,11.0,0.0182,46.4,63.5,43.5,77.0,2.5,27.7,317.0,0.55
2025-09-26T03:30:00Z,1.17,19.6,14.5,0.0222,65.5,59.5,34.5,67.0,2.85,29.1,324.0,0.65
2025-09-26T04:30:00Z,1.17,11.7,9.17,0.0136,74.8,71.7,39.7,61.7,2.57,30.1,325.0,0.6
2025-09-26T05:30:00Z,0.96,11.9,6.18,0.0113,76.7,66.3,33.5,60.8,2.6,30.7,321.0,0.65
2025-09-26T06:30:00Z,0.828,33.2,25.8,0.0386,47.4,51.5,21.5,61.5,3.1,31.6,318.0,0.575
2025-09-26T07:30:00Z,0.803,37.9,26.4,0.0416,39.1,49.5,26.8,61.0,3.1,31.7,317.0,0.675
2025-09-26T08:30:00Z,0.733,35.7,20.5,0.0356,49.1,53.5,30.0,62.0,3.23,31.7,309.0,0.75
2025-09-26T09:30:00Z,0.34,30.8,22.3,0.0345,59.7,56.0,27.0,62.0,3.2,31.7,321.0,0.8
2025-09-26T13:30:00Z,1.12,24.1,6.43,0.018,38.5,70.7,41.7,79.3,2.8,27.9,302.0,0.2
2025-09-26T14:30:00Z,1.2,28.4,7.15,0.021,27.1,72.0,43.5,82.0,3.0,27.4,290.0,0.2
2025-09-26T15:30:00Z,1.28,33.0,8.53,0.0245,20.6,78.8,52.5,83.5,3.03,27.1,205.0,0.1
2025-09-26T16:30:00Z,1.29,50.7,12.5,0.0371,9.88,80.0,55.3,85.8,2.73,26.5,182.0,0.1
2025-09-26T17:30:00Z,1.14,50.9,18.2,0.0418,4.7,70.5,46.0,88.0,2.75,26.1,17.5,0.1
2025-09-26T19:30:00Z,,,,,12.2,56.0,37.0,88.5,,25.3,12.0,0.1
2025-09-26T20:30:00Z,1.29,22.0,10.9,0.0206,8.0,52.0,31.3,88.3,1.23,25.1,34.8,0.1
2025-09-26T21:30:00Z,1.46,20.9,10.5,0.0196,14.4,43.8,24.0,89.0,1.2,25.1,107.0,0.1
2025-09-26T22:30:00Z,1.46,14.3,9.98,0.0157,13.2,35.3,25.0,89.0,1.15,24.9,254.0,0.125
2025-09-26T23:30:00Z,1.47,21.1,11.3,0.0204,9.65,34.0,29.0,90.3,1.58,24.6,183.0,0.1
2025-09-27T00:30:00Z,1.4,31.9,16.0,0.03,7.65,37.5,30.0,89.8,1.4,24.6,137.0,0.1
2025-09-27T01:30:00Z,1.15,32.8,22.0,0.0353,12.8,46.3,29.5,78.8,1.3,26.7,94.0,0.275
2025-09-27T02:30:00Z,1.16,29.4,31.3,0.0411,25.3,49.8,32.5,69.3,1.63,28.7,147.0,0.325
2025-09-27T03:30:00Z,1.13,27.4,46.3,0.0522,54.4,41.0,28.8,66.0,1.73,30.4,246.0,0.3
2025-09-27T04:30:00Z,1.26,30.7,38.1,0.0473,84.8,47.3,29.8,64.3,1.7,30.8,178.0,0.425
2025-09-27T05:30:00Z,1.07,30.6,41.0,0.0496,87.0,64.3,43.8,61.5,1.8,32.1,172.0,0.575
2025-09-27T06:30:00Z,0.913,45.1,162.0,0.156,41.1,60.5,43.5,61.8,2.6,32.4,173.0,0.525
2025-09-27T07:30:00Z,0.89,51.7,236.0,0.22,22.9,43.7,32.7,58.3,4.33,33.0,163.0,0.633
2025-09-27T08:30:00Z,0.767,48.4,248.0,0.228,23.7,39.0,24.3,56.0,4.37,33.9,182.0,0.467
2025-09-27T09:30:00Z,0.388,44.7,183.0,0.172,33.9,38.5,22.0,57.5,3.98,34.1,166.0,0.425
2025-09-27T10:30:00Z,0.425,32.3,59.1,0.0652,63.2,41.8,20.5,61.3,2.15,33.6,197.0,0.275
2025-09-27T11:30:00Z,0.688,68.5,36.2,0.0659,37.5,45.0,19.0,68.3,1.23,31.8,36.5,0.125
2025-09-27T12:30:00Z,0.943,73.5,23.9,0.0585,17.9,48.0,23.8,74.3,1.83,29.7,321.0,0.1
2025-09-27T13:30:00Z,1.7,78.8,82.8,0.109,4.3,64.0,37.5,77.8,2.68,29.4,63.3,0.2
2025-09-27T14:30:00Z,1.37,46.0,23.7,0.0438,9.23,66.0,39.8,76.8,2.1,29.1,82.0,0.25
2025-09-27T15:30:00Z,1.3,42.6,22.4,0.0409,9.45,49.3,26.3,78.5,1.8,28.2,70.3,0.225
2025-09-27T16:30:00Z,1.13,26.8,15.3,0.0267,19.3,40.3,24.5,77.3,1.7,28.1,114.0,0.4
2025-09-27T17:30:00Z,0.975,21.8,14.8,0.0236,21.3,34.3,24.0,77.0,1.05,27.6,113.0,0.267
2025-09-27T18:30:00Z,0.925,18.1,13.5,0.0206,,39.5,15.0,80.5,,26.7,41.0,0.15
2025-09-27T19:30:00Z,0.95,17.3,13.1,0.0198,19.0,32.3,13.5,82.0,,26.3,51.8,0.125
2025-09-27T20:30:00Z,1.18,14.9,13.4,0.0188,19.9,25.5,10.3,81.3,0.2,26.3,112.0,0.2
2025-09-27T21:30:00Z,1.37,12.8,12.6,0.0171,25.1,27.0,8.0,81.5,0.3,26.0,54.3,0.15
2025-09-27T22:30:00Z,1.39,12.7,11.8,0.0163,27.4,23.5,10.8,80.5,0.275,26.2,94.5,0.225
2025-09-27T23:30:00Z,1.4,22.1,12.7,0.0221,22.1,20.5,16.3,79.0,0.267,26.3,108.0,0.2
2025-09-28T00:30:00Z,1.34,25.7,16.1,0.0267,20.0,23.0,17.5,76.8,0.1,26.8,119.0,0.325
2025-09-28T01:30:00Z,1.12,22.6,17.2,0.026,21.7,25.0,16.0,74.3,,27.8,119.0,0.5
2025-09-28T05:30:00Z,,,,,,,,,,31.6,,
2025-09-28T06:30:00Z,0.0,36.0,112.0,0.11,45.4,,,67.0,1.47,31.5,298.0,0.425
2025-09-28T07:30:00Z,,41.5,121.0,0.12,50.7,61.0,49.0,64.5,3.4,32.0,298.0,0.475
2025-09-28T08:30:00Z,0.0,45.3,119.0,0.121,48.2,64.0,38.8,63.0,3.68,32.6,306.0,0.525
2025-09-28T09:30:00Z,0.0,34.3,69.7,0.0749,65.0,72.8,31.5,65.5,2.93,32.8,311.0,0.4
2025-09-28T10:30:00Z,0.0,19.8,23.7,0.0298,77.2,81.8,37.5,70.3,2.35,31.9,300.0,0.25
2025-09-28T11:30:00Z,0.0,26.9,19.5,0.0302,54.1,89.8,43.3,73.5,2.33,30.7,296.0,0.15
2025-09-28T12:30:00Z,0.0,48.8,15.7,0.0387,21.0,107.0,54.8,80.0,2.25,29.3,289.0,0.1
2025-09-28T13:30:00Z,0.0,55.6,14.4,0.0413,13.9,122.0,65.3,81.7,2.5,29.0,293.0,0.133
2025-09-28T15:30:00Z,0.0,57.7,17.0,0.0445,10.3,129.0,61.5,83.5,2.9,28.3,69.5,0.2
2025-09-28T16:30:00Z,0.0,38.0,14.5,0.032,19.9,121.0,60.5,83.0,2.63,28.0,82.5,0.2
2025-09-28T17:30:00Z,0.0,27.2,13.5,0.0255,15.8,109.0,59.0,84.0,1.75,27.4,57.3,0.2
2025-09-28T18:30:00Z,0.785,19.3,12.7,0.0206,,104.0,53.5,81.5,1.25,27.0,72.0,0.2
2025-09-28T19:30:00Z,0.87,19.3,13.0,0.0209,21.7,87.3,45.7,83.0,0.8,26.6,70.7,0.2
2025-09-28T20:30:00Z,,17.1,12.0,0.0188,27.0,75.0,41.5,83.5,1.17,26.2,87.3,0.175
2025-09-28T21:30:00Z,,13.3,11.8,0.0167,42.7,69.5,42.0,82.5,1.73,26.4,113.0,0.225
2025-09-28T22:30:00Z,,12.0,11.5,0.0157,40.5,63.3,42.0,81.3,1.8,26.3,102.0,0.2
2025-09-28T23:30:00Z,,24.8,12.2,0.0231,27.8,58.0,37.3,81.5,1.35,26.0,106.0,0.175
2025-09-29T00:30:00Z,,36.4,16.2,0.0325,17.9,68.5,43.3,80.0,2.0,26.3,105.0,0.175
2025-09-29T01:30:00Z,0.95,33.7,16.4,0.0312,28.9,57.3,32.0,76.7,0.7,28.1,132.0,0.3
2025-09-29T02:30:00Z,1.01,25.8,24.1,0.0333,37.1,65.3,29.5,75.0,1.1,29.2,167.0,0.525
2025-09-29T03:30:00Z,1.17,19.7,42.1,0.0447,44.7,63.5,27.5,73.0,1.13,30.0,176.0,0.425
2025-09-29T04:30:00Z,1.24,19.9,33.6,0.0379,56.6,59.8,24.5,70.5,1.1,30.7,198.0,0.4
2025-09-29T05:30:00Z,0.5,24.7,31.6,0.0388,87.2,64.5,25.5,64.8,86.7,31.1,271.0,0.425
2025-09-29T06:30:00Z,0.733,39.1,56.0,0.0663,67.7,60.0,29.5,62.5,1.88,31.6,288.0,0.4
2025-09-29T07:30:00Z,0.745,40.5,56.7,0.0677,62.7,62.8,33.5,62.8,1.98,32.1,307.0,0.475
2025-09-29T08:30:00Z,0.713,34.1,62.4,0.0689,70.6,63.5,33.3,62.8,1.53,32.4,324.0,0.4
2025-09-29T09:30:00Z,0.62,36.6,71.0,0.0772,68.4,58.0,30.0,61.3,1.98,33.0,315.0,0.4
2025-09-29T10:30:00Z,0.7,20.4,20.8,0.0278,84.8,57.0,28.0,66.0,1.78,32.1,307.0,0.325
2025-09-29T11:30:00Z,0.863,25.2,14.1,0.0249,66.0,61.8,27.0,70.8,0.925,30.4,306.0,0.125
2025-09-29T12:30:00Z,1.18,44.0,12.8,0.0338,35.1,73.3,35.8,75.0,1.4,29.2,266.0,0.125
2025-09-29T13:30:00Z,1.55,67.6,17.1,0.0499,16.3,90.3,47.5,77.8,1.73,28.9,225.0,0.1
2025-09-29T14:30:00Z,1.73,80.1,21.2,0.0598,5.83,98.0,50.0,82.8,2.1,28.0,327.0,0.1
2025-09-29T15:30:00Z,1.83,71.8,28.2,0.0611,5.23,92.5,48.3,84.8,2.18,27.5,186.0,0.125
2025-09-29T16:30:00Z,1.73,54.6,21.8,0.0467,9.78,90.0,46.0,85.5,1.9,27.1,47.0,0.15
2025-09-29T17:30:00Z,1.3,41.8,15.6,0.0349,8.47,84.7,44.7,85.0,0.95,26.5,30.7,0.133
2025-09-29T18:30:00Z,0.82,21.0,12.8,0.0216,,67.0,33.0,83.0,1.4,26.3,84.5,0.15
2025-09-29T19:30:00Z,0.88,15.7,12.6,0.0185,29.6,58.3,30.5,82.3,1.55,26.0,100.0,0.225
2025-09-29T20:30:00Z,1.06,12.2,11.3,0.0157,34.4,44.3,26.5,82.5,1.8,25.6,62.8,0.175
2025-09-29T21:30:00Z,1.16,13.2,11.3,0.0162,31.2,37.3,23.0,84.8,1.88,25.1,37.3,0.1
2025-09-29T22:30:00Z,1.17,16.3,10.7,0.0173,25.8,36.0,21.5,86.0,1.98,24.8,42.0,0.125
2025-09-29T23:30:00Z,1.14,26.5,11.7,0.0236,18.0,36.0,22.5,85.0,1.83,24.8,46.0,0.15
2025-09-30T00:30:00Z,1.16,34.8,14.1,0.03,15.7,39.8,23.5,83.3,1.88,25.2,72.8,0.125
2025-09-30T01:30:00Z,1.04,33.4,18.2,0.0325,21.7,55.0,29.3,78.8,1.15,26.7,104.0,0.3
2025-09-30T02:30:00Z,0.995,27.1,24.8,0.0346,37.1,62.8,30.3,72.8,1.25,28.4,138.0,0.325
2025-09-30T03:30:00Z,1.01,27.0,43.5,0.0497,59.2,57.5,26.0,67.3,1.95,29.5,145.0,0.35
2025-09-30T04:30:00Z,0.98,29.0,34.0,0.043,82.6,66.0,29.5,64.8,1.75,30.4,207.0,0.35
2025-09-30T05:30:00Z,0.937,25.0,27.6,0.0357,107.0,72.8,28.8,62.8,2.2,30.7,221.0,0.325
2025-09-30T06:30:00Z,0.86,45.2,49.0,0.0639,84.8,66.0,27.3,62.7,2.63,31.4,292.0,0.4
2025-09-30T07:30:00Z,0.77,46.9,58.7,0.0727,54.6,65.5,33.0,58.8,2.65,32.1,306.0,0.45
2025-09-30T08:30:00Z,0.678,43.9,67.6,0.0783,60.9,67.3,32.5,57.8,2.63,32.7,319.0,0.45
2025-09-30T09:30:00Z,0.5,32.7,56.1,0.0631,75.0,58.3,30.0,59.0,2.45,32.8,309.0,0.4
2025-09-30T10:30:00Z,0.585,21.6,21.7,0.0291,89.4,49.5,25.8,64.0,1.8,31.9,297.0,0.2
2025-09-30T11:30:00Z,0.768,27.2,15.1,0.0267,69.0,51.8,24.0,70.0,1.45,30.2,295.0,0.1
2025-09-30T12:30:00Z,1.28,92.5,21.5,0.0666,15.5,69.5,32.8,74.3,2.0,29.0,151.0,0.1
2025-09-30T13:30:00Z,1.59,84.9,36.8,0.0751,9.1,91.3,42.0,77.8,2.45,28.8,157.0,0.175
2025-09-30T14:30:00Z,1.42,32.7,12.9,0.0279,30.2,101.0,42.5,78.0,2.15,28.5,159.0,0.7
2025-09-30T15:30:00Z,1.3,21.0,12.1,0.0211,63.9,100.0,42.0,75.0,2.07,26.9,102.0,0.5
2025-09-30T16:30:00Z,1.15,21.1,9.78,0.0192,71.8,68.3,33.3,77.8,1.9,25.1,168.0,0.275
2025-09-30T17:30:00Z,0.96,19.6,9.4,0.018,39.2,41.3,22.0,83.3,1.8,25.4,154.0,0.433
2025-09-30T18:30:00Z,0.74,15.1,8.5,0.0149,,33.0,25.0,85.0,1.55,25.1,148.0,0.25
2025-09-30T19:30:00Z,0.805,18.8,9.2,0.0175,16.0,36.0,25.3,85.0,1.55,25.2,120.0,0.2
2025-09-30T20:30:00Z,1.1,18.2,8.7,0.0167,19.7,40.5,24.5,85.0,1.7,25.2,117.0,0.175
2025-09-30T21:30:00Z,1.17,15.4,8.45,0.0151,20.3,40.0,22.5,84.8,1.75,24.9,43.3,0.15
2025-09-30T22:30:00Z,1.17,14.8,8.48,0.0148,19.0,36.8,19.8,86.5,1.78,24.1,105.0,0.15
2025-09-30T23:30:00Z,1.18,17.2,9.0,0.0165,14.5,30.0,15.5,88.0,2.13,23.8,335.0,0.125
2025-10-01T00:30:00Z,1.18,23.6,10.0,0.0207,13.4,29.8,15.3,87.5,1.9,23.8,302.0,0.2
2025-10-01T01:30:00Z,1.1,22.5,9.25,0.0195,22.8,39.3,26.5,83.5,1.55,24.8,318.0,0.275
2025-10-01T02:30:00Z,1.05,18.8,10.9,0.0188,41.2,47.0,37.0,76.8,1.53,26.1,334.0,0.375
2025-10-01T03:30:00Z,1.05,21.8,14.4,0.0233,51.6,48.7,33.0,73.7,1.7,26.5,318.0,0.533
2025-10-01T04:30:00Z,1.05,20.7,12.3,0.021,65.4,65.3,30.3,73.3,1.73,27.7,321.0,0.633
2025-10-01T05:30:00Z,0.987,18.0,12.7,0.0199,78.8,89.8,33.0,71.5,2.03,28.7,314.0,0.725
2025-10-01T06:30:00Z,0.93,31.5,21.3,0.0341,63.6,90.0,34.8,69.5,2.35,29.4,316.0,0.625
2025-10-01T07:30:00Z,0.948,32.0,16.3,0.0303,60.1,66.5,34.5,67.3,2.1,30.3,317.0,0.575
2025-10-01T08:30:00Z,0.957,29.0,21.4,0.0328,71.0,63.7,34.0,67.3,2.5,30.4,317.0,0.533
2025-10-01T09:30:00Z,0.788,24.0,16.3,0.026,86.4,65.0,36.0,67.8,2.1,31.1,310.0,0.525
2025-10-01T10:30:00Z,0.79,16.1,4.25,0.012,95.8,65.0,36.0,70.0,1.93,30.4,310.0,0.45
2025-10-01T11:30:00Z,0.95,25.2,6.05,0.0183,69.7,64.0,31.8,72.5,2.1,29.2,328.0,0.15
2025-10-01T12:30:00Z,1.15,45.9,6.83,0.03,38.8,69.8,32.0,77.8,2.13,28.0,231.0,0.125
2025-10-01T13:30:00Z,1.34,48.4,8.3,0.0325,31.1,85.3,42.8,80.5,2.25,27.5,300.0,0.1
2025-10-01T14:30:00Z,1.71,82.0,35.6,0.0725,2.85,97.8,52.5,84.3,2.58,27.0,22.3,0.1
2025-10-01T15:30:00Z,1.51,44.9,14.9,0.0361,14.9,94.3,51.8,84.3,2.53,26.9,119.0,0.225
2025-10-01T16:30:00Z,1.4,32.3,11.3,0.0263,17.6,86.5,46.0,84.8,2.25,26.4,49.8,0.175
2025-10-01T17:30:00Z,1.2,29.3,11.3,0.0248,19.7,80.3,43.3,85.0,1.65,26.0,119.0,0.233
2025-10-01T18:30:00Z,0.89,24.4,12.8,0.0233,,70.0,38.0,85.5,0.75,25.6,40.5,0.15
2025-10-01T19:30:00Z,0.925,24.2,13.7,0.024,21.2,65.8,37.0,86.0,0.85,25.3,51.0,0.125
2025-10-01T20:30:00Z,1.24,17.6,11.0,0.0183,20.7,59.3,35.5,87.0,0.733,25.0,64.5,0.125
2025-10-01T21:30:00Z,1.26,15.2,11.1,0.0171,28.7,57.0,35.0,86.5,0.55,25.3,77.5,0.2
2025-10-01T22:30:00Z,1.25,13.4,10.5,0.0156,32.0,57.5,35.5,85.8,1.0,25.3,94.0,0.175
2025-10-01T23:30:00Z,1.25,18.3,10.7,0.0185,27.3,52.8,37.5,84.8,0.775,25.1,33.0,0.1
2025-10-02T00:30:00Z,1.27,27.7,12.0,0.0245,18.6,48.5,37.0,85.8,1.13,25.0,41.5,0.15
2025-10-02T01:30:00Z,1.25,24.0,14.3,0.0243,23.8,61.5,43.8,79.0,0.85,26.3,117.0,0.3
2025-10-02T02:30:00Z,1.29,19.3,17.2,0.0243,45.6,91.3,60.8,75.5,0.95,27.5,108.0,0.25
2025-10-02T03:30:00Z,1.25,23.1,32.0,0.0383,73.6,98.3,57.5,72.8,0.825,28.0,238.0,0.325
2025-10-02T04:30:00Z,1.24,22.7,30.4,0.0368,91.6,98.8,56.5,69.3,1.13,29.4,294.0,0.4
2025-10-02T05:30:00Z,1.14,24.9,36.2,0.0426,101.0,95.3,54.5,68.0,1.53,30.1,160.0,0.3
2025-10-02T06:30:00Z,1.06,40.9,65.0,0.0746,85.4,99.0,58.8,64.3,2.93,30.3,318.0,0.35
2025-10-02T07:30:00Z,1.06,50.0,86.8,0.0971,72.2,101.0,63.5,64.3,3.08,31.3,302.0,0.325
2025-10-02T08:30:00Z,1.02,39.8,62.3,0.0719,85.6,106.0,62.0,63.0,3.13,32.0,327.0,0.25
2025-10-02T09:30:00Z,0.89,28.3,51.5,0.0569,88.9,100.0,54.8,64.3,2.68,32.2,315.0,0.225
2025-10-02T10:30:00Z,0.93,36.5,28.1,0.0423,90.8,97.8,50.0,68.3,2.28,31.4,307.0,0.2
2025-10-02T11:30:00Z,1.11,58.5,20.0,0.0474,64.0,128.0,67.5,72.5,2.58,29.8,249.0,0.125
2025-10-02T12:30:00Z,1.21,47.4,15.6,0.0379,59.6,168.0,92.3,72.8,2.4,29.2,160.0,0.275
2025-10-02T13:30:00Z,1.3,32.7,12.9,0.0279,73.5,160.0,96.3,72.0,2.2,28.2,164.0,0.4
2025-10-02T14:30:00Z,1.21,21.3,11.5,0.0207,84.2,111.0,69.3,70.8,2.25,27.1,164.0,0.725
2025-10-02T15:30:00Z,1.1,13.7,9.23,0.0148,87.6,66.3,30.3,72.0,2.55,25.4,163.0,0.575
2025-10-02T16:30:00Z,1.05,12.3,8.2,0.0132,89.7,32.0,11.7,71.0,1.97,25.4,154.0,0.367
2025-10-02T17:30:00Z,0.875,11.1,7.4,0.0119,77.3,23.3,10.7,73.0,1.9,25.4,159.0,0.367
2025-10-02T18:30:00Z,0.65,8.55,7.35,0.0105,,23.0,12.0,75.5,0.8,25.3,156.0,0.3
2025-10-02T19:30:00Z,0.66,7.75,7.3,0.0101,62.3,22.0,9.5,76.5,0.85,25.5,161.0,0.325
2025-10-02T20:30:00Z,0.66,6.83,7.93,0.0101,58.0,17.5,5.5,77.8,0.967,25.4,151.0,0.35
2025-10-02T21:30:00Z,0.713,6.38,7.93,0.00983,52.8,17.8,4.0,79.5,0.9,25.1,153.0,0.175
2025-10-02T22:30:00Z,0.78,15.9,7.7,0.0147,29.7,20.3,5.5,83.0,1.0,24.3,52.3,0.2
2025-10-02T23:30:00Z,0.813,21.7,8.8,0.0187,22.8,22.8,8.5,83.8,1.2,23.7,72.8,0.2
2025-10-03T00:30:00Z,0.825,29.4,10.2,0.0239,21.1,30.5,11.0,81.8,1.05,24.0,63.8,0.2
2025-10-03T01:30:00Z,0.85,25.1,12.7,0.0237,29.9,51.3,22.8,77.8,1.2,25.4,148.0,0.25
2025-10-03T02:30:00Z,0.868,20.3,15.9,0.0237,42.9,63.3,31.8,74.5,1.05,27.0,172.0,0.375
2025-10-03T03:30:00Z,0.828,20.2,29.3,0.0346,48.4,47.3,21.3,72.0,1.25,27.6,158.0,0.45
2025-10-03T04:30:00Z,0.78,18.5,23.9,0.0293,64.9,41.5,11.5,69.5,1.68,28.6,223.0,0.4
2025-10-03T05:30:00Z,0.94,19.5,17.8,0.0248,75.6,44.0,11.0,65.5,2.7,29.3,333.0,0.4
2025-10-03T06:30:00Z,0.9,20.7,17.4,0.0251,87.9,41.5,11.5,65.8,2.85,29.3,297.0,0.35
2025-10-03T07:30:00Z,0.893,32.8,49.4,0.0576,66.1,42.8,13.5,63.0,3.03,30.0,321.0,0.4
2025-10-03T08:30:00Z,0.803,33.5,41.3,0.0514,68.5,50.3,16.5,63.5,3.13,30.6,325.0,0.375
2025-10-03T09:30:00Z,0.723,28.0,43.4,0.0501,76.1,53.0,18.5,64.3,3.2,31.2,319.0,0.35
2025-10-03T10:30:00Z,0.497,22.4,12.5,0.0221,76.5,,,70.0,2.87,30.5,310.0,0.25
2025-10-03T11:30:00Z,0.513,32.0,10.8,0.0258,69.0,53.0,21.0,72.5,4.33,28.7,306.0,0.3
2025-10-03T12:30:00Z,0.525,33.2,8.68,0.0247,47.0,70.0,34.5,77.3,4.1,27.5,293.0,0.175
2025-10-03T13:30:00Z,0.72,59.2,12.0,0.0412,23.5,111.0,66.8,81.0,4.7,26.9,296.0,0.125
2025-10-03T14:30:00Z,0.793,72.6,14.5,0.0504,9.18,128.0,78.8,84.0,5.0,26.4,338.0,0.125
2025-10-03T15:30:00Z,0.823,58.1,15.7,0.0437,10.6,109.0,61.8,85.3,4.65,26.0,61.3,0.125
2025-10-03T16:30:00Z,0.748,44.9,13.4,0.0348,10.4,94.5,48.5,86.5,4.58,25.5,42.5,0.15
2025-10-03T17:30:00Z,0.885,35.4,12.6,0.0291,12.0,92.0,48.3,86.3,3.6,25.1,135.0,0.1
2025-10-03T18:30:00Z,0.93,25.4,11.1,0.0225,,86.5,55.0,88.0,1.0,24.3,183.0,0.1
2025-10-03T19:30:00Z,0.935,25.8,11.3,0.0229,14.0,80.5,48.3,88.3,1.2,24.0,22.8,0.1
2025-10-03T20:30:00Z,0.883,20.8,11.0,0.02,21.5,73.0,42.3,87.3,0.967,23.7,45.3,0.125
2025-10-03T21:30:00Z,0.93,18.9,11.1,0.019,20.8,64.8,37.8,87.3,1.0,23.5,9.25,0.125
2025-10-03T22:30:00Z,0.953,17.0,9.88,0.0171,15.3,56.5,37.0,89.5,0.975,23.2,166.0,0.125
2025-10-03T23:30:00Z,0.997,30.5,16.2,0.0294,6.3,54.7,40.0,91.0,0.967,22.9,126.0,0.133
2025-10-04T00:30:00Z,1.03,31.7,28.9,0.0403,5.98,57.5,35.0,90.8,1.43,22.9,153.0,0.125
2025-10-04T01:30:00Z,0.863,25.4,14.0,0.0249,20.9,72.8,36.0,81.3,0.875,24.7,192.0,0.225
2025-10-04T02:30:00Z,0.885,23.9,13.9,0.024,45.0,77.3,37.0,73.8,0.6,26.5,186.0,0.275
2025-10-04T03:30:00Z,0.835,16.1,18.0,0.0232,73.9,76.3,40.5,73.3,0.725,27.0,306.0,0.525
2025-10-04T04:30:00Z,0.753,11.1,9.23,0.0134,93.9,86.0,44.5,70.0,0.7,28.3,309.0,0.625
2025-10-04T05:30:00Z,0.817,8.2,4.05,0.0077,101.0,83.8,43.8,63.0,2.4,29.4,321.0,0.65
2025-10-04T06:30:00Z,0.808,19.6,17.0,0.0243,65.8,72.3,35.5,59.5,5.43,29.9,329.0,0.7
2025-10-04T07:30:00Z,0.797,27.2,25.9,0.0355,55.5,63.0,30.7,57.7,5.33,30.4,333.0,0.733
2025-10-04T08:30:00Z,0.76,23.7,13.1,0.0232,70.1,64.0,24.7,57.0,5.47,30.9,321.0,0.667
2025-10-04T09:30:00Z,0.7,19.2,13.2,0.021,93.8,69.3,22.3,54.8,5.55,31.3,314.0,0.625
2025-10-04T10:30:00Z,0.635,14.4,3.83,0.0108,120.0,83.8,19.5,58.5,5.25,30.2,316.0,0.575
2025-10-04T11:30:00Z,0.745,19.1,2.68,0.0123,111.0,94.5,18.0,65.3,5.18,28.5,311.0,0.55
2025-10-04T12:30:00Z,0.89,28.0,2.4,0.0168,85.1,103.0,32.0,70.0,5.67,27.0,322.0,0.267
2025-10-04T13:30:00Z,1.04,31.2,3.53,0.0195,66.9,117.0,49.5,72.5,5.75,26.1,300.0,0.25
2025-10-04T14:30:00Z,1.12,27.9,4.08,0.0181,59.8,124.0,56.3,74.8,5.48,25.6,290.0,0.2
2025-10-04T15:30:00Z,1.16,35.1,5.08,0.0228,45.8,109.0,47.5,76.3,5.88,25.1,295.0,0.15
2025-10-04T16:30:00Z,1.13,29.0,5.4,0.0198,47.9,79.5,42.5,77.8,5.7,24.7,289.0,0.15
2025-10-04T17:30:00Z,0.975,23.6,5.67,0.0172,42.8,62.0,37.7,81.0,5.25,24.0,293.0,0.1
2025-10-04T18:30:00Z,0.8,32.1,6.35,0.0222,,64.0,37.0,86.0,3.5,23.1,332.0,0.1
2025-10-04T19:30:00Z,0.805,27.7,6.7,0.0202,25.4,74.3,40.8,86.3,3.4,23.0,162.0,0.15
2025-10-04T20:30:00Z,1.13,21.4,6.53,0.0167,24.5,80.8,46.0,86.0,3.43,22.6,137.0,0.275
2025-10-04T21:30:00Z,1.19,15.0,6.65,0.0134,31.2,65.5,36.8,82.0,3.8,22.8,61.8,0.2
2025-10-04T22:30:00Z,1.22,15.4,6.18,0.0132,28.4,49.5,24.0,83.0,3.63,22.5,192.0,0.175
2025-10-04T23:30:00Z,1.22,18.8,6.65,0.0154,23.3,43.0,23.5,82.5,3.65,22.8,188.0,0.3
2025-10-05T00:30:00Z,0.973,9.33,3.95,0.00818,71.3,98.5,36.8,80.3,3.63,22.1,328.0,1.25
2025-10-05T01:30:00Z,0.73,7.65,2.55,0.00615,76.6,121.0,35.0,86.0,3.48,20.1,46.0,0.95
2025-10-05T02:30:00Z,0.675,11.2,2.55,0.008,81.4,63.0,17.5,80.0,3.55,21.1,50.5,0.65
2025-10-05T03:30:00Z,0.683,13.9,3.15,0.00993,81.4,45.0,14.5,66.8,3.48,23.7,80.3,0.675
2025-10-05T04:30:00Z,0.71,30.3,11.6,0.0255,65.9,46.8,12.0,57.8,3.55,26.9,119.0,0.55
2025-10-05T05:30:00Z,0.76,36.8,39.3,0.0515,53.8,46.3,9.5,51.8,4.23,29.7,129.0,0.525
2025-10-05T06:30:00Z,0.815,39.9,105.0,0.107,44.4,49.0,9.5,47.0,5.4,31.1,149.0,0.45
2025-10-05T07:30:00Z,0.818,52.6,136.0,0.139,40.0,50.8,11.5,41.5,6.65,32.5,302.0,0.45
2025-10-05T08:30:00Z,0.82,51.9,108.0,0.116,51.9,51.8,19.3,43.3,6.08,32.7,231.0,0.45
2025-10-05T09:30:00Z,0.718,41.8,61.7,0.0724,72.6,50.8,22.5,48.8,5.15,32.4,320.0,0.475
2025-10-05T10:30:00Z,0.64,26.3,16.4,0.0273,99.8,44.8,15.3,57.8,4.48,30.5,318.0,0.475
2025-10-05T11:30:00Z,0.723,26.0,9.3,0.0214,85.1,56.3,16.8,66.0,4.95,28.2,314.0,0.275
2025-10-05T12:30:00Z,0.863,52.0,8.38,0.0344,36.7,71.8,26.5,71.3,4.75,26.5,304.0,0.125
2025-10-05T13:30:00Z,1.08,62.2,10.6,0.0416,19.8,84.8,36.0,74.0,4.85,25.6,300.0,0.15
2025-10-05T14:30:00Z,1.21,60.1,12.3,0.0419,19.0,81.0,36.8,76.0,5.28,25.1,267.0,0.1
2025-10-05T15:30:00Z,1.22,43.8,14.1,0.0348,25.2,82.0,34.8,76.8,4.88,25.0,124.0,0.175
2025-10-05T16:30:00Z,1.16,33.3,9.27,0.0253,37.3,95.0,42.3,76.0,5.17,24.7,90.3,0.133
2025-10-05T17:30:00Z,1.03,36.7,9.4,0.0272,24.8,87.7,47.0,79.3,4.45,24.1,158.0,0.1
2025-10-05T18:30:00Z,0.63,19.2,9.35,0.0178,,72.0,40.0,75.5,2.4,24.3,52.0,0.25
2025-10-05T19:30:00Z,0.72,26.7,9.2,0.0217,41.4,63.3,30.3,75.5,1.85,24.3,131.0,0.3
2025-10-05T20:30:00Z,1.07,12.1,8.0,0.0129,56.4,45.8,16.8,72.0,2.6,24.0,208.0,0.325
2025-10-05T21:30:00Z,1.14,12.8,7.33,0.0127,53.3,43.3,18.3,75.8,2.33,23.5,235.0,0.425
2025-10-05T22:30:00Z,1.16,13.3,6.63,0.0125,55.4,42.8,22.5,74.8,2.8,23.2,145.0,0.3
2025-10-05T23:30:00Z,1.15,13.3,6.3,0.0122,51.9,37.8,23.8,74.8,2.23,22.7,306.0,0.225
2025-10-06T00:30:00Z,1.23,30.9,9.65,0.0243,27.7,40.5,20.3,74.5,2.58,23.0,129.0,0.275
2025-10-06T01:30:00Z,1.24,41.1,19.0,0.0373,21.5,57.0,18.3,74.0,2.63,23.2,161.0,0.325
2025-10-06T02:30:00Z,1.19,42.7,11.8,0.0324,26.9,66.0,18.3,72.3,2.4,23.4,50.3,0.233
2025-10-06T03:30:00Z,1.23,34.2,10.5,0.0267,30.1,64.0,13.5,72.5,2.3,23.6,268.0,0.3
2025-10-06T04:30:00Z,1.2,24.4,5.63,0.0175,32.7,69.8,18.8,79.8,2.25,22.9,317.0,0.55
2025-10-06T05:30:00Z,0.97,19.5,3.7,0.0134,34.3,58.5,27.8,89.3,2.73,20.2,327.0,0.6
2025-10-06T06:30:00Z,1.0,22.8,4.83,0.0161,32.7,37.3,23.8,92.0,4.08,19.6,73.8,0.425
2025-10-06T07:30:00Z,0.915,30.2,8.98,0.0233,32.4,25.3,15.5,92.8,3.43,18.7,110.0,0.475
2025-10-06T08:30:00Z,0.945,38.3,14.4,0.0321,19.0,17.0,12.0,92.3,3.43,19.4,111.0,0.425
2025-10-06T09:30:00Z,0.865,28.4,7.05,0.0208,38.4,20.8,9.5,87.8,3.25,20.7,142.0,0.575
2025-10-06T10:30:00Z,0.878,37.9,7.33,0.0261,40.3,19.8,7.5,75.3,3.58,22.7,134.0,0.35
2025-10-06T11:30:00Z,1.03,48.0,10.6,0.0341,26.3,17.3,4.25,74.5,3.43,22.6,146.0,0.225
2025-10-06T12:30:00Z,1.13,58.2,21.2,0.0482,7.23,29.8,6.5,83.8,4.18,21.2,283.0,0.1
2025-10-06T13:30:00Z,1.53,61.0,43.7,0.068,5.1,44.3,17.3,88.8,4.48,20.6,50.8,0.15
2025-10-06T14:30:00Z,1.64,51.2,59.7,0.0758,4.73,72.8,30.0,90.5,4.9,20.1,83.5,0.15
2025-10-06T15:30:00Z,1.61,38.4,42.6,0.0551,4.68,85.5,32.5,91.5,4.55,19.7,187.0,0.125
2025-10-06T16:30:00Z,1.67,33.2,49.1,0.0576,4.93,71.5,28.0,92.0,4.73,19.8,275.0,0.125
2025-10-06T17:30:00Z,1.51,28.8,49.0,0.0551,5.13,63.3,25.0,93.0,4.35,19.9,137.0,0.167
2025-10-06T18:30:00Z,0.8,22.6,6.25,0.0171,,64.5,37.5,92.5,2.95,19.4,169.0,0.25
2025-10-06T19:30:00Z,0.785,15.6,4.0,0.0115,15.1,49.0,25.0,91.3,2.2,19.3,233.0,0.275
2025-10-06T20:30:00Z,0.71,12.1,2.75,0.0087,19.3,30.7,12.0,90.0,2.35,19.6,158.0,0.167
2025-10-06T21:30:00Z,0.743,13.0,2.78,0.00918,21.7,29.0,16.5,91.5,2.78,19.4,147.0,0.475
2025-10-06T22:30:00Z,0.678,11.7,2.78,0.00845,39.1,25.5,18.0,92.0,2.68,18.9,142.0,0.725
2025-10-06T23:30:00Z,0.598,10.4,2.95,0.0079,45.8,18.0,23.0,91.3,2.7,18.8,138.0,0.6
2025-10-07T00:30:00Z,0.528,16.9,3.63,0.0119,40.1,13.0,16.3,90.3,2.95,18.6,137.0,0.55
2025-10-07T01:30:00Z,0.47,26.7,4.23,0.0177,34.7,8.5,3.0,89.8,2.7,18.8,130.0,0.225
2025-10-07T02:30:00Z,0.505,25.6,3.88,0.0168,28.9,7.0,7.0,89.5,3.03,19.6,138.0,0.2
2025-10-07T03:30:00Z,0.657,40.3,9.4,0.0291,14.9,26.7,18.7,88.0,2.77,20.3,140.0,0.167
2025-10-07T04:30:00Z,0.53,19.5,4.93,0.0144,31.7,28.3,15.8,89.0,2.78,19.4,249.0,0.375
2025-10-07T05:30:00Z,0.827,19.4,6.98,0.016,26.7,18.5,6.5,91.5,3.53,18.5,41.0,0.375
2025-10-07T06:30:00Z,0.957,17.5,6.57,0.0147,46.3,16.7,5.67,84.3,5.1,20.2,237.0,0.367
2025-10-07T07:30:00Z,0.903,11.2,4.13,0.00928,52.3,16.0,7.0,81.8,5.38,21.0,314.0,0.4
2025-10-07T08:30:00Z,0.83,9.2,2.48,0.0069,48.6,9.25,5.75,86.5,5.2,19.1,326.0,0.825
2025-10-07T09:30:00Z,0.755,14.1,3.2,0.0101,58.8,4.0,3.0,90.8,5.38,17.7,256.0,0.625
2025-10-07T10:30:00Z,0.728,16.9,4.25,0.0125,57.2,5.5,,92.8,4.73,17.5,73.0,0.55
2025-10-07T11:30:00Z,0.79,24.2,5.58,0.0174,47.5,4.5,,93.0,4.8,17.6,79.5,0.5
2025-10-07T12:30:00Z,0.883,40.5,11.4,0.0308,27.8,2.5,,93.0,5.25,18.1,103.0,0.45
2025-10-07T13:30:00Z,0.938,27.0,6.05,0.0192,36.4,1.0,,93.0,5.33,18.6,123.0,0.675
2025-10-07T14:30:00Z,0.908,22.3,4.6,0.0156,46.0,2.5,,91.3,5.4,19.0,125.0,0.7
2025-10-07T15:30:00Z,0.865,13.6,3.98,0.0105,60.0,3.75,,87.3,5.33,19.4,122.0,0.625
2025-10-07T16:30:00Z,0.828,12.0,2.93,0.00875,60.3,4.5,3.0,83.0,5.15,19.6,123.0,0.425
2025-10-07T17:30:00Z,0.785,13.4,2.83,0.0094,53.5,3.67,3.0,82.3,5.05,19.9,66.0,0.167
2025-10-07T18:30:00Z,0.645,11.3,2.6,0.0081,,11.5,,86.5,2.95,19.2,334.0,0.2
2025-10-07T19:30:00Z,0.615,10.5,2.3,0.0074,33.4,10.3,,88.5,2.95,18.7,98.3,0.225
2025-10-07T20:30:00Z,0.67,8.1,2.37,0.00623,45.0,13.3,17.5,86.3,2.9,18.5,124.0,0.15
2025-10-07T21:30:00Z,0.713,9.35,2.58,0.00708,39.7,22.0,14.5,86.3,3.03,18.5,175.0,0.175
2025-10-07T22:30:00Z,0.755,15.4,3.35,0.0109,27.7,20.5,11.0,87.3,3.08,18.3,46.8,0.175
2025-10-07T23:30:00Z,0.798,21.4,4.95,0.0154,15.5,12.0,9.25,89.8,3.28,17.8,243.0,0.2
2025-10-08T00:30:00Z,0.835,23.9,6.98,0.0184,12.5,13.8,8.5,90.0,3.3,17.9,290.0,0.125
2025-10-08T01:30:00Z,0.943,32.3,12.7,0.0275,11.7,24.3,13.3,89.3,3.37,18.6,222.0,0.2
2025-10-08T02:30:00Z,0.998,33.5,12.5,0.028,27.8,36.8,22.0,77.5,4.3,21.3,151.0,0.2
2025-10-08T03:30:00Z,1.01,29.6,7.98,0.0223,59.7,45.3,25.0,72.3,8.15,23.6,175.0,0.325
2025-10-08T04:30:00Z,0.973,25.8,6.98,0.0194,82.4,50.0,26.0,70.5,7.38,25.0,189.0,0.425
2025-10-08T05:30:00Z,0.943,19.0,6.45,0.0154,101.0,45.5,22.5,66.8,7.17,25.3,180.0,0.4
2025-10-08T06:30:00Z,0.953,27.2,27.9,0.0371,64.7,48.8,24.8,62.3,6.75,25.8,198.0,0.45
2025-10-08T07:30:00Z,0.935,36.3,59.0,0.0672,32.0,39.3,17.0,57.8,5.1,26.6,132.0,0.4
2025-10-08T08:30:00Z,0.798,27.8,30.3,0.0394,48.4,19.0,12.5,57.3,4.48,27.1,312.0,0.45
2025-10-08T09:30:00Z,0.735,27.0,18.2,0.0292,79.1,18.5,17.8,62.8,3.83,27.4,335.0,0.3
2025-10-08T10:30:00Z,0.718,25.7,8.1,0.0203,86.6,32.3,17.8,72.0,3.3,25.5,290.0,0.175
2025-10-08T11:30:00Z,0.943,53.2,17.1,0.0423,47.2,48.3,21.3,76.3,3.68,24.1,298.0,0.125
2025-10-08T12:30:00Z,1.21,83.1,19.2,0.0598,6.35,79.0,27.0,80.8,4.2,22.9,286.0,0.175
2025-10-08T13:30:00Z,1.35,69.6,18.5,0.052,4.45,80.5,29.5,86.0,4.43,21.8,232.0,0.1
2025-10-08T14:30:00Z,1.67,64.3,54.6,0.0785,4.93,76.3,30.0,88.5,4.48,21.3,320.0,0.1
2025-10-08T15:30:00Z,1.66,47.6,36.7,0.0552,4.4,72.0,30.8,90.0,4.45,20.5,254.0,0.1
2025-10-08T16:30:00Z,1.57,38.9,25.8,0.0417,4.53,63.5,26.8,91.0,4.23,19.7,164.0,0.1
2025-10-08T17:30:00Z,1.33,32.3,15.5,0.0298,4.6,61.0,23.3,91.3,4.4,19.1,250.0,0.133
2025-10-08T18:30:00Z,1.03,23.1,21.3,0.0296,,54.0,21.0,92.0,4.65,18.7,45.5,0.15
2025-10-08T19:30:00Z,1.26,21.6,14.0,0.0229,5.4,48.0,16.3,92.0,4.7,18.2,65.0,0.175
2025-10-08T20:30:00Z,1.09,16.7,4.5,0.0126,5.8,42.0,11.0,92.0,4.0,17.9,169.0,0.1
2025-10-08T21:30:00Z,1.02,15.8,5.93,0.0133,5.53,23.3,3.67,92.0,4.03,17.5,36.3,0.1
2025-10-08T22:30:00Z,1.02,16.3,5.38,0.013,5.45,19.8,3.5,92.0,4.35,17.4,88.5,0.175
2025-10-08T23:30:00Z,1.01,18.0,5.25,0.0138,7.83,15.0,2.5,91.0,4.43,17.6,265.0,0.15
2025-10-09T00:30:00Z,1.05,17.9,6.98,0.0152,6.1,11.5,2.5,91.0,4.3,18.2,253.0,0.125
2025-10-09T01:30:00Z,1.14,24.7,12.9,0.0237,9.18,16.5,5.25,86.5,4.53,19.6,234.0,0.125
2025-10-09T02:30:00Z,0.938,21.7,9.45,0.0192,29.9,27.5,10.0,73.5,4.45,22.5,265.0,0.275
2025-10-09T03:30:00Z,0.878,23.6,7.4,0.0185,53.7,28.8,6.75,68.0,4.7,23.9,290.0,0.475
2025-10-09T04:30:00Z,0.875,22.3,4.4,0.0155,98.9,29.3,6.75,68.3,4.65,24.6,291.0,0.625
2025-10-09T05:30:00Z,0.877,12.4,3.25,0.0092,100.0,42.8,16.0,65.0,4.1,25.2,311.0,0.625
2025-10-09T06:30:00Z,0.825,12.5,4.45,0.0103,82.6,42.0,23.5,62.5,4.2,25.7,302.0,0.675
2025-10-09T07:30:00Z,0.813,16.2,5.3,0.0129,60.5,31.5,19.3,59.8,3.85,26.3,298.0,0.65
2025-10-09T08:30:00Z,0.767,14.5,3.37,0.0104,64.7,27.7,10.3,59.0,3.7,26.8,308.0,0.633
2025-10-09T09:30:00Z,0.74,10.8,3.43,0.00853,86.7,23.0,9.0,60.5,3.85,27.2,321.0,0.525
2025-10-09T10:30:00Z,0.663,11.7,3.37,0.00897,97.7,23.0,6.67,65.0,4.23,26.9,311.0,0.333
2025-10-09T11:30:00Z,0.773,23.3,2.65,0.0146,72.0,34.3,9.0,72.0,4.03,24.6,300.0,0.25
2025-10-09T12:30:00Z,0.813,28.0,2.7,0.0171,60.9,50.7,15.3,75.7,4.43,23.3,294.0,0.3
2025-10-09T13:30:00Z,0.855,26.3,2.83,0.0163,48.2,52.8,19.3,79.5,3.78,22.3,292.0,0.225
2025-10-09T14:30:00Z,1.07,41.9,3.75,0.0254,25.7,50.3,17.3,82.8,3.8,21.5,286.0,0.225
2025-10-09T15:30:00Z,1.01,22.4,2.8,0.0142,45.5,48.3,18.0,82.5,4.05,21.2,300.0,0.275
2025-10-09T16:30:00Z,1.06,21.8,2.35,0.0135,37.9,38.5,16.5,84.8,3.95,20.7,308.0,0.175
2025-10-09T17:30:00Z,0.91,16.7,2.53,0.011,37.8,39.7,17.3,86.7,3.85,20.3,323.0,0.167
2025-10-09T18:30:00Z,0.56,12.8,2.45,0.0088,,44.0,19.0,88.0,2.9,19.7,279.0,0.15
2025-10-09T19:30:00Z,0.63,13.2,2.3,0.00885,20.6,40.0,17.0,89.5,2.8,19.3,271.0,0.1
2025-10-09T20:30:00Z,0.693,12.5,2.7,0.00887,14.9,34.0,15.0,91.3,3.07,19.0,326.0,0.1
2025-10-09T21:30:00Z,0.737,15.7,3.37,0.0111,9.67,30.7,15.0,92.0,3.0,18.8,34.7,0.133
2025-10-09T22:30:00Z,0.798,16.1,3.48,0.0114,7.63,33.8,17.5,93.0,3.23,18.9,35.0,0.15
2025-10-09T23:30:00Z,0.858,16.6,12.1,0.0187,4.88,36.0,21.0,93.0,3.58,18.8,183.0,0.15
2025-10-10T00:30:00Z,0.933,22.7,23.5,0.0311,5.13,39.3,24.5,93.0,3.65,18.9,127.0,0.175
2025-10-10T01:30:00Z,0.925,16.1,6.53,0.0139,15.1,44.5,23.5,90.0,3.33,20.3,196.0,0.25
2025-10-10T02:30:00Z,0.875,19.0,6.78,0.0156,35.3,47.0,25.3,74.0,3.33,22.7,125.0,0.325
2025-10-10T03:30:00Z,0.765,14.1,7.18,0.0133,65.8,45.3,24.3,67.0,3.18,24.5,109.0,0.4
2025-10-10T04:30:00Z,0.7,13.6,4.93,0.0112,98.7,38.0,15.0,67.0,3.23,25.1,152.0,0.433
2025-10-10T05:30:00Z,1.09,14.2,4.03,0.0108,,37.0,14.3,68.0,4.07,25.8,292.0,0.4
2025-10-10T06:30:00Z,1.21,16.8,3.25,0.0116,115.0,,,,5.75,26.2,273.0,0.45
2025-10-10T07:30:00Z,1.04,23.5,4.13,0.0159,97.3,,,56.5,6.23,27.0,302.0,0.5
2025-10-10T08:30:00Z,0.777,23.2,7.47,0.0185,117.0,78.0,55.0,58.3,6.0,27.6,206.0,0.367
2025-10-10T09:30:00Z,0.807,22.1,4.8,0.0156,168.0,86.3,51.7,63.0,5.73,27.8,293.0,0.3
2025-10-10T12:30:00Z,1.21,93.6,21.9,0.0676,7.5,109.0,46.0,81.0,6.1,23.3,327.0,0.1
2025-10-10T13:30:00Z,1.17,78.7,18.8,0.0572,8.6,139.0,58.8,83.0,6.7,22.6,296.0,0.1
2025-10-10T14:30:00Z,1.5,70.3,32.4,0.0638,5.18,140.0,51.8,85.5,6.9,21.8,260.0,0.1
2025-10-10T15:30:00Z,1.55,62.1,26.7,0.0547,5.1,151.0,61.3,87.7,6.83,21.3,106.0,0.1
2025-10-10T16:30:00Z,1.43,47.0,12.2,0.0349,6.15,159.0,68.0,89.0,6.35,20.8,104.0,0.1
2025-10-10T17:30:00Z,1.17,39.4,6.07,0.0258,10.7,128.0,61.3,90.0,6.0,20.6,129.0,0.1
2025-10-10T19:30:00Z,,,,,9.2,94.0,47.5,91.0,,19.8,31.5,0.15
2025-10-10T20:30:00Z,1.06,23.3,5.1,0.0165,8.17,88.7,47.3,92.0,3.85,19.4,146.0,0.1
2025-10-10T21:30:00Z,0.935,20.9,4.73,0.0149,11.3,74.0,39.8,91.0,4.03,19.0,55.0,0.15
2025-10-10T22:30:00Z,0.93,17.1,3.15,0.0117,14.8,63.0,27.0,91.3,3.83,18.4,117.0,0.125
2025-10-10T23:30:00Z,0.977,33.5,12.4,0.0279,6.93,54.7,25.3,91.0,4.23,18.2,139.0,0.133
2025-10-11T00:30:00Z,1.01,26.3,11.9,0.0237,6.6,48.3,26.3,92.0,4.33,18.6,331.0,0.125
2025-10-11T01:30:00Z,1.06,21.7,7.8,0.0179,22.4,44.8,24.8,86.8,4.23,20.3,128.0,0.15
2025-10-11T02:30:00Z,1.04,20.9,6.4,0.0163,42.0,63.3,33.8,73.3,4.33,22.7,238.0,0.3
2025-10-11T03:30:00Z,0.87,17.0,5.5,0.0135,81.5,68.3,33.8,66.8,4.27,24.4,317.0,0.4
2025-10-11T04:30:00Z,0.56,11.5,3.3,0.0088,105.0,53.7,27.7,67.0,4.7,25.4,308.0,0.533
2025-10-11T05:30:00Z,0.9,10.8,3.13,0.00828,113.0,55.8,25.5,65.0,4.67,26.4,317.0,0.475
2025-10-11T06:30:00Z,1.16,14.3,4.3,0.0111,108.0,54.3,21.5,64.3,4.55,26.8,307.0,0.65
2025-10-11T07:30:00Z,0.923,20.6,5.45,0.0154,88.6,43.3,21.5,60.3,4.25,27.8,308.0,0.6
2025-10-11T08:30:00Z,0.89,16.5,3.53,0.0117,102.0,39.5,21.8,60.5,4.55,28.1,308.0,0.7
2025-10-11T09:30:00Z,0.857,12.3,2.43,0.0085,121.0,47.8,26.3,61.0,4.7,28.7,309.0,0.65
2025-10-11T10:30:00Z,0.85,14.8,2.77,0.0101,121.0,51.8,27.5,65.5,4.13,27.9,313.0,0.425
2025-10-11T11:30:00Z,0.923,22.7,2.08,0.0137,105.0,74.0,34.8,68.8,4.28,25.5,297.0,0.225
2025-10-11T12:30:00Z,1.01,33.2,2.83,0.02,74.3,101.0,43.5,72.5,3.9,24.0,268.0,0.225
2025-10-11T13:30:00Z,1.16,63.1,3.6,0.0365,37.9,126.0,56.5,75.8,4.38,23.1,274.0,0.3
2025-10-11T14:30:00Z,1.18,39.0,3.13,0.0233,62.5,125.0,60.3,76.0,3.98,22.7,293.0,0.275
2025-10-11T15:30:00Z,1.27,25.2,2.95,0.0158,69.0,102.0,49.0,77.3,4.45,22.3,273.0,0.3
2025-10-11T16:30:00Z,1.33,35.3,3.68,0.0218,40.6,109.0,52.5,81.3,4.2,21.5,295.0,0.125
2025-10-11T17:30:00Z,1.24,35.4,3.53,0.0217,23.6,118.0,59.0,86.0,3.9,20.5,295.0,0.1
2025-10-11T18:30:00Z,0.78,26.9,3.05,0.0168,,93.0,72.0,89.5,4.3,19.6,178.0,0.1
2025-10-11T19:30:00Z,0.825,27.0,3.3,0.017,11.2,86.8,59.5,91.0,4.1,19.2,329.0,0.1
2025-10-11T20:30:00Z,1.08,22.0,6.0,0.0166,6.4,71.8,43.0,92.0,4.17,18.8,332.0,0.125
2025-10-11T21:30:00Z,1.05,19.1,3.7,0.0132,9.38,66.3,43.0,92.0,4.35,18.2,236.0,0.125
2025-10-11T22:30:00Z,1.11,19.3,5.13,0.0145,5.65,75.0,47.8,92.8,4.45,18.0,173.0,0.125
2025-10-11T23:30:00Z,1.19,23.6,15.3,0.025,4.97,83.7,50.0,93.0,4.73,17.7,149.0,0.133
2025-10-12T00:30:00Z,1.26,34.7,51.8,0.0605,5.1,94.8,,93.0,5.33,18.0,131.0,0.125
2025-10-12T01:30:00Z,1.24,23.4,9.18,0.0199,26.6,96.8,49.0,87.8,5.1,20.3,142.0,0.275
2025-10-12T02:30:00Z,1.26,20.1,5.5,0.0152,63.0,75.0,40.8,75.3,5.48,23.4,180.0,0.3
2025-10-12T03:30:00Z,1.19,16.8,5.33,0.0133,90.6,70.3,39.8,69.8,5.25,25.0,218.0,0.3
2025-10-12T04:30:00Z,1.13,15.5,4.68,0.0121,114.0,79.5,47.0,67.8,4.98,25.6,268.0,0.325
2025-10-12T05:30:00Z,0.993,15.3,4.05,0.0114,141.0,83.8,53.3,63.0,5.1,26.4,290.0,0.425
2025-10-12T06:30:00Z,0.95,27.5,12.9,0.0251,116.0,81.8,54.5,61.0,4.35,27.1,302.0,0.45
2025-10-12T07:30:00Z,0.998,35.2,11.9,0.0284,94.4,73.0,43.3,57.8,4.6,27.9,316.0,0.45
2025-10-12T08:30:00Z,0.963,31.9,14.8,0.029,96.0,77.0,39.5,55.5,4.58,28.4,332.0,0.45
2025-10-12T09:30:00Z,0.953,18.3,9.68,0.0176,121.0,71.3,37.5,58.5,4.0,28.9,312.0,0.5
2025-10-12T10:30:00Z,0.99,19.2,7.08,0.016,125.0,72.3,36.5,63.5,3.48,28.1,302.0,0.275
2025-10-12T11:30:00Z,0.935,31.1,5.63,0.0211,92.6,96.3,44.5,69.0,3.3,25.6,301.0,0.125
2025-10-12T12:30:00Z,1.15,75.5,14.4,0.0518,36.1,125.0,59.8,74.0,3.53,23.8,312.0,0.15
2025-10-12T13:30:00Z,1.28,94.5,20.1,0.0666,9.33,154.0,71.0,80.8,4.13,22.6,312.0,0.1
2025-10-12T14:30:00Z,1.41,80.6,14.9,0.055,8.27,152.0,68.7,84.7,3.87,21.6,302.0,0.1
2025-10-12T15:30:00Z,1.5,63.5,16.0,0.0468,15.7,138.0,72.3,85.8,4.1,21.1,256.0,0.1
2025-10-12T16:30:00Z,1.77,65.9,41.9,0.0691,4.98,145.0,77.5,88.5,4.78,20.9,173.0,0.125
2025-10-12T17:30:00Z,1.64,59.9,39.0,0.0636,4.6,158.0,75.5,89.5,4.05,20.6,54.0,0.1
2025-10-12T18:30:00Z,1.08,39.1,10.3,0.0292,,128.0,63.0,90.0,3.05,20.0,65.5,0.15
2025-10-12T19:30:00Z,0.955,32.4,7.35,0.0232,17.8,117.0,59.3,90.0,2.85,19.6,61.8,0.15
2025-10-12T20:30:00Z,1.2,23.3,4.9,0.0164,15.6,92.5,48.3,90.3,2.97,19.3,112.0,0.125
2025-10-12T21:30:00Z,1.16,15.8,3.4,0.0112,13.2,68.8,38.5,91.3,2.85,18.7,175.0,0.1
2025-10-12T22:30:00Z,1.12,17.0,3.48,0.0118,13.7,48.5,34.5,92.0,2.63,18.4,193.0,0.1
2025-10-12T23:30:00Z,1.21,21.1,8.3,0.018,5.75,39.5,29.5,92.8,2.65,18.3,170.0,0.1
2025-10-13T00:30:00Z,1.31,26.3,35.1,0.0425,4.73,46.0,27.7,93.0,3.13,18.4,145.0,0.1
2025-10-13T01:30:00Z,1.44,32.2,14.3,0.0287,17.3,65.3,34.5,87.8,3.25,20.9,124.0,0.225
2025-10-13T02:30:00Z,1.43,31.0,7.65,0.0227,49.0,80.3,42.3,76.0,5.65,23.8,188.0,0.25
2025-10-13T03:30:00Z,1.27,30.4,8.47,0.023,87.5,97.3,50.7,69.0,10.3,25.6,279.0,0.233
2025-10-13T04:30:00Z,1.25,23.8,5.38,0.0171,134.0,99.8,55.3,66.8,9.1,26.0,268.0,0.275
2025-10-13T05:30:00Z,1.03,23.9,4.03,0.016,174.0,114.0,61.7,64.0,8.05,26.9,305.0,0.467
2025-10-13T06:30:00Z,0.99,28.6,8.78,0.0224,145.0,114.0,60.3,60.3,7.5,27.1,312.0,0.475
2025-10-13T07:30:00Z,1.05,36.6,14.9,0.0316,101.0,93.8,48.8,54.5,5.5,28.0,328.0,0.425
2025-10-13T08:30:00Z,0.98,29.7,12.1,0.0257,111.0,77.3,39.5,53.0,4.65,28.5,306.0,0.55
2025-10-13T09:30:00Z,0.955,17.9,8.08,0.0161,131.0,64.8,33.8,53.3,4.63,29.2,302.0,0.475
2025-10-13T10:30:00Z,0.915,22.2,5.7,0.0164,114.0,56.5,29.8,59.8,4.4,28.2,289.0,0.25
2025-10-13T11:30:00Z,0.987,71.3,4.67,0.0417,51.2,62.0,31.3,69.3,4.63,25.4,311.0,0.133
2025-10-13T12:30:00Z,1.41,107.0,38.6,0.0881,6.3,108.0,45.5,78.3,5.73,23.1,328.0,0.1
2025-10-13T13:30:00Z,1.56,87.1,40.3,0.0791,6.48,160.0,72.3,80.3,6.8,22.7,203.0,0.175
2025-10-13T14:30:00Z,1.55,78.9,34.0,0.0696,6.25,178.0,83.0,80.0,6.35,22.5,83.0,0.2
2025-10-13T15:30:00Z,1.57,65.6,12.8,0.0453,10.3,144.0,62.3,81.0,6.83,21.8,33.5,0.125
2025-10-13T16:30:00Z,1.62,59.6,12.6,0.0419,6.78,141.0,68.0,85.5,5.95,20.8,196.0,0.1
2025-10-13T17:30:00Z,1.46,54.8,12.1,0.039,5.93,133.0,68.3,88.0,5.2,20.5,35.0,0.1
2025-10-13T18:30:00Z,0.97,38.4,8.95,0.0278,,129.0,68.0,90.0,2.7,20.0,192.0,0.1
2025-10-13T19:30:00Z,0.84,33.2,4.5,0.0213,8.97,109.0,61.3,90.8,1.95,19.7,115.0,0.1
2025-10-13T20:30:00Z,1.1,21.1,3.63,0.0142,18.3,80.8,49.0,91.0,2.27,19.2,266.0,0.1
2025-10-13T21:30:00Z,1.06,13.5,2.6,0.0093,19.8,65.0,39.7,92.0,2.03,18.8,123.0,0.1
2025-10-13T22:30:00Z,1.04,16.3,2.88,0.011,13.2,50.8,35.8,92.3,1.53,18.5,108.0,0.1
2025-10-13T23:30:00Z,1.2,25.6,5.55,0.0181,6.93,64.3,46.5,93.0,2.18,18.4,25.8,0.1
2025-10-14T00:30:00Z,1.3,30.8,24.4,0.0362,5.88,81.3,55.8,93.0,2.6,18.6,43.8,0.1
2025-10-14T01:30:00Z,1.3,35.3,11.8,0.0284,16.8,91.0,50.0,92.0,2.73,20.0,230.0,0.1
2025-10-14T02:30:00Z,1.3,30.7,6.83,0.0219,54.2,90.3,48.3,77.3,3.1,22.6,279.0,0.3
2025-10-14T03:30:00Z,1.16,25.8,4.8,0.0176,91.3,104.0,65.0,67.5,3.9,24.8,304.0,0.375
2025-10-14T04:30:00Z,1.05,14.5,3.05,0.0102,120.0,109.0,70.8,65.3,3.08,25.6,309.0,0.45
2025-10-14T05:30:00Z,0.983,11.6,2.4,0.00813,143.0,110.0,60.5,66.5,3.27,26.9,305.0,0.525
2025-10-14T06:30:00Z,0.975,23.9,9.15,0.0201,123.0,120.0,56.5,61.3,4.8,27.1,310.0,0.425
2025-10-14T07:30:00Z,1.09,37.1,24.4,0.0396,95.0,112.0,56.0,57.0,4.65,28.0,187.0,0.4
2025-10-14T08:30:00Z,1.07,28.4,15.9,0.028,112.0,101.0,51.8,56.0,3.48,28.3,314.0,0.475
2025-10-14T09:30:00Z,1.04,19.7,14.7,0.0224,132.0,91.3,45.5,55.8,3.53,29.4,244.0,0.275
2025-10-14T10:30:00Z,1.09,26.7,11.3,0.0234,118.0,83.0,44.5,62.3,3.68,28.8,307.0,0.125
2025-10-14T11:30:00Z,1.25,108.0,13.5,0.0684,27.0,97.0,49.8,70.8,3.35,25.8,324.0,0.1
2025-10-14T12:30:00Z,1.48,116.0,40.0,0.094,5.85,130.0,61.3,77.0,4.18,24.1,247.0,0.1
2025-10-14T13:30:00Z,1.58,100.0,56.5,0.0992,6.4,153.0,70.0,80.5,4.48,23.5,124.0,0.175
2025-10-14T14:30:00Z,1.44,70.4,18.2,0.0523,15.4,147.0,68.0,80.3,3.88,23.4,99.0,0.275
2025-10-14T15:30:00Z,1.49,52.5,9.3,0.0355,28.9,123.0,61.5,81.3,3.83,22.8,58.5,0.175
2025-10-14T16:30:00Z,1.46,40.0,8.1,0.0279,27.1,102.0,52.7,85.0,3.67,21.8,187.0,0.1
2025-10-14T17:30:00Z,1.29,45.5,7.07,0.03,23.1,95.3,50.3,87.0,3.75,21.4,61.0,0.1
2025-10-14T18:30:00Z,0.85,22.9,4.5,0.0158,,96.0,53.0,84.5,3.15,21.7,99.0,0.3
2025-10-14T19:30:00Z,0.665,17.4,4.3,0.0127,67.8,83.5,48.3,82.8,2.65,21.7,83.5,0.175
2025-10-14T20:30:00Z,0.963,14.2,3.67,0.0105,61.0,69.0,38.0,85.0,3.0,21.0,53.8,0.1
2025-10-14T21:30:00Z,0.953,13.0,3.45,0.00973,61.0,62.5,33.5,85.3,2.8,20.7,74.5,0.125
2025-10-14T22:30:00Z,0.928,14.9,3.38,0.0107,50.9,56.5,36.0,86.5,2.63,20.5,175.0,0.1
2025-10-14T23:30:00Z,1.1,27.3,4.13,0.0179,35.8,54.5,36.5,86.8,3.33,20.8,77.0,0.15
2025-10-15T00:30:00Z,1.15,35.1,5.95,0.0235,25.7,61.3,37.0,83.3,3.08,21.7,224.0,0.1
2025-10-15T01:30:00Z,1.28,41.7,12.5,0.0323,24.1,82.5,44.5,80.5,3.28,22.7,109.0,0.2
2025-10-15T02:30:00Z,1.31,37.9,8.23,0.0269,46.9,97.0,49.5,73.5,3.65,24.1,138.0,0.275
2025-10-15T03:30:00Z,1.13,33.4,8.8,0.0249,86.9,96.3,50.5,67.0,3.83,25.5,297.0,0.325
2025-10-15T04:30:00Z,1.02,28.8,5.1,0.0194,136.0,112.0,56.8,65.8,6.88,26.0,299.0,0.4
2025-10-15T05:30:00Z,1.07,18.7,3.38,0.0127,153.0,150.0,70.8,65.5,10.8,26.9,321.0,0.475
2025-10-15T06:30:00Z,0.993,22.5,6.88,0.0175,145.0,150.0,70.3,63.5,9.43,27.4,308.0,0.325
2025-10-15T07:30:00Z,1.13,31.2,17.9,0.0311,111.0,112.0,55.8,58.5,7.28,27.9,332.0,0.375
2025-10-15T08:30:00Z,1.11,,,,134.0,97.0,53.0,57.7,6.3,28.6,320.0,0.367
2025-10-15T09:30:00Z,0.93,16.9,7.1,0.0148,150.0,97.0,53.0,57.8,6.1,29.4,327.0,0.3
2025-10-15T10:30:00Z,1.05,37.4,4.3,0.0233,98.6,94.5,51.0,64.0,5.8,28.2,292.0,0.2
2025-10-15T11:30:00Z,1.28,90.4,5.05,0.0522,51.9,93.0,50.0,70.5,5.7,26.2,305.0,0.1
2025-10-15T14:30:00Z,1.67,89.4,32.1,0.0737,6.18,170.0,83.8,84.0,6.68,22.5,106.0,0.1
2025-10-15T15:30:00Z,1.85,78.7,31.8,0.0677,5.18,171.0,82.8,86.3,6.75,22.0,21.0,0.1
2025-10-15T16:30:00Z,1.92,69.9,29.4,0.061,5.2,172.0,82.3,88.0,6.6,21.6,32.8,0.1
2025-10-15T17:30:00Z,1.89,64.1,30.2,0.0586,4.95,173.0,77.0,89.0,6.7,21.3,35.0,0.1
2025-10-15T18:30:00Z,1.2,38.2,5.8,0.025,,139.0,86.0,91.0,3.25,20.6,329.0,0.1
2025-10-15T19:30:00Z,1.16,36.0,7.0,0.0249,8.8,127.0,87.0,91.8,3.0,20.3,302.0,0.1
2025-10-15T20:30:00Z,1.19,16.8,4.3,0.0124,17.1,115.0,77.8,92.0,2.93,19.9,281.0,0.1
2025-10-15T21:30:00Z,1.16,15.5,3.6,0.0112,18.3,114.0,77.0,92.0,2.88,19.7,300.0,0.125
2025-10-15T22:30:00Z,1.15,18.5,2.73,0.012,15.8,119.0,87.3,92.0,2.97,19.4,329.0,0.1
2025-10-15T23:30:00Z,1.27,22.6,4.67,0.0159,7.17,120.0,88.7,93.0,3.53,19.4,210.0,0.1
2025-10-16T00:30:00Z,1.37,24.0,17.3,0.0268,5.8,119.0,95.0,93.0,2.75,19.7,270.0,0.1
2025-10-16T01:30:00Z,1.45,34.3,18.8,0.0335,8.93,147.0,120.0,92.3,3.6,20.6,275.0,0.125
2025-10-16T02:30:00Z,1.4,33.6,9.28,0.0254,38.5,168.0,131.0,80.0,6.83,22.9,293.0,0.275
2025-10-16T03:30:00Z,1.24,33.2,6.63,0.023,70.3,150.0,105.0,69.8,18.2,25.0,304.0,0.35
2025-10-16T04:30:00Z,1.11,29.3,5.08,0.0197,91.2,163.0,98.5,68.8,24.5,26.0,235.0,0.375
2025-10-16T05:30:00Z,1.01,13.4,3.38,0.00988,128.0,156.0,86.0,66.5,9.27,27.1,313.0,0.55
2025-10-16T06:30:00Z,0.918,20.2,5.03,0.0148,118.0,119.0,68.0,63.5,4.58,27.5,301.0,0.6
2025-10-16T07:30:00Z,1.02,29.7,12.9,0.0263,92.6,106.0,60.7,60.0,3.53,28.7,309.0,0.467
2025-10-16T08:30:00Z,1.06,27.1,11.7,0.0239,105.0,87.5,54.0,58.8,3.33,29.3,300.0,0.475
2025-10-16T09:30:00Z,1.08,24.2,9.5,0.0206,124.0,79.0,49.0,59.3,3.53,30.2,242.0,0.325
2025-10-16T10:30:00Z,1.16,47.4,9.65,0.033,89.1,93.8,47.0,64.5,3.45,29.2,308.0,0.15
2025-10-16T11:30:00Z,1.41,117.0,22.9,0.0809,12.7,116.0,56.3,71.8,4.33,26.1,328.0,0.1
2025-10-16T12:30:00Z,1.42,111.0,31.0,0.0842,6.38,151.0,72.3,78.3,6.23,24.3,315.0,0.1
2025-10-16T13:30:00Z,1.78,92.8,67.2,0.104,5.53,170.0,79.0,83.3,6.45,23.2,324.0,0.1
2025-10-16T14:30:00Z,1.94,87.3,82.1,0.113,5.03,176.0,85.8,85.8,6.1,22.4,270.0,0.1
2025-10-16T15:30:00Z,2.24,80.9,94.0,0.119,4.3,201.0,93.0,87.7,6.9,22.0,29.3,0.1
2025-10-16T16:30:00Z,1.96,70.3,47.6,0.0761,4.25,194.0,86.3,89.0,5.6,21.6,36.8,0.125
2025-10-16T17:30:00Z,1.45,51.4,19.2,0.0429,10.1,168.0,77.7,89.3,4.55,21.1,39.0,0.1
2025-10-16T18:30:00Z,0.865,32.5,5.5,0.0218,,92.0,67.5,89.5,3.45,20.4,201.0,0.1
2025-10-16T19:30:00Z,0.84,35.8,8.6,0.0261,7.33,90.0,65.5,91.0,3.15,20.2,42.8,0.125
2025-10-16T20:30:00Z,1.18,31.0,11.3,0.0256,8.18,95.3,60.5,90.8,2.93,19.8,64.0,0.175
2025-10-16T21:30:00Z,1.05,23.4,5.05,0.0165,14.7,86.5,48.5,89.5,2.73,19.2,25.5,0.1
2025-10-16T22:30:00Z,0.965,22.4,4.45,0.0156,10.8,62.8,37.0,91.0,2.33,18.6,48.0,0.1
2025-10-16T23:30:00Z,1.08,35.8,8.9,0.0263,11.4,57.7,29.3,89.3,2.53,18.7,157.0,0.167
2025-10-17T00:30:00Z,1.11,40.3,13.6,0.0325,9.35,57.5,28.3,89.5,3.03,18.9,191.0,0.125
2025-10-17T01:30:00Z,1.28,38.9,15.5,0.0333,18.5,72.5,38.3,84.0,15.3,21.2,122.0,0.225
2025-10-17T02:30:00Z,1.35,39.0,8.23,0.0274,53.8,148.0,79.3,77.7,48.8,24.1,167.0,0.3
2025-10-17T03:30:00Z,1.21,34.9,6.93,0.0242,90.3,180.0,108.0,71.8,32.2,25.6,193.0,0.3
2025-10-17T04:30:00Z,1.1,27.5,3.88,0.0178,127.0,179.0,114.0,70.3,27.4,25.9,314.0,0.4
2025-10-17T05:30:00Z,1.01,25.2,2.85,0.0157,169.0,169.0,105.0,65.5,17.8,27.0,307.0,0.425
2025-10-17T06:30:00Z,0.945,31.5,8.23,0.0235,159.0,156.0,96.8,63.5,12.8,27.7,286.0,0.475
2025-10-17T07:30:00Z,0.975,41.6,24.0,0.0417,127.0,138.0,84.3,58.0,11.3,29.0,327.0,0.425
2025-10-17T08:30:00Z,0.955,33.9,12.2,0.0279,128.0,124.0,71.5,55.0,10.7,29.9,312.0,0.45
2025-10-17T09:30:00Z,0.913,28.6,12.3,0.0252,127.0,111.0,61.8,56.0,11.2,30.2,319.0,0.45
2025-10-17T10:30:00Z,0.875,27.6,7.13,0.0205,114.0,108.0,57.5,62.8,14.5,29.1,281.0,0.275
2025-10-17T11:30:00Z,1.05,85.5,14.1,0.0569,40.5,108.0,55.0,73.3,9.33,25.8,334.0,0.1
2025-10-17T12:30:00Z,1.56,112.0,78.2,0.123,6.23,125.0,62.0,80.8,10.3,23.7,242.0,0.1
2025-10-17T13:30:00Z,1.59,93.8,62.7,0.101,5.13,164.0,81.3,84.0,10.5,22.9,227.0,0.1
2025-10-17T14:30:00Z,1.71,87.7,84.5,0.115,5.0,175.0,91.5,85.8,8.93,22.5,31.8,0.15
2025-10-17T15:30:00Z,1.63,77.4,31.0,0.0664,5.1,169.0,82.3,85.0,7.7,22.1,50.3,0.133
2025-10-17T16:30:00Z,1.46,58.0,9.23,0.0383,16.8,155.0,76.0,84.3,6.33,21.7,69.3,0.175
2025-10-17T17:30:00Z,1.28,49.3,8.03,0.0327,20.3,133.0,69.3,84.7,5.45,21.2,141.0,0.133
2025-10-17T18:30:00Z,0.92,38.4,5.5,0.0248,,95.0,58.0,87.0,4.75,20.6,40.0,0.15
2025-10-17T19:30:00Z,0.815,40.9,5.1,0.0259,20.5,86.8,53.3,86.0,4.7,20.0,54.0,0.15
2025-10-17T20:30:00Z,,25.3,4.47,0.0171,34.8,74.8,40.8,82.8,4.37,19.6,54.0,0.15
2025-10-17T21:30:00Z,,20.3,3.63,0.0138,45.1,58.0,29.8,76.3,4.23,20.0,80.5,0.225
2025-10-17T22:30:00Z,,26.0,3.5,0.0167,39.0,44.5,26.0,77.3,4.1,19.5,65.3,0.2
2025-10-17T23:30:00Z,,42.4,6.8,0.0281,25.8,44.3,24.0,76.7,4.47,19.4,74.7,0.2
2025-10-18T00:30:00Z,,52.6,17.9,0.0426,13.9,49.3,27.8,76.0,4.28,19.5,79.5,0.175
2025-10-18T01:30:00Z,,46.6,20.5,0.0415,19.3,80.5,45.0,70.8,5.08,21.6,108.0,0.3
2025-10-18T02:30:00Z,,36.6,10.1,0.0276,43.9,92.5,47.3,66.8,5.1,23.9,165.0,0.25
2025-10-18T03:30:00Z,0.62,23.0,7.18,0.0181,100.0,78.8,39.8,65.0,6.6,25.7,215.0,0.25
2025-10-18T04:30:00Z,0.69,25.6,5.75,0.0183,142.0,94.5,50.3,67.8,9.0,26.6,164.0,0.35
2025-10-18T05:30:00Z,0.883,20.2,4.23,0.0142,169.0,115.0,57.5,65.5,13.0,27.8,283.0,0.375
2025-10-18T06:30:00Z,0.99,37.6,19.0,0.0355,145.0,136.0,67.0,60.3,17.9,28.4,291.0,0.35
2025-10-18T07:30:00Z,1.04,45.8,37.1,0.0545,98.1,124.0,63.5,51.3,10.0,29.3,249.0,0.425
2025-10-18T08:30:00Z,1.05,36.4,14.2,0.0309,129.0,92.0,47.8,50.0,7.83,30.1,231.0,0.325
2025-10-18T09:30:00Z,1.02,32.2,10.2,0.0254,173.0,86.0,48.8,50.0,8.05,31.2,298.0,0.25
2025-10-18T10:30:00Z,1.26,50.8,8.9,0.0343,129.0,100.0,53.5,60.3,7.93,30.0,302.0,0.125
2025-10-18T11:30:00Z,1.31,92.9,13.5,0.0604,51.3,103.0,56.0,72.5,6.4,26.2,329.0,0.1
2025-10-18T12:30:00Z,1.52,115.0,30.8,0.086,6.63,122.0,61.5,80.0,6.5,24.2,244.0,0.1
2025-10-18T13:30:00Z,1.63,110.0,41.5,0.092,6.53,154.0,80.0,81.0,6.53,23.4,178.0,0.133
2025-10-18T14:30:00Z,1.49,86.5,24.5,0.0659,9.43,155.0,81.8,80.8,6.18,22.8,72.0,0.225
2025-10-18T15:30:00Z,1.59,65.0,14.5,0.0464,16.7,143.0,70.8,80.3,6.23,22.5,71.3,0.175
2025-10-18T16:30:00Z,1.57,50.3,9.55,0.0345,29.4,135.0,63.5,81.5,6.03,22.0,75.0,0.175
2025-10-18T17:30:00Z,1.24,36.0,6.73,0.0246,47.6,124.0,60.7,79.3,5.45,21.9,81.0,0.167
2025-10-18T18:30:00Z,0.805,17.3,4.35,0.0128,,91.5,51.5,76.5,3.5,21.5,220.0,0.15
2025-10-18T19:30:00Z,0.67,16.0,3.95,0.0118,58.7,74.0,43.8,74.5,3.6,21.0,86.8,0.2
2025-10-18T20:30:00Z,1.05,17.6,3.43,0.0122,55.8,52.8,31.3,73.8,3.33,20.5,78.8,0.175
2025-10-18T21:30:00Z,1.05,17.2,3.53,0.012,51.3,44.7,26.7,73.3,3.37,19.9,77.7,0.167
2025-10-18T22:30:00Z,1.07,17.1,3.25,0.0117,50.6,40.5,26.0,72.5,3.48,20.0,94.0,0.2
2025-10-18T23:30:00Z,1.27,25.7,3.78,0.0168,42.6,42.5,26.8,70.5,3.18,20.3,87.5,0.225
2025-10-19T00:30:00Z,1.21,45.2,7.85,0.0304,25.4,45.5,29.0,71.3,3.83,20.1,61.5,0.175
2025-10-19T01:30:00Z,1.55,46.7,14.3,0.0364,22.3,59.5,31.8,70.0,4.13,21.9,96.5,0.225
2025-10-19T02:30:00Z,1.41,32.8,7.98,0.0239,50.2,73.5,36.0,65.3,4.63,24.3,97.5,0.225
2025-10-19T03:30:00Z,1.27,22.7,8.13,0.0187,113.0,73.0,41.7,62.3,5.1,26.0,181.0,0.233
2025-10-19T04:30:00Z,1.2,14.2,4.9,0.0116,162.0,83.3,50.5,66.8,5.1,26.6,235.0,0.325
2025-10-19T05:30:00Z,0.997,17.5,4.25,0.0128,191.0,101.0,56.3,64.3,6.3,28.2,216.0,0.4
2025-10-19T06:30:00Z,0.848,36.7,25.2,0.04,155.0,114.0,64.0,58.3,8.58,28.6,254.0,0.375
2025-10-19T07:30:00Z,0.9,50.7,32.5,0.0534,128.0,113.0,65.8,54.8,8.85,29.1,276.0,0.4
2025-10-19T08:30:00Z,0.958,44.4,23.9,0.043,147.0,108.0,64.3,51.3,8.28,29.8,300.0,0.425
2025-10-19T09:30:00Z,0.963,33.2,16.9,0.0314,185.0,103.0,61.5,51.8,8.05,30.9,320.0,0.25
2025-10-19T10:30:00Z,1.1,46.1,10.2,0.0328,165.0,105.0,66.0,61.3,10.5,29.6,203.0,0.133
2025-10-19T11:30:00Z,1.33,120.0,8.15,0.0706,56.0,123.0,75.8,72.0,10.9,26.0,328.0,0.1
2025-10-19T12:30:00Z,1.21,102.0,8.0,0.061,39.9,152.0,86.5,78.5,8.45,24.1,332.0,0.1
2025-10-19T13:30:00Z,1.46,121.0,22.8,0.0831,10.8,172.0,94.3,82.8,7.7,23.0,112.0,0.125
2025-10-19T14:30:00Z,1.49,104.0,27.2,0.0773,7.65,186.0,106.0,84.0,8.45,22.2,135.0,0.125
2025-10-19T15:30:00Z,1.48,75.8,9.73,0.0482,18.9,183.0,109.0,84.8,7.38,21.5,114.0,0.1
2025-10-19T16:30:00Z,1.51,59.0,8.78,0.0385,21.9,169.0,106.0,84.8,5.93,20.9,44.8,0.125
2025-10-19T17:30:00Z,1.14,36.1,5.3,0.0235,48.5,151.0,96.0,77.7,5.45,21.1,64.0,0.2
2025-10-19T18:30:00Z,0.75,23.6,4.2,0.016,,85.0,55.5,76.0,4.3,20.3,60.5,0.1
2025-10-19T19:30:00Z,0.67,20.3,4.25,0.0142,5.13,68.0,43.5,75.0,4.0,19.8,41.0,0.15
2025-10-19T20:30:00Z,1.02,14.9,3.37,0.0107,6.1,46.5,29.0,74.0,3.47,19.6,121.0,0.2
2025-10-19T21:30:00Z,1.02,19.9,2.6,0.0127,4.6,42.0,24.3,77.3,3.53,18.7,54.3,0.2
2025-10-19T22:30:00Z,1.01,26.6,3.15,0.0167,3.88,42.8,19.5,77.8,3.35,18.8,64.8,0.2
2025-10-19T23:30:00Z,1.14,51.6,6.5,0.0328,2.18,43.0,17.0,76.8,3.6,18.9,61.5,0.2
2025-10-20T00:30:00Z,1.27,48.8,8.98,0.0333,2.65,49.3,24.8,74.3,4.33,19.7,96.0,0.225
2025-10-20T01:30:00Z,1.47,37.4,6.68,0.0253,4.8,54.8,32.0,70.3,4.65,21.9,119.0,0.375
2025-10-20T02:30:00Z,1.47,25.0,4.98,0.0174,25.0,65.8,34.8,70.3,5.53,23.9,147.0,0.3
2025-10-20T03:30:00Z,1.4,23.4,4.2,0.0159,39.8,80.0,40.0,67.0,6.25,25.0,241.0,0.2
2025-10-20T08:30:00Z,1.1,41.1,28.4,0.0449,49.7,115.0,74.0,50.5,9.6,30.3,281.0,0.25
2025-10-20T09:30:00Z,1.12,28.4,18.8,0.0304,56.2,108.0,73.5,51.8,8.35,31.1,280.0,0.15
2025-10-20T10:30:00Z,1.31,52.9,11.9,0.0378,41.7,101.0,72.5,60.0,7.63,29.6,165.0,0.1
2025-10-20T11:30:00Z,1.54,119.0,18.5,0.0784,13.2,126.0,79.8,71.8,7.15,25.9,45.8,0.1
2025-10-20T12:30:00Z,1.49,93.6,16.3,0.0631,9.45,183.0,102.0,77.5,7.05,24.3,74.0,0.175
2025-10-20T13:30:00Z,1.23,49.9,11.5,0.0359,25.0,212.0,124.0,75.0,8.47,23.9,97.3,0.333
2025-10-20T16:30:00Z,1.2,24.3,3.67,0.0158,22.8,431.0,356.0,74.0,20.2,22.6,108.0,0.367
2025-10-20T17:30:00Z,1.14,16.2,2.23,0.0105,23.5,294.0,247.0,72.7,11.2,22.5,105.0,0.3
2025-10-20T18:30:00Z,1.03,16.1,1.9,0.0101,,114.0,88.0,73.0,6.55,21.6,101.0,0.2
2025-10-20T19:30:00Z,1.03,15.1,2.25,0.0098,20.3,116.0,88.5,73.0,6.0,21.1,87.5,0.225
2025-10-20T20:30:00Z,1.09,10.7,2.37,0.00763,20.0,95.5,74.5,71.8,4.0,21.3,109.0,0.3
2025-10-20T21:30:00Z,1.07,8.4,2.0,0.00608,20.6,59.8,51.3,71.0,3.38,21.4,117.0,0.3
2025-10-20T22:30:00Z,1.09,10.0,2.37,0.00723,19.7,49.0,40.7,70.7,2.97,21.3,111.0,0.333
2025-10-20T23:30:00Z,1.25,14.7,2.9,0.0102,16.9,46.5,36.0,71.0,2.95,21.0,110.0,0.3
2025-10-21T00:30:00Z,1.28,37.3,5.75,0.0245,10.3,51.3,36.5,71.0,3.35,21.0,111.0,0.25
2025-10-21T01:30:00Z,1.3,42.2,11.5,0.0318,8.8,75.5,41.8,70.3,3.55,22.3,112.0,0.35
2025-10-21T02:30:00Z,1.36,27.0,7.17,0.0202,16.7,89.3,47.0,66.7,4.87,24.4,128.0,0.567
2025-10-21T03:30:00Z,1.26,25.6,8.6,0.0206,27.5,77.8,42.0,63.3,5.08,26.4,116.0,0.35
2025-10-21T04:30:00Z,1.25,15.2,6.35,0.0132,47.7,81.3,48.3,63.8,5.9,27.2,246.0,0.275
2025-10-21T05:30:00Z,1.05,16.5,6.35,0.0139,56.6,96.3,59.0,60.0,6.87,28.6,243.0,0.35
2025-10-21T06:30:00Z,0.9,33.2,29.7,0.0418,44.9,103.0,64.3,52.0,6.75,28.7,250.0,0.35
2025-10-21T07:30:00Z,1.01,50.8,50.9,0.0684,37.3,95.3,65.3,48.5,6.5,30.0,236.0,0.3
2025-10-21T08:30:00Z,1.04,35.0,26.6,0.0402,44.8,85.8,58.3,48.5,6.3,30.1,309.0,0.45
2025-10-21T09:30:00Z,1.18,25.9,12.2,0.0237,52.8,86.3,58.7,53.3,5.43,29.8,307.0,0.433
2025-10-21T10:30:00Z,1.35,35.6,9.33,0.0265,42.0,100.0,69.0,62.3,7.25,28.5,234.0,0.175
2025-10-21T11:30:00Z,1.35,42.0,7.1,0.0281,35.6,112.0,72.7,69.7,6.27,26.4,285.0,0.167
2025-10-21T12:30:00Z,1.32,63.8,7.3,0.0399,23.9,125.0,79.3,72.5,6.33,24.7,294.0,0.1
2025-10-21T13:30:00Z,1.42,79.9,7.43,0.0485,15.8,163.0,108.0,74.5,10.6,23.6,326.0,0.1
2025-10-21T14:30:00Z,1.55,93.0,7.83,0.0558,6.07,244.0,181.0,78.3,17.0,22.6,235.0,0.1
2025-10-21T15:30:00Z,1.84,93.6,27.7,0.0723,2.3,383.0,311.0,81.8,21.3,22.0,106.0,0.1
2025-10-21T16:30:00Z,2.0,82.8,30.7,0.069,2.05,575.0,518.0,84.7,19.3,21.5,45.8,0.1
2025-10-21T17:30:00Z,1.39,47.5,6.5,0.0305,9.77,542.0,476.0,83.0,12.0,21.4,53.7,0.133
2025-10-21T18:30:00Z,0.725,16.7,4.65,0.0127,,149.0,123.0,78.0,5.55,21.8,91.0,0.15
2025-10-21T19:30:00Z,0.705,14.5,4.1,0.0111,20.2,125.0,103.0,77.3,4.75,21.7,80.0,0.125
2025-10-21T20:30:00Z,1.02,12.7,3.7,0.00973,20.2,93.0,72.5,76.8,3.33,21.5,51.8,0.125
2025-10-21T21:30:00Z,1.01,17.3,3.63,0.0122,14.4,72.8,53.3,79.8,2.85,20.8,34.5,0.1
2025-10-21T22:30:00Z,0.988,19.1,3.03,0.0126,13.7,66.5,47.5,78.0,2.58,21.1,80.8,0.15
2025-10-21T23:30:00Z,1.11,36.4,4.8,0.0233,9.43,62.8,46.0,77.5,2.55,21.2,75.8,0.1
2025-10-22T00:30:00Z,1.22,45.4,7.35,0.0301,6.53,63.0,46.5,78.3,2.63,21.1,94.0,0.15
2025-10-22T01:30:00Z,1.35,35.7,7.15,0.0248,9.78,162.0,71.8,73.8,2.68,22.6,117.0,0.375
2025-10-22T02:30:00Z,1.2,25.5,6.4,0.0187,14.8,180.0,75.8,66.3,2.73,24.4,212.0,0.375
2025-10-22T03:30:00Z,1.08,19.7,5.58,0.015,27.1,79.5,51.8,63.5,3.65,25.1,297.0,0.4
2025-10-22T04:30:00Z,1.06,20.8,4.0,0.0143,41.3,82.8,56.8,65.8,4.83,25.7,242.0,0.375
2025-10-22T05:30:00Z,0.937,18.5,3.75,0.0129,48.3,109.0,71.8,62.5,6.77,27.1,295.0,0.375
2025-10-22T06:30:00Z,1.72,23.9,9.1,0.0201,47.0,112.0,77.0,57.8,8.4,27.3,244.0,0.35
2025-10-22T07:30:00Z,2.18,29.0,11.3,0.0247,42.7,103.0,71.0,56.0,8.7,28.2,330.0,0.4
2025-10-22T08:30:00Z,1.8,25.9,9.1,0.0211,43.5,98.0,67.0,57.0,8.4,28.7,310.0,0.5
2025-10-22T12:30:00Z,,,,,,,,,,22.9,,
2025-10-22T13:30:00Z,1.52,86.8,13.3,0.0571,5.53,173.0,109.0,78.3,9.68,22.4,263.0,0.1
2025-10-22T14:30:00Z,1.63,91.3,17.1,0.0625,2.0,163.0,101.0,81.3,9.2,21.4,335.0,0.1
2025-10-22T15:30:00Z,1.9,80.5,43.8,0.0784,1.4,182.0,122.0,86.0,9.18,20.6,238.0,0.1
2025-10-22T16:30:00Z,2.01,75.4,33.9,0.0677,1.38,205.0,146.0,88.3,10.1,20.4,119.0,0.125
2025-10-22T17:30:00Z,1.7,63.5,32.8,0.0604,1.4,221.0,150.0,89.0,12.0,20.3,40.5,0.15
2025-10-22T18:30:00Z,1.02,47.7,9.1,0.0328,,152.0,116.0,90.0,5.45,19.8,14.0,0.1
2025-10-22T19:30:00Z,0.975,38.7,4.35,0.0242,7.8,129.0,98.5,89.3,5.0,19.4,51.8,0.125
2025-10-22T20:30:00Z,1.08,18.4,3.1,0.0123,12.8,92.0,70.3,86.5,4.07,19.5,71.8,0.175
2025-10-22T21:30:00Z,1.04,13.1,2.43,0.00895,15.7,70.8,54.3,85.3,4.05,19.2,195.0,0.125
2025-10-22T22:30:00Z,1.03,18.6,2.3,0.0118,12.1,68.3,49.5,85.3,3.35,19.1,268.0,0.15
2025-10-22T23:30:00Z,1.11,21.5,5.0,0.0155,6.83,64.8,47.5,88.5,3.55,18.6,111.0,0.125
2025-10-23T00:30:00Z,1.28,41.5,23.2,0.041,1.8,62.7,47.0,90.3,4.07,18.4,143.0,0.1
2025-10-23T01:30:00Z,1.18,47.4,16.3,0.0385,5.5,85.3,55.0,82.8,3.95,20.6,95.3,0.2
2025-10-23T02:30:00Z,1.19,34.1,7.68,0.0244,13.3,93.0,56.5,71.0,4.23,23.3,110.0,0.3
2025-10-23T03:30:00Z,1.1,25.3,6.35,0.0186,23.2,93.8,59.8,61.0,4.63,25.3,138.0,0.3
2025-10-23T04:30:00Z,0.938,17.3,5.18,0.0134,37.3,85.5,54.8,63.0,4.43,25.9,270.0,0.275
2025-10-23T05:30:00Z,0.963,19.8,4.33,0.0141,47.3,81.3,47.8,60.0,4.8,27.0,304.0,0.425
2025-10-23T06:30:00Z,0.898,30.2,9.48,0.0238,44.5,85.5,48.5,55.8,4.88,27.0,300.0,0.375
2025-10-23T07:30:00Z,0.975,42.1,14.3,0.0339,46.2,84.8,48.8,56.8,5.35,27.7,295.0,0.475
2025-10-23T08:30:00Z,1.04,30.2,6.6,0.0214,43.0,94.8,53.5,55.0,5.78,28.7,313.0,0.425
2025-10-23T09:30:00Z,1.06,22.5,6.53,0.0173,48.0,92.8,52.0,54.0,5.35,29.4,316.0,0.3
2025-10-23T10:30:00Z,1.22,36.6,6.33,0.0246,37.4,85.5,51.0,61.8,5.2,27.7,302.0,0.175
2025-10-23T11:30:00Z,1.31,77.8,5.98,0.0462,18.2,100.0,59.3,72.0,6.23,25.0,293.0,0.125
2025-10-23T12:30:00Z,1.31,102.0,10.8,0.0631,7.28,129.0,75.3,76.3,6.08,23.3,325.0,0.125
2025-10-23T13:30:00Z,1.49,101.0,17.6,0.0681,3.15,151.0,85.8,79.8,6.53,22.4,165.0,0.15
2025-10-23T14:30:00Z,1.8,91.2,48.8,0.0882,1.55,175.0,99.5,84.3,6.5,21.4,105.0,0.125
2025-10-23T15:30:00Z,1.75,65.7,14.2,0.0465,4.38,190.0,107.0,85.0,6.1,21.0,128.0,0.15
2025-10-23T16:30:00Z,1.44,32.2,4.73,0.021,17.2,160.0,86.5,77.5,5.38,21.3,99.8,0.2
2025-10-23T17:30:00Z,1.07,28.7,3.77,0.0183,16.9,113.0,68.3,76.7,4.5,20.3,309.0,0.1
2025-10-23T18:30:00Z,0.515,16.6,3.65,0.0118,,60.5,55.5,68.0,3.15,21.6,94.5,0.25
2025-10-23T19:30:00Z,0.575,15.0,2.85,0.0103,23.4,54.3,45.8,67.5,3.3,21.3,114.0,0.35
2025-10-23T20:30:00Z,0.93,10.6,2.87,0.00797,23.3,46.3,32.5,66.3,2.73,20.9,119.0,0.325
2025-10-23T21:30:00Z,0.938,10.7,2.93,0.00808,21.4,45.5,30.3,68.5,3.1,20.1,92.5,0.2
2025-10-23T22:30:00Z,0.95,17.3,2.13,0.0109,17.0,43.3,30.0,71.8,3.1,19.2,85.0,0.2
2025-10-23T23:30:00Z,1.12,25.9,2.8,0.016,14.7,40.0,32.0,71.3,3.4,19.4,114.0,0.225
2025-10-24T00:30:00Z,1.15,46.0,5.15,0.0287,11.2,43.0,31.8,68.8,3.68,20.1,112.0,0.25
2025-10-24T01:30:00Z,1.25,42.3,9.58,0.0303,10.2,67.8,39.0,65.0,3.48,21.6,126.0,0.325
2025-10-24T02:30:00Z,1.34,36.3,9.85,0.0273,13.1,81.0,43.3,60.8,3.55,23.6,118.0,0.45
2025-10-24T03:30:00Z,1.3,24.8,7.9,0.0196,27.1,80.8,47.5,58.8,6.38,25.8,215.0,0.275
2025-10-24T04:30:00Z,1.1,24.0,4.2,0.0162,42.8,93.0,61.3,64.0,10.1,25.9,221.0,0.267
2025-10-24T05:30:00Z,1.09,22.3,3.65,0.0148,53.9,99.3,59.5,62.0,9.87,27.5,311.0,0.325
2025-10-24T06:30:00Z,0.98,36.6,14.7,0.0315,48.4,106.0,62.8,56.0,10.1,27.5,262.0,0.275
2025-10-24T07:30:00Z,0.923,40.6,22.9,0.0402,59.4,98.8,59.3,46.0,7.83,28.5,233.0,0.325
2025-10-24T08:30:00Z,0.805,31.7,15.0,0.029,144.0,81.8,47.3,46.3,6.33,29.4,264.0,0.3
2025-10-24T09:30:00Z,0.878,30.7,8.8,0.0235,164.0,75.8,45.0,49.5,6.25,30.2,323.0,0.175
2025-10-24T10:30:00Z,1.24,56.1,13.0,0.0404,125.0,80.3,49.0,58.3,6.35,28.1,149.0,0.075
2025-10-24T11:30:00Z,1.96,172.0,90.6,0.165,6.63,114.0,59.0,69.3,7.4,24.5,239.0,0.1
2025-10-24T12:30:00Z,1.78,130.0,54.1,0.113,6.77,195.0,90.7,77.3,6.57,23.0,78.3,0.167
2025-10-24T13:30:00Z,1.54,112.0,30.8,0.0844,11.5,183.0,88.5,75.3,6.53,22.8,99.5,0.2
2025-10-24T14:30:00Z,1.48,89.7,15.2,0.06,16.4,151.0,77.5,76.0,5.83,22.0,64.8,0.15
2025-10-24T15:30:00Z,1.47,67.5,11.6,0.0453,24.3,138.0,77.5,76.5,5.98,21.5,89.5,0.175
2025-10-24T16:30:00Z,1.51,53.7,5.43,0.033,33.6,141.0,76.5,77.0,5.38,20.8,66.5,0.15
2025-10-24T17:30:00Z,1.2,43.8,4.9,0.0272,41.4,132.0,69.3,77.3,4.85,20.3,152.0,0.133
2025-10-24T18:30:00Z,0.615,23.4,3.15,0.015,,82.5,48.5,75.0,4.75,20.4,107.0,0.2
2025-10-24T19:30:00Z,0.66,20.5,3.45,0.0137,68.8,71.0,44.8,75.0,4.6,20.2,86.8,0.175
2025-10-24T20:30:00Z,0.973,17.8,3.0,0.0119,64.8,59.0,37.3,75.0,4.17,19.9,79.5,0.15
2025-10-24T21:30:00Z,0.975,16.1,2.2,0.0104,58.0,51.8,33.0,75.8,3.98,19.5,37.8,0.125
2025-10-24T22:30:00Z,1.03,33.4,5.6,0.0223,24.1,45.5,33.5,82.0,3.88,18.3,50.0,0.15
2025-10-24T23:30:00Z,1.08,46.7,10.6,0.0335,14.6,48.0,30.5,81.0,3.93,18.3,82.3,0.2
2025-10-25T00:30:00Z,1.16,50.0,10.7,0.0352,20.7,50.0,32.0,75.3,4.68,19.6,112.0,0.225
2025-10-25T01:30:00Z,1.2,44.7,11.0,0.0327,27.2,87.3,83.8,70.5,5.65,21.4,125.0,0.35
2025-10-25T02:30:00Z,1.34,34.3,5.73,0.0229,58.3,114.0,85.7,62.7,6.6,23.7,127.0,0.267
2025-10-25T03:30:00Z,1.26,30.2,5.37,0.0204,109.0,109.0,58.3,55.7,17.6,25.2,203.0,0.267
2025-10-25T04:30:00Z,1.08,24.6,3.85,0.0162,145.0,118.0,64.3,59.5,22.0,26.1,250.0,0.275
2025-10-25T05:30:00Z,1.05,24.5,2.88,0.0153,179.0,134.0,75.5,59.5,24.4,27.0,235.0,0.325
2025-10-25T06:30:00Z,0.975,27.2,6.18,0.0195,155.0,119.0,69.5,56.0,11.7,27.0,295.0,0.375
2025-10-25T07:30:00Z,0.958,27.8,6.65,0.0202,138.0,90.8,56.0,52.8,7.73,27.7,303.0,0.45
2025-10-25T08:30:00Z,1.06,20.5,3.3,0.0136,157.0,92.8,54.0,51.0,7.0,28.7,326.0,0.4
2025-10-25T09:30:00Z,0.49,16.8,2.85,0.0112,151.0,,,53.0,,29.4,325.0,0.3
2025-10-25T10:30:00Z,0.528,38.4,3.93,0.0237,141.0,97.0,65.0,59.3,7.23,27.4,309.0,0.175
2025-10-25T11:30:00Z,0.708,101.0,5.4,0.0583,46.3,104.0,63.5,70.5,6.8,24.1,257.0,0.1
2025-10-25T12:30:00Z,0.9,120.0,16.9,0.0776,10.2,126.0,76.0,75.3,7.1,22.1,172.0,0.1
2025-10-25T13:30:00Z,1.41,110.0,21.5,0.0761,11.6,147.0,91.5,77.5,7.83,21.2,109.0,0.1
2025-10-25T14:30:00Z,1.56,99.8,32.6,0.0796,6.55,155.0,86.8,78.8,8.65,20.7,86.3,0.1
2025-10-25T15:30:00Z,1.52,75.3,10.6,0.0487,15.5,155.0,87.5,77.3,10.5,20.4,124.0,0.15
2025-10-25T16:30:00Z,1.58,53.4,4.5,0.0321,39.7,140.0,82.0,76.0,7.95,20.0,71.5,0.15
2025-10-25T17:30:00Z,1.22,41.4,3.77,0.0251,48.3,117.0,65.7,75.3,6.6,19.8,70.7,0.167
2025-10-25T18:30:00Z,0.765,47.2,3.4,0.0279,,93.0,55.0,79.0,4.9,18.9,73.0,0.2
2025-10-25T19:30:00Z,0.785,38.2,3.7,0.0233,49.3,80.5,50.3,77.5,4.6,18.9,76.3,0.2
2025-10-25T20:30:00Z,0.87,24.8,2.3,0.0151,30.7,63.5,41.5,76.0,4.33,19.3,102.0,0.2
2025-10-25T21:30:00Z,0.838,21.4,2.1,0.0131,15.2,52.8,37.5,77.5,4.25,18.9,49.0,0.2
2025-10-25T22:30:00Z,0.855,18.9,2.45,0.012,15.9,50.5,33.0,74.8,4.18,18.8,104.0,0.2
2025-10-25T23:30:00Z,0.903,45.5,4.53,0.0279,10.5,48.3,29.5,74.0,3.93,18.9,95.8,0.2
2025-10-26T00:30:00Z,0.988,57.5,10.5,0.0391,8.33,46.3,33.5,75.0,4.43,19.0,93.3,0.2
2025-10-26T01:30:00Z,1.07,44.5,11.3,0.0329,11.0,70.8,41.3,72.3,4.55,20.7,121.0,0.325
2025-10-26T02:30:00Z,1.05,26.1,4.68,0.0177,18.2,74.0,43.0,69.0,5.55,22.9,124.0,0.375
2025-10-26T03:30:00Z,1.09,25.0,5.1,0.0175,25.5,69.7,45.7,63.7,7.83,24.7,172.0,0.367
2025-10-26T20:30:00Z,0.9,34.8,2.7,0.0207,19.2,76.0,49.0,82.0,3.1,18.1,50.0,0.2
2025-10-26T22:30:00Z,0.805,21.1,2.6,0.0134,27.4,55.5,43.0,77.5,3.1,18.6,117.0,0.2
2025-10-26T23:30:00Z,0.835,43.5,3.65,0.0261,18.3,53.8,43.0,77.5,2.63,18.5,82.3,0.2
2025-10-27T00:30:00Z,0.983,66.2,16.0,0.0482,10.1,61.8,41.8,77.5,3.6,18.7,97.5,0.225
2025-10-27T01:30:00Z,1.08,61.1,27.0,0.0545,9.9,87.5,50.8,73.3,3.93,20.3,121.0,0.275
2025-10-27T02:30:00Z,1.03,37.2,8.45,0.0266,23.4,103.0,55.8,65.3,3.95,22.7,172.0,0.3
2025-10-27T03:30:00Z,1.1,32.7,5.05,0.0215,46.6,103.0,55.8,61.5,13.2,24.3,284.0,0.3
2025-10-27T04:30:00Z,0.92,28.4,3.7,0.0181,62.0,120.0,71.0,60.8,18.2,25.6,297.0,0.275
2025-10-27T05:30:00Z,0.903,26.2,3.23,0.0165,77.4,142.0,85.3,58.0,15.0,26.7,160.0,0.233
2025-10-27T06:30:00Z,0.82,32.6,5.3,0.0217,73.0,142.0,88.0,55.5,10.1,26.5,303.0,0.425
2025-10-27T07:30:00Z,0.73,37.2,7.3,0.0258,58.5,137.0,88.0,50.5,7.4,27.0,302.0,0.5
2025-10-27T08:30:00Z,0.845,28.1,5.68,0.0196,69.0,94.5,58.5,47.0,6.25,28.4,245.0,0.35
2025-10-27T09:30:00Z,1.1,35.9,4.28,0.0226,70.6,95.0,61.8,50.3,7.13,29.6,253.0,0.175
2025-10-27T10:30:00Z,1.34,87.0,21.2,0.0635,45.2,108.0,66.5,59.3,6.48,27.7,169.0,0.1
2025-10-27T11:30:00Z,2.35,195.0,129.0,0.208,5.43,153.0,78.5,71.0,7.93,24.3,61.0,0.2
2025-10-27T12:30:00Z,1.6,112.0,21.6,0.0773,18.9,194.0,92.3,72.3,6.4,23.6,119.0,0.425
2025-10-27T13:30:00Z,1.42,64.7,6.85,0.04,27.6,160.0,90.0,70.5,5.23,23.1,126.0,0.55
2025-10-27T14:30:00Z,1.37,60.4,6.53,0.0375,23.9,125.0,84.8,71.5,4.83,22.5,126.0,0.35
2025-10-27T15:30:00Z,1.4,41.5,5.18,0.0263,30.9,108.0,66.8,72.0,4.98,22.1,123.0,0.5
2025-10-27T16:30:00Z,1.31,32.8,3.93,0.0206,30.5,93.7,54.0,72.7,4.87,21.7,131.0,0.333
2025-10-27T17:30:00Z,1.08,22.2,3.35,0.0145,37.4,91.5,56.0,71.5,4.8,22.0,173.0,0.35
2025-10-27T18:30:00Z,0.91,23.1,3.2,0.0149,,122.0,81.0,73.5,6.25,21.2,104.0,0.2
2025-10-27T19:30:00Z,0.95,25.5,3.3,0.0162,26.1,119.0,79.3,76.7,5.8,20.0,102.0,0.2
2025-10-27T20:30:00Z,0.96,25.5,2.7,0.0157,24.7,123.0,80.8,78.8,4.9,19.3,97.0,0.225
2025-10-27T21:30:00Z,0.927,21.7,2.83,0.0139,26.8,124.0,80.7,78.0,4.8,19.1,98.0,0.267
2025-10-27T22:30:00Z,0.908,19.6,2.33,0.0123,26.8,105.0,71.0,79.0,5.13,18.2,55.8,0.2
2025-10-27T23:30:00Z,0.89,36.4,3.33,0.0221,17.4,88.8,65.0,80.3,4.4,17.7,80.0,0.225
2025-10-28T00:30:00Z,1.03,52.8,7.43,0.0341,11.2,82.5,61.5,78.8,4.55,18.0,83.0,0.2
2025-10-28T01:30:00Z,1.04,57.0,13.3,0.0412,11.7,94.3,66.3,75.0,4.65,19.3,97.3,0.25
2025-10-28T02:30:00Z,1.05,44.5,8.4,0.0305,19.3,105.0,66.3,69.5,5.25,21.3,149.0,0.25
2025-10-28T03:30:00Z,1.11,42.4,5.88,0.0273,30.8,114.0,61.0,64.8,5.7,23.3,282.0,0.25
2025-10-28T06:30:00Z,1.03,26.4,2.25,0.0159,77.3,124.0,86.0,57.0,9.7,24.9,283.0,0.5
2025-10-28T07:30:00Z,0.905,23.5,4.15,0.0159,69.3,145.0,98.0,51.5,7.75,26.4,295.0,0.35
2025-10-28T08:30:00Z,1.07,25.5,4.45,0.0172,68.7,131.0,88.5,52.8,7.63,27.0,305.0,0.35
2025-10-28T09:30:00Z,1.12,23.7,2.58,0.0147,68.9,117.0,78.5,55.3,8.13,27.3,295.0,0.225
2025-10-28T10:30:00Z,1.28,34.4,2.68,0.0204,55.4,117.0,78.5,61.8,8.35,26.1,307.0,0.1
2025-10-28T11:30:00Z,1.85,118.0,20.6,0.0794,21.6,116.0,78.0,67.5,7.9,23.7,22.5,0.1
2025-10-28T12:30:00Z,1.78,125.0,35.2,0.0952,9.0,227.0,118.0,75.0,7.6,22.4,112.0,0.2
2025-10-28T13:30:00Z,1.66,91.1,6.9,0.054,19.3,212.0,113.0,73.0,6.4,22.5,129.0,0.2
2025-10-28T16:30:00Z,1.57,37.5,3.25,0.0226,36.0,169.0,106.0,75.0,6.8,20.8,113.0,0.2
2025-10-28T17:30:00Z,1.37,35.7,2.8,0.0213,32.9,161.0,101.0,76.3,5.95,20.4,86.3,0.133
2025-10-28T18:30:00Z,0.95,25.2,2.4,0.0153,,144.0,106.0,77.5,3.9,20.1,113.0,0.2
2025-10-28T19:30:00Z,0.98,24.0,2.15,0.0146,30.6,133.0,105.0,80.8,3.75,19.6,77.3,0.175
2025-10-28T20:30:00Z,0.76,22.1,2.57,0.0138,29.0,117.0,102.0,82.3,3.3,18.8,60.0,0.2
2025-10-28T21:30:00Z,0.777,25.4,2.47,0.0155,22.0,114.0,99.0,83.3,3.13,18.2,76.0,0.2
2025-10-28T22:30:00Z,0.773,36.3,3.08,0.0218,14.7,119.0,100.0,85.8,2.75,17.8,54.0,0.15
2025-10-28T23:30:00Z,0.848,52.6,5.7,0.0326,9.08,120.0,110.0,87.0,3.1,17.7,40.8,0.175
2025-10-29T00:30:00Z,1.08,59.4,38.2,0.0626,5.35,131.0,118.0,88.8,3.58,17.5,120.0,0.2
2025-10-29T01:30:00Z,1.06,54.0,18.2,0.0436,7.78,158.0,124.0,88.0,3.55,18.5,180.0,0.175
2025-10-29T02:30:00Z,1.07,43.1,5.83,0.0277,25.3,181.0,141.0,80.5,4.9,20.5,255.0,0.225
2025-10-29T03:30:00Z,1.03,22.6,3.58,0.0149,41.2,196.0,158.0,73.0,7.7,22.1,306.0,0.375
2025-10-29T04:30:00Z,0.783,21.5,2.38,0.0134,53.0,203.0,166.0,70.0,14.1,23.5,305.0,0.425
2025-10-29T05:30:00Z,0.947,19.8,2.5,0.0126,61.1,215.0,162.0,64.0,16.7,25.3,317.0,0.45
2025-10-29T06:30:00Z,1.0,20.0,2.68,0.0128,61.9,198.0,141.0,56.8,14.2,25.7,312.0,0.5
2025-10-29T07:30:00Z,0.928,27.0,4.2,0.0178,54.1,158.0,115.0,55.3,11.9,26.7,328.0,0.425
2025-10-29T08:30:00Z,1.07,36.5,6.83,0.025,58.7,166.0,110.0,54.0,30.7,28.0,242.0,0.35
2025-10-29T09:30:00Z,1.14,27.8,3.85,0.0179,61.4,179.0,108.0,54.8,29.4,28.8,312.0,0.2
2025-10-29T10:30:00Z,1.32,52.6,3.2,0.0306,44.2,174.0,102.0,63.0,27.1,27.0,310.0,0.1
2025-10-29T11:30:00Z,1.93,118.0,62.0,0.113,14.4,178.0,106.0,75.0,17.0,23.3,332.0,0.1
2025-10-29T12:30:00Z,2.11,139.0,106.0,0.16,5.5,219.0,122.0,80.3,10.4,21.9,106.0,0.1
2025-10-29T13:30:00Z,1.78,112.0,59.0,0.108,5.2,227.0,125.0,81.0,7.05,21.6,138.0,0.15
2025-10-29T14:30:00Z,1.67,86.9,23.4,0.0652,6.85,178.0,109.0,80.0,5.85,21.3,80.3,0.125
2025-10-29T15:30:00Z,1.51,59.9,8.53,0.0388,13.0,154.0,91.5,78.8,5.38,21.0,101.0,0.175
2025-10-29T16:30:00Z,1.42,37.8,3.85,0.0233,21.1,129.0,77.0,77.3,5.35,20.9,67.3,0.15
2025-10-29T17:30:00Z,1.12,29.5,2.93,0.018,20.2,103.0,66.7,78.3,4.75,20.1,128.0,0.1
2025-10-29T18:30:00Z,0.67,25.2,2.25,0.0152,,61.5,47.0,80.5,5.55,19.2,343.0,0.1
2025-10-29T19:30:00Z,0.665,25.7,2.9,0.0161,15.0,63.0,47.5,83.3,4.85,18.9,133.0,0.15
2025-10-29T20:30:00Z,,25.9,2.8,0.0161,16.2,66.5,46.0,82.3,4.83,18.9,78.3,0.2
2025-10-29T21:30:00Z,,17.5,2.63,0.0114,22.5,65.3,40.0,77.5,5.18,19.5,94.0,0.25
2025-10-29T22:30:00Z,,16.9,2.03,0.0106,21.5,53.3,34.5,76.8,5.38,19.5,99.0,0.225
2025-10-29T23:30:00Z,,30.4,3.68,0.0191,16.6,41.5,28.3,74.8,4.55,19.9,102.0,0.25
2025-10-30T00:30:00Z,,38.4,7.75,0.0267,14.7,46.3,26.3,72.5,5.4,20.5,124.0,0.425
2025-10-30T01:30:00Z,0.82,50.9,23.2,0.0459,10.6,68.3,41.8,71.0,5.68,21.2,111.0,0.3
2025-10-30T02:30:00Z,0.938,49.1,22.0,0.044,11.4,98.5,50.8,68.0,5.78,22.6,107.0,0.325
2025-10-30T03:30:00Z,0.983,36.1,9.1,0.0266,27.3,90.0,41.7,62.3,5.83,25.0,215.0,0.267
2025-10-30T04:30:00Z,0.783,28.7,4.4,0.0188,53.4,89.0,50.8,60.8,9.13,26.3,247.0,0.3
2025-10-30T05:30:00Z,0.877,19.5,3.7,0.0134,58.0,95.8,57.3,58.3,9.07,27.3,257.0,0.25
2025-10-30T06:30:00Z,0.96,23.5,7.5,0.0186,53.6,82.8,48.8,57.8,7.7,27.2,233.0,0.275
2025-10-30T07:30:00Z,0.898,35.1,20.7,0.0355,47.8,72.8,40.3,56.0,7.83,27.7,288.0,0.325
2025-10-30T08:30:00Z,0.898,29.3,11.3,0.0248,51.5,69.5,33.5,54.0,8.43,28.9,232.0,0.25
2025-10-30T09:30:00Z,0.985,37.2,8.25,0.0265,50.8,71.0,33.0,54.0,7.5,29.1,157.0,0.25
2025-10-30T10:30:00Z,0.95,29.2,6.0,0.0204,49.5,62.8,38.5,61.5,6.2,27.5,319.0,0.1
2025-10-30T11:30:00Z,2.06,141.0,152.0,0.199,6.27,73.3,42.0,71.7,7.3,24.4,21.3,0.1
2025-10-30T12:30:00Z,2.07,135.0,129.0,0.177,5.35,145.0,63.0,77.8,7.2,23.0,129.0,0.15
2025-10-30T13:30:00Z,1.61,108.0,34.6,0.0857,8.18,176.0,80.5,76.5,5.83,22.8,107.0,0.3
2025-10-30T14:30:00Z,1.46,76.2,11.2,0.0496,17.5,150.0,77.7,74.3,5.5,22.8,118.0,0.333
2025-10-30T15:30:00Z,1.3,49.6,6.3,0.0315,24.6,110.0,63.0,75.3,5.03,22.2,145.0,0.2
2025-10-30T16:30:00Z,1.44,40.5,4.6,0.0253,24.5,97.0,53.0,76.7,5.57,22.0,142.0,0.267
2025-10-30T17:30:00Z,1.34,43.2,4.87,0.027,19.5,100.0,57.3,79.0,5.3,22.1,140.0,0.233
2025-10-30T18:30:00Z,0.985,21.5,3.4,0.0142,,104.0,77.0,80.0,6.0,22.1,163.0,0.2
2025-10-30T19:30:00Z,0.955,18.0,3.15,0.0122,26.6,96.8,75.5,79.8,7.35,21.9,157.0,0.25
2025-10-30T20:30:00Z,0.913,22.6,3.53,0.0149,21.2,92.8,71.3,82.3,6.87,21.2,119.0,0.225
2025-10-30T21:30:00Z,0.855,20.4,3.08,0.0134,19.8,92.3,65.0,84.5,5.43,20.4,98.3,0.2
2025-10-30T22:30:00Z,0.833,23.6,2.93,0.0149,17.6,79.3,58.3,86.0,4.48,19.9,89.0,0.2
2025-10-30T23:30:00Z,0.827,43.3,4.8,0.0269,12.0,74.3,53.3,86.7,4.17,19.5,75.7,0.1
2025-10-31T00:30:00Z,0.94,53.3,8.0,0.0349,10.7,80.7,56.3,86.0,4.73,19.6,95.7,0.2
2025-10-31T01:30:00Z,1.13,53.3,12.3,0.0384,12.7,102.0,68.8,82.3,4.65,20.8,121.0,0.325
2025-10-31T02:30:00Z,1.23,43.8,9.05,0.0306,20.3,123.0,77.0,76.0,4.43,22.5,136.0,0.25
2025-10-31T03:30:00Z,1.22,25.0,5.33,0.0176,38.2,135.0,77.8,71.8,5.45,23.9,300.0,0.3
2025-10-31T04:30:00Z,1.09,27.6,3.2,0.0173,55.9,138.0,92.0,70.8,5.03,24.9,181.0,0.35
2025-10-31T05:30:00Z,0.953,20.1,2.53,0.0128,63.8,147.0,113.0,66.5,5.47,26.2,233.0,0.45
2025-10-31T06:30:00Z,0.867,17.8,3.0,0.0119,63.2,154.0,117.0,60.3,7.7,26.2,332.0,0.5
2025-10-31T07:30:00Z,0.758,21.7,4.55,0.0152,57.4,141.0,110.0,55.5,10.5,27.2,332.0,0.575
2025-10-31T08:30:00Z,0.878,19.8,4.4,0.0141,59.8,125.0,89.5,56.3,8.38,28.0,332.0,0.55
2025-10-31T09:30:00Z,0.937,19.4,2.77,0.0125,58.6,114.0,76.3,59.7,7.27,28.4,320.0,0.433
2025-10-31T10:30:00Z,1.12,26.1,2.77,0.0161,57.4,124.0,89.0,68.7,6.87,26.4,325.0,0.167
2025-10-31T11:30:00Z,1.27,48.2,2.63,0.0278,40.8,158.0,112.0,72.8,6.63,24.3,297.0,0.175
2025-10-31T12:30:00Z,1.18,92.9,9.27,0.0569,15.5,191.0,135.0,74.7,6.17,22.7,308.0,0.133
2025-10-31T13:30:00Z,1.26,98.4,8.65,0.0594,9.48,201.0,140.0,78.8,5.98,21.7,310.0,0.125
2025-10-31T14:30:00Z,1.19,83.3,3.75,0.0474,12.2,179.0,124.0,80.8,5.3,21.0,249.0,0.1
2025-10-31T15:30:00Z,1.52,92.4,33.5,0.0763,5.13,145.0,106.0,86.7,5.13,19.8,230.0,0.1
2025-10-31T16:30:00Z,1.89,75.6,46.3,0.0778,4.9,160.0,114.0,89.3,5.37,19.4,25.3,0.1
2025-10-31T17:30:00Z,1.73,68.8,46.8,0.0747,4.9,177.0,122.0,90.0,5.5,19.2,35.3,0.1
2025-10-31T18:30:00Z,1.21,51.1,14.5,0.039,,155.0,126.0,91.0,5.75,18.5,27.0,0.1
2025-10-31T19:30:00Z,1.23,39.9,15.6,0.0339,5.5,153.0,125.0,91.0,5.8,18.2,31.0,0.1
2025-10-31T20:30:00Z,,28.6,4.05,0.0186,6.6,134.0,116.0,91.5,5.2,17.4,30.0,0.1
2025-10-31T21:30:00Z,,37.7,7.3,0.026,5.5,133.0,116.0,92.0,5.3,17.3,44.0,0.15
2025-10-31T23:30:00Z,,36.2,29.6,0.0433,4.95,75.5,59.5,92.0,4.95,16.7,207.0,0.15
2025-11-01T00:30:00Z,,33.8,26.4,0.0395,4.98,77.5,58.0,92.0,5.3,16.8,202.0,0.1
2025-11-01T01:30:00Z,,45.8,30.9,0.0495,5.85,86.8,54.0,90.0,5.83,17.9,49.3,0.175
2025-11-01T02:30:00Z,0.783,39.0,8.63,0.0278,13.5,96.5,49.5,74.5,6.38,21.6,150.0,0.25
2025-11-01T03:30:00Z,0.74,32.1,6.8,0.0226,31.9,108.0,59.5,64.5,12.6,23.5,293.0,0.35
2025-11-01T04:30:00Z,0.53,18.6,2.4,0.0119,57.3,129.0,78.8,67.5,9.6,24.8,320.0,0.6
2025-11-01T05:30:00Z,0.687,14.7,1.9,0.00938,65.3,146.0,89.0,65.3,7.9,25.9,324.0,0.625
2025-11-01T06:30:00Z,0.757,17.1,1.53,0.0103,66.1,147.0,90.7,61.0,7.5,25.7,321.0,0.6
2025-11-01T07:30:00Z,0.683,19.3,2.73,0.0124,64.9,136.0,85.0,58.5,7.45,26.6,323.0,0.55
2025-11-01T08:30:00Z,0.955,19.5,2.73,0.0125,70.7,129.0,83.5,59.8,7.48,27.3,322.0,0.55
2025-11-01T09:30:00Z,1.1,19.6,2.48,0.0125,71.6,146.0,97.8,63.8,7.33,27.4,318.0,0.375
2025-11-01T10:30:00Z,1.21,27.4,2.63,0.0168,59.7,171.0,114.0,67.3,7.2,26.0,321.0,0.225
2025-11-01T11:30:00Z,1.24,31.0,3.03,0.019,49.6,193.0,132.0,69.3,7.48,24.1,287.0,0.25
2025-11-01T12:30:00Z,1.19,54.3,2.58,0.031,33.2,214.0,150.0,71.3,7.28,22.9,282.0,0.225
2025-11-01T13:30:00Z,1.17,61.4,2.77,0.0349,30.6,223.0,158.0,74.0,7.37,21.8,278.0,0.133
2025-11-01T14:30:00Z,1.24,55.4,2.85,0.0318,26.9,218.0,160.0,77.5,7.0,21.0,274.0,0.1
2025-11-01T15:30:00Z,1.32,61.6,2.45,0.0348,17.8,215.0,161.0,81.0,6.65,20.4,283.0,0.15
2025-11-01T16:30:00Z,1.45,52.8,2.45,0.0301,21.0,205.0,160.0,82.8,6.9,20.0,287.0,0.175
2025-11-01T17:30:00Z,1.34,27.8,2.4,0.0167,26.2,187.0,150.0,84.3,6.15,19.6,293.0,0.167
2025-11-01T18:30:00Z,1.22,32.0,2.15,0.0188,,164.0,146.0,88.0,5.15,18.8,294.0,0.2
2025-11-01T19:30:00Z,1.21,29.3,2.05,0.0173,15.6,170.0,147.0,88.8,4.9,18.5,298.0,0.2
2025-11-01T20:30:00Z,,23.2,2.27,0.0142,14.6,177.0,149.0,89.8,4.43,18.1,297.0,0.2
2025-11-01T21:30:00Z,,20.8,2.07,0.0128,13.0,174.0,149.0,90.3,4.0,17.7,295.0,0.2
2025-11-01T22:30:00Z,0.99,18.4,2.48,0.0118,12.9,162.0,138.0,91.0,3.98,17.3,300.0,0.175
2025-11-01T23:30:00Z,0.978,21.5,2.18,0.0132,13.6,154.0,129.0,91.5,4.03,17.2,314.0,0.225
2025-11-02T00:30:00Z,1.09,23.6,1.53,0.0138,19.5,146.0,122.0,91.0,4.2,17.5,299.0,0.333
2025-11-02T01:30:00Z,1.19,20.3,2.28,0.0126,23.4,140.0,118.0,88.5,4.65,18.6,305.0,0.375
2025-11-02T02:30:00Z,1.23,19.5,3.18,0.013,26.2,145.0,121.0,82.0,5.4,20.2,313.0,0.3
2025-11-02T03:30:00Z,1.2,18.0,2.9,0.0119,36.2,137.0,114.0,74.5,5.95,22.1,306.0,0.45
2025-11-02T04:30:00Z,0.998,22.7,2.73,0.0143,48.1,139.0,112.0,70.3,12.5,24.0,327.0,0.5
2025-11-02T05:30:00Z,1.02,24.1,3.28,0.0155,58.6,200.0,133.0,63.5,33.5,25.8,331.0,0.525
2025-11-02T06:30:00Z,1.06,17.9,2.3,0.0114,62.6,225.0,138.0,63.0,13.0,25.9,316.0,0.6
2025-11-02T07:30:00Z,1.05,17.5,2.43,0.0113,63.6,183.0,123.0,57.3,8.48,26.5,314.0,0.7
2025-11-02T08:30:00Z,1.26,15.3,2.0,0.0098,66.7,170.0,117.0,55.0,8.5,27.1,327.0,0.625
2025-11-02T09:30:00Z,1.33,17.7,1.58,0.0107,70.7,169.0,119.0,57.3,8.23,27.1,313.0,0.525
2025-11-02T10:30:00Z,1.41,23.3,2.03,0.0141,64.9,190.0,139.0,61.7,7.73,25.5,312.0,0.333
2025-11-02T11:30:00Z,1.47,38.2,2.43,0.0223,48.4,201.0,148.0,66.5,7.3,23.5,281.0,0.225
2025-11-02T12:30:00Z,1.41,61.5,2.45,0.0348,38.3,208.0,154.0,70.8,7.43,22.2,269.0,0.225
2025-11-02T13:30:00Z,1.29,50.1,2.18,0.0284,44.0,209.0,158.0,71.5,7.13,22.0,285.0,0.275
2025-11-02T14:30:00Z,1.24,25.4,2.33,0.0154,53.5,187.0,149.0,71.3,7.13,22.1,303.0,0.35
2025-11-02T15:30:00Z,1.22,24.5,2.15,0.0148,46.9,167.0,132.0,74.0,6.83,20.7,296.0,0.2
2025-11-02T16:30:00Z,1.35,21.1,1.73,0.0126,40.4,159.0,124.0,78.0,6.63,19.5,300.0,0.233
2025-11-02T17:30:00Z,1.27,18.5,1.9,0.0114,38.8,157.0,122.0,80.0,6.05,19.1,304.0,0.333
2025-11-02T19:30:00Z,,,,,39.2,149.0,124.0,82.0,,18.4,289.0,0.3
2025-11-02T20:30:00Z,,13.2,2.0,0.00867,38.4,142.0,119.0,82.0,4.97,18.0,282.0,0.275
2025-11-02T21:30:00Z,,13.7,2.03,0.00893,31.9,131.0,108.0,84.5,4.75,17.2,289.0,0.15
2025-11-02T22:30:00Z,,16.6,2.08,0.0105,23.9,131.0,110.0,88.0,4.53,16.6,341.0,0.15
2025-11-02T23:30:00Z,,19.5,1.7,0.0117,18.2,138.0,118.0,89.0,5.35,16.2,343.0,0.15
2025-11-03T00:30:00Z,,28.6,2.75,0.0175,11.9,182.0,145.0,91.0,6.1,16.2,310.0,0.2
2025-11-03T01:30:00Z,1.09,34.7,4.98,0.0225,12.5,182.0,146.0,89.0,6.48,17.3,311.0,0.275
2025-11-03T02:30:00Z,1.06,28.9,4.05,0.0187,24.1,168.0,132.0,77.0,7.4,,312.0,0.4
2025-11-03T04:30:00Z,0.0,12.3,0.3,0.0067,61.2,,,61.0,6.0,24.9,313.0,0.4
2025-11-03T05:30:00Z,,10.3,1.8,0.0069,67.0,,,58.0,,25.8,323.0,0.6
2025-11-03T07:30:00Z,2.91,19.7,3.1,0.013,54.4,132.0,85.0,51.0,9.5,27.5,316.0,0.5
2025-11-03T08:30:00Z,2.8,16.2,2.6,0.0108,58.5,129.0,85.5,48.5,9.23,27.9,318.0,0.475
2025-11-03T09:30:00Z,,14.4,2.6,0.00977,57.5,122.0,81.3,45.3,8.73,28.0,304.0,0.433
2025-11-03T10:30:00Z,,15.0,2.3,0.0098,55.4,114.0,72.0,47.0,7.5,27.2,306.0,0.3
2025-11-03T11:30:00Z,,46.9,3.85,0.0281,30.3,145.0,85.3,61.0,8.05,22.7,248.0,0.1
2025-11-03T12:30:00Z,,83.1,26.8,0.066,6.17,216.0,128.0,71.0,8.93,20.4,115.0,0.1
2025-11-03T13:30:00Z,,79.0,18.7,0.0572,5.65,217.0,130.0,73.3,8.0,19.4,260.0,0.125
2025-11-04T03:30:00Z,,23.3,5.4,0.0168,29.6,140.0,88.0,66.0,19.1,21.7,179.0,0.3
2025-11-04T04:30:00Z,0.0,17.3,3.73,0.0122,34.7,129.0,80.8,65.3,35.3,23.3,176.0,0.55
2025-11-04T05:30:00Z,,13.4,2.9,0.00945,42.2,117.0,74.0,63.0,29.4,24.7,167.0,0.65
2025-11-04T07:30:00Z,,22.3,6.6,0.0172,64.2,118.0,68.0,51.0,23.1,26.9,179.0,0.4
2025-11-04T08:30:00Z,0.88,22.5,5.08,0.0161,67.9,117.0,72.5,52.0,18.9,27.4,186.0,0.3
2025-11-04T09:30:00Z,1.5,24.9,3.23,0.0159,66.0,115.0,78.3,53.7,16.9,27.8,213.0,0.167
2025-11-04T10:30:00Z,1.76,67.9,5.2,0.0403,30.8,132.0,84.0,59.7,14.4,25.7,151.0,0.167
2025-11-04T11:30:00Z,1.38,68.8,6.2,0.0416,21.6,155.0,90.3,67.0,12.8,24.1,128.0,0.375
2025-11-04T12:30:00Z,1.12,51.5,4.98,0.0314,26.8,151.0,88.3,69.0,10.3,23.4,151.0,0.35
2025-11-04T13:30:00Z,1.33,45.9,5.65,0.029,25.8,130.0,79.0,69.8,9.6,22.8,136.0,0.375
2025-11-04T14:30:00Z,1.34,49.4,5.9,0.031,20.4,117.0,72.3,70.8,9.9,22.2,180.0,0.2
2025-11-04T15:30:00Z,1.24,35.5,2.73,0.0211,24.9,112.0,71.8,71.3,9.83,21.9,325.0,0.45
2025-11-04T16:30:00Z,,19.1,2.43,0.0121,30.5,169.0,134.0,73.3,10.1,20.8,195.0,0.175
2025-11-04T17:30:00Z,,19.2,2.27,0.012,27.7,210.0,181.0,74.7,8.65,20.4,326.0,0.2
2025-11-04T18:30:00Z,,15.5,2.15,0.00995,,151.0,120.0,75.0,6.25,19.9,14.5,0.35
2025-11-04T19:30:00Z,,12.8,1.85,0.0083,27.8,133.0,104.0,79.5,6.25,19.1,129.0,0.525
2025-11-04T20:30:00Z,,9.27,2.27,0.00673,34.6,106.0,79.0,74.3,6.17,19.6,101.0,0.35
2025-11-04T21:30:00Z,,9.53,1.93,0.0066,31.2,89.3,64.3,77.3,5.3,18.9,147.0,0.2
2025-11-04T22:30:00Z,,13.3,2.13,0.00883,21.3,79.7,60.0,82.0,4.93,17.8,158.0,0.2
2025-11-04T23:30:00Z,,17.0,2.2,0.0108,18.5,77.7,64.0,82.7,4.97,17.5,221.0,0.233
2025-11-05T00:30:00Z,,15.8,2.03,0.0101,18.6,83.3,68.0,79.8,5.78,17.3,178.0,0.125
2025-11-05T01:30:00Z,,22.3,3.85,0.015,13.2,86.0,69.8,79.3,6.55,18.2,260.0,0.175
2025-11-05T02:30:00Z,,21.8,4.3,0.0151,18.0,82.5,62.8,72.5,7.78,20.2,263.0,0.15
2025-11-05T03:30:00Z,,20.0,3.98,0.0139,26.9,85.0,59.5,61.8,11.6,22.9,154.0,0.225
2025-11-05T04:30:00Z,,12.7,3.03,0.00918,40.7,77.3,52.8,58.0,9.88,24.6,263.0,0.325
2025-11-05T05:30:00Z,,7.58,2.25,0.00588,51.9,65.5,44.5,54.8,9.47,26.1,323.0,0.5
2025-11-05T06:30:00Z,,9.35,2.78,0.00723,50.2,68.0,39.0,49.5,15.6,26.0,330.0,0.625
2025-11-05T07:30:00Z,,11.6,3.18,0.00873,45.1,61.8,32.5,47.5,6.88,26.6,342.0,0.55
2025-11-05T08:30:00Z,,10.8,3.05,0.00825,51.7,49.3,30.5,48.3,6.23,27.2,332.0,0.5
2025-11-05T09:30:00Z,0.31,9.4,2.4,0.00695,52.8,45.5,28.5,52.5,6.15,26.7,325.0,0.5
2025-11-05T10:30:00Z,,9.8,2.07,0.0069,49.5,50.7,29.3,58.3,5.83,24.1,313.0,0.5
2025-11-05T11:30:00Z,,13.5,1.87,0.00863,42.9,71.0,50.0,62.3,5.9,22.0,319.0,0.333
2025-11-05T12:30:00Z,,19.4,2.0,0.0119,32.5,94.8,70.5,66.3,10.5,20.6,303.0,0.25
2025-11-05T13:30:00Z,,29.3,2.03,0.0173,23.8,129.0,104.0,70.5,13.5,19.4,294.0,0.3
2025-11-05T14:30:00Z,1.49,30.3,2.2,0.0179,22.5,162.0,142.0,73.3,15.2,18.4,303.0,0.3
2025-11-05T15:30:00Z,1.73,18.5,2.03,0.0115,33.0,176.0,151.0,74.0,14.9,18.0,310.0,0.325
2025-11-05T16:30:00Z,,15.3,2.0,0.00973,30.5,169.0,145.0,75.7,10.8,17.4,312.0,0.267
2025-11-05T17:30:00Z,,13.7,2.0,0.0089,30.1,165.0,144.0,77.5,8.5,16.9,314.0,0.2
2025-11-05T18:30:00Z,0.77,9.55,1.65,0.00635,,88.0,70.5,80.0,6.35,16.1,288.0,0.15
2025-11-05T19:30:00Z,,9.95,1.7,0.00665,28.1,82.5,63.8,81.3,6.05,15.6,293.0,0.125
2025-11-05T20:30:00Z,,9.73,1.73,0.00657,23.4,74.5,56.0,83.8,5.87,14.9,295.0,0.15
2025-11-05T21:30:00Z,,10.9,1.83,0.00733,18.7,75.7,61.0,85.3,5.43,14.5,286.0,0.2
2025-11-06T03:30:00Z,,13.7,3.27,0.00993,32.8,110.0,81.0,71.3,7.17,18.5,316.0,0.5
2025-11-06T04:30:00Z,,13.8,2.88,0.00968,46.6,108.0,76.3,66.8,7.65,20.8,299.0,0.425
2025-11-06T05:30:00Z,1.49,22.6,3.18,0.0147,50.0,141.0,92.5,63.0,38.3,22.6,301.0,0.575
2025-11-06T06:30:00Z,1.09,15.1,2.53,0.0101,60.5,161.0,105.0,58.8,26.7,23.5,312.0,0.575
2025-11-06T07:30:00Z,0.93,13.4,2.45,0.00908,55.5,116.0,79.5,53.3,12.5,24.8,311.0,0.675
2025-11-06T08:30:00Z,1.15,10.3,2.15,0.0072,65.0,74.3,57.0,54.0,7.58,25.6,332.0,0.55
2025-11-06T09:30:00Z,0.98,10.5,2.25,0.0074,69.0,69.0,55.0,55.0,7.6,26.0,324.0,0.45
2025-11-06T11:30:00Z,,28.8,2.2,0.0171,35.9,94.0,58.0,68.0,5.7,20.6,276.0,0.2
2025-11-06T12:30:00Z,,45.5,2.23,0.026,18.4,103.0,64.8,69.8,6.3,19.9,284.0,0.2
2025-11-06T13:30:00Z,1.09,48.4,2.33,0.0276,15.0,106.0,71.0,72.8,6.23,18.8,276.0,0.25
2025-11-06T14:30:00Z,1.09,36.3,2.35,0.0212,23.1,96.8,66.5,73.0,6.0,18.3,287.0,0.3
2025-11-06T15:30:00Z,1.3,21.1,1.95,0.0128,36.8,94.0,67.0,73.0,6.48,18.6,305.0,0.35
2025-11-06T16:30:00Z,1.19,18.7,1.85,0.0115,30.1,92.5,67.0,74.5,6.85,18.3,156.0,0.2
2025-11-06T17:30:00Z,1.0,18.1,2.17,0.0114,33.2,88.7,63.0,77.0,6.0,17.4,193.0,0.2
2025-11-06T18:30:00Z,,10.2,1.95,0.007,,78.0,65.0,77.5,5.45,16.9,288.0,0.1
2025-11-06T19:30:00Z,1.75,9.1,1.8,0.00635,31.6,75.0,59.3,80.5,5.1,16.0,287.0,0.1
2025-11-06T20:30:00Z,,10.2,1.6,0.00677,25.6,72.0,55.3,83.3,4.57,15.4,226.0,0.15
2025-11-06T21:30:00Z,,10.5,1.73,0.00695,18.1,71.5,58.0,86.3,4.33,14.7,257.0,0.15
2025-11-06T22:30:00Z,,11.3,1.98,0.00765,14.2,77.3,62.0,88.0,3.93,14.3,319.0,0.3
2025-11-06T23:30:00Z,,12.8,1.78,0.0083,10.5,89.3,69.0,88.8,4.3,14.1,303.0,0.3
2025-11-07T00:30:00Z,,15.4,3.08,0.0107,6.98,87.8,71.5,90.0,4.35,14.0,282.0,0.175
2025-11-07T01:30:00Z,,18.9,5.58,0.0146,11.2,85.8,69.3,87.0,6.03,15.3,302.0,0.2
2025-11-07T02:30:00Z,,17.2,4.23,0.0126,20.4,91.0,67.0,75.5,8.28,18.0,315.0,0.325
2025-11-07T03:30:00Z,,27.6,6.6,0.0201,20.7,102.0,64.5,66.5,60.8,20.2,295.0,0.5
2025-11-07T04:30:00Z,,19.1,6.45,0.0154,34.0,179.0,83.8,67.3,59.0,21.8,325.0,0.475
2025-11-07T05:30:00Z,,14.4,3.0,0.0101,49.4,,,63.0,26.1,23.3,331.0,0.433
2025-11-07T06:30:00Z,,11.4,2.45,0.00808,58.3,136.0,,56.8,13.3,24.4,259.0,0.475
2025-11-07T07:30:00Z,0.87,14.6,3.35,0.0105,52.0,133.0,746.0,51.0,17.7,25.4,309.0,0.6
2025-11-07T08:30:00Z,,11.8,2.13,0.008,66.6,115.0,537.0,53.0,15.9,26.1,307.0,0.55
2025-11-07T09:30:00Z,,12.4,2.15,0.00835,63.5,121.0,274.0,52.3,23.6,26.9,313.0,0.35
2025-11-07T10:30:00Z,0.0,14.6,2.28,0.00963,55.6,127.0,205.0,53.5,7.35,24.7,308.0,0.225
2025-11-07T11:30:00Z,,39.1,2.75,0.0231,34.4,115.0,153.0,62.3,6.98,20.9,182.0,0.125
2025-11-07T12:30:00Z,1.82,77.5,43.4,0.0765,5.43,161.0,128.0,72.0,8.73,18.7,14.5,0.125
2025-11-07T13:30:00Z,1.82,72.1,50.7,0.0796,5.25,156.0,87.5,75.0,9.38,17.8,15.3,0.15
2025-11-07T14:30:00Z,1.9,63.9,50.5,0.075,5.2,152.0,79.5,80.3,8.68,16.8,17.0,0.1
2025-11-07T15:30:00Z,1.64,52.9,19.0,0.0435,5.63,159.0,93.5,82.5,7.78,16.1,118.0,0.1
2025-11-07T16:30:00Z,1.61,44.3,19.1,0.0391,5.35,143.0,88.3,85.0,8.18,15.8,15.8,0.1
2025-11-07T17:30:00Z,1.43,38.5,16.0,0.0335,5.17,129.0,80.0,87.0,7.4,15.3,207.0,0.133
2025-11-07T18:30:00Z,1.11,23.3,2.4,0.0143,,112.0,88.0,86.0,7.9,14.9,303.0,0.1
2025-11-07T19:30:00Z,1.1,20.4,1.7,0.0122,13.0,95.0,69.3,87.0,7.1,14.4,197.0,0.1
2025-11-07T20:30:00Z,,16.0,1.8,0.01,12.3,79.3,55.3,88.5,7.47,14.1,172.0,0.175
2025-11-07T21:30:00Z,,13.7,2.05,0.00898,13.4,73.0,54.8,89.8,7.13,13.8,230.0,0.15
2025-11-07T22:30:00Z,,11.5,1.73,0.00758,14.5,78.3,56.3,89.0,7.5,13.9,297.0,0.15
2025-11-07T23:30:00Z,,12.9,1.73,0.00823,11.7,81.0,59.3,89.0,8.43,13.8,293.0,0.15
2025-11-08T00:30:00Z,,19.8,8.15,0.0171,6.73,80.5,66.0,90.0,7.78,13.5,179.0,0.125
2025-11-08T01:30:00Z,,23.4,13.6,0.0236,6.5,85.0,70.0,89.8,10.2,14.7,310.0,0.1
2025-11-08T02:30:00Z,1.23,28.3,8.15,0.0216,18.4,105.0,83.8,73.3,26.7,18.4,294.0,0.225
2025-11-08T03:30:00Z,1.2,25.5,4.65,0.0174,30.9,116.0,86.3,63.8,47.6,21.0,294.0,0.3
2025-11-08T04:30:00Z,1.14,22.2,4.13,0.0152,42.3,140.0,85.3,63.8,59.2,23.1,324.0,0.4
2025-11-08T05:30:00Z,1.17,11.8,2.18,0.00808,58.7,132.0,76.5,61.5,15.9,24.1,299.0,0.625
2025-11-08T06:30:00Z,1.21,9.8,1.83,0.0067,68.3,82.8,53.8,52.8,8.8,24.2,314.0,0.675
2025-11-08T07:30:00Z,1.23,12.5,2.0,0.00825,61.2,74.8,52.5,46.8,7.5,25.1,313.0,0.625
2025-11-08T08:30:00Z,1.19,10.3,1.9,0.00703,65.7,71.5,57.0,47.0,7.13,26.0,312.0,0.6
2025-11-08T09:30:00Z,1.2,9.88,1.68,0.00658,71.6,71.5,49.0,49.0,7.3,26.2,309.0,0.4
2025-11-08T10:30:00Z,1.25,21.2,1.98,0.0129,53.9,68.5,47.0,54.8,7.58,24.6,232.0,0.125
2025-11-08T11:30:00Z,1.44,40.4,3.25,0.0241,27.7,76.0,47.0,66.3,7.85,20.7,98.5,0.1
2025-11-08T12:30:00Z,1.71,70.7,30.5,0.0624,5.5,105.0,59.5,72.8,8.28,18.9,173.0,0.125
2025-11-08T13:30:00Z,1.67,61.3,24.6,0.0526,5.2,124.0,72.0,77.0,8.35,17.6,92.0,0.15
2025-11-08T14:30:00Z,1.61,59.3,20.9,0.0485,5.2,118.0,71.5,79.0,8.13,16.6,182.0,0.1
2025-11-08T15:30:00Z,1.58,47.7,17.9,0.04,5.13,110.0,71.5,82.8,7.83,15.9,316.0,0.1
2025-11-08T16:30:00Z,1.52,41.6,13.9,0.0334,5.2,102.0,68.5,83.5,8.88,15.8,132.0,0.1
2025-11-08T17:30:00Z,1.34,34.8,6.87,0.024,6.9,96.0,65.3,85.0,8.9,15.2,321.0,0.1
2025-11-08T18:30:00Z,1.19,27.0,3.15,0.017,,102.0,90.0,88.5,6.65,14.3,179.0,0.15
2025-11-08T19:30:00Z,1.16,20.7,2.25,0.0129,6.6,85.0,75.5,89.0,6.6,14.0,258.0,0.15
2025-11-08T20:30:00Z,,19.5,4.5,0.014,5.4,79.3,59.0,90.5,6.37,13.4,27.3,0.15
2025-11-08T21:30:00Z,,16.5,4.0,0.012,5.28,87.0,61.8,91.0,6.15,13.2,251.0,0.15
2025-11-08T22:30:00Z,1.02,14.3,3.53,0.0105,5.35,81.0,66.5,91.5,5.45,12.8,343.0,0.1
2025-11-08T23:30:00Z,1.17,13.3,2.53,0.00913,6.3,80.0,70.5,92.0,5.75,12.5,316.0,0.1
2025-11-09T00:30:00Z,1.24,16.3,4.65,0.0125,6.2,86.0,76.0,92.0,6.33,12.6,327.0,0.125
2025-11-09T01:30:00Z,1.25,20.7,8.7,0.018,7.33,89.8,78.0,91.5,7.98,13.9,310.0,0.175
2025-11-09T02:30:00Z,1.18,13.5,3.8,0.0103,21.9,91.0,75.3,79.7,15.3,16.7,208.0,0.267
2025-11-09T03:30:00Z,1.16,11.7,2.65,0.00838,34.0,88.8,69.5,65.5,17.3,20.0,245.0,0.375
2025-11-09T04:30:00Z,1.11,20.8,4.8,0.015,34.6,73.3,57.5,61.8,49.7,22.2,315.0,0.55
2025-11-09T05:30:00Z,1.13,6.95,2.65,0.00585,51.7,99.3,55.8,54.5,14.7,23.8,315.0,0.7
2025-11-09T06:30:00Z,1.16,7.7,2.03,0.00573,54.3,93.0,48.5,51.5,8.7,24.0,324.0,0.6
2025-11-09T07:30:00Z,1.17,11.5,1.98,0.00773,50.9,48.0,31.5,48.5,7.48,24.6,303.0,0.675
2025-11-09T08:30:00Z,1.16,9.5,1.9,0.0066,56.4,46.0,31.7,44.7,7.5,25.2,306.0,0.733
2025-11-09T09:30:00Z,1.15,8.5,1.95,0.0061,60.6,46.5,27.0,43.5,7.43,25.6,309.0,0.6
2025-11-09T10:30:00Z,1.19,12.8,1.88,0.00835,53.3,47.0,26.0,48.5,7.28,23.8,302.0,0.2
2025-11-09T11:30:00Z,1.31,26.6,1.98,0.0158,35.0,59.8,35.8,58.8,7.58,20.2,240.0,0.175
2025-11-09T12:30:00Z,1.57,58.7,20.3,0.0477,7.6,94.3,58.0,69.0,8.35,17.9,183.0,0.125
2025-11-09T13:30:00Z,1.61,52.3,24.6,0.0478,5.7,108.0,67.3,74.0,8.95,16.4,16.3,0.1
2025-11-09T14:30:00Z,1.72,51.4,43.7,0.0628,5.2,111.0,64.5,77.3,8.83,15.4,188.0,0.1
2025-11-09T15:30:00Z,1.74,44.7,45.8,0.061,5.1,128.0,73.0,81.5,9.08,14.9,48.5,0.125
2025-11-09T16:30:00Z,1.48,37.6,15.9,0.0329,5.48,133.0,76.0,82.0,9.6,14.5,116.0,0.15
2025-11-09T17:30:00Z,1.32,33.8,8.6,0.025,6.0,124.0,71.7,83.0,9.05,14.0,146.0,0.2
2025-11-09T18:30:00Z,1.29,26.1,12.5,0.024,,101.0,62.0,87.5,6.9,13.2,54.5,0.1
2025-11-09T19:30:00Z,1.22,28.1,8.1,0.0215,5.9,92.3,60.8,88.3,6.65,12.9,110.0,0.15
2025-11-09T20:30:00Z,,15.6,3.1,0.0108,9.3,77.7,54.7,88.0,6.3,12.2,34.7,0.1
2025-11-09T21:30:00Z,,16.8,7.33,0.0149,6.65,56.8,40.8,88.8,5.58,12.1,37.5,0.15
2025-11-09T22:30:00Z,,16.6,11.4,0.0181,5.68,47.0,33.8,89.0,5.7,11.6,117.0,0.1
2025-11-09T23:30:00Z,,12.5,2.93,0.009,6.18,43.0,28.0,89.8,4.8,11.3,322.0,0.1
2025-11-10T00:30:00Z,1.11,17.6,8.1,0.016,5.58,41.3,25.8,90.0,5.38,11.5,106.0,0.1
2025-11-10T01:30:00Z,1.27,25.3,13.2,0.0242,7.1,62.0,36.8,86.3,7.4,13.5,236.0,0.175
2025-11-10T02:30:00Z,1.3,23.9,7.4,0.0187,15.2,81.0,48.8,69.8,11.7,16.8,289.0,0.175
2025-11-10T03:30:00Z,1.28,23.0,4.83,0.0162,30.5,79.7,46.3,62.0,11.7,20.2,296.0,0.3
2025-11-10T04:30:00Z,1.23,19.0,3.6,0.013,42.6,79.0,44.0,60.5,14.5,21.4,335.0,0.4
2025-11-10T12:30:00Z,2.04,51.9,72.1,0.0862,5.5,154.0,78.0,74.0,10.1,16.5,25.0,0.1
2025-11-10T14:30:00Z,1.84,36.8,56.4,0.0654,5.18,147.0,72.5,77.3,8.93,15.6,61.0,0.15
2025-11-10T15:30:00Z,1.59,30.5,27.8,0.0388,5.08,141.0,68.8,79.8,8.38,14.5,27.0,0.2
2025-11-10T16:30:00Z,1.4,27.7,8.73,0.0219,5.73,119.0,64.0,80.3,7.95,13.9,28.3,0.2
2025-11-10T17:30:00Z,1.3,23.6,7.87,0.019,6.37,103.0,60.7,81.0,7.4,13.5,41.3,0.2
2025-11-10T18:30:00Z,1.13,15.3,2.6,0.0103,,62.5,43.5,81.5,5.9,13.0,54.0,0.15
2025-11-10T19:30:00Z,1.1,12.1,2.2,0.0082,8.1,60.5,42.5,84.0,5.85,12.5,199.0,0.1
2025-11-10T20:30:00Z,1.16,11.7,3.0,0.0087,8.5,55.8,36.8,85.5,5.07,12.0,45.5,0.125
2025-11-10T21:30:00Z,1.13,4.43,2.03,0.004,12.4,45.5,26.8,86.0,4.95,11.5,180.0,0.1
2025-11-10T22:30:00Z,1.14,4.23,1.9,0.0038,6.63,36.5,22.0,88.0,4.38,11.1,339.0,0.1
2025-11-10T23:30:00Z,1.16,5.63,3.7,0.00598,5.6,34.0,22.5,89.3,4.53,10.8,13.5,0.1
2025-11-11T00:30:00Z,1.23,8.23,14.7,0.0163,5.13,38.0,25.0,90.0,4.88,10.7,48.8,0.125
2025-11-11T01:30:00Z,1.28,11.5,15.2,0.0184,6.35,62.0,32.0,86.3,6.2,12.7,181.0,0.125
2025-11-11T02:30:00Z,1.25,12.7,6.68,0.0122,12.8,74.8,34.3,68.0,7.33,16.7,276.0,0.15
2025-11-11T03:30:00Z,1.23,10.5,3.78,0.00868,30.2,64.5,32.5,57.3,10.4,20.1,302.0,0.375
2025-11-11T04:30:00Z,1.16,7.18,2.63,0.00595,37.3,79.0,47.0,58.3,43.8,21.7,321.0,0.5
2025-11-11T05:30:00Z,1.15,4.95,2.23,0.00448,45.2,120.0,63.5,54.0,26.3,23.1,322.0,0.625
2025-11-11T06:30:00Z,1.17,3.35,2.05,0.00343,47.9,98.5,48.5,47.8,10.7,23.4,328.0,0.625
2025-11-11T07:30:00Z,1.16,4.58,2.33,0.00433,43.4,46.0,26.5,42.8,6.15,24.1,321.0,0.625
2025-11-11T08:30:00Z,1.18,4.3,2.1,0.004,50.4,44.0,23.0,45.0,5.8,24.5,315.0,0.8
2025-11-11T09:30:00Z,1.2,2.93,2.1,0.00323,61.0,51.3,28.0,48.0,5.97,25.2,319.0,0.533
2025-11-11T10:30:00Z,1.24,4.93,2.0,0.0043,55.2,55.8,33.5,52.5,6.55,23.3,313.0,0.225
2025-11-11T11:30:00Z,1.26,16.2,2.03,0.0102,29.9,,,62.0,5.0,19.9,,
2025-11-11T12:30:00Z,1.38,19.0,2.5,0.0121,17.1,153.0,82.0,65.8,5.9,18.5,,
2025-11-11T13:30:00Z,1.37,20.9,2.08,0.0128,15.8,117.0,65.0,72.0,5.95,17.1,287.0,0.15
2025-11-11T14:30:00Z,1.37,19.1,2.07,0.0118,14.1,95.7,56.7,73.0,6.03,16.2,307.0,0.1
2025-11-11T15:30:00Z,1.24,10.2,1.9,0.00697,33.7,72.0,50.0,70.7,7.17,16.3,277.0,0.2
2025-11-11T16:30:00Z,1.22,6.23,1.83,0.0048,30.4,65.8,48.5,73.0,6.4,15.4,286.0,0.2
2025-11-11T17:30:00Z,1.21,5.47,1.97,0.0045,26.0,63.3,46.0,77.0,5.8,14.3,292.0,0.167
2025-11-11T18:30:00Z,1.24,5.4,1.9,0.0044,,67.0,51.0,82.5,4.85,13.0,309.0,0.1
2025-11-11T19:30:00Z,1.23,4.65,2.0,0.00405,16.4,64.5,50.0,84.3,4.9,12.6,295.0,0.175
2025-11-11T20:30:00Z,1.22,6.03,2.1,0.00493,12.0,64.5,47.5,85.8,5.1,12.0,250.0,0.125
2025-11-11T21:30:00Z,1.22,5.65,2.8,0.00525,9.55,62.0,46.5,87.3,5.13,11.5,183.0,0.1
2025-11-11T22:30:00Z,1.22,6.93,3.95,0.0069,6.88,59.3,47.5,88.3,5.4,10.9,110.0,0.15
2025-11-11T23:30:00Z,1.2,5.45,2.08,0.0046,8.3,58.5,45.8,89.3,4.63,10.3,103.0,0.1
2025-11-12T00:30:00Z,1.25,7.78,5.78,0.00883,6.53,53.0,43.5,90.3,5.03,10.3,175.0,0.1
2025-11-12T01:30:00Z,1.3,8.75,7.4,0.0107,7.38,61.8,48.0,88.0,5.85,12.1,296.0,0.175
2025-11-12T02:30:00Z,1.25,8.18,4.18,0.00773,19.2,72.0,50.0,72.0,12.1,15.2,309.0,0.35
2025-11-12T03:30:00Z,1.2,5.93,2.6,0.0053,29.7,83.0,50.7,62.0,18.1,18.4,334.0,0.5
2025-11-12T04:30:00Z,1.16,5.53,2.5,0.00497,38.8,102.0,51.3,57.0,34.4,21.0,320.0,0.533
2025-11-12T05:30:00Z,1.18,2.6,2.0,0.00298,52.1,93.5,47.5,55.8,9.77,22.8,308.0,0.6
2025-11-12T06:30:00Z,1.19,2.38,1.95,0.00283,54.0,69.5,40.3,49.3,5.48,23.3,319.0,0.65
2025-11-12T07:30:00Z,1.22,4.48,2.18,0.0041,53.2,56.3,34.5,46.3,5.25,24.1,314.0,0.675
2025-11-12T08:30:00Z,1.2,3.2,1.97,0.0033,62.5,54.0,31.0,43.3,6.03,25.0,313.0,0.767
2025-11-12T09:30:00Z,1.21,3.0,1.77,0.00303,65.0,57.3,31.7,44.0,6.6,25.1,312.0,0.7
2025-11-12T10:30:00Z,1.29,6.8,1.93,0.0052,58.3,67.5,40.3,48.5,7.3,23.0,310.0,0.2
2025-11-12T11:30:00Z,1.68,28.9,14.9,0.0275,16.4,110.0,57.5,61.5,7.5,18.7,8.5,0.15
2025-11-12T12:30:00Z,1.85,37.0,20.4,0.0363,5.5,159.0,78.5,70.8,8.25,16.8,183.0,0.125
2025-11-12T13:30:00Z,1.79,33.5,11.8,0.0274,5.55,172.0,89.0,73.5,8.05,15.8,355.0,0.1
2025-11-12T14:30:00Z,1.71,28.0,12.5,0.0251,5.2,138.0,87.0,76.0,7.5,14.4,332.0,0.2
2025-11-12T15:30:00Z,1.82,25.8,18.4,0.0287,5.13,133.0,80.3,80.0,6.88,13.6,183.0,0.1
2025-11-12T16:30:00Z,1.92,22.4,29.7,0.036,5.28,128.0,76.0,84.0,7.55,13.2,113.0,0.125
2025-11-12T17:30:00Z,1.54,17.9,15.2,0.0219,5.07,128.0,79.7,85.7,6.55,12.6,11.0,0.1
2025-11-12T18:30:00Z,1.42,13.9,15.5,0.02,,134.0,89.0,88.5,6.1,12.1,175.0,0.1
2025-11-12T19:30:00Z,1.36,11.9,12.3,0.0164,5.07,123.0,83.3,89.5,6.05,11.7,117.0,0.125
2025-11-12T20:30:00Z,,10.7,4.43,0.00923,5.23,98.3,66.3,89.0,5.37,11.0,33.0,0.1
2025-11-12T21:30:00Z,,9.2,4.65,0.0087,5.5,72.5,47.8,89.0,5.38,10.6,118.0,0.15
2025-11-12T22:30:00Z,,6.2,3.33,0.00603,5.73,51.8,36.5,89.0,4.93,10.1,106.0,0.125
2025-11-12T23:30:00Z,,6.63,8.85,0.0107,5.03,46.0,32.0,89.8,4.98,9.85,34.5,0.125
2025-11-13T00:30:00Z,,6.53,9.05,0.0108,5.1,49.8,36.5,90.5,4.93,9.53,166.0,0.125
2025-11-13T01:30:00Z,1.31,9.28,14.9,0.017,5.25,62.3,45.0,90.0,5.83,11.0,287.0,0.125
2025-11-13T02:30:00Z,1.27,11.9,9.43,0.014,12.9,86.0,49.5,69.3,15.1,14.6,307.0,0.225
2025-11-13T03:30:00Z,1.2,9.23,3.03,0.00733,26.5,92.8,52.5,57.0,25.6,18.2,317.0,0.35
2025-11-13T04:30:00Z,1.16,6.38,2.4,0.00535,38.7,95.5,55.0,58.8,26.1,20.5,317.0,0.5
2025-11-13T05:30:00Z,1.16,3.23,2.15,0.00345,50.8,103.0,53.3,52.5,15.9,22.4,324.0,0.625
2025-11-13T06:30:00Z,1.19,2.48,2.0,0.00295,54.6,81.0,42.3,48.5,7.28,22.8,328.0,0.65
2025-11-13T07:30:00Z,1.2,3.88,1.98,0.00368,49.1,61.3,32.5,44.5,6.2,23.3,328.0,0.7
2025-11-13T08:30:00Z,1.25,3.83,1.9,0.00358,63.8,66.8,34.5,46.3,7.2,24.4,314.0,0.6
2025-11-13T09:30:00Z,1.24,3.73,1.98,0.0036,63.3,72.5,38.5,41.3,8.25,24.6,322.0,0.5
2025-11-13T10:30:00Z,1.31,6.35,1.88,0.00493,52.8,72.8,41.3,46.3,7.55,22.5,310.0,0.175
2025-11-13T11:30:00Z,1.41,15.5,2.0,0.00988,32.8,85.8,50.3,58.5,7.85,18.4,175.0,0.125
2025-11-13T12:30:00Z,1.75,34.5,16.7,0.0319,6.93,119.0,65.3,67.3,9.53,16.1,190.0,0.1
2025-11-13T13:30:00Z,1.78,31.9,16.2,0.0302,5.13,135.0,75.0,73.3,9.1,14.9,176.0,0.2
2025-11-13T14:30:00Z,1.69,32.1,8.43,0.0239,5.78,128.0,79.8,74.3,8.33,14.4,246.0,0.2
2025-11-13T15:30:00Z,1.52,19.5,2.7,0.0125,15.2,119.0,78.8,74.5,8.45,14.3,305.0,0.2
2025-11-13T16:30:00Z,1.5,18.4,2.07,0.0115,12.2,105.0,71.7,76.7,8.2,13.5,230.0,0.133
2025-11-13T17:30:00Z,1.51,18.1,2.2,0.0114,7.95,100.0,69.0,81.0,7.4,12.6,4.5,0.1
2025-11-13T19:30:00Z,,,,,7.2,110.0,66.5,86.0,,11.1,178.0,0.1
2025-11-13T20:30:00Z,,10.2,3.43,0.0082,6.43,93.5,65.0,87.0,4.93,10.6,39.8,0.125
2025-11-13T21:30:00Z,,7.17,2.43,0.0058,6.27,74.0,58.0,87.7,4.57,10.3,171.0,0.1
2025-11-13T22:30:00Z,,6.35,4.28,0.00688,5.13,67.8,56.3,89.3,4.08,9.93,179.0,0.125
2025-11-13T23:30:00Z,,9.45,14.4,0.0167,5.0,67.3,57.0,89.5,4.45,9.65,26.5,0.15
2025-11-14T00:30:00Z,,9.55,11.4,0.0144,4.9,71.0,51.8,89.8,4.63,9.5,121.0,0.125
2025-11-14T01:30:00Z,,11.5,12.2,0.016,5.85,75.8,51.5,86.5,5.43,11.3,296.0,0.15
2025-11-14T02:30:00Z,,16.3,9.83,0.0167,10.3,98.5,59.8,66.0,17.6,15.4,280.0,0.2
2025-11-14T03:30:00Z,1.07,13.7,4.25,0.0107,21.9,110.0,63.3,59.3,33.4,18.4,291.0,0.25
2025-11-14T04:30:00Z,1.2,10.8,3.03,0.0082,37.7,122.0,63.5,56.0,53.0,20.3,334.0,0.45
2025-11-14T05:30:00Z,1.19,3.58,2.03,0.00358,57.0,122.0,59.3,53.5,16.6,21.8,320.0,0.5
2025-11-14T06:30:00Z,1.2,3.33,2.0,0.00337,59.8,102.0,54.7,50.3,10.5,22.6,335.0,0.567
2025-11-14T07:30:00Z,1.2,4.23,2.05,0.0039,55.2,92.3,51.5,44.3,7.88,23.2,322.0,0.525
2025-11-14T08:30:00Z,1.19,3.95,2.03,0.00375,59.0,73.3,37.8,44.8,6.88,24.0,307.0,0.675
2025-11-14T09:30:00Z,1.2,3.73,1.95,0.00358,56.3,61.3,30.5,45.0,8.8,24.4,311.0,0.45
2025-11-14T10:30:00Z,1.31,7.43,1.87,0.0055,54.9,71.3,40.0,56.0,8.2,21.9,318.0,0.233
2025-11-14T11:30:00Z,1.55,22.1,4.5,0.0154,28.8,99.5,59.0,64.0,9.0,19.0,164.0,0.125
2025-11-14T12:30:00Z,1.88,35.2,24.6,0.0388,8.13,138.0,81.3,71.8,8.98,16.7,21.8,0.1
2025-11-14T13:30:00Z,1.87,31.6,24.5,0.0367,5.08,165.0,93.3,76.0,8.9,15.3,347.0,0.15
2025-11-14T14:30:00Z,1.89,30.7,22.5,0.0346,5.3,157.0,93.5,79.3,8.15,14.4,183.0,0.175
2025-11-14T15:30:00Z,1.88,28.2,25.0,0.0353,5.05,142.0,91.3,82.3,7.43,13.7,185.0,0.15
2025-11-14T16:30:00Z,1.71,21.9,19.5,0.0275,4.95,152.0,92.5,83.8,7.05,13.4,46.8,0.175
2025-11-14T17:30:00Z,1.45,19.5,12.8,0.0208,4.93,148.0,89.0,85.0,6.45,12.8,49.7,0.167
2025-11-14T18:30:00Z,1.14,12.4,3.8,0.00965,,112.0,74.5,84.5,4.6,12.3,160.0,0.1
2025-11-14T19:30:00Z,1.12,8.85,2.35,0.0066,5.57,97.5,70.8,87.3,3.75,11.7,246.0,0.1
2025-11-14T20:30:00Z,,7.97,3.93,0.00743,5.15,87.8,69.0,89.5,2.63,11.0,148.0,0.1
2025-11-14T21:30:00Z,,7.65,4.83,0.00803,5.45,92.3,70.0,90.0,2.73,10.5,42.3,0.1
2025-11-14T22:30:00Z,,7.18,3.1,0.0063,6.85,72.3,55.0,88.5,2.65,9.95,51.5,0.15
2025-11-14T23:30:00Z,,9.43,7.33,0.011,5.43,54.8,42.8,88.0,3.13,9.73,36.3,0.175
2025-11-15T00:30:00Z,,10.2,15.6,0.018,5.03,67.3,50.3,87.8,3.9,9.53,25.5,0.175
2025-11-15T01:30:00Z,1.33,11.6,19.5,0.022,5.9,95.5,57.5,86.0,4.7,11.3,153.0,0.15
2025-11-15T02:30:00Z,1.25,11.4,4.48,0.00973,18.5,99.0,52.3,64.8,8.08,15.7,203.0,0.225
2025-11-15T03:30:00Z,1.28,12.2,3.1,0.00905,32.9,101.0,61.5,60.3,22.2,18.3,275.0,0.275
2025-11-15T04:30:00Z,1.24,11.2,2.65,0.00813,42.9,119.0,77.0,58.5,40.1,19.8,304.0,0.4
2025-11-15T05:30:00Z,1.23,11.0,2.53,0.00785,52.4,122.0,73.5,54.5,55.8,21.8,329.0,0.45
2025-11-15T06:30:00Z,1.18,5.28,2.0,0.00448,61.1,124.0,68.3,50.3,19.6,22.6,306.0,0.525
2025-11-15T07:30:00Z,1.19,4.0,1.93,0.00373,61.6,86.0,50.7,46.3,6.9,23.5,316.0,0.533
2025-11-15T08:30:00Z,1.17,4.18,1.88,0.00378,60.9,65.3,39.5,45.8,6.4,24.1,310.0,0.6
2025-11-15T09:30:00Z,1.2,4.05,1.85,0.00368,66.0,62.0,37.5,49.3,6.88,24.3,315.0,0.375
2025-11-15T10:30:00Z,1.24,8.9,1.7,0.0062,49.3,83.0,46.0,50.0,6.4,20.7,299.0,0.2
2025-11-15T11:30:00Z,1.34,18.3,1.8,0.0112,29.9,86.5,49.3,56.5,7.05,19.0,299.0,0.2
2025-11-15T12:30:00Z,1.36,21.3,2.03,0.013,27.2,99.8,57.8,62.3,8.63,17.6,297.0,0.225
2025-11-15T13:30:00Z,1.26,10.6,1.85,0.00715,50.1,98.8,59.8,58.5,8.1,18.2,284.0,0.3
2025-11-15T14:30:00Z,1.4,14.2,2.2,0.00933,35.5,94.3,62.8,66.0,10.8,16.6,228.0,0.1
2025-11-15T15:30:00Z,1.48,22.4,3.6,0.0148,16.7,118.0,80.8,72.3,9.5,15.3,122.0,0.175
2025-11-15T16:30:00Z,1.55,26.3,7.83,0.0203,5.9,133.0,83.8,76.8,7.63,13.8,26.3,0.125
2025-11-15T17:30:00Z,1.49,22.3,10.1,0.0201,5.47,130.0,76.7,80.0,7.9,13.2,72.3,0.233
2025-11-15T18:30:00Z,1.3,15.0,2.95,0.0104,,118.0,84.5,83.5,7.7,12.2,1.5,0.1
2025-11-15T19:30:00Z,1.24,11.2,2.2,0.00775,7.57,105.0,75.5,85.0,6.5,11.6,41.8,0.1
2025-11-15T20:30:00Z,1.22,10.5,4.2,0.00903,6.6,84.3,60.0,85.8,5.77,11.4,58.5,0.125
2025-11-15T21:30:00Z,1.17,8.78,2.9,0.00703,8.38,73.0,52.3,86.0,5.35,11.0,38.8,0.1
2025-11-15T22:30:00Z,1.15,9.93,3.2,0.00788,8.28,61.3,41.8,84.0,5.58,11.2,52.8,0.175
2025-11-15T23:30:00Z,1.13,9.08,2.63,0.007,8.43,49.3,31.0,84.3,5.43,10.9,118.0,0.1
2025-11-16T00:30:00Z,1.2,13.6,7.6,0.0134,5.4,51.8,36.8,84.5,5.83,10.8,108.0,0.1
2025-11-16T01:30:00Z,1.22,12.6,7.83,0.013,7.28,58.0,41.3,82.0,5.93,12.4,149.0,0.175
2025-11-16T02:30:00Z,1.22,7.9,3.55,0.0071,24.1,63.8,38.8,63.5,7.83,17.1,147.0,0.275
2025-11-16T03:30:00Z,1.24,8.1,2.38,0.00625,39.0,74.3,44.0,59.8,44.7,18.9,278.0,0.275
2025-11-16T04:30:00Z,1.22,8.13,2.28,0.00618,53.8,101.0,60.0,60.5,53.0,20.2,300.0,0.475
2025-11-16T05:30:00Z,1.23,6.15,2.1,0.00498,60.8,113.0,66.8,57.5,42.1,21.9,312.0,0.5
2025-11-16T06:30:00Z,1.23,6.1,2.18,0.00503,60.0,117.0,64.8,51.3,53.2,22.4,316.0,0.6
2025-11-16T07:30:00Z,1.22,4.4,1.98,0.00398,66.0,114.0,65.8,45.0,11.1,23.0,319.0,0.55
2025-11-16T08:30:00Z,1.21,3.95,1.88,0.00363,65.3,75.8,48.5,45.3,7.9,23.7,312.0,0.575
2025-11-16T09:30:00Z,1.26,3.65,1.95,0.0035,71.9,57.0,37.0,50.5,9.0,23.8,312.0,0.45
2025-11-16T10:30:00Z,1.33,8.45,1.75,0.0059,56.7,96.5,64.5,56.5,8.85,20.9,318.0,0.15
2025-11-16T11:30:00Z,1.49,17.7,1.83,0.0109,32.0,107.0,67.5,65.3,9.15,18.4,150.0,0.125
2025-11-16T12:30:00Z,1.76,31.6,14.3,0.0284,8.2,144.0,92.8,71.8,8.93,16.4,32.0,0.1
2025-11-16T13:30:00Z,1.81,34.2,24.7,0.0383,5.18,171.0,110.0,75.0,8.75,15.1,180.0,0.125
2025-11-16T14:30:00Z,1.8,30.7,17.9,0.0308,5.03,158.0,97.3,79.0,8.25,14.3,179.0,0.175
2025-11-16T15:30:00Z,1.87,28.4,22.8,0.0336,5.13,145.0,90.5,82.5,7.4,13.6,111.0,0.1
2025-11-16T16:30:00Z,1.86,25.3,27.7,0.036,5.0,155.0,94.8,85.0,7.55,13.2,40.8,0.175
2025-11-16T17:30:00Z,1.44,20.2,6.4,0.0159,5.3,156.0,98.0,85.3,6.7,12.7,240.0,0.1
2025-11-16T18:30:00Z,1.26,14.7,3.9,0.011,,129.0,90.0,87.5,5.5,12.1,329.0,0.1
2025-11-16T19:30:00Z,1.2,12.0,3.15,0.0089,8.0,119.0,86.5,88.3,5.65,11.7,261.0,0.1
2025-11-16T20:30:00Z,,9.37,2.93,0.00733,6.93,105.0,80.3,89.7,5.37,11.1,240.0,0.1
2025-11-16T21:30:00Z,1.18,7.05,2.8,0.00605,7.08,97.8,77.3,90.0,4.75,10.7,273.0,0.125
2025-11-16T22:30:00Z,1.18,5.95,4.3,0.00668,5.35,88.8,72.5,91.0,4.33,10.4,38.3,0.1
2025-11-16T23:30:00Z,1.24,8.35,23.2,0.0233,5.05,82.3,67.3,91.5,4.8,10.3,46.5,0.125
2025-11-17T00:30:00Z,1.28,7.93,24.3,0.024,4.95,88.3,68.0,92.0,5.5,10.4,119.0,0.1
2025-11-17T01:30:00Z,1.45,13.3,36.1,0.0364,5.1,114.0,75.3,92.0,6.18,11.6,66.3,0.125
2025-11-17T02:30:00Z,1.29,14.9,8.15,0.0145,15.7,128.0,68.3,78.3,8.25,15.6,174.0,0.25
2025-11-17T03:30:00Z,1.21,11.0,3.03,0.00835,32.1,113.0,58.5,65.0,10.9,18.7,256.0,0.3
2025-11-17T04:30:00Z,1.17,10.1,2.65,0.0075,44.2,103.0,61.5,60.3,9.35,20.6,219.0,0.35
2025-11-17T05:30:00Z,1.15,4.63,2.0,0.00413,55.4,94.0,54.3,56.0,8.2,22.1,211.0,0.275
2025-11-17T06:30:00Z,1.21,4.35,2.08,0.004,63.7,75.8,45.0,55.8,8.03,22.2,272.0,0.375
2025-11-17T07:30:00Z,1.18,5.6,2.18,0.00473,63.0,70.5,45.5,49.3,11.6,22.9,155.0,0.25
2025-11-17T08:30:00Z,1.19,6.5,2.13,0.0052,65.9,73.7,44.0,49.7,15.2,24.1,235.0,0.233
2025-11-17T09:30:00Z,1.23,8.65,2.2,0.00638,60.1,79.0,47.8,52.8,21.4,24.7,200.0,0.15
2025-11-17T10:30:00Z,1.5,21.8,11.5,0.0209,32.2,89.8,54.5,62.8,22.1,22.3,181.0,0.1
2025-11-17T11:30:00Z,2.32,43.1,64.8,0.0756,5.25,138.0,70.5,74.8,16.0,18.4,17.8,0.1
2025-11-17T12:30:00Z,2.21,38.6,55.0,0.0652,4.98,242.0,101.0,78.8,12.8,17.1,174.0,0.15
2025-11-17T13:30:00Z,1.75,29.9,21.1,0.033,4.83,267.0,109.0,81.7,9.63,15.9,187.0,0.1
2025-11-17T14:30:00Z,1.66,25.5,13.9,0.0249,4.87,165.0,89.7,84.3,7.13,15.0,34.7,0.1
2025-11-17T15:30:00Z,1.46,20.2,8.3,0.0175,9.73,139.0,77.8,82.3,6.38,15.4,95.3,0.125
2025-11-17T16:30:00Z,1.32,15.2,3.03,0.0106,10.6,115.0,61.0,79.8,6.58,15.3,90.5,0.1
2025-11-17T17:30:00Z,1.2,13.3,2.8,0.00937,12.9,80.7,45.3,80.3,5.85,14.7,65.7,0.1
2025-11-17T18:30:00Z,1.07,9.85,2.5,0.00725,,67.0,33.0,78.0,4.05,14.8,96.5,0.25
2025-11-17T19:30:00Z,1.05,6.9,2.05,0.00535,17.2,58.8,31.5,75.5,3.85,14.9,87.3,0.3
2025-11-17T20:30:00Z,1.14,7.17,2.1,0.0055,17.4,47.3,28.5,77.0,3.27,14.2,81.5,0.2
2025-11-17T21:30:00Z,1.13,8.88,2.23,0.0065,13.7,43.5,26.5,79.8,2.75,13.6,67.8,0.15
2025-11-17T22:30:00Z,1.13,9.53,2.53,0.0071,11.2,38.7,25.3,82.3,2.77,12.9,75.3,0.167
2025-11-17T23:30:00Z,1.18,11.0,4.0,0.0091,6.77,39.3,25.0,82.7,3.07,12.8,53.3,0.1
2025-11-18T00:30:00Z,1.24,13.6,9.68,0.0152,5.58,46.0,25.0,84.8,3.35,12.6,41.3,0.15
2025-11-18T01:30:00Z,1.33,15.4,17.2,0.0222,5.9,70.3,33.3,82.0,4.45,14.6,97.8,0.2
2025-11-18T02:30:00Z,1.38,12.6,9.18,0.0142,12.0,94.3,41.5,67.5,4.93,18.2,170.0,0.225
2025-11-18T03:30:00Z,1.26,11.0,3.3,0.00853,28.6,82.7,38.0,59.0,5.57,20.6,282.0,0.233
2025-11-18T04:30:00Z,1.2,7.0,2.3,0.0056,55.0,70.0,32.0,56.0,10.1,22.2,307.0,0.4
2025-11-18T11:30:00Z,1.71,34.6,14.9,0.0305,5.38,111.0,61.5,72.0,18.1,19.0,174.0,0.15
2025-11-18T12:30:00Z,1.84,31.6,24.0,0.0364,5.3,154.0,75.0,75.5,12.6,17.2,175.0,0.1
2025-11-18T13:30:00Z,1.73,29.4,16.8,0.0293,5.25,158.0,78.0,77.8,10.3,16.2,96.8,0.1
2025-11-18T14:30:00Z,1.96,23.7,34.8,0.0409,5.15,152.0,84.0,83.0,8.45,15.2,29.5,0.1
2025-11-18T15:30:00Z,1.77,22.6,27.0,0.0339,5.08,156.0,86.3,85.5,7.95,14.5,74.5,0.175
2025-11-18T16:30:00Z,1.56,18.9,17.1,0.0239,4.95,159.0,83.0,85.5,7.78,14.4,62.0,0.225
2025-11-18T17:30:00Z,1.35,15.3,8.67,0.0152,5.03,154.0,81.3,86.3,7.05,13.7,37.7,0.167
2025-11-18T18:30:00Z,1.17,12.0,5.55,0.0109,,92.0,61.0,88.0,6.1,13.1,67.0,0.2
2025-11-18T19:30:00Z,1.14,13.1,9.25,0.0146,7.0,85.3,61.3,87.7,5.8,13.2,58.7,0.267
2025-11-18T20:30:00Z,,10.2,6.57,0.0107,5.9,70.5,54.0,88.3,5.43,12.6,117.0,0.15
2025-11-18T21:30:00Z,,5.35,2.15,0.00458,6.55,59.8,38.0,89.5,4.58,11.8,104.0,0.1
2025-11-18T22:30:00Z,,4.83,2.15,0.0043,6.0,42.3,33.5,90.8,4.53,11.4,243.0,0.1
2025-11-18T23:30:00Z,,5.85,10.1,0.0113,5.38,36.8,33.5,91.5,4.63,11.2,202.0,0.1
2025-11-19T00:30:00Z,,8.63,30.9,0.0297,5.03,56.3,37.8,92.0,6.15,11.4,51.8,0.125
2025-11-19T01:30:00Z,1.35,13.5,24.9,0.0274,5.8,79.8,41.5,89.5,6.63,13.0,123.0,0.175
2025-11-19T02:30:00Z,1.34,16.4,6.95,0.0144,14.0,95.3,49.3,68.8,48.5,17.3,181.0,0.225
2025-11-19T03:30:00Z,1.32,14.2,4.55,0.0112,30.5,109.0,62.7,61.7,87.1,19.8,177.0,0.3
2025-11-19T04:30:00Z,,,,,45.3,112.0,67.8,60.0,,21.1,203.0,0.35
2025-11-19T05:30:00Z,1.44,32.0,3.27,0.0197,,102.0,59.8,56.8,37.2,22.6,177.0,0.4
2025-11-19T06:30:00Z,1.39,26.7,2.73,0.0164,138.0,93.5,56.0,56.0,25.0,23.3,239.0,0.45
2025-11-19T07:30:00Z,1.36,28.8,3.05,0.0178,131.0,82.3,49.8,53.0,13.7,24.1,234.0,0.375
2025-11-19T08:30:00Z,1.44,31.4,3.3,0.0194,140.0,69.7,39.0,48.7,11.4,25.2,223.0,0.3
2025-11-19T09:30:00Z,1.56,35.5,3.03,0.0213,147.0,73.3,41.0,48.7,11.7,25.5,270.0,0.2
2025-11-19T10:30:00Z,1.98,70.8,3.15,0.0402,105.0,88.0,50.0,56.0,11.6,24.3,,0.1
2025-11-19T11:30:00Z,5.18,179.0,280.0,0.323,5.6,98.0,60.0,72.5,12.9,19.1,32.0,0.1
2025-11-19T12:30:00Z,5.2,165.0,297.0,0.329,5.3,231.0,98.0,77.5,14.0,17.4,69.0,0.15
2025-11-19T13:30:00Z,2.69,125.0,60.3,0.115,6.93,275.0,102.0,76.0,10.7,17.2,90.0,0.175
2025-11-19T14:30:00Z,2.37,97.7,30.3,0.0766,10.3,,80.3,,9.15,17.1,102.0,0.2
2025-11-19T15:30:00Z,2.21,72.4,9.6,0.0463,23.4,,68.0,,8.25,16.7,96.0,0.2
2025-11-19T16:30:00Z,1.9,71.9,11.7,0.0478,17.9,,57.3,,7.67,15.8,75.3,0.1
2025-11-19T17:30:00Z,1.43,51.8,3.47,0.0304,32.2,,53.0,,7.35,15.5,89.3,0.167
2025-11-19T18:30:00Z,1.02,54.3,8.85,0.0361,,,43.5,,7.3,14.9,89.0,0.2
2025-11-19T19:30:00Z,0.91,45.5,5.0,0.0283,27.7,,39.5,,7.15,14.4,64.0,0.175
2025-11-19T20:30:00Z,1.21,41.2,3.33,0.0246,25.6,,33.0,,6.83,13.7,121.0,0.2
2025-11-19T21:30:00Z,1.18,33.8,6.75,0.0234,19.9,,29.5,,6.35,12.8,128.0,0.125
2025-11-19T22:30:00Z,1.32,49.2,14.0,0.0376,10.4,,32.5,,6.03,12.7,79.0,0.2
2025-11-19T23:30:00Z,1.25,51.0,7.6,0.0333,13.9,,36.5,,5.98,12.8,35.0,0.15
2025-11-20T00:30:00Z,1.43,52.4,17.1,0.0417,9.33,,36.5,,5.93,12.3,180.0,0.125
2025-11-20T01:30:00Z,1.74,68.9,53.6,0.0803,10.8,,41.8,,9.5,13.8,122.0,0.175
2025-11-20T02:30:00Z,1.7,62.1,12.6,0.0433,38.2,,53.3,,40.3,16.9,172.0,0.2
2025-11-20T03:30:00Z,1.6,47.7,4.73,0.0292,88.4,,68.0,63.0,29.0,19.5,209.0,0.275
2025-11-20T04:30:00Z,1.47,34.3,3.1,0.0208,125.0,,73.7,61.0,25.6,21.2,205.0,0.233
2025-11-20T05:30:00Z,1.47,34.5,2.63,0.0205,143.0,169.0,72.0,58.3,33.0,22.3,191.0,0.275
2025-11-20T06:30:00Z,1.5,32.9,2.17,0.0192,170.0,135.0,73.7,55.3,26.8,23.2,262.0,0.3
2025-11-20T07:30:00Z,1.43,28.6,2.35,0.0171,176.0,103.0,76.5,47.8,15.1,23.8,296.0,0.35
2025-11-20T08:30:00Z,1.51,29.3,2.23,0.0174,181.0,92.3,71.0,46.7,14.6,24.4,295.0,0.333
2025-11-20T09:30:00Z,1.69,39.3,2.3,0.0228,163.0,107.0,75.0,48.3,13.1,24.2,289.0,0.167
2025-11-20T10:30:00Z,3.01,121.0,83.3,0.132,73.2,120.0,80.3,62.7,12.6,21.5,39.0,0.1
2025-11-20T11:30:00Z,5.82,197.0,333.0,0.375,5.73,183.0,103.0,74.0,14.3,17.8,70.5,0.15
2025-11-20T12:30:00Z,4.41,165.0,204.0,0.253,4.83,254.0,125.0,75.7,13.1,17.1,74.7,0.167
2025-11-20T13:30:00Z,2.77,136.0,44.6,0.108,6.08,222.0,118.0,77.5,8.8,15.4,30.5,0.125
2025-11-20T14:30:00Z,2.27,108.0,16.7,0.0709,24.3,163.0,104.0,74.5,8.5,16.2,110.0,0.225
2025-11-20T15:30:00Z,2.02,82.8,7.23,0.0499,43.2,157.0,98.0,74.0,8.33,15.8,95.5,0.225
2025-11-20T16:30:00Z,1.72,56.4,3.8,0.033,67.5,146.0,90.3,73.3,8.4,15.7,99.5,0.225
2025-11-20T17:30:00Z,1.42,49.4,2.27,0.0281,74.2,125.0,78.3,74.0,7.45,15.4,94.7,0.267
2025-11-20T18:30:00Z,1.1,38.4,2.3,0.0223,,90.0,64.0,74.0,5.6,14.8,99.0,0.3
2025-11-20T19:30:00Z,1.07,37.0,2.2,0.0215,84.2,87.0,59.5,75.0,5.6,14.5,96.3,0.3
2025-11-20T20:30:00Z,0.963,27.9,1.93,0.0164,90.5,77.3,55.0,75.0,5.4,14.3,95.0,0.275
2025-11-20T21:30:00Z,0.935,26.4,2.0,0.0157,86.1,64.3,51.5,74.8,4.95,14.2,97.8,0.3
2025-11-20T22:30:00Z,0.9,22.9,2.48,0.0142,89.1,56.3,45.8,74.3,4.73,14.4,108.0,0.35
2025-11-20T23:30:00Z,0.933,39.8,2.47,0.0231,66.5,57.3,43.3,74.0,5.17,14.1,99.7,0.3
2025-11-21T00:30:00Z,1.01,64.8,5.6,0.039,35.9,67.3,45.5,75.0,4.95,14.0,107.0,0.25
2025-11-21T01:30:00Z,1.05,66.4,11.8,0.0449,34.7,75.5,47.0,72.8,5.6,15.4,131.0,0.375
2025-11-21T02:30:00Z,1.08,52.6,8.48,0.0349,45.8,81.5,44.5,67.0,6.4,17.7,134.0,0.525
2025-11-21T03:30:00Z,1.2,47.0,6.53,0.0303,69.6,86.8,42.5,62.5,18.5,20.0,191.0,0.275
2025-11-21T04:30:00Z,1.31,44.3,3.5,0.0264,131.0,99.3,54.3,62.3,28.4,21.5,246.0,0.225
2025-11-21T05:30:00Z,1.5,38.5,2.83,0.0227,112.0,118.0,73.3,59.0,30.6,22.2,278.0,0.3
2025-11-21T06:30:00Z,1.57,27.4,2.18,0.0163,132.0,125.0,79.0,56.0,22.4,22.8,285.0,0.325
2025-11-21T07:30:00Z,1.57,27.2,2.3,0.0163,139.0,129.0,82.0,51.8,17.7,23.4,307.0,0.35
2025-11-21T08:30:00Z,1.66,32.4,1.43,0.0184,137.0,133.0,87.0,50.8,17.1,24.2,327.0,0.25
2025-11-21T09:30:00Z,1.82,46.4,2.28,0.0265,106.0,137.0,85.8,54.3,15.2,24.0,333.0,0.15
2025-11-21T10:30:00Z,2.49,116.0,8.63,0.0687,45.3,136.0,86.0,66.3,11.9,20.7,18.0,0.167
2025-11-21T11:30:00Z,3.77,170.0,109.0,0.179,3.8,165.0,101.0,74.3,11.1,17.7,17.8,0.125
2025-11-21T12:30:00Z,3.13,155.0,43.5,0.118,4.93,201.0,121.0,76.5,9.68,16.4,247.0,0.1
2025-11-21T13:30:00Z,3.43,147.0,86.8,0.149,3.58,207.0,124.0,78.5,9.55,15.5,116.0,0.1
2025-11-21T14:30:00Z,3.3,131.0,79.3,0.134,3.88,212.0,125.0,81.0,8.88,14.8,52.3,0.1
2025-11-21T15:30:00Z,2.69,113.0,24.8,0.0803,5.63,196.0,127.0,80.8,7.85,14.3,45.0,0.15
2025-11-21T16:30:00Z,2.34,95.7,8.53,0.0578,9.35,180.0,119.0,82.0,6.33,13.7,25.8,0.125
2025-11-21T17:30:00Z,1.86,80.6,5.73,0.0475,13.2,168.0,110.0,82.7,5.65,13.4,57.3,0.167
2025-11-21T18:30:00Z,1.24,57.0,3.2,0.0329,,120.0,86.5,82.5,5.95,12.9,25.5,0.1
2025-11-21T19:30:00Z,1.19,51.3,2.55,0.0293,28.3,113.0,81.3,84.8,5.75,12.3,18.3,0.1
2025-11-21T20:30:00Z,1.13,52.3,3.03,0.0303,23.7,98.8,73.3,85.8,5.3,11.9,38.5,0.125
2025-11-21T21:30:00Z,1.06,34.9,2.03,0.0202,23.8,88.0,69.5,86.8,4.5,11.4,42.3,0.1
2025-11-21T22:30:00Z,1.04,36.2,1.75,0.0207,17.6,88.0,68.5,88.3,4.43,11.0,128.0,0.1
2025-11-21T23:30:00Z,1.17,51.7,20.8,0.0444,5.4,85.0,67.0,89.5,4.4,10.5,31.5,0.1
2025-11-22T00:30:00Z,1.35,53.9,48.1,0.0677,3.5,111.0,97.5,90.5,4.58,10.3,102.0,0.1
2025-11-22T01:30:00Z,1.68,68.8,106.0,0.123,4.05,135.0,106.0,91.0,5.55,11.5,65.3,0.1
2025-11-22T02:30:00Z,1.74,62.3,21.5,0.0506,20.8,125.0,73.3,78.3,6.95,14.5,201.0,0.125
2025-11-22T03:30:00Z,1.26,45.6,4.5,0.0279,63.8,116.0,69.5,63.8,18.3,17.7,259.0,0.25
2025-11-22T04:30:00Z,1.33,54.1,3.63,0.0317,84.0,124.0,84.0,62.3,24.2,19.5,243.0,0.367
2025-11-22T05:30:00Z,1.52,52.9,3.3,0.0308,104.0,162.0,115.0,60.5,60.4,20.5,292.0,0.6
2025-11-22T06:30:00Z,1.34,23.1,2.0,0.0139,122.0,160.0,109.0,53.7,19.1,21.7,309.0,0.6
2025-11-22T07:30:00Z,1.34,22.8,2.48,0.0141,120.0,139.0,92.8,50.0,12.4,22.3,306.0,0.525
2025-11-22T08:30:00Z,1.31,22.4,1.9,0.0135,119.0,111.0,74.3,47.8,10.4,23.0,297.0,0.55
2025-11-22T09:30:00Z,1.3,22.3,2.2,0.0137,117.0,102.0,67.0,48.5,11.0,23.5,316.0,0.35
2025-11-22T10:30:00Z,1.98,86.0,22.8,0.0643,45.2,96.0,62.0,60.5,9.85,19.9,191.0,0.1
2025-11-22T11:30:00Z,3.65,143.0,165.0,0.21,4.28,135.0,74.8,71.8,11.4,16.8,20.0,0.1
2025-11-22T12:30:00Z,3.77,137.0,179.0,0.218,3.33,190.0,95.8,76.5,10.9,15.2,23.3,0.125
2025-11-22T13:30:00Z,3.15,126.0,101.0,0.149,3.38,200.0,108.0,79.8,9.35,14.2,104.0,0.125
2025-11-22T14:30:00Z,2.45,115.0,40.3,0.094,4.48,178.0,107.0,80.0,7.95,13.8,89.8,0.15
2025-11-22T15:30:00Z,2.53,99.2,48.6,0.0923,3.57,159.0,98.0,81.7,8.8,13.3,63.0,0.167
2025-11-22T16:30:00Z,2.27,90.1,41.2,0.0814,3.65,165.0,98.5,82.3,8.25,12.7,52.3,0.175
2025-11-22T17:30:00Z,1.94,83.7,36.3,0.0741,3.6,158.0,95.5,82.5,7.75,12.5,68.0,0.2
2025-11-22T18:30:00Z,1.2,67.3,8.95,0.043,,115.0,71.5,79.0,5.4,12.3,67.0,0.15
2025-11-22T19:30:00Z,1.09,56.9,6.85,0.0358,16.9,100.0,64.5,78.5,5.35,11.9,57.3,0.125
2025-11-22T20:30:00Z,0.95,47.1,2.63,0.0272,18.5,76.3,54.3,81.0,4.33,11.2,56.3,0.1
2025-11-22T21:30:00Z,0.9,37.1,2.98,0.0222,19.4,68.8,47.3,81.8,4.0,10.8,200.0,0.125
2025-11-22T22:30:00Z,0.868,39.2,3.25,0.0235,16.0,61.3,41.5,83.3,3.7,10.1,39.3,0.2
2025-11-22T23:30:00Z,0.88,46.5,4.8,0.0286,11.6,51.5,37.0,81.5,3.75,9.98,194.0,0.15
2025-11-23T00:30:00Z,0.988,45.3,29.0,0.0477,8.85,47.0,34.5,85.3,3.73,9.68,118.0,0.125
2025-11-23T01:30:00Z,1.19,66.7,70.8,0.093,4.55,60.8,38.5,83.8,4.98,11.0,120.0,0.1
2025-11-23T02:30:00Z,1.18,47.1,8.13,0.0316,32.3,85.0,47.8,68.8,15.6,14.8,177.0,0.225
2025-11-23T03:30:00Z,1.44,47.2,4.8,0.029,59.2,117.0,81.5,64.8,40.3,17.3,199.0,0.225
2025-11-23T04:30:00Z,1.27,43.2,3.48,0.0258,83.0,159.0,117.0,63.5,45.8,18.6,271.0,0.375
2025-11-23T05:30:00Z,1.46,37.5,2.73,0.0222,104.0,169.0,119.0,59.5,53.7,20.0,302.0,0.45
2025-11-23T06:30:00Z,1.53,31.8,2.2,0.0187,118.0,152.0,105.0,59.3,35.0,21.0,293.0,0.45
2025-11-23T07:30:00Z,1.45,29.8,2.03,0.0175,116.0,127.0,86.0,53.3,19.3,22.0,284.0,0.375
2025-11-23T08:30:00Z,1.36,24.5,1.9,0.0146,112.0,109.0,70.0,50.5,10.7,22.7,304.0,0.375
2025-11-23T09:30:00Z,1.33,21.4,2.05,0.0131,113.0,102.0,59.0,50.5,11.0,23.3,325.0,0.25
2025-11-23T12:30:00Z,2.91,116.0,74.9,0.123,3.35,173.0,95.0,78.5,11.4,14.8,12.5,0.15
2025-11-23T13:30:00Z,3.43,112.0,142.0,0.175,3.55,177.0,93.3,82.0,11.2,14.2,110.0,0.2
2025-11-23T14:30:00Z,3.43,97.1,120.0,0.149,3.75,175.0,95.8,84.8,9.4,13.4,187.0,0.125
2025-11-23T15:30:00Z,3.25,84.9,101.0,0.128,3.28,175.0,103.0,86.3,7.98,12.8,56.5,0.175
2025-11-23T16:30:00Z,2.83,75.9,57.5,0.0871,3.38,177.0,102.0,86.8,7.68,12.4,194.0,0.1
2025-11-23T17:30:00Z,2.21,67.5,49.1,0.0759,3.37,171.0,99.0,88.0,7.5,12.0,148.0,0.167
2025-11-23T18:30:00Z,1.37,60.8,10.8,0.0411,,143.0,90.0,87.0,5.15,11.6,338.0,0.1
2025-11-23T19:30:00Z,1.37,56.6,15.7,0.0428,4.15,134.0,88.3,88.0,5.65,11.3,44.7,0.133
2025-11-23T20:30:00Z,1.25,42.1,3.07,0.0249,6.8,109.0,80.8,88.8,4.97,10.8,129.0,0.125
2025-11-23T21:30:00Z,1.19,37.5,2.8,0.0222,6.3,92.3,69.3,89.0,4.15,10.3,112.0,0.125
2025-11-23T22:30:00Z,1.21,44.5,18.3,0.0386,4.08,79.8,59.0,89.8,3.88,10.1,61.8,0.175
2025-11-23T23:30:00Z,1.18,46.4,29.5,0.0487,2.95,71.0,52.0,89.0,4.1,9.75,114.0,0.125
2025-11-24T00:30:00Z,1.51,60.9,149.0,0.154,3.35,63.5,47.5,90.0,5.5,9.7,50.5,0.15
2025-11-24T01:30:00Z,1.46,59.9,84.4,0.1,3.7,81.0,47.0,88.3,5.87,11.1,305.0,0.1
2025-11-24T02:30:00Z,1.61,69.7,43.6,0.0726,8.25,91.0,49.5,77.0,8.38,13.6,244.0,0.125
2025-11-24T03:30:00Z,1.35,50.1,6.15,0.0316,51.6,101.0,58.8,63.5,46.3,17.1,246.0,0.225
2025-11-24T04:30:00Z,1.34,45.6,3.68,0.0272,77.2,118.0,75.8,62.0,46.5,19.2,275.0,0.325
2025-11-24T05:30:00Z,1.33,38.1,2.75,0.0225,84.0,126.0,87.0,60.0,34.5,20.5,279.0,0.45
2025-11-24T06:30:00Z,1.28,24.0,2.23,0.0146,95.2,115.0,77.7,55.7,19.0,21.2,292.0,0.467
2025-11-24T07:30:00Z,1.34,27.2,2.47,0.0165,104.0,88.0,56.3,54.3,14.3,21.8,300.0,0.433
2025-11-24T08:30:00Z,1.44,30.0,1.9,0.0175,116.0,97.8,63.8,55.3,20.6,22.3,311.0,0.4
2025-11-24T09:30:00Z,1.4,27.5,1.93,0.0162,103.0,107.0,66.3,54.8,17.5,22.6,312.0,0.25
2025-11-24T10:30:00Z,1.52,33.1,2.13,0.0193,80.7,94.3,56.3,62.0,9.73,20.3,239.0,0.125
2025-11-24T11:30:00Z,3.09,108.0,86.5,0.128,19.5,123.0,65.3,74.7,9.1,16.7,25.7,0.1
2025-11-24T12:30:00Z,3.66,126.0,134.0,0.176,3.9,164.0,87.5,80.0,8.5,15.0,25.0,0.1
2025-11-24T13:30:00Z,3.23,115.0,88.9,0.133,3.58,177.0,101.0,83.5,7.05,14.2,114.0,0.125
2025-11-24T14:30:00Z,3.33,105.0,129.0,0.161,3.5,161.0,94.8,85.8,7.33,13.6,55.5,0.2
2025-11-24T15:30:00Z,2.93,86.4,89.0,0.118,3.3,168.0,112.0,87.3,7.0,12.8,31.0,0.1
2025-11-24T16:30:00Z,2.49,72.7,45.1,0.0753,3.18,170.0,116.0,88.5,5.78,12.2,28.3,0.1
2025-11-24T17:30:00Z,2.03,64.8,30.6,0.0593,3.33,147.0,95.0,89.7,5.6,11.7,21.7,0.1
2025-11-24T18:30:00Z,1.41,56.7,13.8,0.0413,,125.0,95.0,90.0,5.2,11.1,50.0,0.15
2025-11-24T19:30:00Z,1.23,50.3,7.1,0.0325,5.03,117.0,83.8,90.0,5.35,10.9,50.3,0.175
2025-11-24T20:30:00Z,1.28,37.1,8.07,0.0263,7.45,98.0,68.3,89.0,5.27,10.8,74.8,0.175
2025-11-24T21:30:00Z,1.13,28.7,1.5,0.0165,12.8,75.3,56.3,88.0,5.05,10.4,244.0,0.15
2025-11-24T22:30:00Z,1.08,28.9,2.2,0.0172,13.2,58.0,45.3,89.0,4.5,9.9,65.0,0.15
2025-11-24T23:30:00Z,1.1,49.0,7.85,0.0324,8.98,54.3,41.0,87.0,5.15,10.2,60.8,0.15
2025-11-25T00:30:00Z,1.27,59.8,44.4,0.0679,3.73,56.5,41.0,86.5,5.68,10.0,46.0,0.2
2025-11-25T01:30:00Z,1.15,58.9,22.4,0.0495,10.5,67.3,42.5,82.8,6.15,11.4,242.0,0.125
2025-11-25T02:30:00Z,1.45,52.2,7.58,0.034,30.9,83.8,48.8,70.0,15.8,14.6,183.0,0.25
2025-11-25T03:30:00Z,1.4,52.6,6.35,0.0332,46.0,105.0,66.3,63.5,36.0,16.9,251.0,0.2
2025-11-25T04:30:00Z,1.4,51.9,4.4,0.0312,71.4,124.0,79.3,61.8,45.2,18.7,262.0,0.325
2025-11-25T05:30:00Z,1.52,48.6,3.73,0.0289,84.4,131.0,82.5,58.8,67.1,20.1,269.0,0.425
2025-11-25T06:30:00Z,1.59,38.9,2.87,0.023,114.0,135.0,83.0,56.7,33.7,20.8,292.0,0.467
2025-11-25T07:30:00Z,1.48,29.5,1.83,0.0172,111.0,124.0,77.8,55.8,13.6,20.9,313.0,0.575
2025-11-25T08:30:00Z,1.37,23.5,2.58,0.0146,100.0,101.0,63.5,53.5,9.8,21.6,313.0,0.55
2025-11-25T09:30:00Z,1.4,22.0,1.83,0.0132,102.0,77.3,49.5,57.5,9.43,21.7,309.0,0.425
2025-11-25T10:30:00Z,1.6,31.2,1.6,0.0179,84.3,82.0,54.5,66.5,9.43,19.8,239.0,0.2
2025-11-25T11:30:00Z,2.16,73.4,2.25,0.0409,41.4,101.0,68.3,74.5,8.58,16.7,175.0,0.1
2025-11-25T12:30:00Z,3.09,111.0,58.4,0.107,11.2,129.0,89.0,79.3,8.13,14.8,11.8,0.1
2025-11-25T13:30:00Z,3.76,117.0,131.0,0.169,3.2,164.0,109.0,84.3,8.4,13.8,108.0,0.1
2025-11-25T14:30:00Z,3.66,113.0,130.0,0.166,4.98,188.0,111.0,85.5,8.18,13.5,58.8,0.2
2025-11-25T15:30:00Z,3.07,93.0,82.3,0.116,3.45,188.0,112.0,86.3,7.58,13.0,35.0,0.125
2025-11-25T16:30:00Z,2.59,76.4,47.0,0.0788,3.3,172.0,107.0,88.0,7.0,12.1,32.5,0.1
2025-11-25T17:30:00Z,1.5,59.1,18.9,0.0468,3.1,149.0,96.5,89.5,5.6,11.6,192.0,0.1
2025-11-25T18:30:00Z,1.33,49.7,14.3,0.038,,131.0,89.0,90.0,3.45,11.0,51.0,0.1
2025-11-25T19:30:00Z,1.2,46.7,6.2,0.0299,5.17,126.0,81.8,90.5,3.3,10.7,114.0,0.1
2025-11-25T20:30:00Z,1.36,42.8,8.17,0.0294,5.48,108.0,70.5,91.0,2.87,10.5,50.3,0.175
2025-11-25T21:30:00Z,1.29,37.5,5.63,0.0245,5.4,86.5,63.0,91.0,2.58,10.1,53.5,0.15
2025-11-25T22:30:00Z,1.26,36.1,8.95,0.0265,4.9,79.5,55.8,91.0,2.88,10.1,119.0,0.15
2025-11-25T23:30:00Z,1.16,28.4,13.7,0.0262,5.4,71.5,48.3,91.3,2.8,9.43,176.0,0.1
2025-11-26T00:30:00Z,1.41,41.6,42.9,0.057,3.38,69.0,46.0,92.0,3.1,9.45,45.0,0.175
2025-11-26T01:30:00Z,1.56,52.1,40.7,0.0608,4.1,83.0,53.5,92.0,3.3,10.3,151.0,0.1
2025-11-26T02:30:00Z,1.81,65.6,23.7,0.0542,9.7,121.0,66.3,84.3,4.3,12.7,197.0,0.125
2025-11-26T03:30:00Z,1.22,42.8,8.95,0.03,33.4,125.0,62.0,58.5,5.58,17.6,175.0,0.25
2025-11-26T04:30:00Z,1.36,46.8,5.68,0.0295,62.0,84.3,46.3,59.0,13.9,19.4,192.0,0.325
2025-11-26T05:30:00Z,1.42,47.9,3.68,0.0285,80.6,110.0,69.5,57.8,57.1,20.3,228.0,0.425
2025-11-26T06:30:00Z,1.49,47.9,3.3,0.0282,92.1,145.0,98.0,56.0,37.5,21.1,277.0,0.35
2025-11-26T07:30:00Z,1.38,35.6,2.53,0.021,103.0,112.0,72.3,55.3,21.1,21.6,247.0,0.367
2025-11-26T08:30:00Z,1.33,33.1,2.3,0.0195,108.0,97.0,59.0,52.0,16.3,22.4,284.0,0.3
2025-11-26T09:30:00Z,1.74,53.4,3.57,0.0313,88.2,117.0,62.3,57.3,18.1,22.7,283.0,0.1
2025-11-26T10:30:00Z,1.86,72.0,2.5,0.0403,65.2,128.0,64.0,62.5,13.8,21.6,32.0,0.1
2025-11-26T11:30:00Z,4.23,156.0,208.0,0.252,3.73,140.0,76.3,76.3,10.4,16.6,27.0,0.1
2025-11-26T12:30:00Z,4.85,146.0,252.0,0.283,3.47,211.0,96.3,81.0,10.4,15.1,41.3,0.167
2025-11-26T13:30:00Z,3.6,124.0,150.0,0.188,3.57,224.0,103.0,83.3,8.1,14.3,38.3,0.167
2025-11-26T14:30:00Z,3.47,113.0,118.0,0.156,3.15,192.0,106.0,85.3,6.95,13.4,40.8,0.175
2025-11-26T15:30:00Z,2.63,99.2,54.4,0.097,3.38,184.0,106.0,86.0,5.9,12.9,140.0,0.125
2025-11-26T16:30:00Z,2.27,82.6,18.5,0.0589,4.85,166.0,98.0,86.0,5.35,12.7,56.3,0.15
2025-11-26T17:30:00Z,1.75,75.2,15.4,0.0525,4.47,143.0,90.0,87.0,4.6,12.2,27.7,0.1
2025-11-26T18:30:00Z,1.12,49.0,3.95,0.0293,,109.0,79.5,88.0,3.1,11.4,44.5,0.1
2025-11-26T19:30:00Z,1.02,47.1,4.85,0.029,23.3,95.0,67.0,87.0,3.3,11.6,52.3,0.1
2025-11-26T20:30:00Z,1.12,37.0,2.67,0.0218,22.0,71.3,45.0,82.0,3.93,12.1,44.7,0.133
2025-11-26T21:30:00Z,1.06,28.1,2.23,0.0168,21.1,57.3,39.0,83.0,3.6,11.5,37.8,0.1
2025-11-26T22:30:00Z,1.02,35.8,3.78,0.0221,21.9,48.0,34.8,79.8,3.63,11.8,82.5,0.175
2025-11-26T23:30:00Z,0.953,42.5,4.85,0.0265,22.6,44.5,27.3,73.3,3.78,12.7,100.0,0.2
2025-11-27T00:30:00Z,1.14,64.8,38.9,0.0661,5.13,44.3,25.0,75.0,3.85,12.3,73.8,0.175
2025-11-27T01:30:00Z,1.06,53.2,23.7,0.0476,16.0,63.3,32.0,70.3,4.45,14.0,118.0,0.55
2025-11-27T02:30:00Z,1.21,42.9,10.6,0.0314,26.3,73.3,35.0,59.0,5.08,16.6,127.0,0.525
2025-11-27T03:30:00Z,1.34,43.7,6.78,0.0288,44.5,70.8,34.0,60.3,13.7,18.8,226.0,0.25
2025-11-27T04:30:00Z,1.23,37.5,3.3,0.0226,77.8,81.3,42.8,59.5,24.9,20.5,257.0,0.275
2025-11-27T05:30:00Z,1.28,32.1,3.0,0.0196,87.3,81.8,47.0,52.0,22.7,21.8,261.0,0.375
2025-11-27T06:30:00Z,1.37,29.7,2.75,0.018,101.0,72.5,41.0,50.5,21.8,22.5,215.0,0.425
2025-11-27T07:30:00Z,1.34,29.0,2.28,0.0172,102.0,70.0,38.5,46.8,15.2,22.6,291.0,0.45
2025-11-27T08:30:00Z,1.32,27.8,2.77,0.017,100.0,73.7,39.7,45.3,14.5,23.3,246.0,0.3
2025-11-27T09:30:00Z,1.33,31.7,3.3,0.0196,82.5,79.0,43.0,43.5,16.8,24.4,215.0,0.2
2025-11-27T10:30:00Z,2.22,112.0,9.85,0.0675,18.0,72.5,37.5,60.0,12.4,20.5,24.0,0.1
2025-11-27T11:30:00Z,4.21,147.0,203.0,0.243,4.85,92.8,44.3,71.8,11.6,17.3,37.3,0.1
2025-11-27T12:30:00Z,4.66,151.0,252.0,0.285,3.7,176.0,67.5,76.5,11.5,15.9,72.0,0.1
2025-11-27T13:30:00Z,2.95,119.0,88.0,0.135,3.6,204.0,83.0,76.0,8.68,15.2,66.8,0.175
2025-11-27T14:30:00Z,2.44,94.1,46.0,0.0875,3.93,152.0,78.0,77.0,7.48,14.1,113.0,0.2
2025-11-27T15:30:00Z,2.67,86.8,71.4,0.104,3.6,142.0,71.7,80.7,7.17,13.2,64.3,0.233
2025-11-27T17:30:00Z,1.24,63.9,6.3,0.0391,9.3,94.0,58.0,82.0,5.2,12.0,26.0,0.1
2025-11-27T18:30:00Z,1.22,43.0,2.9,0.0252,,70.0,44.5,85.0,4.95,11.1,154.0,0.1
2025-11-27T19:30:00Z,1.26,52.4,8.6,0.0349,6.87,70.5,47.0,86.5,4.75,10.7,43.3,0.175
2025-11-27T20:30:00Z,1.25,39.3,5.77,0.0257,7.63,69.0,49.5,87.0,4.3,9.98,25.5,0.175
2025-11-27T21:30:00Z,1.18,27.8,2.25,0.0166,10.8,60.3,41.3,87.3,3.88,9.48,92.0,0.125
2025-11-27T22:30:00Z,1.17,30.8,6.05,0.0213,6.28,52.0,34.5,88.0,4.13,9.45,27.5,0.2
2025-11-27T23:30:00Z,1.1,34.3,5.07,0.0223,5.1,49.3,33.7,87.7,4.07,9.47,112.0,0.2
2025-11-28T00:30:00Z,1.34,52.8,80.2,0.0933,3.48,55.8,28.0,84.0,5.35,9.78,54.5,0.2
2025-11-28T01:30:00Z,1.79,55.2,83.6,0.0974,4.1,92.5,52.8,81.8,5.73,10.8,112.0,0.1
2025-11-28T02:30:00Z,1.71,63.5,43.5,0.0692,6.95,114.0,61.3,68.0,7.15,14.3,260.0,0.15
2025-11-28T03:30:00Z,1.45,59.3,14.0,0.0429,27.4,94.8,38.0,53.5,9.18,18.9,279.0,0.25
2025-11-28T04:30:00Z,1.27,46.2,6.7,0.03,50.9,88.8,36.8,51.0,78.1,21.3,294.0,0.3
2025-11-28T05:30:00Z,1.3,37.6,4.88,0.024,61.9,103.0,45.3,48.3,80.0,22.7,304.0,0.4
2025-11-28T06:30:00Z,1.24,30.3,3.08,0.0186,75.3,115.0,53.0,44.8,50.8,23.4,310.0,0.55
2025-11-28T07:30:00Z,1.29,30.4,2.9,0.0185,81.6,108.0,47.8,44.0,42.4,22.8,284.0,0.575
2025-11-28T08:30:00Z,1.36,27.3,2.48,0.0166,80.8,91.5,39.3,42.0,16.6,23.4,300.0,0.5
2025-11-28T09:30:00Z,1.36,24.5,2.23,0.0149,86.9,70.0,31.8,42.3,11.3,24.2,311.0,0.325
2025-11-28T10:30:00Z,1.63,42.2,1.88,0.024,61.2,55.5,27.5,51.5,9.83,22.0,220.0,0.15
2025-11-28T11:30:00Z,2.61,89.9,37.8,0.0785,18.6,76.3,39.5,67.8,9.85,17.3,15.0,0.1
2025-11-28T12:30:00Z,3.27,116.0,97.2,0.14,3.58,127.0,62.5,72.8,9.58,16.2,95.0,0.1
2025-11-28T13:30:00Z,3.48,108.0,107.0,0.144,3.83,149.0,75.0,75.0,8.78,14.8,91.5,0.1
2025-11-28T14:30:00Z,3.27,101.0,105.0,0.139,3.65,135.0,72.0,77.5,7.83,13.7,175.0,0.15
2025-11-28T15:30:00Z,2.68,91.9,48.3,0.0881,3.4,139.0,74.0,78.8,6.83,13.0,19.8,0.1
2025-11-28T16:30:00Z,2.93,73.8,55.8,0.0846,3.33,144.0,83.0,83.5,6.15,12.1,97.0,0.1
2025-11-28T17:30:00Z,2.38,67.3,48.1,0.0749,3.33,133.0,86.7,85.7,5.5,11.5,116.0,0.1
2025-11-28T18:30:00Z,1.38,53.3,9.05,0.0357,,101.0,66.5,86.0,4.2,11.2,305.0,0.1
2025-11-28T19:30:00Z,1.26,52.1,5.15,0.0319,6.03,96.3,65.0,85.5,4.45,10.9,265.0,0.1
2025-11-28T20:30:00Z,,40.6,4.6,0.0253,5.35,89.5,64.0,86.3,4.67,10.6,199.0,0.1
2025-11-28T21:30:00Z,,31.0,2.68,0.0187,6.08,84.5,62.0,86.5,4.7,10.0,226.0,0.15
2025-11-28T22:30:00Z,,28.5,3.75,0.0183,5.0,72.8,53.3,87.0,4.4,9.58,101.0,0.175
2025-11-28T23:30:00Z,,35.3,18.0,0.0334,3.65,61.3,45.5,87.8,4.5,9.33,36.5,0.2
2025-11-29T00:30:00Z,,38.3,52.3,0.063,3.38,57.0,41.3,88.3,4.58,9.03,121.0,0.2
2025-11-29T01:30:00Z,,49.1,74.7,0.0868,3.9,79.3,46.8,86.8,5.68,10.4,239.0,0.125
2025-11-29T02:30:00Z,,61.4,30.8,0.0577,9.53,106.0,55.5,73.3,12.6,13.9,287.0,0.2
2025-11-29T03:30:00Z,1.36,47.1,8.28,0.0318,32.9,108.0,59.0,58.0,25.7,17.0,309.0,0.3
2025-11-29T04:30:00Z,1.29,32.7,4.75,0.0213,51.4,107.0,63.5,61.5,21.8,19.1,293.0,0.625
2025-11-29T05:30:00Z,1.21,23.0,3.5,0.015,66.0,97.3,54.3,56.3,12.3,20.8,306.0,0.625
2025-11-29T06:30:00Z,1.29,20.5,2.95,0.0133,85.0,85.0,42.0,50.0,7.68,22.0,302.0,0.65
2025-11-29T07:30:00Z,1.24,19.5,2.65,0.0125,90.0,72.3,37.0,41.5,5.43,21.5,300.0,0.725
2025-11-29T08:30:00Z,1.24,20.1,1.53,0.0119,90.5,59.0,33.7,39.3,4.87,22.4,303.0,0.533
2025-11-29T09:30:00Z,1.24,23.1,2.25,0.0141,89.6,47.5,26.5,38.8,4.88,22.7,301.0,0.45
2025-11-29T10:30:00Z,1.35,29.5,1.65,0.017,82.3,51.5,27.0,45.0,5.15,21.0,304.0,0.35
2025-11-29T20:30:00Z,1.29,31.6,1.63,0.0181,19.9,88.0,65.5,84.5,3.78,10.3,307.0,0.175
2025-11-29T21:30:00Z,1.2,26.6,2.03,0.0158,24.2,83.0,63.0,84.8,4.0,10.1,310.0,0.15
2025-11-29T22:30:00Z,1.16,24.3,1.23,0.014,26.7,78.5,60.0,84.8,4.05,9.73,295.0,0.225
2025-11-29T23:30:00Z,1.2,35.2,2.4,0.0207,15.8,79.0,61.5,85.3,3.98,9.3,171.0,0.175
2025-11-30T00:30:00Z,1.3,41.0,3.98,0.0251,6.5,83.0,63.5,87.5,3.73,8.8,308.0,0.175
2025-11-30T01:30:00Z,1.41,38.9,8.63,0.0277,8.43,84.0,65.5,88.5,3.8,9.65,245.0,0.2
2025-11-30T02:30:00Z,1.29,36.8,6.88,0.0252,25.4,91.3,71.0,76.3,10.7,12.8,301.0,0.3
2025-11-30T03:30:00Z,1.17,32.7,5.35,0.0218,42.9,108.0,69.3,64.5,23.0,15.9,307.0,0.4
2025-11-30T04:30:00Z,1.17,26.0,3.83,0.0169,62.4,107.0,62.0,61.8,13.5,17.8,306.0,0.575
2025-11-30T05:30:00Z,1.36,27.7,3.48,0.0176,74.5,92.3,60.0,59.3,23.0,19.0,302.0,0.725
2025-11-30T06:30:00Z,1.41,18.8,2.6,0.0121,99.8,91.8,57.5,54.8,9.45,20.4,301.0,0.775
2025-11-30T07:30:00Z,1.41,18.3,2.03,0.0114,111.0,88.8,54.5,49.8,6.53,20.5,311.0,0.675
2025-11-30T08:30:00Z,1.4,20.2,2.05,0.0125,109.0,79.5,53.0,48.8,5.95,21.4,305.0,0.625
2025-11-30T09:30:00Z,1.44,20.9,1.6,0.0124,108.0,75.0,49.5,50.8,6.53,21.6,303.0,0.475
2025-12-01T05:30:00Z,1.43,21.4,1.8,0.0128,117.0,136.0,91.0,54.0,15.6,19.7,293.0,0.55
2025-12-01T06:30:00Z,1.43,24.0,1.83,0.0143,122.0,127.0,84.3,53.0,11.3,20.0,300.0,0.525
2025-12-01T07:30:00Z,1.36,31.0,1.4,0.0177,122.0,119.0,78.0,49.0,14.1,19.8,292.0,0.7
2025-12-01T08:30:00Z,1.33,30.9,1.73,0.0178,117.0,113.0,75.5,48.0,23.0,20.8,330.0,0.475
2025-12-01T09:30:00Z,1.37,29.6,1.65,0.017,111.0,105.0,70.3,49.5,17.3,21.1,318.0,0.3
2025-12-01T10:30:00Z,1.93,79.8,12.8,0.0528,59.5,101.0,69.3,58.5,12.9,18.6,187.0,0.1
2025-12-01T11:30:00Z,3.87,146.0,164.0,0.211,3.93,133.0,81.3,72.5,10.9,14.7,14.3,0.125
2025-12-01T12:30:00Z,4.76,152.0,260.0,0.292,3.73,198.0,103.0,78.5,11.2,13.0,21.7,0.1
2025-12-01T13:30:00Z,4.23,129.0,190.0,0.223,3.65,240.0,120.0,82.0,9.23,12.3,46.8,0.1
2025-12-01T14:30:00Z,3.18,111.0,127.0,0.162,3.63,230.0,118.0,81.0,8.0,12.0,68.5,0.2
2025-12-01T15:30:00Z,2.27,97.6,35.5,0.0808,3.85,189.0,107.0,80.0,6.33,11.6,65.0,0.15
2025-12-01T16:30:00Z,2.28,84.8,34.9,0.0735,3.58,155.0,101.0,83.3,4.98,10.7,121.0,0.125
2025-12-01T17:30:00Z,1.82,74.5,19.5,0.0555,6.03,145.0,98.0,84.7,5.0,10.5,54.7,0.167
2025-12-01T18:30:00Z,1.29,53.1,7.85,0.0347,,115.0,82.0,87.0,3.55,10.2,84.5,0.25
2025-12-01T19:30:00Z,1.2,58.7,7.7,0.0375,10.4,108.0,76.3,86.3,3.65,10.2,77.5,0.2
2025-12-01T20:30:00Z,,33.4,2.1,0.0195,13.6,88.8,63.3,87.8,3.3,9.33,183.0,0.175
2025-12-01T21:30:00Z,,30.9,7.0,0.0221,10.2,73.0,57.0,89.5,3.3,8.9,199.0,0.25
2025-12-01T22:30:00Z,,41.8,13.4,0.0331,5.4,74.3,58.0,90.0,3.15,8.78,64.3,0.2
2025-12-01T23:30:00Z,,46.8,18.1,0.0397,4.83,76.5,52.3,90.0,3.38,8.78,68.8,0.2
2025-12-02T00:30:00Z,,55.8,55.9,0.0751,3.55,72.5,45.5,89.3,3.7,8.7,58.5,0.2
2025-12-02T01:30:00Z,,69.0,86.8,0.107,3.58,87.8,49.5,88.0,4.75,9.55,61.0,0.125
2025-12-02T02:30:00Z,,72.3,43.0,0.0734,7.2,119.0,54.0,77.0,5.75,12.8,97.0,0.225
2025-12-02T03:30:00Z,1.58,65.3,11.6,0.0442,30.6,119.0,51.0,62.5,8.2,16.8,235.0,0.15
2025-12-02T04:30:00Z,1.54,50.7,4.78,0.0309,81.5,114.0,59.0,56.3,12.2,18.5,278.0,0.35
2025-12-02T05:30:00Z,1.53,43.5,3.13,0.0257,115.0,137.0,83.5,54.5,21.9,19.7,291.0,0.5
2025-12-02T06:30:00Z,1.55,40.1,2.45,0.0233,131.0,159.0,104.0,53.3,17.9,20.3,308.0,0.6
2025-12-02T07:30:00Z,1.4,30.5,2.13,0.018,120.0,158.0,105.0,47.3,22.1,20.0,320.0,0.625
2025-12-02T08:30:00Z,1.26,25.8,1.6,0.015,109.0,131.0,85.0,43.3,19.7,20.6,327.0,0.6
2025-12-02T09:30:00Z,1.28,25.1,2.0,0.015,108.0,108.0,69.0,45.3,17.3,20.7,315.0,0.467
2025-12-02T10:30:00Z,1.56,43.7,2.15,0.025,85.5,95.0,66.8,52.5,12.1,18.5,250.0,0.125
2025-12-02T11:30:00Z,2.92,129.0,68.3,0.124,16.7,115.0,78.8,69.0,8.93,14.3,20.3,0.15
2025-12-02T12:30:00Z,4.12,142.0,187.0,0.228,3.93,173.0,100.0,75.3,9.1,12.4,26.0,0.1
2025-12-02T13:30:00Z,3.25,126.0,102.0,0.15,3.7,216.0,116.0,77.3,8.35,11.5,28.0,0.1
2025-12-02T14:30:00Z,3.01,110.0,90.1,0.132,3.48,192.0,111.0,80.3,6.85,10.6,26.0,0.15
2025-12-02T15:30:00Z,2.83,101.0,91.3,0.128,3.78,175.0,102.0,81.8,6.6,10.1,39.8,0.15
2025-12-02T16:30:00Z,2.22,81.5,29.3,0.0671,3.55,184.0,106.0,82.8,5.83,9.68,136.0,0.175
2025-12-02T17:30:00Z,1.86,63.9,15.4,0.0465,3.73,167.0,108.0,85.0,5.45,8.93,37.3,0.2
2025-12-02T18:30:00Z,1.4,57.8,9.1,0.0382,,148.0,105.0,87.0,6.15,8.4,197.0,0.2
2025-12-02T19:30:00Z,1.34,54.9,6.05,0.0341,7.63,141.0,101.0,88.0,5.9,8.15,106.0,0.125
2025-12-02T20:30:00Z,1.43,34.1,5.47,0.0226,8.3,121.0,92.3,89.5,5.83,7.75,113.0,0.1
2025-12-02T21:30:00Z,1.38,30.9,3.43,0.0192,9.3,108.0,85.7,90.0,5.53,7.5,352.0,0.1
2025-12-02T22:30:00Z,1.3,41.0,9.93,0.0299,8.73,108.0,77.5,90.0,5.78,7.45,54.8,0.15
2025-12-02T23:30:00Z,1.32,45.8,16.1,0.0374,5.0,114.0,72.3,90.0,5.8,7.25,96.5,0.125
2025-12-03T00:30:00Z,1.45,41.8,16.4,0.0356,5.0,109.0,71.5,91.0,5.48,7.03,183.0,0.1
2025-12-03T01:30:00Z,1.89,66.1,105.0,0.12,3.58,111.0,75.5,91.5,7.1,8.13,82.3,0.175
2025-12-03T02:30:00Z,2.15,87.4,66.5,0.101,7.43,160.0,88.5,83.3,12.3,11.6,157.0,0.175
2025-12-03T03:30:00Z,1.5,58.9,11.0,0.0403,35.4,168.0,84.5,57.8,17.8,15.7,298.0,0.3
2025-12-03T04:30:00Z,1.7,61.8,7.45,0.039,60.4,122.0,64.3,56.8,15.8,17.6,312.0,0.475
2025-12-03T05:30:00Z,1.28,21.9,3.08,0.0142,84.0,112.0,70.5,58.8,19.2,19.0,318.0,0.575
2025-12-03T06:30:00Z,1.29,21.2,2.85,0.0136,94.2,114.0,74.0,55.5,20.7,20.2,304.0,0.625
2025-12-03T07:30:00Z,1.26,19.4,2.27,0.0122,98.8,96.3,63.0,48.7,11.7,20.1,309.0,0.633
2025-12-03T08:30:00Z,1.25,21.2,2.53,0.0133,97.7,79.5,54.0,46.3,9.3,20.9,295.0,0.675
2025-12-03T09:30:00Z,1.32,23.8,2.15,0.0144,103.0,72.5,47.0,49.5,8.68,21.0,313.0,0.5
2025-12-03T10:30:00Z,1.53,41.3,1.9,0.0236,81.7,89.3,54.3,58.5,9.73,18.8,319.0,0.2
2025-12-03T11:30:00Z,1.98,80.5,2.1,0.0445,38.1,116.0,71.8,69.3,9.25,15.3,260.0,0.175
2025-12-03T12:30:00Z,3.16,124.0,86.1,0.136,4.3,148.0,95.5,74.5,8.3,13.4,18.5,0.125
2025-12-03T13:30:00Z,2.89,115.0,54.8,0.106,3.85,169.0,112.0,78.3,7.73,12.1,165.0,0.1
2025-12-03T14:30:00Z,3.63,115.0,124.0,0.162,4.13,185.0,126.0,79.5,8.18,11.4,48.8,0.1
2025-12-03T15:30:00Z,3.14,102.0,99.5,0.135,3.35,216.0,144.0,80.8,7.93,10.8,132.0,0.15
2025-12-03T16:30:00Z,2.75,80.3,57.6,0.0896,3.28,210.0,131.0,83.5,6.6,10.0,129.0,0.175
2025-12-03T17:30:00Z,2.54,66.9,59.4,0.0839,3.3,180.0,110.0,86.3,6.3,9.43,124.0,0.1
2025-12-03T18:30:00Z,1.51,52.5,11.7,0.0374,,136.0,103.0,88.0,4.7,8.75,184.0,0.15
2025-12-03T19:30:00Z,1.38,47.4,4.95,0.0293,3.67,126.0,98.3,89.0,4.3,8.4,169.0,0.175
2025-12-03T20:30:00Z,,43.0,16.7,0.0365,3.55,112.0,88.3,89.8,4.73,8.2,124.0,0.175
2025-12-03T21:30:00Z,,31.6,2.7,0.019,11.4,109.0,82.0,90.0,4.78,8.13,328.0,0.175
2025-12-03T22:30:00Z,,32.4,3.35,0.0199,8.6,107.0,81.5,90.0,4.93,7.88,193.0,0.125
2025-12-03T23:30:00Z,,32.7,3.98,0.0206,6.3,109.0,87.8,90.0,4.98,7.55,338.0,0.1
2025-12-04T00:30:00Z,,37.6,20.3,0.0365,4.4,116.0,93.0,91.0,4.8,7.28,21.3,0.1
2025-12-04T01:30:00Z,,50.4,41.6,0.0607,4.27,125.0,97.7,91.7,5.57,8.2,290.0,0.2
2025-12-04T02:30:00Z,,63.8,43.5,0.0693,9.1,152.0,101.0,83.5,25.6,10.9,280.0,0.2
2025-12-04T03:30:00Z,1.26,69.4,18.0,0.0515,18.7,191.0,104.0,73.0,63.5,14.3,292.0,0.433
2025-12-04T16:30:00Z,0.0,83.1,107.0,0.131,4.73,,,89.0,2.35,9.85,28.0,0.1
2025-12-04T17:30:00Z,1.84,71.9,59.4,0.0866,2.9,,,89.7,5.25,9.57,44.3,0.167
2025-12-04T18:30:00Z,1.41,63.6,33.3,0.0609,,,112.0,90.0,5.15,9.35,63.5,0.2
2025-12-04T19:30:00Z,1.17,58.9,17.6,0.0456,5.1,128.0,110.0,90.0,5.15,9.18,63.8,0.175
2025-12-04T20:30:00Z,,43.9,5.07,0.0275,7.75,125.0,100.0,90.5,5.0,8.83,53.8,0.175
2025-12-04T21:30:00Z,,37.8,3.18,0.0227,6.65,118.0,91.3,91.0,5.08,8.48,101.0,0.125
2025-12-04T22:30:00Z,,31.6,6.38,0.022,4.78,114.0,85.3,91.3,5.4,8.05,206.0,0.15
2025-12-04T23:30:00Z,,35.5,41.5,0.0526,3.53,104.0,80.5,92.0,5.95,7.8,36.3,0.15
2025-12-05T00:30:00Z,,38.5,59.1,0.0685,3.23,115.0,85.3,92.0,5.78,7.63,112.0,0.125
2025-12-05T01:30:00Z,1.61,54.6,129.0,0.134,3.55,141.0,91.3,93.0,7.23,8.63,151.0,0.175
2025-12-05T02:30:00Z,1.91,74.8,42.9,0.0747,5.68,155.0,99.8,90.3,7.1,10.8,286.0,0.15
2025-12-05T03:30:00Z,1.61,65.8,13.6,0.0461,22.0,136.0,94.8,68.8,11.8,14.8,255.0,0.225
2025-12-05T04:30:00Z,1.46,54.6,7.25,0.035,49.5,114.0,76.3,61.5,13.3,17.6,266.0,0.3
2025-12-05T05:30:00Z,1.79,70.3,5.6,0.042,83.9,129.0,83.3,62.0,28.4,19.1,304.0,0.5
2025-12-05T06:30:00Z,1.58,46.3,2.93,0.027,108.0,180.0,124.0,56.7,23.6,20.5,304.0,0.567
2025-12-05T07:30:00Z,1.25,26.7,2.3,0.0161,96.6,161.0,111.0,53.3,14.5,20.3,311.0,0.6
2025-12-05T08:30:00Z,1.26,25.7,2.78,0.0159,91.5,105.0,70.8,54.3,8.63,20.9,320.0,0.575
2025-12-05T09:30:00Z,1.21,24.6,2.2,0.0149,91.0,94.0,63.0,53.0,7.0,21.1,309.0,0.6
2025-12-05T10:30:00Z,1.57,39.2,2.57,0.0229,93.3,101.0,68.0,59.7,8.13,18.3,314.0,0.3
2025-12-05T11:30:00Z,2.21,111.0,8.6,0.066,33.2,142.0,85.5,68.0,7.4,16.0,248.0,0.1
2025-12-05T12:30:00Z,2.51,135.0,18.6,0.087,6.35,165.0,104.0,75.0,6.85,13.8,251.0,0.175
2025-12-05T13:30:00Z,2.79,128.0,28.2,0.0909,6.63,174.0,131.0,77.0,6.93,12.9,142.0,0.167
2025-12-05T14:30:00Z,2.87,121.0,27.9,0.0868,5.7,198.0,146.0,79.3,6.4,12.4,201.0,0.175
2025-12-05T15:30:00Z,2.54,102.0,19.3,0.0698,5.33,214.0,154.0,81.8,5.9,11.5,92.0,0.1
2025-12-05T16:30:00Z,2.97,85.4,41.6,0.0792,3.45,206.0,148.0,86.5,5.7,10.4,106.0,0.125
2025-12-05T17:30:00Z,2.56,68.9,43.9,0.0723,3.4,192.0,142.0,88.7,6.05,9.73,245.0,0.133
2025-12-05T18:30:00Z,1.64,57.1,14.1,0.0418,,159.0,121.0,90.0,4.15,9.1,305.0,0.2
2025-12-05T19:30:00Z,1.18,38.9,3.55,0.0236,21.9,145.0,115.0,89.5,4.1,9.5,311.0,0.275
2025-12-05T20:30:00Z,,30.9,1.75,0.0179,29.9,131.0,107.0,87.0,4.4,9.83,314.0,0.333
2025-12-05T21:30:00Z,,25.7,1.83,0.0152,32.6,127.0,98.0,85.5,4.25,9.68,258.0,0.225
2025-12-05T22:30:00Z,,24.0,1.88,0.0143,28.5,110.0,89.3,87.8,4.38,9.35,286.0,0.25
2025-12-05T23:30:00Z,,24.4,1.78,0.0144,31.8,93.0,76.8,87.3,4.35,9.45,294.0,0.275
2025-12-06T00:30:00Z,,31.8,2.18,0.0187,26.2,84.8,68.5,85.5,4.7,9.5,307.0,0.275
2025-12-06T01:30:00Z,,30.5,2.78,0.0185,28.7,84.8,71.8,81.5,4.95,10.5,305.0,0.375
2025-12-06T02:30:00Z,1.36,30.2,4.2,0.0194,32.2,101.0,77.0,68.5,9.4,13.2,304.0,0.475
2025-12-06T03:30:00Z,1.23,28.2,4.13,0.0183,40.7,92.3,67.5,58.3,12.4,16.2,309.0,0.525
2025-12-06T04:30:00Z,1.2,28.3,4.35,0.0186,50.4,85.0,55.0,55.8,25.4,19.0,321.0,0.725
2025-12-06T05:30:00Z,1.46,23.3,2.68,0.0146,75.2,91.3,52.0,60.3,10.2,19.5,314.0,0.825
2025-12-06T06:30:00Z,1.65,22.4,2.18,0.0137,85.7,88.8,61.0,60.5,9.1,20.1,317.0,0.725
2025-12-06T07:30:00Z,1.73,23.4,2.4,0.0144,94.2,153.0,75.5,58.0,8.6,20.6,306.0,0.725
2025-12-06T08:30:00Z,1.73,24.9,2.58,0.0153,96.2,164.0,81.0,54.8,7.68,21.1,307.0,0.775
2025-12-06T09:30:00Z,1.75,31.0,2.18,0.0183,106.0,116.0,82.0,55.3,7.93,20.6,305.0,0.75
2025-12-06T10:30:00Z,1.93,33.4,1.65,0.0191,97.0,133.0,89.3,62.5,7.83,18.7,308.0,0.475
2025-12-06T11:30:00Z,2.16,56.1,3.75,0.0329,61.4,166.0,105.0,69.8,6.85,16.7,258.0,0.2
2025-12-06T12:30:00Z,2.7,103.0,9.9,0.0629,21.9,188.0,124.0,73.3,6.48,15.1,287.0,0.2
2025-12-06T13:30:00Z,2.6,103.0,15.0,0.0671,13.5,188.0,132.0,76.0,5.85,13.6,251.0,0.2
2025-12-06T14:30:00Z,2.47,89.6,3.43,0.0504,18.0,176.0,122.0,78.3,5.45,13.0,329.0,0.225
2025-12-06T15:30:00Z,2.43,65.7,2.5,0.0369,32.3,170.0,128.0,76.0,5.98,13.5,314.0,0.325
2025-12-06T16:30:00Z,2.17,44.3,1.8,0.025,42.8,180.0,142.0,77.5,5.83,12.9,319.0,0.275
2025-12-06T17:30:00Z,1.89,33.2,2.0,0.0193,45.0,176.0,139.0,80.3,5.35,11.9,308.0,0.2
2025-12-06T18:30:00Z,1.62,31.1,1.75,0.018,,154.0,130.0,83.5,5.25,10.9,280.0,0.15
2025-12-06T19:30:00Z,1.55,28.7,1.35,0.0163,39.8,149.0,122.0,85.0,4.9,10.4,256.0,0.15
2025-12-06T20:30:00Z,1.75,56.6,4.37,0.0337,19.6,143.0,111.0,86.8,5.03,9.78,67.5,0.175
2025-12-06T21:30:00Z,1.51,32.2,2.58,0.0192,34.1,139.0,105.0,87.3,4.9,9.53,249.0,0.175
2025-12-06T22:30:00Z,1.48,30.9,2.13,0.0181,28.8,127.0,97.0,88.0,5.13,9.5,177.0,0.275
2025-12-06T23:30:00Z,1.45,26.4,1.2,0.015,26.3,114.0,92.5,88.0,4.78,9.25,299.0,0.275
2025-12-07T00:30:00Z,1.47,29.8,2.0,0.0175,16.7,114.0,94.7,89.0,4.83,9.13,319.0,0.267
2025-12-07T01:30:00Z,1.52,36.6,3.93,0.0227,14.9,117.0,96.3,89.0,5.53,9.75,319.0,0.275
2025-12-07T02:30:00Z,1.38,32.4,5.1,0.0214,27.4,123.0,93.0,78.3,8.75,12.8,310.0,0.55
2025-12-07T03:30:00Z,1.24,27.0,4.88,0.0183,38.2,111.0,82.3,65.3,13.3,15.7,305.0,0.5
2025-12-07T04:30:00Z,1.17,26.5,4.88,0.018,48.5,91.5,66.8,60.0,26.0,18.6,313.0,0.7
2025-12-07T05:30:00Z,1.31,20.6,3.0,0.0135,69.4,90.0,56.0,58.8,12.3,20.4,310.0,0.7
2025-12-07T06:30:00Z,1.42,20.1,2.55,0.0128,85.5,83.8,49.5,55.5,9.23,22.0,318.0,0.675
2025-12-07T07:30:00Z,1.49,23.1,2.45,0.0142,95.6,84.3,53.8,52.0,8.53,21.8,314.0,0.775
2025-12-07T08:30:00Z,1.45,23.3,2.18,0.0142,102.0,95.0,60.3,45.0,7.7,22.5,309.0,0.775
2025-12-07T09:30:00Z,1.44,22.6,1.88,0.0136,100.0,94.8,55.3,45.8,7.43,22.7,319.0,0.475
2025-12-07T10:30:00Z,1.5,26.6,1.95,0.0157,86.1,87.0,50.0,50.5,6.95,20.7,313.0,0.325
2025-12-07T11:30:00Z,1.73,42.7,2.3,0.0246,64.6,96.0,57.3,59.8,7.35,17.6,307.0,0.225
2025-12-07T12:30:00Z,1.89,47.9,2.35,0.0274,61.3,127.0,81.0,64.0,7.43,16.5,300.0,0.25
2025-12-07T13:30:00Z,1.8,41.7,1.8,0.0237,65.0,145.0,98.5,66.0,7.95,16.0,299.0,0.3
2025-12-07T14:30:00Z,2.04,52.7,1.7,0.0294,49.3,146.0,104.0,68.5,9.65,15.5,300.0,0.25
2025-12-07T15:30:00Z,1.92,51.8,2.43,0.0295,53.4,150.0,111.0,69.3,10.4,14.8,302.0,0.25
2025-12-07T16:30:00Z,1.66,29.1,2.05,0.0172,68.1,131.0,94.3,68.8,10.1,14.3,294.0,0.325
2025-12-07T17:30:00Z,1.65,28.6,1.43,0.0164,61.5,107.0,72.7,72.3,8.8,13.3,303.0,0.233
2025-12-07T18:30:00Z,1.54,28.0,1.9,0.0164,,106.0,76.0,74.0,7.75,12.4,331.0,0.25
2025-12-07T19:30:00Z,1.5,27.7,2.15,0.0165,49.1,103.0,78.8,74.3,7.2,12.7,324.0,0.325
2025-12-07T20:30:00Z,1.43,24.3,1.77,0.0144,44.7,88.5,76.8,74.8,7.43,12.4,299.0,0.2
2025-12-07T21:30:00Z,1.42,22.5,1.53,0.0132,40.0,78.5,69.5,77.3,6.75,11.5,316.0,0.2
2025-12-07T22:30:00Z,1.42,25.1,1.95,0.0149,28.9,84.0,67.5,80.3,5.93,10.7,305.0,0.1
2025-12-07T23:30:00Z,1.39,25.7,1.65,0.015,18.4,78.8,60.8,82.8,5.8,9.75,233.0,0.175
2025-12-08T00:30:00Z,1.54,43.1,6.23,0.0279,6.08,73.8,56.3,85.0,5.48,9.13,165.0,0.15
2025-12-08T01:30:00Z,1.75,52.4,22.3,0.0461,8.4,82.8,58.0,84.0,6.15,10.4,316.0,0.2
2025-12-08T02:30:00Z,1.69,46.7,11.5,0.0342,16.4,94.0,63.0,75.7,9.23,12.9,322.0,0.333
2025-12-08T03:30:00Z,1.47,45.3,11.2,0.0332,26.2,105.0,68.8,62.0,65.0,16.8,328.0,0.475
2025-12-08T04:30:00Z,1.31,30.0,6.05,0.0209,45.3,130.0,64.5,57.5,53.1,19.5,317.0,0.625
2025-12-08T05:30:00Z,1.3,41.2,8.23,0.0286,45.0,166.0,65.7,52.7,62.5,21.3,305.0,0.667
2025-12-08T06:30:00Z,1.35,19.7,3.38,0.0132,75.6,150.0,54.8,49.8,13.3,22.7,316.0,0.7
2025-12-08T07:30:00Z,1.45,21.8,2.2,0.0134,87.1,125.0,51.8,50.8,9.45,22.4,321.0,0.75
2025-12-08T08:30:00Z,1.45,22.9,2.5,0.0142,89.7,119.0,55.7,48.3,7.57,22.6,313.0,0.833
2025-12-08T09:30:00Z,1.43,21.3,2.13,0.0131,91.2,85.0,48.3,44.0,5.93,22.8,312.0,0.633
2025-12-08T10:30:00Z,1.61,29.0,1.3,0.0165,83.6,91.5,45.5,51.0,6.25,20.5,316.0,0.45
2025-12-08T11:30:00Z,1.88,52.9,2.1,0.0298,58.8,104.0,59.3,62.3,8.27,17.5,300.0,0.167
2025-12-08T12:30:00Z,1.97,56.1,2.0,0.0315,54.9,124.0,79.0,67.0,8.53,16.6,307.0,0.2
2025-12-08T13:30:00Z,1.96,45.6,1.87,0.0258,55.8,142.0,96.3,70.0,9.07,15.8,302.0,0.267
2025-12-08T14:30:00Z,1.89,39.2,1.8,0.0223,57.7,146.0,102.0,71.7,10.1,15.2,300.0,0.3
2025-12-08T15:30:00Z,1.76,38.7,1.67,0.0219,60.5,139.0,94.7,71.0,9.77,15.5,315.0,0.4
2025-12-08T16:30:00Z,1.69,28.6,1.73,0.0166,62.6,120.0,82.3,71.7,9.87,15.1,314.0,0.433
2025-12-08T17:30:00Z,1.62,27.8,2.13,0.0166,64.2,114.0,77.7,72.7,8.95,14.5,308.0,0.5
2025-12-08T18:30:00Z,1.45,19.2,1.6,0.0115,,92.0,76.0,72.0,7.55,13.9,317.0,0.45
2025-12-08T19:30:00Z,1.46,18.4,1.85,0.0113,58.6,84.8,70.0,73.0,6.85,13.4,311.0,0.45
2025-12-08T20:30:00Z,1.36,18.0,1.87,0.0111,57.0,80.0,61.0,73.0,7.03,13.0,318.0,0.375
2025-12-08T21:30:00Z,1.34,17.2,2.15,0.0109,50.3,78.5,56.0,74.5,6.78,12.0,297.0,0.2
2025-12-08T22:30:00Z,1.41,21.1,1.73,0.0127,41.4,72.5,56.0,77.8,6.28,11.1,307.0,0.35
2025-12-08T23:30:00Z,1.39,24.3,2.07,0.0146,39.1,75.7,61.0,78.3,6.33,11.0,308.0,0.3
2025-12-09T00:30:00Z,1.5,27.2,1.63,0.0159,34.6,90.0,68.5,79.8,5.7,10.3,307.0,0.275
2025-12-09T01:30:00Z,1.67,42.8,4.15,0.0262,22.8,97.0,75.3,79.8,5.65,10.6,294.0,0.275
2025-12-09T02:30:00Z,1.68,54.1,10.7,0.0375,20.5,112.0,79.5,70.3,11.0,13.7,316.0,0.35
2025-12-09T03:30:00Z,1.49,35.4,4.1,0.0222,49.3,124.0,68.8,63.5,13.6,16.5,301.0,0.5
2025-12-09T04:30:00Z,1.59,23.0,2.25,0.0141,81.0,,61.0,57.5,11.5,17.5,310.0,0.575
2025-12-09T05:30:00Z,1.58,23.9,2.33,0.0146,92.5,125.0,73.3,55.8,10.6,19.2,309.0,0.65
2025-12-09T10:30:00Z,0.0,,,,74.8,,,62.0,0.0,19.1,,
2025-12-09T11:30:00Z,2.48,117.0,13.9,0.0736,36.1,172.0,122.0,70.3,8.18,16.5,320.0,0.15
2025-12-09T12:30:00Z,2.2,83.1,2.28,0.046,47.2,177.0,126.0,70.5,9.0,15.6,291.0,0.275
2025-12-09T13:30:00Z,2.01,64.2,2.25,0.036,52.1,174.0,130.0,70.5,11.2,14.9,282.0,0.225
2025-12-09T14:30:00Z,2.08,62.7,1.97,0.0349,48.6,165.0,129.0,73.0,10.5,13.9,299.0,0.267
2025-12-09T15:30:00Z,1.72,41.4,1.68,0.0234,60.2,153.0,120.0,73.8,10.3,13.6,299.0,0.275
2025-12-09T16:30:00Z,1.63,39.3,2.15,0.0227,52.6,138.0,111.0,78.3,9.2,12.6,286.0,0.2
2025-12-09T17:30:00Z,1.5,33.1,1.27,0.0186,53.4,132.0,108.0,78.0,9.45,12.9,281.0,0.3
2025-12-09T18:30:00Z,1.37,27.3,1.1,0.0154,,111.0,99.0,81.0,8.1,12.0,307.0,0.2
2025-12-09T19:30:00Z,1.36,22.8,2.0,0.0138,49.0,108.0,96.0,82.3,7.25,11.9,309.0,0.275
2025-12-09T20:30:00Z,1.5,21.3,1.9,0.0129,44.9,107.0,92.5,82.3,7.37,11.9,300.0,0.225
2025-12-09T21:30:00Z,1.51,21.3,2.3,0.0132,34.9,107.0,90.7,84.7,7.07,10.8,303.0,0.2
2025-12-09T22:30:00Z,1.47,22.3,1.75,0.0133,32.2,106.0,90.5,86.0,6.73,10.6,306.0,0.275
2025-12-09T23:30:00Z,1.37,19.8,1.83,0.012,36.7,98.8,83.8,84.3,7.18,10.7,302.0,0.225
2025-12-10T00:30:00Z,1.44,27.0,2.13,0.0161,22.7,95.0,80.5,85.3,6.98,9.98,298.0,0.25
2025-12-10T01:30:00Z,1.51,38.8,3.45,0.0234,21.7,100.0,86.0,83.3,7.53,11.0,295.0,0.35
2025-12-10T02:30:00Z,1.42,38.0,4.95,0.0242,30.4,99.3,80.3,69.5,11.8,14.1,287.0,0.35
2025-12-10T03:30:00Z,1.4,35.0,5.68,0.0232,39.9,87.3,66.8,60.3,14.2,16.6,288.0,0.325
2025-12-10T04:30:00Z,1.31,34.1,5.4,0.0225,50.4,87.8,58.0,62.0,36.7,18.6,266.0,0.35
2025-12-10T05:30:00Z,1.63,50.1,5.75,0.0313,69.2,112.0,64.3,59.5,31.0,20.3,247.0,0.45
2025-12-10T06:30:00Z,1.35,17.0,2.78,0.0114,95.1,108.0,60.8,51.8,10.2,21.6,292.0,0.625
2025-12-10T07:30:00Z,1.41,21.7,1.6,0.0128,103.0,86.0,52.3,49.7,9.13,21.4,292.0,0.633
2025-12-10T08:30:00Z,1.44,25.1,1.88,0.0149,106.0,86.5,63.0,44.0,7.83,22.1,313.0,0.625
2025-12-10T09:30:00Z,1.52,28.0,2.2,0.0167,110.0,88.0,64.0,48.3,7.67,22.3,313.0,0.333
2025-12-10T10:30:00Z,2.13,80.2,9.87,0.0507,58.8,93.0,66.7,56.3,7.93,19.8,237.0,0.133
2025-12-10T11:30:00Z,4.36,154.0,210.0,0.253,5.8,130.0,83.8,69.5,10.2,16.4,54.8,0.1
2025-12-10T12:30:00Z,5.58,161.0,346.0,0.367,3.83,208.0,105.0,74.3,13.0,15.1,78.5,0.175
2025-12-10T13:30:00Z,3.59,128.0,125.0,0.169,3.6,233.0,118.0,75.8,10.2,14.3,75.0,0.2
2025-12-10T14:30:00Z,2.81,113.0,61.3,0.11,3.7,182.0,111.0,75.5,7.68,14.3,77.5,0.225
2025-12-10T15:30:00Z,2.53,101.0,31.8,0.0795,6.1,162.0,104.0,76.3,7.48,13.6,85.3,0.2
2025-12-10T16:30:00Z,2.05,82.6,8.47,0.0508,11.3,162.0,105.0,77.3,6.47,13.0,62.3,0.167
2025-12-10T17:30:00Z,1.83,86.0,31.1,0.071,4.27,137.0,93.3,80.0,5.65,12.0,74.0,0.167
2025-12-10T18:30:00Z,1.11,51.2,2.45,0.0293,,114.0,87.0,78.5,4.9,11.7,84.5,0.1
2025-12-10T19:30:00Z,1.07,50.6,2.5,0.029,13.3,99.0,78.3,80.8,4.7,11.1,50.0,0.125
2025-12-10T20:30:00Z,,57.7,11.2,0.0398,8.0,84.8,67.3,82.8,5.2,10.4,60.0,0.1
2025-12-10T21:30:00Z,,53.1,10.9,0.037,10.8,84.3,63.3,84.0,4.45,9.9,48.8,0.175
2025-12-10T22:30:00Z,,56.3,16.9,0.0437,7.03,79.8,62.0,85.3,4.33,9.43,49.0,0.2
2025-12-10T23:30:00Z,,55.8,17.8,0.0442,5.1,79.0,62.0,86.5,4.38,9.05,48.8,0.2
2025-12-11T00:30:00Z,,53.0,25.3,0.0488,4.08,82.0,63.5,88.5,4.55,8.48,196.0,0.125
2025-12-11T01:30:00Z,,51.7,40.6,0.0605,3.7,84.0,66.0,90.0,4.85,8.55,316.0,0.1
2025-12-11T03:30:00Z,1.62,64.8,8.8,0.0416,,153.0,107.0,64.0,27.1,16.9,205.0,0.25
2025-12-11T04:30:00Z,1.72,56.7,5.08,0.0343,,154.0,108.0,61.3,35.9,18.5,200.0,0.375
2025-12-11T05:30:00Z,1.59,46.7,4.05,0.0281,,150.0,104.0,58.3,37.1,20.0,300.0,0.525
2025-12-11T06:30:00Z,1.66,50.4,3.0,0.0293,,147.0,100.0,59.0,30.9,20.6,304.0,0.6
2025-12-11T07:30:00Z,,,,,103.0,108.0,73.0,47.0,,21.1,325.0,0.7
2025-12-11T08:30:00Z,,,,,103.0,108.0,78.0,49.3,,21.6,300.0,0.625
2025-12-11T09:30:00Z,,,,,105.0,108.0,81.5,51.3,,21.8,298.0,0.4
2025-12-11T10:30:00Z,,,,,81.2,115.0,87.3,59.5,,19.6,161.0,0.175
2025-12-11T11:30:00Z,3.63,163.0,101.0,0.169,13.7,142.0,101.0,72.0,8.6,16.3,28.3,0.1
2025-12-11T12:30:00Z,5.03,183.0,260.0,0.309,3.6,181.0,113.0,76.5,9.4,14.8,44.0,0.2
2025-12-11T13:30:00Z,5.18,168.0,250.0,0.292,3.7,260.0,159.0,82.3,9.05,13.5,36.8,0.1
2025-12-11T14:30:00Z,4.59,146.0,191.0,0.233,3.77,259.0,169.0,84.7,7.9,12.7,52.3,0.133
2025-12-11T15:30:00Z,3.47,121.0,113.0,0.156,3.4,232.0,160.0,85.0,6.27,12.3,69.0,0.167
2025-12-11T16:30:00Z,2.52,90.2,31.3,0.0734,3.9,198.0,138.0,84.3,4.25,11.8,80.0,0.15
2025-12-11T17:30:00Z,1.32,73.7,13.0,0.0498,4.25,172.0,124.0,84.0,5.0,11.0,201.0,0.1
2025-12-11T18:30:00Z,1.22,59.6,12.0,0.0415,,127.0,96.0,87.0,4.55,10.3,79.0,0.2
2025-12-11T19:30:00Z,1.1,57.0,9.55,0.0381,4.2,131.0,101.0,86.5,4.45,9.93,67.0,0.225
2025-12-11T20:30:00Z,,39.4,2.83,0.0233,9.58,120.0,94.3,85.5,4.93,9.65,41.5,0.15
2025-12-11T21:30:00Z,,46.0,7.85,0.0308,7.08,95.3,77.0,87.5,4.83,9.0,31.3,0.15
2025-12-11T22:30:00Z,,43.4,11.0,0.032,6.15,89.0,78.8,89.0,4.63,8.65,126.0,0.2
2025-12-11T23:30:00Z,,49.4,42.8,0.0611,4.4,99.3,86.3,90.0,4.98,8.53,195.0,0.175
2025-12-12T00:30:00Z,1.18,65.4,153.0,0.16,3.45,121.0,97.8,90.0,6.48,8.25,61.5,0.175
2025-12-12T01:30:00Z,2.0,72.1,89.2,0.111,3.9,135.0,96.8,89.0,5.98,9.13,159.0,0.225
2025-12-12T02:30:00Z,2.01,82.6,21.7,0.0615,11.7,163.0,99.0,77.3,16.0,12.5,161.0,0.275
2025-12-12T03:30:00Z,1.83,77.2,14.2,0.0526,35.7,187.0,120.0,69.0,172.0,15.9,190.0,0.25
2025-12-12T04:30:00Z,1.57,59.4,2.65,0.0338,58.1,181.0,131.0,63.3,36.0,18.4,190.0,0.3
2025-12-12T05:30:00Z,1.45,39.3,3.15,0.0234,109.0,220.0,166.0,58.8,33.0,19.6,245.0,0.325
2025-12-12T06:30:00Z,1.52,43.9,2.93,0.0257,123.0,216.0,163.0,57.8,46.8,20.5,269.0,0.425
2025-12-12T07:30:00Z,1.43,37.5,2.38,0.0219,128.0,225.0,166.0,56.8,32.2,20.7,289.0,0.35
2025-12-12T08:30:00Z,1.54,39.2,2.17,0.0226,133.0,231.0,176.0,56.0,23.7,21.0,290.0,0.4
2025-12-12T09:30:00Z,1.73,45.3,2.1,0.0258,141.0,218.0,175.0,59.0,23.4,21.1,275.0,0.25
2025-12-12T10:30:00Z,2.35,95.7,3.75,0.054,68.5,226.0,172.0,65.5,18.5,19.7,27.5,0.1
2025-12-12T11:30:00Z,4.47,161.0,189.0,0.239,12.3,222.0,153.0,79.5,13.0,16.3,43.0,0.1
2025-12-12T12:30:00Z,5.78,163.0,312.0,0.34,4.75,273.0,177.0,84.3,13.4,15.1,248.0,0.1
2025-12-12T13:30:00Z,4.7,134.0,163.0,0.204,4.75,310.0,200.0,86.3,11.4,15.0,102.0,0.225
2025-12-12T14:30:00Z,2.81,111.0,63.4,0.11,4.8,271.0,197.0,85.0,8.63,14.5,87.3,0.2
2025-12-12T15:30:00Z,2.55,82.3,37.8,0.0745,4.83,236.0,173.0,86.0,7.4,13.8,50.5,0.2
2025-12-12T16:30:00Z,2.17,73.4,20.8,0.0559,5.88,204.0,144.0,87.8,6.43,13.1,83.0,0.175
2025-12-12T17:30:00Z,1.63,66.9,12.6,0.0459,6.6,171.0,128.0,88.0,5.5,12.8,52.0,0.133
2025-12-12T18:30:00Z,1.08,43.3,1.2,0.024,,116.0,92.0,88.0,4.1,12.2,106.0,0.2
2025-12-12T19:30:00Z,0.925,38.7,3.05,0.0231,11.0,103.0,81.8,88.3,3.05,11.8,136.0,0.175
2025-12-12T20:30:00Z,1.21,40.1,5.9,0.0261,14.0,89.0,70.5,88.5,3.87,11.7,88.8,0.175
2025-12-12T21:30:00Z,1.13,40.5,5.7,0.0262,13.8,101.0,63.8,88.0,3.73,11.2,48.5,0.15
2025-12-12T22:30:00Z,1.19,49.2,14.8,0.0382,6.83,97.3,57.5,89.0,3.73,10.8,75.5,0.2
2025-12-12T23:30:00Z,1.04,57.6,19.4,0.0464,10.2,69.8,53.3,86.0,4.13,11.2,113.0,0.2
2025-12-13T00:30:00Z,0.953,59.2,11.3,0.0407,15.2,54.3,44.3,76.7,4.77,12.5,124.0,0.2
2025-12-13T01:30:00Z,1.04,66.2,27.6,0.0576,12.0,59.8,40.5,72.5,5.6,13.7,130.0,0.225
2025-12-13T02:30:00Z,1.24,69.9,25.2,0.0577,12.8,70.0,38.5,70.0,7.0,15.1,215.0,0.25
2025-12-13T03:30:00Z,1.23,46.0,4.78,0.0284,62.0,73.3,38.7,62.0,29.9,18.4,196.0,0.325
2025-12-13T04:30:00Z,1.3,40.4,3.85,0.0246,77.3,104.0,60.0,63.0,21.6,19.0,210.0,0.4
2025-12-13T05:30:00Z,1.52,49.3,3.68,0.0292,65.9,157.0,107.0,65.3,25.3,18.8,232.0,0.325
2025-12-13T06:30:00Z,1.6,50.7,3.45,0.0298,59.7,158.0,104.0,64.3,27.4,19.2,212.0,0.275
2025-12-13T07:30:00Z,1.68,61.9,5.7,0.0376,58.6,126.0,78.5,61.8,37.0,19.5,186.0,0.275
2025-12-13T08:30:00Z,1.77,63.6,5.7,0.0385,65.3,111.0,69.0,61.3,29.6,20.2,197.0,0.2
2025-12-13T09:30:00Z,2.15,82.4,13.3,0.0547,35.6,96.0,62.0,63.5,16.5,19.8,131.0,0.45
2025-12-13T10:30:00Z,2.27,97.9,49.1,0.0919,7.77,117.0,61.0,69.3,12.2,18.9,156.0,0.1
2025-12-13T11:30:00Z,3.24,93.2,156.0,0.177,4.77,116.0,58.7,80.3,9.67,16.4,62.7,0.1
2025-12-13T12:30:00Z,3.14,86.0,107.0,0.133,4.93,130.0,68.0,83.0,9.58,15.5,59.8,0.175
2025-12-13T13:30:00Z,2.91,78.2,102.0,0.124,4.38,127.0,74.5,85.0,8.53,14.6,169.0,0.125
2025-12-13T14:30:00Z,3.5,71.9,147.0,0.158,5.0,134.0,86.7,87.3,8.2,13.8,256.0,0.167
2025-12-13T15:30:00Z,3.22,64.8,112.0,0.125,4.75,168.0,105.0,88.0,7.98,13.5,60.3,0.225
2025-12-13T16:30:00Z,2.48,59.9,61.5,0.0818,4.0,160.0,94.8,86.3,6.45,13.1,80.3,0.2
2025-12-13T17:30:00Z,1.97,56.3,46.3,0.0676,4.5,123.0,80.0,84.0,5.65,13.0,67.0,0.167
2025-12-13T18:30:00Z,1.21,50.4,20.2,0.0432,,90.5,56.5,83.5,4.05,12.3,82.0,0.2
2025-12-13T19:30:00Z,1.03,43.6,9.85,0.0312,9.03,79.3,51.8,82.5,4.1,12.2,67.8,0.1
2025-12-13T20:30:00Z,0.95,46.3,11.2,0.0338,8.58,59.8,40.3,83.5,4.03,11.9,77.3,0.15
2025-12-13T21:30:00Z,0.8,40.5,8.93,0.0288,13.7,57.3,37.3,80.3,4.28,12.4,86.8,0.2
2025-12-13T22:30:00Z,0.683,36.5,3.08,0.0219,20.9,52.8,33.3,76.8,4.5,12.3,84.8,0.15
2025-12-13T23:30:00Z,0.695,42.9,5.65,0.0274,16.8,38.0,25.0,76.8,4.28,11.6,67.8,0.15
2025-12-14T00:30:00Z,0.893,56.4,32.3,0.0563,6.15,42.8,29.0,80.3,4.03,10.9,63.5,0.15
2025-12-14T01:30:00Z,1.12,62.1,56.8,0.0792,6.53,58.8,33.5,78.8,4.5,11.5,90.8,0.225
2025-12-14T02:30:00Z,1.72,53.0,17.4,0.0423,16.1,65.0,39.8,62.5,5.65,15.5,143.0,0.35
2025-12-14T03:30:00Z,1.14,34.0,4.53,0.0218,43.8,59.7,42.3,56.3,5.77,19.4,173.0,0.233
2025-12-14T04:30:00Z,1.01,37.2,3.08,0.0223,98.8,59.3,39.5,61.8,23.2,20.1,255.0,0.4
2025-12-14T05:30:00Z,1.24,28.4,2.28,0.017,128.0,73.3,53.8,60.8,27.9,21.1,302.0,0.5
2025-12-14T06:30:00Z,1.32,29.3,2.28,0.0174,117.0,81.0,60.0,58.0,27.2,21.4,298.0,0.525
2025-12-14T07:30:00Z,1.28,32.5,2.33,0.0191,105.0,71.8,47.3,53.0,36.0,21.7,239.0,0.3
2025-12-14T08:30:00Z,1.31,33.6,1.8,0.0193,119.0,65.0,42.8,51.3,24.7,22.5,299.0,0.4
2025-12-14T09:30:00Z,1.39,29.6,1.3,0.0168,134.0,75.3,53.3,58.3,19.4,22.2,331.0,0.25
2025-12-14T10:30:00Z,1.54,34.7,1.4,0.0196,105.0,83.0,61.0,64.7,14.7,20.4,355.0,0.1
2025-12-14T11:30:00Z,2.03,85.6,4.85,0.0495,34.4,85.0,63.0,74.5,8.25,17.1,15.0,0.1
2025-12-14T12:30:00Z,4.07,114.0,208.0,0.229,5.1,228.0,123.0,83.5,9.5,15.1,200.0,0.15
2025-12-14T13:30:00Z,2.82,103.0,74.1,0.115,4.9,222.0,124.0,83.0,8.27,14.7,115.0,0.167
2025-12-14T14:30:00Z,2.68,96.2,79.1,0.116,4.47,194.0,113.0,83.0,7.13,14.2,28.3,0.1
2025-12-14T15:30:00Z,2.83,83.9,75.1,0.106,4.73,155.0,92.0,85.3,7.28,13.6,34.0,0.1
2025-12-14T16:30:00Z,2.69,76.9,63.1,0.0922,4.3,168.0,97.0,86.5,6.7,13.4,68.0,0.25
2025-12-14T17:30:00Z,1.9,62.9,18.8,0.0487,4.87,158.0,97.3,86.0,6.15,13.0,241.0,0.167
2025-12-14T18:30:00Z,1.54,51.2,17.9,0.0418,,131.0,93.0,89.0,4.35,12.1,7.0,0.1
2025-12-14T19:30:00Z,1.5,41.7,9.5,0.0299,7.45,130.0,93.7,90.0,4.45,11.9,333.0,0.1
2025-12-14T20:30:00Z,1.13,35.1,2.5,0.0206,9.6,115.0,84.7,90.0,4.75,11.7,239.0,0.1
2025-12-14T21:30:00Z,1.03,27.7,1.3,0.0158,12.6,106.0,79.5,90.0,4.98,11.3,305.0,0.125
2025-12-14T22:30:00Z,0.975,24.0,1.1,0.0136,14.4,103.0,78.0,90.0,5.03,11.0,271.0,0.125
2025-12-14T23:30:00Z,1.02,29.0,1.9,0.017,11.5,101.0,76.0,90.0,5.0,11.0,263.0,0.1
2025-12-15T00:30:00Z,1.43,36.4,13.4,0.0302,7.9,102.0,83.7,90.3,4.8,10.6,113.0,0.1
2025-12-15T01:30:00Z,1.48,50.7,34.8,0.0552,6.0,104.0,83.0,91.0,5.45,11.0,304.0,0.1
2025-12-15T02:30:00Z,1.98,64.5,53.0,0.0775,6.35,108.0,83.0,89.0,6.9,12.3,289.0,0.15
2025-12-15T03:30:00Z,1.04,38.2,5.78,0.025,44.6,126.0,83.3,65.3,18.3,17.3,319.0,0.4
2025-12-15T04:30:00Z,0.93,33.2,5.0,0.0217,50.8,101.0,71.0,65.0,45.5,19.1,324.0,0.6
2025-12-15T05:30:00Z,1.14,24.2,3.5,0.0157,86.5,110.0,59.7,62.0,17.3,20.8,306.0,0.533
2025-12-15T06:30:00Z,1.4,21.0,2.5,0.0132,108.0,102.0,54.0,59.7,11.7,22.0,301.0,0.633
2025-12-15T07:30:00Z,1.36,23.0,2.63,0.0143,117.0,71.0,50.3,55.3,8.4,22.3,315.0,0.6
2025-12-15T08:30:00Z,1.3,26.8,2.3,0.0161,113.0,57.3,40.3,50.0,6.63,23.0,308.0,0.567
2025-12-15T09:30:00Z,1.34,28.8,2.35,0.0172,120.0,54.8,37.3,48.5,5.88,23.1,298.0,0.525
2025-12-15T10:30:00Z,1.45,35.4,1.6,0.0201,107.0,61.0,41.0,55.8,6.1,20.8,308.0,0.375
2025-12-15T11:30:00Z,1.78,64.2,1.47,0.0353,58.5,70.7,45.3,67.0,5.93,17.5,326.0,0.133
2025-12-15T12:30:00Z,2.15,99.6,4.13,0.0563,14.7,97.3,61.3,72.3,5.7,15.9,290.0,0.133
2025-12-15T13:30:00Z,2.12,81.6,4.07,0.0467,23.9,129.0,91.3,73.3,5.67,15.1,334.0,0.133
2025-12-15T14:30:00Z,2.33,87.8,12.6,0.0569,8.3,133.0,101.0,79.0,5.4,13.6,230.0,0.15
2025-12-15T15:30:00Z,2.43,80.6,20.1,0.0592,8.45,132.0,103.0,80.5,5.33,13.0,192.0,0.125
2025-12-15T16:30:00Z,2.3,77.3,23.7,0.0604,5.15,151.0,108.0,83.5,5.5,11.9,89.5,0.1
2025-12-15T17:30:00Z,2.2,65.9,45.3,0.0719,4.6,151.0,99.7,87.0,5.25,11.0,56.7,0.133
2025-12-15T18:30:00Z,1.62,48.7,8.45,0.0328,,114.0,80.5,88.5,4.6,10.2,181.0,0.15
2025-12-15T19:30:00Z,1.6,43.7,13.5,0.0342,6.5,106.0,76.7,89.7,4.75,9.97,156.0,0.167
2025-12-15T20:30:00Z,1.39,34.9,6.63,0.0239,6.03,84.8,68.0,90.5,4.9,9.3,188.0,0.15
2025-12-15T21:30:00Z,1.25,29.1,3.03,0.0179,11.2,82.5,68.3,91.0,4.88,9.23,298.0,0.15
2025-12-15T22:30:00Z,1.17,24.4,1.4,0.0141,14.7,87.3,74.8,91.8,4.8,9.13,219.0,0.2
2025-12-15T23:30:00Z,1.23,31.1,6.38,0.0218,8.28,92.0,80.0,92.0,4.98,8.95,237.0,0.175
2025-12-16T00:30:00Z,1.23,32.0,1.85,0.0185,16.1,91.0,77.8,92.0,4.88,9.13,307.0,0.275
2025-12-16T01:30:00Z,1.44,46.7,9.95,0.0329,12.9,96.8,75.5,92.0,4.65,9.8,309.0,0.25
2025-12-16T02:30:00Z,1.4,43.6,7.35,0.0292,33.2,103.0,72.3,84.8,6.15,13.0,301.0,0.4
2025-12-16T03:30:00Z,1.12,25.3,3.18,0.016,69.3,93.3,61.3,66.5,13.8,16.7,324.0,0.675
2025-12-16T04:30:00Z,1.13,21.9,2.33,0.0136,84.0,82.5,54.0,66.0,13.9,18.9,309.0,0.725
2025-12-16T05:30:00Z,1.34,23.1,1.97,0.0139,102.0,89.7,57.0,65.3,10.9,19.8,321.0,0.833
2025-12-16T06:30:00Z,1.53,22.7,1.78,0.0135,129.0,103.0,66.0,61.8,10.5,21.6,318.0,0.6
2025-12-16T07:30:00Z,1.5,23.0,2.25,0.0141,135.0,96.5,67.0,55.8,10.1,21.9,325.0,0.675
2025-12-16T08:30:00Z,1.5,26.2,1.67,0.0153,134.0,91.7,60.0,51.0,8.1,22.4,308.0,0.733
2025-12-16T09:30:00Z,1.6,29.2,1.43,0.0167,151.0,95.3,62.8,54.0,8.0,21.8,318.0,0.675
2025-12-16T10:30:00Z,1.75,33.7,1.4,0.019,140.0,109.0,77.3,61.8,7.83,19.6,313.0,0.5
2025-12-16T11:30:00Z,1.94,43.6,1.75,0.0247,119.0,127.0,96.5,67.5,7.38,17.7,310.0,0.325
2025-12-16T12:30:00Z,2.2,55.9,1.43,0.0309,85.8,146.0,116.0,72.0,7.08,16.3,305.0,0.25
2025-12-16T13:30:00Z,2.3,51.8,1.83,0.029,88.2,162.0,130.0,73.7,6.73,15.7,321.0,0.267
2025-12-16T14:30:00Z,2.32,50.8,1.35,0.0282,75.7,177.0,143.0,76.5,6.35,14.9,299.0,0.25
2025-12-16T15:30:00Z,2.31,49.0,1.6,0.0274,62.8,183.0,154.0,80.0,5.93,13.8,302.0,0.267
2025-12-16T16:30:00Z,2.21,38.0,1.1,0.0211,63.9,187.0,157.0,83.0,6.05,13.3,304.0,0.25
2025-12-16T17:30:00Z,1.89,40.6,1.8,0.0231,41.3,195.0,161.0,86.5,5.6,12.0,152.0,0.1
2025-12-16T18:30:00Z,2.13,55.9,3.9,0.0329,,190.0,162.0,90.0,4.7,11.7,26.0,0.1
2025-12-16T19:30:00Z,2.01,46.6,2.05,0.0265,18.8,192.0,166.0,90.3,4.85,11.3,177.0,0.1
2025-12-16T20:30:00Z,1.82,31.9,1.5,0.0181,16.1,190.0,163.0,91.0,5.1,10.6,335.0,0.125
2025-12-16T21:30:00Z,1.73,27.8,4.13,0.0182,14.1,168.0,145.0,92.0,4.9,10.0,213.0,0.175
2025-12-16T22:30:00Z,1.68,27.0,1.78,0.0158,14.5,146.0,129.0,92.0,5.08,9.68,243.0,0.175
2025-12-16T23:30:00Z,1.74,28.8,1.08,0.0162,21.1,149.0,126.0,92.8,4.93,9.55,338.0,0.325
2025-12-17T00:30:00Z,1.76,31.9,0.625,0.0175,20.2,154.0,130.0,93.0,5.13,9.18,304.0,0.3
2025-12-17T01:30:00Z,1.85,37.7,4.7,0.0239,14.1,149.0,128.0,93.0,4.7,9.08,320.0,0.275
2025-12-17T02:30:00Z,2.01,41.0,10.3,0.0301,17.0,147.0,120.0,94.0,5.2,9.87,211.0,0.333
2025-12-17T03:30:00Z,1.93,47.8,10.1,0.0337,33.3,153.0,122.0,91.5,5.58,11.3,311.0,0.3
2025-12-17T04:30:00Z,1.93,45.0,5.23,0.0282,66.2,160.0,126.0,80.3,5.73,14.6,305.0,0.4
2025-12-17T05:30:00Z,1.6,33.7,2.78,0.0201,109.0,154.0,125.0,68.3,6.93,17.6,298.0,0.525
2025-12-17T06:30:00Z,1.76,27.3,2.25,0.0164,128.0,149.0,125.0,66.8,8.05,18.8,304.0,0.675
2025-12-17T07:30:00Z,1.86,32.7,2.13,0.0192,149.0,170.0,142.0,62.7,9.27,19.6,300.0,0.7
2025-12-17T08:30:00Z,1.83,31.9,1.57,0.0182,150.0,193.0,160.0,65.0,9.13,20.5,296.0,0.5
2025-12-17T09:30:00Z,2.16,61.7,5.33,0.0371,95.4,193.0,146.0,70.0,8.87,19.9,257.0,0.433
2025-12-17T10:30:00Z,2.46,87.9,7.63,0.0529,19.4,247.0,188.0,76.8,13.3,17.0,198.0,0.15
2025-12-17T11:30:00Z,2.89,89.4,23.7,0.0668,6.23,323.0,262.0,82.7,14.7,15.0,192.0,0.267
2025-12-17T12:30:00Z,2.82,74.9,23.2,0.0587,4.8,329.0,264.0,85.5,12.3,14.0,186.0,0.35
2025-12-17T13:30:00Z,2.91,64.8,27.0,0.0564,4.95,295.0,249.0,87.5,9.58,13.4,196.0,0.3
2025-12-17T14:30:00Z,3.1,58.7,33.0,0.0581,5.6,281.0,258.0,88.5,8.9,13.1,182.0,0.225
2025-12-17T15:30:00Z,2.71,53.3,23.0,0.0471,4.9,262.0,246.0,89.8,7.58,12.5,189.0,0.25
2025-12-17T16:30:00Z,2.55,45.3,16.3,0.0373,4.47,250.0,198.0,91.3,7.13,12.0,250.0,0.133
2025-12-17T17:30:00Z,2.17,42.9,12.3,0.0329,4.57,241.0,181.0,92.0,6.95,11.8,218.0,0.167
2025-12-17T19:30:00Z,,,,,5.1,145.0,128.0,93.0,,11.3,135.0,0.2
2025-12-17T20:30:00Z,,31.2,2.33,0.0185,5.78,140.0,126.0,93.0,5.13,11.0,228.0,0.1
2025-12-17T21:30:00Z,,28.0,3.88,0.0181,4.75,135.0,122.0,94.0,4.78,11.0,142.0,0.125
2025-12-17T22:30:00Z,,26.9,6.0,0.0192,4.63,125.0,113.0,94.0,5.03,10.6,253.0,0.133
2025-12-17T23:30:00Z,,25.2,4.75,0.0173,4.65,117.0,109.0,94.0,5.03,10.3,316.0,0.15
2025-12-18T00:30:00Z,,26.7,17.5,0.0284,4.78,117.0,107.0,94.0,5.4,10.3,190.0,0.175
2025-12-18T01:30:00Z,1.72,29.5,46.3,0.0533,5.35,122.0,107.0,94.0,5.6,10.2,158.0,0.15
2025-12-18T02:30:00Z,2.23,43.2,36.4,0.0526,6.03,133.0,118.0,94.8,5.73,11.1,256.0,0.175
2025-12-18T03:30:00Z,2.16,76.2,26.6,0.0622,12.2,151.0,124.0,93.3,5.75,12.5,288.0,0.275
2025-12-18T04:30:00Z,2.13,85.7,13.0,0.0561,44.1,165.0,126.0,77.7,7.3,15.9,301.0,0.367
2025-12-18T05:30:00Z,1.73,62.8,4.7,0.0373,87.2,190.0,157.0,65.8,10.0,18.5,279.0,0.375
2025-12-18T06:30:00Z,1.63,66.4,4.8,0.0392,83.1,190.0,162.0,64.8,10.2,19.5,292.0,0.475
2025-12-18T07:30:00Z,1.55,63.6,5.65,0.0384,80.3,175.0,149.0,67.5,8.7,19.3,301.0,0.65
2025-12-18T08:30:00Z,1.6,43.3,0.5,0.0206,78.1,,,71.5,10.2,19.2,321.0,0.433
2025-12-18T09:30:00Z,1.62,43.6,1.9,0.0247,76.6,148.0,120.0,73.0,11.4,18.2,317.0,0.275
2025-12-18T10:30:00Z,1.96,62.6,2.75,0.0356,44.5,153.0,125.0,76.5,10.5,17.4,317.0,0.1
2025-12-18T11:30:00Z,2.91,103.0,56.7,0.101,5.0,177.0,139.0,83.0,10.6,15.3,254.0,0.125
2025-12-18T12:30:00Z,3.78,92.9,109.0,0.138,4.9,208.0,156.0,87.7,11.4,14.0,305.0,0.167
2025-12-18T13:30:00Z,3.41,79.4,55.1,0.087,5.13,214.0,166.0,89.5,10.8,13.3,253.0,0.1
2025-12-18T14:30:00Z,3.6,74.3,91.6,0.114,4.98,230.0,193.0,90.5,10.9,12.9,253.0,0.125
2025-12-18T15:30:00Z,3.47,55.4,96.6,0.108,4.6,242.0,204.0,91.3,11.0,12.2,179.0,0.1
2025-12-18T16:30:00Z,3.42,42.5,96.4,0.101,4.27,231.0,190.0,92.0,11.6,11.5,33.0,0.1
2025-12-18T17:30:00Z,2.54,39.5,68.3,0.0765,4.87,217.0,177.0,92.3,9.1,11.0,139.0,0.1
2025-12-18T19:30:00Z,,,,,5.3,166.0,145.0,93.0,,9.85,330.0,0.1
2025-12-18T20:30:00Z,1.13,28.4,6.47,0.0204,5.15,155.0,131.0,93.0,3.83,9.68,264.0,0.15
2025-12-18T21:30:00Z,0.968,25.7,2.9,0.016,6.65,133.0,110.0,93.0,4.3,9.48,183.0,0.2
2025-12-18T22:30:00Z,0.973,28.7,2.15,0.017,6.1,122.0,101.0,93.8,4.2,9.33,338.0,0.275
2025-12-18T23:30:00Z,1.11,33.7,3.77,0.0209,5.27,129.0,100.0,94.0,4.43,9.03,321.0,0.3
2025-12-19T00:30:00Z,1.14,33.4,3.6,0.0207,5.63,122.0,98.8,94.0,4.05,8.95,304.0,0.35
2025-12-19T01:30:00Z,1.26,30.5,13.0,0.0268,5.93,124.0,108.0,94.0,4.1,8.98,317.0,0.3
2025-12-19T02:30:00Z,1.24,33.5,14.1,0.0293,8.73,129.0,111.0,94.8,4.35,9.55,321.0,0.275
2025-12-19T03:30:00Z,1.25,44.2,13.7,0.0346,13.7,124.0,102.0,94.5,4.58,11.1,188.0,0.275
2025-12-19T04:30:00Z,1.14,45.8,8.3,0.0311,29.1,125.0,94.3,89.0,4.75,13.2,245.0,0.35
2025-12-19T05:30:00Z,1.52,38.4,4.85,0.0244,51.4,106.0,73.0,75.3,7.0,15.4,293.0,0.375
2025-12-19T06:30:00Z,1.76,44.8,4.53,0.0275,66.1,110.0,76.8,72.5,13.8,16.9,298.0,0.375
2025-12-19T07:30:00Z,1.78,40.2,2.83,0.0237,101.0,114.0,84.0,72.0,11.9,17.2,306.0,0.5
2025-12-19T08:30:00Z,1.94,37.3,2.23,0.0216,92.6,117.0,89.8,72.8,9.08,17.4,327.0,0.35
2025-12-19T09:30:00Z,2.1,40.0,1.73,0.0227,78.3,119.0,96.3,75.8,7.3,16.8,326.0,0.2
2025-12-19T10:30:00Z,2.43,60.8,2.2,0.0341,36.0,128.0,107.0,81.5,6.75,15.8,315.0,0.15
2025-12-19T11:30:00Z,2.62,72.3,8.38,0.0453,19.9,142.0,123.0,84.8,6.63,14.4,245.0,0.2
2025-12-19T12:30:00Z,3.23,93.9,37.1,0.0802,5.0,153.0,131.0,88.3,6.78,13.5,306.0,0.175
2025-12-19T13:30:00Z,3.01,84.1,19.6,0.0606,5.0,157.0,130.0,90.0,6.5,12.9,301.0,0.15
2025-12-19T14:30:00Z,2.92,66.4,16.5,0.0488,6.43,154.0,132.0,91.5,6.25,12.7,317.0,0.125
2025-12-19T15:30:00Z,2.47,41.3,2.35,0.0239,15.3,135.0,120.0,92.8,6.4,12.9,309.0,0.175
2025-12-19T16:30:00Z,2.74,51.6,7.95,0.0339,9.35,117.0,104.0,93.0,6.35,12.8,199.0,0.15
2025-12-19T17:30:00Z,2.52,64.1,14.3,0.0457,5.67,129.0,111.0,93.3,6.65,12.7,152.0,0.2
2025-12-19T18:30:00Z,1.68,44.2,1.45,0.0247,,162.0,130.0,93.0,6.8,12.8,217.0,0.2
2025-12-19T19:30:00Z,1.66,43.8,2.0,0.0249,14.5,176.0,132.0,93.0,7.0,12.7,152.0,0.275
2025-12-19T20:30:00Z,,34.7,2.57,0.0206,13.4,190.0,135.0,92.0,7.63,12.3,112.0,0.325
2025-12-19T21:30:00Z,,33.3,1.68,0.0191,15.6,193.0,139.0,92.0,8.38,12.4,85.3,0.15
2025-12-19T22:30:00Z,1.39,31.4,1.13,0.0176,14.0,196.0,139.0,92.0,8.93,12.0,65.3,0.175
2025-12-19T23:30:00Z,1.71,42.6,20.1,0.039,12.1,178.0,128.0,91.3,9.05,11.3,131.0,0.325
2025-12-20T00:30:00Z,1.89,38.3,17.0,0.0342,8.55,154.0,115.0,92.0,8.78,11.4,143.0,0.25
2025-12-20T01:30:00Z,1.96,50.2,14.9,0.0388,6.48,163.0,118.0,91.8,9.33,12.1,132.0,0.25
2025-12-20T02:30:00Z,1.92,41.2,19.7,0.0379,8.43,209.0,157.0,88.5,9.6,12.3,163.0,0.425
2025-12-20T03:30:00Z,1.63,36.9,6.43,0.0248,25.5,199.0,163.0,82.3,12.7,13.7,230.0,0.4
2025-12-20T04:30:00Z,1.62,34.7,4.43,0.0221,42.0,182.0,152.0,79.8,16.9,14.1,176.0,0.6
2025-12-20T05:30:00Z,1.68,29.9,3.43,0.0187,51.7,170.0,143.0,77.3,16.2,14.7,201.0,0.525
2025-12-20T06:30:00Z,1.75,29.6,3.48,0.0186,60.9,151.0,125.0,74.8,15.4,15.3,188.0,0.575
2025-12-20T07:30:00Z,1.73,32.6,3.05,0.0198,70.2,143.0,117.0,71.8,18.2,16.4,189.0,0.375
2025-12-20T08:30:00Z,1.68,36.8,3.07,0.022,70.4,135.0,112.0,70.0,19.5,17.0,196.0,0.333
2025-12-20T09:30:00Z,1.75,37.8,2.13,0.0218,59.8,129.0,108.0,73.3,17.4,16.1,195.0,0.4
2025-12-20T10:30:00Z,1.89,42.2,2.9,0.0248,40.2,124.0,104.0,78.3,15.4,14.8,185.0,0.433
2025-12-20T11:30:00Z,2.06,47.2,4.83,0.029,23.0,126.0,105.0,82.0,12.3,13.7,190.0,0.3
2025-12-20T12:30:00Z,2.42,59.6,15.5,0.0443,10.2,125.0,106.0,84.0,9.7,13.0,189.0,0.25
2025-12-20T13:30:00Z,2.52,62.7,26.0,0.0545,6.93,122.0,104.0,84.7,8.67,12.8,194.0,0.233
2025-12-20T14:30:00Z,2.31,60.0,17.9,0.0465,5.23,117.0,97.0,84.3,7.97,13.0,194.0,0.233
2025-12-20T15:30:00Z,2.14,51.9,12.3,0.0376,5.9,115.0,93.7,84.3,8.5,12.9,180.0,0.3
2025-12-20T16:30:00Z,1.93,44.9,8.18,0.0305,6.7,104.0,87.3,85.8,8.25,12.4,166.0,0.175
2025-12-20T17:30:00Z,1.75,45.5,8.63,0.0312,6.67,94.0,81.3,87.7,7.35,11.8,183.0,0.167
2025-12-20T18:30:00Z,1.5,34.2,3.35,0.0209,,79.0,68.0,87.0,5.4,11.8,131.0,0.15
2025-12-20T19:30:00Z,1.48,31.3,4.1,0.02,10.6,76.5,65.3,88.0,5.35,11.5,66.3,0.15
2025-12-20T20:30:00Z,,29.1,5.7,0.0201,7.78,72.5,60.0,89.5,4.83,11.2,42.0,0.1
2025-12-20T21:30:00Z,,27.7,4.23,0.0182,6.07,77.7,63.0,91.0,4.9,11.2,143.0,0.1
2025-12-20T22:30:00Z,,27.6,4.8,0.0186,5.87,81.0,65.7,91.0,4.67,10.9,35.7,0.1
2025-12-20T23:30:00Z,1.96,24.2,10.8,0.0216,5.13,78.0,63.0,92.0,4.15,10.4,105.0,0.1
2025-12-21T00:30:00Z,1.77,27.0,39.1,0.0461,4.47,80.3,66.7,92.3,4.83,10.3,215.0,0.133
2025-12-21T01:30:00Z,1.9,23.3,36.1,0.0417,5.1,81.5,66.3,93.0,4.15,10.2,223.0,0.1
2025-12-21T02:30:00Z,2.44,46.5,29.9,0.049,6.53,94.0,75.0,92.3,4.9,11.3,180.0,0.275
2025-12-21T03:30:00Z,2.21,45.9,12.7,0.0348,13.9,117.0,95.0,87.0,7.93,12.7,181.0,0.3
2025-12-21T04:30:00Z,2.13,51.2,8.85,0.0344,32.1,140.0,117.0,80.5,24.4,13.9,261.0,0.45
2025-12-21T05:30:00Z,1.91,52.9,6.93,0.0338,53.3,157.0,130.0,75.8,33.4,15.5,179.0,0.45
2025-12-21T06:30:00Z,1.68,42.4,4.68,0.0264,84.5,154.0,123.0,67.3,29.2,17.5,228.0,0.325
2025-12-21T07:30:00Z,1.6,47.5,3.73,0.0283,90.3,135.0,106.0,63.3,35.6,18.5,267.0,0.35
2025-12-21T08:30:00Z,1.48,44.0,2.55,0.0255,96.1,129.0,97.5,61.3,28.6,19.3,263.0,0.35
2025-12-21T09:30:00Z,1.5,42.0,1.63,0.0236,84.4,117.0,91.8,64.8,17.8,18.9,225.0,0.175
2025-12-21T10:30:00Z,2.04,77.4,9.73,0.0491,34.3,109.0,87.8,72.8,12.2,17.3,136.0,0.1
2025-12-21T11:30:00Z,3.02,108.0,59.4,0.106,5.15,123.0,95.8,81.5,10.3,15.3,105.0,0.15
2025-12-21T12:30:00Z,3.17,99.3,63.4,0.104,4.88,157.0,113.0,86.3,8.48,14.3,338.0,0.2
2025-12-21T13:30:00Z,3.18,96.6,66.7,0.106,5.13,180.0,129.0,88.0,8.5,14.1,177.0,0.175
2025-12-21T14:30:00Z,3.39,92.8,97.6,0.129,5.0,193.0,142.0,88.0,9.03,13.8,87.3,0.175
2025-12-21T15:30:00Z,2.5,74.6,36.8,0.0696,4.68,184.0,140.0,86.5,8.4,13.6,58.3,0.2
2025-12-21T16:30:00Z,2.77,64.3,56.2,0.0799,4.85,159.0,120.0,88.0,7.65,13.0,86.0,0.175
2025-12-21T17:30:00Z,2.17,60.3,39.5,0.0642,4.43,150.0,111.0,89.0,6.8,12.6,85.0,0.2
2025-12-21T18:30:00Z,1.23,47.2,10.8,0.0339,,99.0,78.0,88.0,5.7,12.3,44.5,0.1
2025-12-21T19:30:00Z,1.24,51.2,15.4,0.0398,5.53,91.3,72.8,88.8,5.6,11.9,44.3,0.1
2025-12-21T20:30:00Z,,38.6,21.0,0.0376,4.68,80.0,65.5,89.8,5.3,11.3,26.8,0.125
2025-12-21T21:30:00Z,,33.6,13.9,0.0292,5.2,71.8,58.5,91.0,5.2,10.9,56.0,0.15
2025-12-21T22:30:00Z,,31.4,16.1,0.0298,5.1,61.5,48.3,91.0,4.78,10.6,88.0,0.225
2025-12-21T23:30:00Z,,29.0,24.2,0.0351,4.85,56.0,42.0,91.0,4.65,10.4,69.5,0.2
2025-12-22T00:30:00Z,,46.8,139.0,0.137,4.95,54.0,45.0,91.5,5.85,9.7,72.5,0.25
2025-12-22T01:30:00Z,,43.5,84.1,0.0915,5.43,56.0,41.5,92.0,5.4,10.1,128.0,0.15
2025-12-22T02:30:00Z,1.83,60.0,36.3,0.0615,8.6,69.5,41.3,87.3,6.3,12.4,233.0,0.225
2025-12-22T03:30:00Z,1.54,59.9,9.7,0.0397,37.5,80.0,47.5,69.8,33.6,15.5,293.0,0.4
2025-12-22T04:30:00Z,1.59,59.7,7.23,0.0377,69.8,82.8,58.3,66.5,36.1,17.1,286.0,0.325
2025-12-22T05:30:00Z,1.62,50.1,3.45,0.0294,116.0,91.3,70.5,64.3,24.5,18.7,242.0,0.45
2025-12-22T06:30:00Z,1.61,44.8,2.15,0.0256,144.0,93.5,74.0,63.0,20.8,20.0,315.0,0.525
2025-12-22T07:30:00Z,1.46,36.8,1.43,0.0207,152.0,95.0,70.8,60.0,19.1,20.5,320.0,0.475
2025-12-22T08:30:00Z,1.32,31.8,1.3,0.018,131.0,91.8,61.8,57.3,23.3,21.1,327.0,0.5
2025-12-22T09:30:00Z,1.37,30.1,1.7,0.0173,132.0,81.3,56.0,60.0,23.0,21.2,324.0,0.433
2025-12-22T10:30:00Z,1.5,36.8,1.87,0.0211,107.0,75.7,59.3,65.3,21.5,19.6,311.0,0.3
2025-12-22T11:30:00Z,2.88,106.0,61.0,0.106,22.6,89.0,69.0,76.0,10.2,16.0,34.8,0.1
2025-12-22T12:30:00Z,3.18,123.0,72.8,0.125,5.05,126.0,84.5,83.0,7.75,14.3,334.0,0.2
2025-12-22T13:30:00Z,3.09,111.0,51.2,0.101,5.33,155.0,109.0,83.0,7.43,14.0,330.0,0.15
2025-12-22T14:30:00Z,3.89,105.0,139.0,0.169,5.03,154.0,119.0,86.3,7.53,13.1,44.5,0.225
2025-12-22T15:30:00Z,3.59,95.6,110.0,0.14,4.57,159.0,116.0,87.7,7.23,12.4,146.0,0.167
2025-12-22T16:30:00Z,3.39,72.5,86.5,0.109,4.7,152.0,108.0,89.8,6.33,11.7,181.0,0.125
2025-12-22T17:30:00Z,2.69,60.7,56.3,0.0781,4.7,136.0,105.0,91.0,5.5,11.3,147.0,0.167
2025-12-22T18:30:00Z,1.52,53.0,12.3,0.0382,,111.0,91.5,92.0,2.85,10.9,59.5,0.15
2025-12-22T19:30:00Z,1.56,50.7,26.0,0.0481,7.2,109.0,82.8,92.3,3.1,10.8,104.0,0.125
2025-12-22T20:30:00Z,1.06,34.3,1.07,0.0191,16.3,104.0,73.0,92.0,2.97,11.0,300.0,0.2
2025-12-22T21:30:00Z,1.04,27.5,0.875,0.0154,16.9,96.3,71.5,92.0,3.28,10.8,242.0,0.2
2025-12-22T22:30:00Z,0.993,25.8,1.28,0.0148,15.1,93.0,69.5,92.0,3.68,10.7,310.0,0.225
2025-12-22T23:30:00Z,0.963,26.6,1.03,0.015,11.1,87.5,65.5,92.0,3.48,10.4,315.0,0.2
2025-12-23T00:30:00Z,1.01,33.3,2.98,0.0202,7.1,76.0,60.0,92.0,3.6,10.3,318.0,0.2
2025-12-23T01:30:00Z,1.22,41.4,10.1,0.0302,7.97,79.3,62.0,92.0,3.67,10.8,323.0,0.3
2025-12-23T02:30:00Z,1.19,42.5,9.7,0.0305,16.5,92.5,70.3,88.5,5.63,13.1,319.0,0.4
2025-12-23T03:30:00Z,1.03,33.7,6.0,0.0228,35.4,100.0,68.8,76.8,11.5,15.5,312.0,0.5
2025-12-23T04:30:00Z,1.13,33.2,6.53,0.023,46.9,97.5,65.8,72.5,10.6,17.2,313.0,0.575
2025-12-23T05:30:00Z,1.38,27.2,3.35,0.0172,72.4,91.3,65.5,67.8,10.7,19.0,321.0,0.65
2025-12-23T06:30:00Z,1.72,24.4,2.7,0.0152,90.9,86.0,60.0,67.0,11.3,20.2,305.0,0.75
2025-12-23T07:30:00Z,1.73,25.1,2.68,0.0155,96.7,,,64.0,11.1,20.7,327.0,0.675
2025-12-23T08:30:00Z,1.65,24.5,2.48,0.0151,100.0,72.0,56.0,61.3,9.63,21.4,319.0,0.65
2025-12-23T09:30:00Z,1.53,22.9,2.33,0.0141,101.0,68.0,51.3,59.3,8.0,22.0,311.0,0.533
2025-12-23T10:30:00Z,1.7,31.0,1.2,0.0175,87.4,57.5,40.0,68.5,7.6,19.8,310.0,0.475
2025-12-23T11:30:00Z,1.95,45.4,1.83,0.0256,49.1,63.0,45.3,77.0,6.65,17.3,330.0,0.275
2025-12-23T12:30:00Z,2.1,55.0,1.53,0.0305,30.1,75.0,57.0,82.7,6.2,15.8,292.0,0.167
2025-12-23T13:30:00Z,2.29,58.4,2.0,0.0327,21.4,100.0,73.3,86.0,6.13,15.0,308.0,0.267
2025-12-23T14:30:00Z,2.04,42.0,1.68,0.0238,30.1,114.0,76.5,87.0,6.1,14.6,312.0,0.325
2025-12-23T15:30:00Z,1.98,37.7,1.63,0.0214,27.6,91.5,73.0,88.3,5.88,14.1,310.0,0.325
2025-12-23T16:30:00Z,1.95,34.3,1.5,0.0194,21.3,86.8,71.5,90.0,5.75,13.5,310.0,0.35
2025-12-23T17:30:00Z,1.84,30.7,1.47,0.0175,19.1,86.3,67.7,91.0,5.7,13.1,241.0,0.3
2025-12-23T18:30:00Z,1.57,23.6,0.8,0.0132,,87.5,68.0,92.0,4.9,12.3,302.0,0.25
2025-12-23T19:30:00Z,1.58,23.3,1.0,0.0132,18.2,82.0,62.3,92.3,4.8,12.3,318.0,0.25
2025-12-23T20:30:00Z,1.76,27.7,1.07,0.0156,17.1,79.8,59.0,93.0,4.83,12.1,339.0,0.425
2025-12-23T21:30:00Z,1.68,24.4,1.4,0.0142,19.1,75.3,57.8,93.5,4.93,11.7,332.0,0.325
2025-12-23T22:30:00Z,1.56,19.3,1.3,0.0113,23.0,57.7,46.7,94.0,5.2,11.8,324.0,0.3
2025-12-23T23:30:00Z,1.55,19.6,1.68,0.0118,19.6,52.0,44.0,94.0,4.65,11.5,336.0,0.325
2025-12-24T00:30:00Z,1.56,21.5,1.5,0.0127,16.5,61.8,44.3,94.0,4.6,11.1,320.0,0.25
2025-12-24T01:30:00Z,1.59,25.6,3.3,0.0163,13.0,64.0,43.5,94.5,4.73,10.7,332.0,0.375
2025-12-24T02:30:00Z,1.59,26.5,6.2,0.0192,14.3,58.0,45.0,95.0,4.8,11.0,311.0,0.367
2025-12-24T03:30:00Z,1.51,30.1,6.47,0.0213,28.0,67.3,45.7,94.0,5.6,12.7,324.0,0.5
2025-12-24T04:30:00Z,1.34,23.4,3.05,0.0149,60.6,57.3,41.8,71.5,6.03,16.3,317.0,0.65
2025-12-24T05:30:00Z,1.34,20.8,1.8,0.0125,95.1,45.0,33.0,62.0,6.3,18.9,311.0,0.9
2025-12-24T06:30:00Z,1.34,20.7,1.85,0.0125,108.0,45.0,33.0,64.0,6.55,19.4,309.0,0.9
2025-12-24T08:30:00Z,1.29,19.5,1.25,0.0114,121.0,49.0,31.0,57.5,5.85,20.0,301.0,0.9
2025-12-24T09:30:00Z,1.3,21.9,1.68,0.013,122.0,48.3,30.0,56.8,6.48,19.9,306.0,0.8
2025-12-24T10:30:00Z,1.44,29.9,1.5,0.0171,105.0,55.5,34.8,63.0,7.88,18.4,321.0,0.4
2025-12-24T11:30:00Z,1.72,46.9,1.75,0.0263,73.2,73.0,47.8,70.0,6.05,16.2,304.0,0.2
2025-12-24T12:30:00Z,1.95,73.8,1.6,0.0406,35.7,88.0,62.8,74.0,4.9,14.8,301.0,0.225
2025-12-24T13:30:00Z,1.89,65.9,1.8,0.0364,41.5,96.5,74.8,75.3,4.53,14.2,281.0,0.225
2025-12-24T14:30:00Z,2.4,95.7,19.6,0.0668,7.57,100.0,80.3,80.0,4.73,13.2,217.0,0.133
2025-12-24T15:30:00Z,2.41,78.1,6.15,0.0465,9.38,99.0,79.3,84.0,4.3,12.1,243.0,0.125
2025-12-24T16:30:00Z,2.41,74.0,17.3,0.0534,8.55,105.0,86.5,87.0,4.08,11.7,95.3,0.125
2025-12-24T17:30:00Z,2.0,62.9,4.0,0.0367,10.3,119.0,96.7,88.3,4.05,11.1,314.0,0.167
2025-12-24T18:30:00Z,2.35,58.4,36.9,0.061,,113.0,93.0,90.0,4.45,10.5,66.5,0.15
2025-12-24T19:30:00Z,2.02,52.5,29.5,0.0519,6.23,112.0,93.0,91.0,4.6,10.4,67.8,0.175
2025-12-24T20:30:00Z,,38.2,4.6,0.024,5.28,110.0,93.5,91.0,3.87,9.68,187.0,0.125
2025-12-24T21:30:00Z,,27.7,16.0,0.0277,4.85,102.0,89.5,92.0,4.1,9.03,121.0,0.175
2025-12-24T22:30:00Z,1.46,30.0,29.3,0.0398,4.9,84.8,75.5,92.3,4.3,8.93,74.5,0.25
2025-12-24T23:30:00Z,1.26,34.1,15.2,0.0305,4.7,78.0,65.7,92.3,4.33,8.83,146.0,0.2
2025-12-25T00:30:00Z,1.67,33.0,98.7,0.0978,4.75,73.0,59.5,93.0,4.83,8.4,129.0,0.225
2025-12-25T01:30:00Z,1.32,42.7,68.7,0.0786,4.85,70.0,57.8,93.0,5.3,8.8,203.0,0.225
2025-12-25T02:30:00Z,1.44,52.8,28.2,0.051,7.73,73.8,57.8,93.0,4.43,10.0,296.0,0.2
2025-12-25T03:30:00Z,1.83,71.2,20.8,0.0548,11.8,86.0,62.7,87.3,4.87,11.9,242.0,0.3
2025-12-25T04:30:00Z,1.88,49.0,28.9,0.0495,8.2,160.0,126.0,87.8,7.23,10.7,172.0,0.575
2025-12-25T05:30:00Z,1.77,35.3,17.0,0.0326,10.7,181.0,149.0,90.5,6.8,10.9,181.0,0.575
2025-12-25T06:30:00Z,1.67,37.6,11.2,0.0291,14.6,145.0,124.0,87.3,6.1,12.3,248.0,0.35
2025-12-25T07:30:00Z,1.79,43.6,12.2,0.0331,18.5,156.0,132.0,83.7,7.23,13.3,189.0,0.4
2025-12-25T08:30:00Z,1.72,45.2,9.48,0.0318,29.5,189.0,162.0,78.8,8.5,14.4,234.0,0.3
2025-12-25T09:30:00Z,1.8,50.2,6.85,0.0323,31.1,191.0,169.0,79.0,9.53,14.6,192.0,0.425
2025-12-25T10:30:00Z,1.86,50.9,7.28,0.033,17.8,181.0,157.0,84.5,9.25,13.0,178.0,0.425
2025-12-25T11:30:00Z,2.11,59.7,11.9,0.0414,11.2,162.0,130.0,87.8,6.08,12.0,181.0,0.35
2025-12-25T12:30:00Z,2.31,66.0,22.8,0.0537,6.08,154.0,123.0,88.5,5.55,11.9,189.0,0.25
2025-12-25T13:30:00Z,2.37,65.0,28.2,0.0575,5.5,163.0,129.0,89.0,5.1,11.8,170.0,0.275
2025-12-25T14:30:00Z,2.57,63.4,41.8,0.0677,5.23,154.0,121.0,90.0,5.03,11.5,146.0,0.175
2025-12-25T15:30:00Z,2.41,49.6,46.3,0.064,4.8,150.0,119.0,90.7,4.53,11.0,96.7,0.167
2025-12-25T16:30:00Z,2.37,41.4,48.3,0.0613,4.63,138.0,108.0,91.7,4.13,10.6,317.0,0.1
2025-12-25T17:30:00Z,2.53,47.0,54.1,0.069,4.3,130.0,101.0,92.0,4.0,10.7,205.0,0.1
2025-12-25T18:30:00Z,1.74,29.9,23.8,0.0353,,128.0,103.0,92.0,5.25,10.3,153.0,0.15
2025-12-25T19:30:00Z,1.73,25.3,25.6,0.0343,5.03,121.0,97.3,92.3,5.25,9.93,121.0,0.15
2025-12-25T20:30:00Z,,30.4,18.3,0.031,4.9,118.0,92.5,93.0,5.1,10.1,84.8,0.175
2025-12-25T21:30:00Z,,25.9,5.8,0.0185,5.4,113.0,87.5,93.0,5.03,9.98,308.0,0.15
2025-12-25T22:30:00Z,,23.2,5.4,0.0167,5.0,108.0,80.5,93.0,4.93,9.98,163.0,0.15
2025-12-25T23:30:00Z,,27.4,9.85,0.0226,5.5,114.0,87.5,93.8,4.78,9.93,48.3,0.1
2025-12-26T00:30:00Z,,34.8,13.5,0.0295,5.5,131.0,101.0,94.0,5.33,10.2,88.3,0.1
2025-12-26T01:30:00Z,,36.5,25.6,0.0402,5.4,149.0,108.0,94.0,6.18,10.3,261.0,0.175
2025-12-26T02:30:00Z,,54.2,28.6,0.0521,6.05,171.0,121.0,94.0,7.18,11.5,277.0,0.175
2025-12-26T03:30:00Z,,65.1,19.5,0.0505,10.2,193.0,131.0,92.5,8.98,12.3,294.0,0.2
2025-12-26T04:30:00Z,1.79,66.9,10.2,0.0438,35.1,195.0,137.0,83.0,15.0,14.1,315.0,0.4
2025-12-26T05:30:00Z,1.62,45.5,3.43,0.027,59.7,209.0,161.0,77.3,20.8,15.5,328.0,0.325
2025-12-26T06:30:00Z,1.43,34.6,2.15,0.0202,84.3,211.0,163.0,72.5,29.8,16.3,314.0,0.45
2025-12-26T07:30:00Z,1.39,36.0,1.95,0.0207,100.0,186.0,140.0,66.3,42.4,17.4,321.0,0.525
2025-12-26T08:30:00Z,1.33,33.1,1.6,0.0189,117.0,168.0,126.0,63.5,30.5,18.6,305.0,0.4
2025-12-26T09:30:00Z,1.28,37.3,1.63,0.0212,104.0,141.0,107.0,66.3,44.3,18.8,294.0,0.325
2025-12-26T10:30:00Z,1.73,89.6,3.9,0.0509,44.8,162.0,108.0,72.8,69.2,16.8,268.0,0.175
2025-12-26T11:30:00Z,2.48,104.0,36.8,0.0853,13.6,193.0,124.0,80.8,15.5,14.0,12.3,0.15
2025-12-26T12:30:00Z,4.07,111.0,171.0,0.198,5.35,179.0,132.0,86.8,10.5,12.7,43.0,0.125
2025-12-26T13:30:00Z,3.23,92.7,76.4,0.111,5.0,204.0,149.0,89.3,8.05,12.1,330.0,0.1
2025-12-26T14:30:00Z,3.65,74.9,98.7,0.12,4.9,216.0,156.0,90.5,6.9,11.5,194.0,0.15
2025-12-26T15:30:00Z,3.49,74.4,115.0,0.133,4.08,208.0,153.0,91.3,7.45,11.3,136.0,0.1
2025-12-26T16:30:00Z,2.82,57.1,64.8,0.0831,4.55,195.0,143.0,92.0,6.08,10.5,98.0,0.125
2025-12-26T17:30:00Z,2.24,46.4,38.0,0.0555,4.7,179.0,133.0,92.0,5.0,9.97,147.0,0.133
2025-12-26T18:30:00Z,1.95,31.6,38.9,0.0484,,171.0,138.0,93.0,3.15,8.95,25.0,0.15
2025-12-26T19:30:00Z,1.8,29.5,37.7,0.0463,4.9,171.0,138.0,93.0,3.0,8.75,21.0,0.15
2025-12-26T21:30:00Z,,27.1,4.4,0.018,5.47,126.0,100.0,94.0,2.13,8.1,224.0,0.167
2025-12-26T22:30:00Z,,23.7,4.68,0.0164,5.15,111.0,88.3,94.0,2.25,7.7,102.0,0.1
2025-12-26T23:30:00Z,,24.0,6.7,0.0182,4.6,101.0,83.5,94.0,2.18,7.13,321.0,0.15
2025-12-27T00:30:00Z,,29.7,7.93,0.0222,4.73,88.7,74.7,94.0,1.87,6.93,242.0,0.2
2025-12-27T01:30:00Z,,29.0,16.9,0.0292,5.35,76.8,63.8,94.0,2.03,6.93,233.0,0.175
2025-12-27T02:30:00Z,,32.7,29.6,0.0415,6.48,69.0,59.0,95.0,2.35,7.7,265.0,0.225
2025-12-27T03:30:00Z,,72.2,37.6,0.0689,12.4,88.3,70.3,94.8,3.5,9.9,289.0,0.225
2025-12-27T04:30:00Z,1.82,70.8,7.75,0.0439,49.4,112.0,79.0,83.0,6.88,13.5,291.0,0.45
2025-12-27T05:30:00Z,1.8,60.3,4.95,0.0361,84.0,128.0,,70.3,18.5,16.0,255.0,0.4
2025-12-27T06:30:00Z,1.87,62.7,4.38,0.0369,82.9,153.0,132.0,69.8,21.4,17.0,281.0,0.5
2025-12-27T07:30:00Z,1.74,55.9,5.03,0.0339,72.2,157.0,126.0,70.7,14.4,16.5,298.0,0.567
2025-12-27T08:30:00Z,1.48,36.9,2.45,0.0216,88.7,136.0,104.0,66.3,15.5,17.8,309.0,0.5
2025-12-27T09:30:00Z,1.42,33.4,2.03,0.0194,94.6,114.0,85.0,68.3,15.7,17.2,307.0,0.5
2025-12-27T10:30:00Z,1.49,33.7,1.53,0.0192,85.3,93.8,71.0,73.3,8.13,15.4,321.0,0.3
2025-12-27T11:30:00Z,2.14,75.3,21.7,0.0576,26.5,94.3,77.0,80.3,5.88,13.5,243.0,0.15
2025-12-27T12:30:00Z,2.25,90.7,20.5,0.0649,7.25,112.0,89.5,84.8,5.13,12.5,257.0,0.15
2025-12-27T13:30:00Z,2.98,97.2,73.1,0.111,5.4,131.0,99.0,87.8,5.78,11.8,196.0,0.125
2025-12-27T14:30:00Z,3.48,85.6,128.0,0.15,4.83,146.0,107.0,89.3,6.9,11.9,189.0,0.15
2025-12-27T15:30:00Z,3.9,74.7,160.0,0.17,5.25,154.0,109.0,90.0,6.85,11.9,78.5,0.2
2025-12-27T16:30:00Z,3.07,58.1,63.7,0.0827,5.3,145.0,113.0,90.0,5.8,11.0,312.0,0.2
2025-12-27T17:30:00Z,2.84,55.7,63.7,0.0814,4.93,145.0,114.0,91.0,5.8,10.7,228.0,0.133
2025-12-27T18:30:00Z,2.38,45.1,58.2,0.0713,,139.0,120.0,92.0,4.75,9.95,195.0,0.2
2025-12-27T19:30:00Z,2.11,38.3,36.4,0.0499,4.47,137.0,114.0,92.3,4.15,9.13,188.0,0.2
2025-12-27T20:30:00Z,,28.8,24.1,0.0349,4.45,131.0,105.0,93.0,3.97,8.65,45.8,0.175
2025-12-27T21:30:00Z,,26.4,11.8,0.0237,4.95,118.0,93.3,93.0,3.13,8.2,198.0,0.225
2025-12-27T22:30:00Z,,23.3,22.3,0.0305,4.25,105.0,82.5,93.0,3.5,7.63,133.0,0.1
2025-12-27T23:30:00Z,1.36,21.3,11.4,0.0206,4.75,98.5,77.8,93.8,3.18,7.3,262.0,0.1
2025-12-28T00:30:00Z,1.61,24.4,76.9,0.0755,4.7,99.5,77.0,94.0,4.08,7.2,43.0,0.125
2025-12-28T01:30:00Z,1.63,24.4,50.8,0.0542,4.95,104.0,78.5,94.0,4.38,7.4,132.0,0.15
2025-12-28T02:30:00Z,1.79,48.7,55.9,0.0713,8.48,120.0,83.8,95.0,4.4,9.35,235.0,0.15
2025-12-28T03:30:00Z,1.44,55.1,6.15,0.0343,41.6,122.0,81.3,89.5,6.23,11.8,268.0,0.25
2025-12-28T04:30:00Z,1.44,47.7,2.93,0.0278,93.2,109.0,77.0,71.0,10.6,14.7,307.0,0.425
2025-12-28T05:30:00Z,1.48,36.9,1.73,0.0211,135.0,116.0,89.3,65.0,11.4,16.4,320.0,0.5
2025-12-28T06:30:00Z,1.4,24.5,1.68,0.0145,138.0,111.0,84.8,64.8,10.9,17.7,333.0,0.475
2025-12-28T07:30:00Z,1.26,23.6,1.38,0.0137,133.0,87.5,65.8,57.5,10.4,18.7,252.0,0.575
2025-12-28T08:30:00Z,1.3,26.9,1.23,0.0153,128.0,70.5,53.3,54.8,11.6,19.1,314.0,0.825
2025-12-28T09:30:00Z,1.34,29.2,1.4,0.0167,134.0,67.0,47.0,58.5,9.4,19.3,318.0,0.55
2025-12-28T11:30:00Z,2.16,81.8,1.6,0.0448,26.9,108.0,78.0,81.0,7.0,13.2,36.0,0.2
2025-12-28T12:30:00Z,2.69,113.0,51.4,0.102,5.7,132.0,99.8,84.5,7.35,12.8,146.0,0.1
2025-12-28T13:30:00Z,2.61,96.8,21.8,0.0692,5.15,153.0,119.0,88.0,6.7,11.7,330.0,0.125
2025-12-28T14:30:00Z,3.82,93.4,84.5,0.118,5.38,156.0,126.0,90.0,7.6,11.4,49.3,0.125
2025-12-28T15:30:00Z,3.67,91.5,87.6,0.12,5.05,193.0,150.0,90.3,8.38,11.9,135.0,0.25
2025-12-28T16:30:00Z,2.77,75.4,30.3,0.0647,4.78,197.0,146.0,89.3,7.23,11.4,130.0,0.175
2025-12-28T17:30:00Z,2.47,57.4,32.6,0.0571,4.43,168.0,129.0,90.3,5.95,10.7,340.0,0.133
2025-12-28T18:30:00Z,2.12,38.6,46.8,0.0586,,151.0,125.0,92.0,3.05,9.55,57.0,0.2
2025-12-28T19:30:00Z,1.99,39.2,41.8,0.0548,4.9,150.0,120.0,92.0,3.15,9.03,97.0,0.175
2025-12-28T20:30:00Z,2.08,33.4,27.5,0.0401,4.73,142.0,113.0,93.0,3.63,9.28,204.0,0.225
2025-12-28T21:30:00Z,1.95,46.5,12.1,0.0346,5.18,143.0,115.0,93.5,3.13,9.48,145.0,0.4
2025-12-28T22:30:00Z,1.64,44.9,4.18,0.0273,6.75,145.0,114.0,94.0,3.1,9.28,147.0,0.4
2025-12-28T23:30:00Z,1.28,34.4,3.6,0.0212,8.45,129.0,98.3,93.8,3.35,8.28,157.0,0.425
2025-12-29T00:30:00Z,1.31,32.5,13.5,0.0283,8.8,106.0,80.0,94.0,3.1,8.0,123.0,0.267
2025-12-29T01:30:00Z,1.89,38.5,17.7,0.0348,8.45,94.5,76.3,94.8,3.05,9.05,151.0,0.525
2025-12-29T02:30:00Z,1.53,36.4,9.8,0.0273,11.1,124.0,88.5,95.0,3.05,9.45,231.0,0.475
2025-12-29T03:30:00Z,1.7,45.6,8.08,0.0308,13.3,155.0,93.8,94.8,3.63,10.0,223.0,0.375
2025-12-29T04:30:00Z,1.58,47.0,7.75,0.0313,16.4,190.0,107.0,94.0,5.55,10.5,240.0,0.35
2025-12-29T05:30:00Z,1.79,53.2,8.57,0.0353,20.2,213.0,124.0,92.3,8.25,11.2,196.0,0.367
2025-12-29T06:30:00Z,2.15,57.6,10.6,0.0392,38.7,233.0,159.0,83.3,14.4,12.5,201.0,0.367
2025-12-29T07:30:00Z,2.05,59.0,5.55,0.0358,56.8,240.0,185.0,78.0,17.0,14.1,308.0,0.725
2025-12-29T08:30:00Z,2.02,55.7,4.43,0.0332,58.8,232.0,178.0,76.3,14.0,14.8,304.0,0.4
2025-12-29T09:30:00Z,2.04,61.4,4.08,0.036,58.0,227.0,170.0,76.8,11.8,14.9,305.0,0.325
2025-12-29T10:30:00Z,2.08,62.9,3.2,0.0361,32.2,217.0,166.0,81.3,8.93,13.7,314.0,0.375
2025-12-29T11:30:00Z,2.35,62.3,18.7,0.0483,8.28,194.0,152.0,87.5,5.53,11.7,172.0,0.1
2025-12-29T12:30:00Z,2.65,59.4,36.3,0.061,4.63,172.0,133.0,90.5,4.83,10.7,327.0,0.15
2025-12-29T13:30:00Z,2.81,54.3,45.6,0.066,5.5,166.0,128.0,91.0,4.9,10.2,334.0,0.2
2025-12-30T00:30:00Z,,,,,,,,,,9.6,,
2025-12-30T01:30:00Z,1.3,35.7,6.2,0.0241,6.0,136.0,80.0,95.0,7.7,9.8,251.0,0.333
2025-12-30T02:30:00Z,1.44,45.7,13.8,0.0355,6.65,162.0,87.5,95.0,7.9,9.85,315.0,0.3
2025-12-30T03:30:00Z,1.54,48.1,14.7,0.0376,8.93,168.0,89.5,94.5,9.95,10.0,247.0,0.325
2025-12-30T04:30:00Z,1.87,56.3,18.7,0.0451,11.0,190.0,107.0,93.0,15.7,10.6,209.0,0.45
2025-12-30T05:30:00Z,2.11,61.7,17.9,0.0474,27.5,214.0,143.0,85.0,19.8,12.0,264.0,0.35
2025-12-30T06:30:00Z,2.22,66.5,9.98,0.0435,56.2,219.0,167.0,76.0,22.7,14.4,341.0,0.5
2025-12-30T08:30:00Z,1.93,55.4,4.2,0.0329,77.4,185.0,138.0,69.5,16.9,16.0,327.0,0.7
2025-12-30T09:30:00Z,1.72,44.7,3.53,0.0266,62.5,139.0,104.0,73.5,11.9,15.4,322.0,0.575
2025-12-30T10:30:00Z,1.89,45.3,2.0,0.0257,61.9,113.0,101.0,77.5,7.83,14.1,325.0,0.325
2025-12-30T11:30:00Z,2.25,75.9,12.9,0.0509,19.7,120.0,112.0,84.8,5.45,12.3,312.0,0.1
2025-12-30T12:30:00Z,3.01,79.8,71.5,0.101,4.35,134.0,110.0,89.3,4.85,11.3,131.0,0.1
2025-12-30T13:30:00Z,2.6,72.9,37.9,0.0695,4.85,140.0,112.0,91.0,4.38,10.8,328.0,0.15
2025-12-30T14:30:00Z,3.58,70.4,118.0,0.133,4.98,147.0,116.0,92.3,5.25,10.5,87.5,0.15
2025-12-30T15:30:00Z,3.27,63.7,52.2,0.0763,5.15,161.0,127.0,92.0,4.33,10.4,183.0,0.175
2025-12-30T16:30:00Z,2.75,56.7,31.4,0.0557,4.9,166.0,128.0,92.0,3.67,9.8,167.0,0.2
2025-12-30T17:30:00Z,2.25,58.7,22.4,0.0494,4.9,155.0,120.0,92.0,3.75,9.87,214.0,0.3
2025-12-30T18:30:00Z,1.62,48.7,6.45,0.0312,,183.0,134.0,93.0,7.85,10.3,203.0,0.35
2025-12-30T19:30:00Z,1.46,40.3,2.1,0.0232,12.0,193.0,125.0,93.3,7.15,10.4,194.0,0.375
2025-12-30T20:30:00Z,,35.9,1.87,0.0206,12.8,191.0,109.0,94.0,6.87,10.5,190.0,0.475
2025-12-30T21:30:00Z,,33.9,1.0,0.0189,13.7,187.0,108.0,94.0,7.43,10.6,198.0,0.3
2025-12-30T22:30:00Z,,33.3,1.53,0.0189,17.0,196.0,117.0,94.0,9.13,10.9,175.0,0.25
2025-12-30T23:30:00Z,,32.1,1.9,0.0186,19.0,182.0,113.0,93.8,8.88,11.2,192.0,0.3
2025-12-31T00:30:00Z,,27.7,1.6,0.016,30.7,173.0,108.0,92.7,9.0,11.3,189.0,0.567
2025-12-31T01:30:00Z,,27.9,1.73,0.0162,32.0,165.0,113.0,90.0,8.25,11.6,190.0,0.575
2025-12-31T02:30:00Z,2.03,53.9,17.0,0.0425,26.4,170.0,135.0,87.8,9.4,12.3,187.0,0.775
2025-12-31T03:30:00Z,1.79,33.1,3.58,0.0206,28.4,175.0,147.0,85.8,9.28,12.1,186.0,0.95
2025-12-31T04:30:00Z,1.69,31.0,4.6,0.0202,30.6,167.0,141.0,84.0,9.9,12.4,186.0,0.967
2025-12-31T05:30:00Z,1.71,27.8,3.25,0.0174,41.2,161.0,129.0,81.0,11.9,12.9,173.0,1.03
2025-12-31T06:30:00Z,1.67,26.7,3.5,0.0171,53.2,162.0,123.0,77.0,13.1,13.5,175.0,1.1
2025-12-31T07:30:00Z,1.74,35.9,5.93,0.0239,53.7,153.0,114.0,75.8,13.3,13.9,173.0,1.0
2025-12-31T08:30:00Z,1.8,33.8,5.95,0.0229,58.6,145.0,114.0,75.0,11.1,14.1,177.0,0.9
2025-12-31T09:30:00Z,1.91,38.2,4.08,0.0236,50.5,142.0,117.0,75.8,9.28,14.0,178.0,0.675
2025-12-31T10:30:00Z,2.08,51.5,4.15,0.0307,33.8,141.0,116.0,77.8,9.65,13.6,181.0,0.475
2025-12-31T11:30:00Z,2.47,71.9,13.8,0.0494,12.4,152.0,122.0,80.5,8.4,13.0,174.0,0.3
2025-12-31T12:30:00Z,2.68,72.0,22.4,0.0565,7.23,161.0,126.0,83.3,6.9,12.6,193.0,0.225
2025-12-31T13:30:00Z,3.05,73.0,44.1,0.0747,5.67,168.0,134.0,84.3,6.8,12.3,189.0,0.267
2025-12-31T14:30:00Z,2.62,65.0,18.8,0.0498,5.83,187.0,148.0,86.5,5.85,11.7,181.0,0.35
2025-12-31T15:30:00Z,2.45,55.7,11.8,0.0393,6.83,182.0,138.0,86.5,6.53,11.5,169.0,0.475
2025-12-31T16:30:00Z,2.14,47.0,6.4,0.0302,15.1,179.0,126.0,85.3,7.3,11.5,175.0,0.425
2025-12-31T17:30:00Z,1.63,31.2,1.9,0.0182,37.8,157.0,113.0,82.3,7.55,11.7,182.0,0.7
2025-12-31T18:30:00Z,1.38,26.3,0.85,0.0147,,118.0,104.0,84.5,6.7,11.0,177.0,0.9
2025-12-31T19:30:00Z,1.39,27.3,1.45,0.0157,37.7,123.0,106.0,85.8,7.0,10.8,175.0,0.85
2025-12-31T20:30:00Z,1.64,27.6,1.57,0.016,37.2,135.0,111.0,86.5,6.53,10.7,170.0,0.9
2025-12-31T21:30:00Z,1.6,24.4,1.45,0.0142,38.1,139.0,113.0,86.3,6.63,10.6,193.0,0.475
2025-12-31T22:30:00Z,1.65,25.9,1.63,0.0151,31.8,139.0,115.0,88.0,7.07,10.4,157.0,0.6
2025-12-31T23:30:00Z,1.61,23.6,1.85,0.014,41.5,138.0,113.0,85.8,7.68,10.9,165.0,0.8
2026-01-01T00:30:00Z,1.63,26.5,2.4,0.016,37.3,131.0,110.0,85.0,7.65,11.1,177.0,0.6
2026-01-01T01:30:00Z,1.64,28.3,2.03,0.0167,30.0,124.0,106.0,84.8,8.03,11.0,180.0,0.575
2026-01-01T02:30:00Z,1.84,33.3,6.1,0.0227,24.8,123.0,101.0,86.8,8.6,11.1,167.0,0.75
2026-01-01T03:30:00Z,2.02,43.9,8.7,0.0304,25.1,131.0,109.0,87.3,7.78,11.3,169.0,0.55
2026-01-01T04:30:00Z,1.91,38.5,5.0,0.0245,38.4,138.0,117.0,83.5,8.7,12.2,175.0,0.625
2026-01-01T05:30:00Z,1.9,37.8,3.43,0.0229,43.2,137.0,116.0,80.8,8.67,12.9,180.0,0.575
2026-01-01T06:30:00Z,1.79,40.4,1.98,0.0231,40.3,130.0,114.0,82.5,8.08,13.1,244.0,0.275
2026-01-01T07:30:00Z,1.82,42.5,2.9,0.025,42.0,124.0,109.0,81.0,8.4,13.4,209.0,0.325
2026-01-01T08:30:00Z,1.93,44.4,6.65,0.029,39.3,133.0,113.0,78.3,9.3,13.8,160.0,0.45
2026-01-01T09:30:00Z,1.86,41.9,4.3,0.0258,36.8,144.0,114.0,76.7,9.03,14.5,275.0,0.233
2026-01-01T10:30:00Z,2.15,58.0,4.63,0.0346,23.9,139.0,111.0,80.8,7.55,13.9,233.0,0.125
2026-01-01T11:30:00Z,3.31,94.0,79.5,0.115,4.47,144.0,121.0,88.7,6.03,11.9,127.0,0.1
2026-01-01T12:30:00Z,3.83,86.0,132.0,0.153,4.78,164.0,133.0,91.0,6.43,11.3,250.0,0.1
2026-01-01T13:30:00Z,2.86,54.8,56.2,0.0748,4.68,177.0,129.0,92.3,5.15,10.9,327.0,0.1
2026-01-01T14:30:00Z,2.86,49.3,39.8,0.0587,5.15,169.0,119.0,93.0,4.98,11.1,301.0,0.2
2026-01-01T15:30:00Z,2.13,45.3,9.43,0.0317,4.98,,117.0,,5.05,11.2,319.0,0.225
2026-01-01T16:30:00Z,1.94,39.2,3.73,0.0239,7.3,,105.0,,4.9,11.2,297.0,0.2
2026-01-01T17:30:00Z,1.65,30.5,1.4,0.0174,13.5,,99.5,,4.95,11.2,316.0,0.3
2026-01-01T18:30:00Z,1.52,32.4,1.65,0.0186,,,104.0,,5.0,11.2,326.0,0.35
2026-01-01T19:30:00Z,1.63,35.8,2.05,0.0207,7.2,,108.0,,5.05,11.2,310.0,0.3
2026-01-01T20:30:00Z,,32.7,1.17,0.0183,7.25,,112.0,,5.23,11.2,305.0,0.2
2026-01-01T21:30:00Z,,29.3,2.0,0.0172,7.28,,110.0,,5.2,11.2,318.0,0.2
2026-01-01T22:30:00Z,,27.0,1.85,0.0159,7.63,,107.0,,5.3,11.2,314.0,0.2
2026-01-01T23:30:00Z,,25.8,2.2,0.0155,8.93,,105.0,,5.65,11.3,311.0,0.2
2026-01-02T00:30:00Z,,24.1,2.43,0.0148,20.5,,93.5,,5.7,10.8,314.0,0.175
2026-01-02T01:30:00Z,,27.7,2.33,0.0167,12.8,,70.0,,5.2,10.2,292.0,0.1
2026-01-02T02:30:00Z,1.68,31.9,8.65,0.024,12.4,,68.8,,5.4,10.8,305.0,0.275
2026-01-02T03:30:00Z,1.32,22.0,3.2,0.0143,31.2,,75.3,,5.6,11.0,311.0,0.525
2026-01-02T04:30:00Z,1.47,23.3,3.7,0.0154,27.7,,74.5,,6.7,11.6,318.0,0.45
2026-01-02T05:30:00Z,1.53,20.8,2.47,0.0131,38.5,,75.3,,6.6,11.4,303.0,0.5
2026-01-02T06:30:00Z,1.51,18.5,1.83,0.0114,42.9,,71.3,,5.4,11.7,309.0,0.475
2026-01-02T07:30:00Z,1.59,19.6,1.75,0.0118,42.9,,65.0,,5.1,12.0,317.0,0.35
2026-01-02T09:30:00Z,1.64,20.9,2.2,0.0129,39.9,,68.0,,4.6,11.9,331.0,0.3
2026-01-02T10:30:00Z,1.56,20.7,1.58,0.0123,44.1,,68.5,,4.45,11.8,301.0,0.25
2026-01-02T11:30:00Z,1.69,33.1,1.85,0.0191,31.5,100.0,70.3,82.0,3.5,11.6,312.0,0.25
2026-01-02T12:30:00Z,1.83,39.5,1.65,0.0224,22.2,96.0,69.0,82.0,3.88,11.4,307.0,0.125
2026-01-02T13:30:00Z,1.85,43.3,2.23,0.0249,20.1,98.8,70.8,82.0,3.78,11.4,319.0,0.175
2026-01-02T14:30:00Z,1.76,39.3,3.9,0.0241,24.4,103.0,73.5,82.0,3.8,11.5,104.0,0.175
2026-01-02T15:30:00Z,1.48,22.3,1.3,0.0129,38.4,95.5,68.3,82.0,3.58,11.5,303.0,0.2
2026-01-02T16:30:00Z,1.48,25.2,1.33,0.0145,34.2,96.0,68.3,82.0,4.28,11.5,242.0,0.15
2026-01-02T17:30:00Z,1.45,31.5,2.6,0.0189,26.1,100.0,72.0,82.0,5.1,11.7,172.0,0.2
2026-01-02T19:30:00Z,,,,,31.5,84.5,60.5,82.0,,11.4,326.0,0.2
2026-01-02T20:30:00Z,1.51,20.8,0.933,0.0118,29.5,81.3,58.0,82.0,5.33,11.3,250.0,0.125
2026-01-02T21:30:00Z,1.61,20.5,1.38,0.0121,20.6,81.8,58.5,82.0,5.2,11.0,307.0,0.3
2026-01-02T22:30:00Z,1.56,18.7,1.95,0.0115,32.6,86.0,61.0,82.0,4.4,10.5,298.0,0.325
2026-01-02T23:30:00Z,1.46,15.4,1.48,0.0094,47.7,79.8,56.8,82.0,4.33,10.4,303.0,0.425
2026-01-03T00:30:00Z,1.49,17.8,1.2,0.0104,30.9,77.5,55.3,82.0,3.9,10.0,313.0,0.4
2026-01-03T01:30:00Z,1.48,20.0,1.2,0.0116,30.6,78.3,56.0,82.0,4.23,10.2,299.0,0.35
2026-01-03T02:30:00Z,1.48,23.7,2.05,0.0143,34.3,79.3,56.8,82.0,5.48,10.5,299.0,0.375
2026-01-03T03:30:00Z,1.39,19.3,2.03,0.0119,44.8,85.0,57.3,82.0,5.83,10.8,298.0,0.4
2026-01-03T04:30:00Z,1.42,22.2,3.23,0.0144,51.6,,,,6.7,11.4,138.0,0.35
2026-01-03T05:30:00Z,1.5,23.5,4.03,0.0158,45.5,98.0,62.0,,9.6,11.6,245.0,0.325
2026-01-03T06:30:00Z,1.6,30.7,4.75,0.0202,43.5,103.0,64.5,,13.6,12.1,142.0,0.3
2026-01-03T07:30:00Z,1.7,36.0,6.93,0.0248,41.0,108.0,67.0,,16.4,12.8,114.0,0.3
2026-01-03T08:30:00Z,1.57,30.6,3.65,0.0193,54.2,111.0,69.0,,15.5,13.2,270.0,0.25
2026-01-03T09:30:00Z,1.7,34.3,3.9,0.0214,48.6,105.0,65.3,,12.4,13.6,135.0,0.225
2026-01-03T10:30:00Z,1.63,36.7,3.03,0.022,42.9,98.8,61.5,,11.4,13.6,248.0,0.175
2026-01-03T11:30:00Z,1.74,48.7,4.7,0.0297,22.2,97.0,60.5,,9.03,12.5,258.0,0.1
2026-01-03T12:30:00Z,2.32,65.7,30.1,0.0594,6.53,99.8,62.3,,8.18,11.7,176.0,0.1
2026-01-03T13:30:00Z,3.15,76.0,73.1,0.0999,5.38,129.0,80.5,,9.95,12.0,179.0,0.2
2026-01-03T14:30:00Z,2.81,74.9,43.4,0.0751,5.58,176.0,110.0,,13.4,12.1,212.0,0.15
2026-01-03T15:30:00Z,2.6,70.0,29.7,0.0614,5.4,211.0,132.0,,20.4,12.0,171.0,0.1
2026-01-03T16:30:00Z,2.31,62.6,17.3,0.0473,5.15,192.0,120.0,,15.6,11.9,242.0,0.1
2026-01-03T17:30:00Z,2.11,57.9,21.3,0.0481,5.13,161.0,101.0,,14.1,11.6,328.0,0.1
2026-01-03T18:30:00Z,1.93,42.5,22.2,0.0406,,158.0,99.0,,10.2,11.4,338.0,0.1
2026-01-03T19:30:00Z,1.71,44.6,13.7,0.0349,10.0,153.0,95.5,,9.4,11.4,324.0,0.175
2026-01-03T20:30:00Z,,25.1,1.43,0.0145,13.0,125.0,78.0,,7.03,11.4,307.0,0.2
2026-01-03T21:30:00Z,,27.6,1.48,0.0159,12.7,128.0,79.3,,6.8,11.1,307.0,0.325
2026-01-03T22:30:00Z,1.33,30.9,1.83,0.0179,12.9,148.0,92.3,,7.7,10.8,300.0,0.325
2026-01-03T23:30:00Z,1.33,30.0,2.15,0.0177,16.0,154.0,96.5,,8.38,10.6,308.0,0.35
2026-01-04T00:30:00Z,1.26,23.7,1.53,0.0138,24.7,144.0,90.3,,7.2,10.1,304.0,0.5
2026-01-04T01:30:00Z,1.25,17.8,1.93,0.0111,32.9,111.0,69.8,,6.0,9.75,302.0,0.575
2026-01-04T02:30:00Z,1.27,16.4,2.33,0.0106,35.0,86.3,54.0,,5.38,9.6,312.0,0.55
2026-01-04T03:30:00Z,1.24,19.1,2.03,0.0118,38.5,84.5,52.8,,5.28,9.63,312.0,0.45
2026-01-04T04:30:00Z,1.22,21.2,2.98,0.0137,40.9,88.3,55.3,,5.28,10.1,164.0,0.425
2026-01-04T05:30:00Z,1.45,19.9,2.7,0.0127,36.8,99.3,62.3,,5.4,10.4,328.0,0.375
2026-01-04T06:30:00Z,1.55,25.6,4.33,0.0171,41.2,110.0,69.0,,6.0,10.9,238.0,0.375
2026-01-04T07:30:00Z,1.53,21.9,3.23,0.0143,47.6,111.0,69.0,,6.05,11.2,335.0,0.35
2026-01-04T08:30:00Z,1.52,22.0,3.35,0.0144,48.0,112.0,69.8,,6.13,11.2,308.0,0.4
2026-01-04T09:30:00Z,1.52,24.0,2.43,0.0147,44.6,120.0,75.3,,5.9,10.8,292.0,0.425
2026-01-04T10:30:00Z,1.53,25.3,1.75,0.0149,39.2,122.0,76.0,,5.48,10.5,302.0,0.4
2026-01-04T11:30:00Z,1.55,28.7,1.88,0.0168,29.7,120.0,74.5,,5.2,10.2,303.0,0.375
2026-01-04T12:30:00Z,1.49,32.0,2.73,0.0193,28.2,120.0,74.7,,6.47,9.97,305.0,0.333
2026-01-04T13:30:00Z,1.51,30.8,2.5,0.0184,28.7,116.0,72.3,,7.7,9.93,316.0,0.35
2026-01-04T14:30:00Z,1.61,34.2,2.73,0.0204,26.3,114.0,70.5,,9.5,10.1,236.0,0.3
2026-01-04T15:30:00Z,1.95,31.6,3.15,0.0194,30.0,114.0,71.0,,12.5,10.2,332.0,0.25
2026-01-04T16:30:00Z,1.78,32.4,3.0,0.0197,23.2,152.0,67.0,86.5,15.5,10.3,64.5,0.15
2026-01-04T17:30:00Z,1.58,23.4,2.33,0.0143,31.1,141.0,63.3,87.0,13.0,10.2,64.0,0.133
2026-01-04T18:30:00Z,1.44,20.1,1.9,0.0123,,93.0,52.0,87.0,9.25,10.1,303.0,0.1
2026-01-04T19:30:00Z,1.42,18.5,2.45,0.0118,27.8,88.3,49.3,87.5,8.45,9.88,248.0,0.1
2026-01-04T20:30:00Z,1.45,22.1,2.07,0.0135,24.2,87.3,47.0,88.5,7.27,9.8,225.0,0.15
2026-01-04T21:30:00Z,1.45,19.7,1.48,0.0117,24.5,90.5,48.0,89.0,6.83,9.73,306.0,0.2
2026-01-04T22:30:00Z,1.39,20.4,1.9,0.0124,27.1,93.3,50.0,89.7,6.05,9.53,319.0,0.2
2026-01-04T23:30:00Z,1.4,23.8,2.43,0.0147,18.3,70.3,51.5,90.0,5.88,9.68,310.0,0.175
2026-01-05T00:30:00Z,1.5,28.5,5.23,0.0194,9.9,58.7,51.0,90.7,5.75,9.15,169.0,0.15
2026-01-05T01:30:00Z,1.63,29.9,12.7,0.0262,6.48,63.0,52.0,92.0,5.55,8.53,325.0,0.175
2026-01-05T02:30:00Z,1.72,36.3,15.7,0.032,11.8,81.0,57.5,92.0,6.18,9.18,289.0,0.3
2026-01-05T03:30:00Z,1.6,34.6,10.6,0.027,26.2,93.0,65.8,83.0,9.75,10.5,325.0,0.425
2026-01-05T04:30:00Z,1.53,27.3,6.8,0.0201,43.6,89.7,70.5,80.3,11.6,11.8,307.0,0.45
2026-01-05T05:30:00Z,1.47,23.6,4.28,0.016,65.1,81.3,68.3,75.7,11.8,13.4,292.0,0.7
2026-01-05T06:30:00Z,1.56,24.3,3.25,0.0156,90.6,70.8,62.0,71.3,10.1,14.6,292.0,0.7
2026-01-05T07:30:00Z,1.48,23.7,3.2,0.0152,99.5,68.0,58.0,65.0,9.07,15.3,312.0,0.7
2026-01-05T08:30:00Z,1.46,21.4,1.75,0.0128,101.0,62.8,52.5,63.3,8.55,15.8,325.0,0.65
2026-01-05T09:30:00Z,1.42,20.3,1.98,0.0124,101.0,54.8,47.0,65.8,7.3,15.9,298.0,0.625
2026-01-05T10:30:00Z,1.51,23.3,2.3,0.0142,89.5,54.0,45.5,71.0,6.88,15.0,307.0,0.5
2026-01-05T11:30:00Z,1.77,52.5,1.85,0.0294,50.7,67.3,52.8,79.0,5.8,13.1,305.0,0.3
2026-01-05T12:30:00Z,1.92,52.2,2.58,0.0299,35.9,92.0,68.8,84.5,4.78,11.9,309.0,0.2
2026-01-05T13:30:00Z,2.02,55.4,2.6,0.0316,23.8,97.0,80.5,88.0,4.6,10.9,287.0,0.2
2026-01-05T14:30:00Z,2.05,53.7,2.65,0.0308,19.7,100.0,85.0,89.0,4.5,10.4,316.0,0.2
2026-01-05T15:30:00Z,1.92,45.4,2.45,0.0261,20.2,111.0,92.5,91.0,4.53,9.93,318.0,0.275
2026-01-05T16:30:00Z,1.67,32.5,2.18,0.019,22.1,88.0,85.0,92.0,4.3,9.48,325.0,0.35
2026-01-05T17:30:00Z,1.56,28.2,2.7,0.0172,24.2,87.5,69.3,92.5,4.6,9.4,113.0,0.367
2026-01-05T18:30:00Z,1.44,23.1,0.8,0.013,,104.0,73.5,93.0,5.85,9.1,180.0,0.45
2026-01-05T19:30:00Z,1.42,19.8,1.7,0.0119,30.0,90.0,67.3,93.0,5.35,8.9,247.0,0.375
2026-01-05T20:30:00Z,1.41,19.4,1.97,0.0119,29.2,71.7,58.0,94.0,5.37,8.63,190.0,0.4
2026-01-05T21:30:00Z,1.42,18.4,2.08,0.0115,26.1,72.7,58.5,94.0,5.33,8.78,259.0,0.35
2026-01-05T22:30:00Z,1.4,18.6,1.98,0.0115,25.3,75.5,60.0,94.0,5.3,8.55,249.0,0.5
2026-01-05T23:30:00Z,1.39,20.9,2.45,0.0131,23.6,84.3,59.0,94.0,5.53,8.33,201.0,0.575
2026-01-06T00:30:00Z,1.46,25.3,4.93,0.0175,18.3,88.0,61.5,94.0,5.5,8.3,196.0,0.6
2026-01-06T01:30:00Z,1.5,29.5,3.73,0.0187,14.1,87.5,63.5,94.0,5.63,8.38,307.0,0.575
2026-01-06T02:30:00Z,1.62,31.1,9.95,0.0246,11.9,96.3,66.0,94.0,5.9,8.55,269.0,0.375
2026-01-06T03:30:00Z,1.69,32.2,14.3,0.0288,11.3,108.0,70.5,93.5,5.68,8.68,280.0,0.425
2026-01-06T04:30:00Z,1.63,32.7,11.7,0.0269,12.7,146.0,82.7,92.0,5.97,8.9,293.0,0.5
2026-01-06T05:30:00Z,1.59,26.8,8.63,0.0213,25.8,123.0,95.0,86.5,5.4,9.7,298.0,0.525
2026-01-06T06:30:00Z,1.6,29.2,9.1,0.0229,39.7,123.0,88.3,81.0,5.07,11.5,292.0,0.733
2026-01-06T07:30:00Z,1.66,29.9,7.55,0.0221,47.1,121.0,86.8,80.0,5.75,11.2,293.0,0.775
2026-01-06T08:30:00Z,1.6,27.3,5.38,0.019,45.3,117.0,81.3,78.0,5.73,11.6,319.0,0.6
2026-01-06T09:30:00Z,1.6,26.9,4.07,0.0176,42.6,116.0,80.3,81.0,5.37,11.9,301.0,0.467
2026-01-06T10:30:00Z,1.64,28.4,3.57,0.018,31.6,116.0,82.0,85.5,4.6,10.5,304.0,0.5
2026-01-06T11:30:00Z,1.69,31.2,3.18,0.0192,23.1,121.0,84.0,90.0,4.5,9.5,302.0,0.525
2026-01-06T12:30:00Z,1.72,32.6,2.9,0.0197,22.1,125.0,86.0,91.5,4.7,8.97,307.0,0.4
2026-01-06T13:30:00Z,1.74,32.7,4.6,0.0211,15.9,122.0,85.5,92.5,4.25,8.9,236.0,0.4
2026-01-06T14:30:00Z,1.79,33.9,8.88,0.0252,12.4,119.0,80.5,93.0,4.8,9.08,191.0,0.425
2026-01-06T15:30:00Z,1.67,29.9,4.95,0.0199,14.1,153.0,79.8,93.0,5.5,9.2,195.0,0.5
2026-01-06T16:30:00Z,1.6,26.4,2.48,0.0161,17.2,139.0,80.3,93.5,6.18,9.18,239.0,0.35
2026-01-06T17:30:00Z,1.55,28.3,1.8,0.0166,21.5,182.0,80.0,94.0,6.3,9.3,312.0,0.4
2026-01-06T18:30:00Z,1.51,21.9,2.0,0.0133,,155.0,86.0,94.0,3.7,9.2,329.0,0.5
2026-01-06T19:30:00Z,1.51,33.3,1.8,0.0192,15.2,,85.0,,4.8,9.03,325.0,0.5
2026-01-06T20:30:00Z,1.47,20.3,2.1,0.0125,22.7,151.0,83.0,94.0,4.0,8.5,208.0,0.467
2026-01-06T21:30:00Z,1.48,19.0,2.6,0.0122,28.4,118.0,71.5,94.0,3.45,8.45,184.0,0.325
2026-01-06T22:30:00Z,1.47,18.8,2.05,0.0117,29.2,97.0,62.5,94.0,3.28,8.43,215.0,0.3
2026-01-06T23:30:00Z,1.56,23.1,3.25,0.015,22.5,105.0,67.5,94.0,3.28,8.3,105.0,0.25
2026-01-07T00:30:00Z,1.46,25.4,2.78,0.0158,20.2,158.0,74.5,94.0,3.63,8.05,305.0,0.3
2026-01-07T01:30:00Z,1.5,29.8,4.88,0.0198,16.3,150.0,79.5,94.0,3.9,8.03,69.5,0.225
2026-01-07T02:30:00Z,1.52,31.4,6.95,0.0224,14.9,166.0,82.5,93.0,4.28,8.03,289.0,0.425
2026-01-07T03:30:00Z,1.55,29.7,7.13,0.0216,23.1,147.0,85.0,91.0,4.35,8.28,297.0,0.45
2026-01-07T04:30:00Z,1.56,27.5,5.8,0.0193,27.6,137.0,75.3,89.0,4.15,8.95,241.0,0.425
2026-01-07T05:30:00Z,1.56,22.6,4.83,0.0159,35.9,,,,4.95,9.23,293.0,0.533
2026-01-07T06:30:00Z,1.54,20.6,5.73,0.0156,41.3,,,,6.28,10.0,297.0,0.675
2026-01-07T07:30:00Z,1.56,20.3,4.55,0.0145,51.5,,56.0,77.5,6.68,10.4,293.0,0.8
2026-01-07T08:30:00Z,1.6,22.0,4.3,0.0152,50.4,,57.5,76.3,6.8,11.1,291.0,0.75
2026-01-07T09:30:00Z,1.6,22.7,3.98,0.0153,49.2,93.0,62.0,79.3,6.3,11.3,304.0,0.625
2026-01-07T10:30:00Z,1.64,26.3,3.13,0.0165,39.0,99.7,66.8,84.0,5.55,10.1,303.0,0.475
2026-01-07T11:30:00Z,1.81,34.9,3.05,0.021,23.5,,68.0,,5.33,9.15,311.0,0.45
2026-01-07T12:30:00Z,1.97,36.7,3.8,0.0227,21.6,120.0,77.5,90.0,5.5,9.0,306.0,0.375
2026-01-07T13:30:00Z,1.96,37.6,3.55,0.0228,18.1,113.0,85.8,90.0,5.18,9.08,294.0,0.425
2026-01-07T14:30:00Z,2.04,34.8,3.58,0.0214,18.6,122.0,86.3,90.0,5.48,9.2,317.0,0.425
2026-01-07T15:30:00Z,1.87,26.4,4.3,0.0175,23.4,,90.5,,5.83,9.38,338.0,0.525
2026-01-07T16:30:00Z,1.71,21.5,2.83,0.0137,27.6,,84.3,,5.6,9.18,314.0,0.525
2026-01-07T17:30:00Z,1.56,17.9,2.43,0.0115,32.1,108.0,78.3,89.0,5.65,8.97,321.0,0.433
2026-01-07T18:30:00Z,1.43,19.0,2.45,0.0121,,100.0,73.5,89.0,4.9,8.85,163.0,0.4
2026-01-07T19:30:00Z,1.45,21.8,2.7,0.0138,21.6,121.0,78.3,88.0,4.7,8.78,308.0,0.35
2026-01-07T20:30:00Z,1.37,30.7,2.8,0.0186,19.7,170.0,94.5,87.0,4.8,8.8,124.0,0.3
2026-01-07T21:30:00Z,1.37,31.5,1.63,0.0181,19.0,169.0,106.0,86.0,5.55,8.7,293.0,0.275
2026-01-07T22:30:00Z,1.35,30.5,1.93,0.0178,19.7,179.0,107.0,86.0,5.9,8.65,189.0,0.275
2026-01-07T23:30:00Z,1.34,26.0,2.05,0.0155,22.1,158.0,104.0,87.0,5.75,8.7,129.0,0.225
2026-01-08T00:30:00Z,1.35,24.0,2.65,0.0149,20.7,133.0,92.8,86.0,5.8,8.5,240.0,0.225
2026-01-08T01:30:00Z,1.46,27.2,4.8,0.0184,19.5,,82.5,,5.7,8.3,155.0,0.25
2026-01-08T02:30:00Z,1.59,30.7,9.08,0.0237,19.0,132.0,81.0,84.0,5.88,8.7,151.0,0.325
2026-01-08T03:30:00Z,1.54,33.0,9.3,0.0251,24.7,140.0,85.0,77.0,6.13,9.43,252.0,0.375
2026-01-08T04:30:00Z,1.61,40.1,9.6,0.0291,40.6,138.0,89.0,75.0,6.53,10.5,218.0,0.55
2026-01-08T05:30:00Z,1.61,38.3,7.85,0.0268,58.9,139.0,93.5,71.5,6.7,11.9,190.0,0.45
2026-01-08T06:30:00Z,1.57,37.1,6.48,0.025,69.6,145.0,94.5,70.0,7.1,12.5,244.0,0.6
2026-01-08T07:30:00Z,1.56,33.9,4.8,0.0219,70.7,121.0,83.5,69.0,6.7,12.8,285.0,0.575
2026-01-08T08:30:00Z,1.58,35.2,5.0,0.0228,73.9,121.0,74.0,68.0,6.8,12.9,286.0,0.7
2026-01-08T10:30:00Z,1.75,31.2,3.03,0.0191,46.6,94.0,60.7,79.0,5.8,11.7,296.0,0.433
2026-01-08T11:30:00Z,1.9,39.4,3.15,0.0235,18.6,96.5,63.0,85.0,4.65,9.33,307.0,0.35
2026-01-08T12:30:00Z,2.2,51.1,6.95,0.0329,7.08,,71.5,,4.53,8.2,308.0,0.225
2026-01-08T13:30:00Z,2.21,51.6,11.3,0.0366,6.45,130.0,83.0,91.0,4.43,7.78,285.0,0.2
2026-01-08T14:30:00Z,2.03,42.4,8.83,0.0297,8.8,120.0,84.0,92.0,4.03,7.58,290.0,0.225
2026-01-08T15:30:00Z,1.78,32.8,2.63,0.0195,15.8,98.0,69.5,92.0,4.25,7.63,307.0,0.325
2026-01-08T16:30:00Z,1.77,29.1,1.93,0.017,13.9,86.0,57.5,93.0,3.68,7.3,317.0,0.2
2026-01-08T17:30:00Z,1.69,28.8,1.77,0.0168,10.8,89.0,55.3,93.0,3.65,7.27,304.0,0.233
2026-01-08T18:30:00Z,1.54,29.7,1.75,0.0172,,,60.0,,4.35,7.05,196.0,0.2
2026-01-08T19:30:00Z,1.56,29.5,2.25,0.0175,13.1,98.0,58.0,94.0,4.3,7.28,145.0,0.275
2026-01-08T20:30:00Z,1.48,25.3,2.63,0.0156,18.8,,59.3,,4.27,7.03,169.0,0.233
2026-01-08T21:30:00Z,1.43,23.6,2.58,0.0146,20.8,93.0,60.0,94.0,3.83,6.83,87.0,0.3
2026-01-08T22:30:00Z,1.42,23.2,3.03,0.0148,20.4,,60.0,,3.55,6.53,125.0,0.375
2026-01-08T23:30:00Z,1.4,21.0,2.7,0.0133,24.3,,61.0,,4.3,6.5,82.0,0.3
2026-01-09T00:30:00Z,1.51,28.8,4.87,0.0193,14.0,92.0,64.0,,4.1,6.6,212.0,0.233
2026-01-09T01:30:00Z,1.6,34.5,9.75,0.0263,9.33,97.0,69.5,,4.6,6.7,70.8,0.3
2026-01-09T02:30:00Z,1.68,31.4,13.8,0.0279,11.7,106.0,75.5,,5.33,6.33,217.0,0.375
2026-01-09T03:30:00Z,1.7,33.3,13.1,0.0283,19.7,109.0,77.5,,5.3,7.23,247.0,0.35
2026-01-09T04:30:00Z,1.61,37.2,10.0,0.0279,37.7,107.0,84.0,,5.7,9.95,307.0,0.5
2026-01-09T05:30:00Z,1.81,48.5,8.37,0.0326,62.7,,93.5,,6.77,12.0,277.0,0.633
2026-01-09T06:30:00Z,1.79,49.1,6.03,0.031,84.2,,,,7.88,13.6,308.0,0.6
2026-01-09T07:30:00Z,1.54,36.1,4.55,0.0229,91.7,,,,8.6,14.0,312.0,0.625
2026-01-09T08:30:00Z,1.45,27.9,3.28,0.0175,91.9,179.0,128.0,,9.45,15.0,315.0,0.55
2026-01-09T09:30:00Z,1.4,26.1,2.6,0.016,96.0,161.0,115.0,,9.55,15.5,321.0,0.575
2026-01-09T10:30:00Z,1.58,32.3,2.23,0.019,74.1,156.0,112.0,,8.73,14.1,299.0,0.4
2026-01-09T11:30:00Z,1.88,52.5,2.5,0.03,32.9,185.0,132.0,,7.07,12.0,313.0,0.2
2026-01-09T12:30:00Z,2.08,66.9,5.28,0.0399,13.4,237.0,169.0,,6.85,10.4,285.0,0.2
2026-01-09T13:30:00Z,2.78,74.2,36.2,0.0689,5.25,209.0,149.0,,6.45,9.6,279.0,0.25
2026-01-09T14:30:00Z,2.65,68.9,38.4,0.0679,5.43,168.0,120.0,,6.88,9.1,204.0,0.225
2026-01-09T15:30:00Z,2.34,60.7,17.3,0.0463,5.7,160.0,114.0,,6.7,8.6,283.0,0.233
2026-01-09T16:30:00Z,2.31,52.2,16.7,0.0413,4.9,128.0,91.7,89.5,5.77,8.0,308.0,0.133
2026-01-09T17:30:00Z,1.91,43.6,9.43,0.0308,5.9,119.0,85.3,84.0,4.95,7.2,272.0,0.167
2026-01-09T18:30:00Z,1.42,36.4,3.25,0.022,,114.0,82.0,84.0,4.2,6.8,276.0,0.1
2026-01-09T19:30:00Z,1.49,38.4,5.2,0.0246,7.0,115.0,82.5,84.0,4.0,6.45,104.0,0.1
2026-01-09T20:30:00Z,1.59,31.5,4.73,0.0206,6.03,116.0,82.5,84.0,4.23,5.9,245.0,0.1
2026-01-09T21:30:00Z,1.54,29.5,5.33,0.02,7.28,110.0,78.0,84.0,4.4,5.5,170.0,0.15
2026-01-09T22:30:00Z,1.49,29.2,4.03,0.0188,6.68,103.0,73.5,84.0,4.25,5.25,332.0,0.15
2026-01-09T23:30:00Z,1.57,24.5,12.7,0.0234,4.78,102.0,73.0,84.0,4.43,5.03,248.0,0.2
2026-01-10T00:30:00Z,1.52,32.9,8.33,0.0243,6.03,92.0,65.7,84.0,3.93,4.6,308.0,0.167
2026-01-10T01:30:00Z,1.81,38.5,19.3,0.0362,6.33,108.0,77.0,84.0,4.2,4.88,288.0,0.15
2026-01-10T02:30:00Z,1.93,57.2,37.4,0.0609,8.05,125.0,89.0,84.0,6.48,6.98,314.0,0.15
2026-01-10T03:30:00Z,1.74,56.3,12.2,0.0398,30.8,120.0,85.5,84.0,19.3,10.6,287.0,0.275
2026-01-10T04:30:00Z,1.52,41.9,7.2,0.0281,57.7,126.0,89.7,69.7,21.5,13.5,287.0,0.567
2026-01-10T05:30:00Z,1.43,31.6,5.53,0.0213,64.3,112.0,79.5,41.0,15.2,14.8,287.0,0.7
2026-01-10T06:30:00Z,1.45,31.2,5.03,0.0207,88.5,87.5,62.5,41.0,16.4,16.0,301.0,0.75
2026-01-10T07:30:00Z,1.38,26.4,3.4,0.0169,92.4,74.0,53.0,41.0,9.75,15.2,305.0,0.775
2026-01-10T08:30:00Z,1.34,25.6,3.45,0.0165,90.3,74.0,53.0,41.0,7.9,14.8,309.0,0.85
2026-01-10T09:30:00Z,1.37,23.0,2.85,0.0146,88.5,67.5,48.5,41.0,6.6,15.1,321.0,0.65
2026-01-10T10:30:00Z,1.56,28.6,2.3,0.0171,68.4,63.0,45.0,41.0,5.88,13.2,316.0,0.45
2026-01-10T11:30:00Z,1.82,42.3,1.7,0.0239,43.4,65.0,46.0,41.0,5.8,12.0,316.0,0.3
2026-01-20T14:30:00Z,2.41,99.8,79.4,0.118,5.1,96.5,62.0,81.0,8.2,11.7,170.0,0.2
2026-01-20T15:30:00Z,2.77,85.5,103.0,0.129,4.95,97.5,66.5,83.5,7.95,10.8,104.0,0.1
2026-01-20T16:30:00Z,2.8,81.2,126.0,0.146,4.45,118.0,71.5,86.0,8.68,10.2,66.3,0.2
2026-01-20T17:30:00Z,2.47,68.2,93.8,0.113,4.97,134.0,72.0,86.7,7.9,9.7,56.3,0.2
2026-01-20T18:30:00Z,1.17,48.7,18.5,0.0409,,98.0,75.0,88.0,4.2,8.75,54.0,0.3
2026-01-20T19:30:00Z,1.06,50.3,19.1,0.0423,4.7,88.8,65.0,88.0,3.6,8.48,52.8,0.225
2026-01-20T20:30:00Z,1.22,41.8,15.0,0.0344,6.15,74.3,54.5,88.8,2.73,7.8,54.8,0.175
2026-01-20T21:30:00Z,1.1,33.6,5.68,0.0225,10.0,61.5,45.0,88.0,3.0,7.48,49.3,0.225
2026-01-20T22:30:00Z,1.03,43.3,15.7,0.0358,6.83,51.0,34.3,88.3,2.2,6.93,36.7,0.133
2026-01-20T23:30:00Z,1.01,43.8,15.1,0.0356,6.18,44.5,29.5,88.5,2.45,6.68,28.3,0.125
2026-01-21T00:30:00Z,1.17,39.7,16.7,0.0347,5.67,40.0,26.7,89.7,2.53,6.33,245.0,0.1
2026-01-21T01:30:00Z,1.59,52.1,70.7,0.0852,6.0,58.7,36.0,91.0,3.97,7.17,142.0,0.133
2026-01-21T02:30:00Z,2.64,87.1,143.0,0.163,6.4,116.0,50.0,86.0,7.8,10.3,105.0,0.15
2026-01-21T03:30:00Z,1.63,88.4,28.2,0.0699,28.5,172.0,73.0,59.3,11.8,15.9,267.0,0.325
2026-01-21T04:30:00Z,1.3,55.2,8.08,0.0359,74.6,163.0,80.8,50.8,52.7,18.5,284.0,0.55
2026-01-21T05:30:00Z,1.12,30.1,4.23,0.0195,97.2,180.0,83.3,42.7,49.2,20.2,300.0,0.733
2026-01-21T06:30:00Z,1.09,19.9,2.97,0.013,109.0,172.0,64.3,39.0,8.8,21.0,310.0,0.8
2026-01-21T07:30:00Z,1.06,19.6,2.63,0.0125,93.1,129.0,46.5,36.3,4.78,20.3,301.0,0.775
2026-01-21T08:30:00Z,1.05,25.6,2.38,0.0156,83.3,87.3,36.0,36.8,5.1,20.7,324.0,0.725
2026-01-21T09:30:00Z,1.06,24.4,2.13,0.0147,103.0,79.0,33.5,41.5,6.43,21.0,316.0,0.675
2026-01-21T10:30:00Z,1.2,23.1,2.0,0.0139,120.0,80.3,39.0,50.0,8.67,20.0,311.0,0.5
2026-01-21T11:30:00Z,1.68,59.6,3.55,0.0346,68.6,110.0,63.5,62.5,9.3,16.6,172.0,0.175
2026-01-21T12:30:00Z,3.24,117.0,117.0,0.157,5.83,189.0,101.0,73.3,8.8,13.6,26.0,0.15
2026-01-21T13:30:00Z,3.72,118.0,174.0,0.204,4.7,271.0,132.0,77.3,8.45,12.0,22.5,0.1
2026-01-21T14:30:00Z,3.4,109.0,113.0,0.15,4.53,286.0,143.0,78.8,7.63,11.1,101.0,0.125
2026-01-21T15:30:00Z,3.08,94.5,99.2,0.131,4.83,270.0,143.0,80.0,7.13,10.2,28.7,0.167
2026-01-21T16:30:00Z,2.69,79.9,69.8,0.0992,5.0,269.0,128.0,83.3,6.58,9.28,102.0,0.15
2026-01-21T17:30:00Z,1.96,65.8,26.7,0.0566,5.13,259.0,128.0,85.3,6.05,8.73,38.0,0.2
2026-01-21T18:30:00Z,1.33,53.0,15.2,0.0406,,202.0,144.0,85.0,4.7,8.25,64.5,0.2
2026-01-21T19:30:00Z,1.18,45.4,8.25,0.0309,15.4,189.0,130.0,85.0,4.45,8.08,54.8,0.25
2026-01-21T20:30:00Z,,34.3,3.93,0.0214,13.1,162.0,110.0,86.5,3.47,7.1,114.0,0.1
2026-01-21T21:30:00Z,,28.8,3.43,0.0181,12.2,132.0,97.3,88.0,3.3,6.45,101.0,0.1
2026-01-21T22:30:00Z,,33.1,15.9,0.0306,5.93,112.0,86.0,89.0,3.15,6.08,50.5,0.125
2026-01-21T23:30:00Z,,42.3,37.5,0.053,5.38,111.0,79.8,87.5,3.58,5.95,53.8,0.175
2026-01-22T00:30:00Z,,54.9,65.4,0.0824,4.5,108.0,73.0,85.8,4.6,5.73,62.3,0.225
2026-01-22T01:30:00Z,,64.7,69.5,0.0909,6.53,144.0,86.0,81.8,5.45,7.03,114.0,0.15
2026-01-22T02:30:00Z,1.12,71.0,27.8,0.0604,21.1,211.0,114.0,61.5,7.68,12.4,172.0,0.325
2026-01-22T03:30:00Z,1.6,69.4,10.7,0.0456,54.9,164.0,84.5,56.5,76.9,15.6,168.0,0.575
2026-01-22T04:30:00Z,1.39,45.1,7.08,0.0297,96.0,95.0,48.0,52.3,25.8,18.0,169.0,0.825
2026-01-22T05:30:00Z,1.27,32.5,4.15,0.0207,115.0,85.0,46.0,48.8,33.1,19.7,209.0,0.625
2026-01-22T06:30:00Z,1.26,35.3,4.07,0.022,118.0,73.7,40.3,40.3,28.3,21.1,204.0,0.633
2026-01-22T07:30:00Z,1.23,35.7,4.03,0.0223,95.5,63.5,35.5,35.5,13.3,21.0,201.0,0.725
2026-01-22T08:30:00Z,1.19,48.7,8.6,0.0329,76.0,42.7,23.3,30.3,11.6,22.0,165.0,0.733
2026-01-22T09:30:00Z,1.17,42.2,5.65,0.0271,88.7,39.0,20.0,32.5,18.6,23.2,192.0,0.35
2026-01-22T10:30:00Z,1.43,65.9,3.95,0.0383,63.0,49.0,22.0,39.5,61.8,21.3,179.0,0.25
2026-01-22T11:30:00Z,2.88,124.0,63.2,0.118,10.3,61.7,26.0,48.0,54.9,19.5,142.0,0.333
2026-01-22T12:30:00Z,2.67,115.0,41.9,0.0954,9.1,102.0,40.0,49.8,14.7,18.2,147.0,0.45
2026-01-22T13:30:00Z,3.02,117.0,74.7,0.123,5.65,124.0,54.0,58.8,12.7,15.8,206.0,0.2
2026-01-22T14:30:00Z,2.18,95.6,20.9,0.0678,9.5,123.0,62.5,57.5,45.4,16.2,158.0,0.525
2026-01-22T15:30:00Z,1.78,71.9,7.7,0.0445,20.5,108.0,58.0,56.8,24.5,15.8,164.0,0.825
2026-01-22T16:30:00Z,1.28,34.0,2.13,0.0198,60.0,85.0,43.0,53.3,22.2,16.5,169.0,1.43
2026-01-22T17:30:00Z,1.18,23.0,2.6,0.0143,85.6,76.7,32.3,51.3,13.0,17.1,177.0,2.17
2026-01-22T18:30:00Z,1.27,20.0,2.1,0.0124,,175.0,57.0,53.5,19.9,17.9,173.0,2.7
2026-01-22T19:30:00Z,1.29,17.7,2.45,0.0115,131.0,207.0,66.0,59.5,17.1,17.3,215.0,1.58
2026-01-22T20:30:00Z,1.51,21.6,2.33,0.0134,114.0,186.0,69.5,71.8,13.4,15.6,194.0,1.28
2026-01-22T21:30:00Z,1.52,20.3,2.68,0.013,80.7,115.0,69.0,84.0,10.1,13.3,170.0,2.08
2026-01-22T22:30:00Z,1.46,18.2,2.4,0.0116,79.6,85.0,65.5,88.5,8.75,12.9,161.0,1.68
2026-01-22T23:30:00Z,1.29,18.0,2.3,0.0115,80.5,56.0,46.3,84.0,7.9,12.7,160.0,1.7
2026-01-23T00:30:00Z,1.12,15.6,2.53,0.0104,80.0,37.5,32.0,80.3,7.6,12.4,173.0,1.95
2026-01-23T01:30:00Z,1.21,25.4,5.15,0.0177,73.3,24.5,22.5,82.8,7.95,12.2,169.0,1.63
2026-01-23T02:30:00Z,1.19,19.0,3.38,0.0129,76.4,21.5,20.5,82.8,8.13,11.9,173.0,2.33
2026-01-23T03:30:00Z,1.16,22.1,4.13,0.0151,72.8,18.5,16.0,84.3,7.43,11.1,161.0,2.63
2026-01-23T04:30:00Z,1.17,17.4,3.6,0.0122,84.1,15.0,109.0,83.0,7.15,11.0,152.0,3.6
2026-01-23T05:30:00Z,1.29,18.3,3.73,0.0128,83.4,12.0,109.0,80.5,5.57,10.9,153.0,3.8
2026-01-23T06:30:00Z,1.36,21.5,4.23,0.0149,73.7,9.25,11.0,82.3,4.55,10.4,165.0,2.93
2026-01-23T07:30:00Z,1.36,22.9,3.98,0.0154,69.5,4.5,13.0,84.8,4.55,10.1,177.0,2.38
2026-01-23T08:30:00Z,1.38,25.7,3.98,0.0169,70.8,2.5,11.0,78.5,4.23,11.6,177.0,1.95
2026-01-23T09:30:00Z,1.34,26.0,3.07,0.0163,74.1,2.67,5.0,78.0,5.23,12.1,180.0,2.0
2026-01-23T10:30:00Z,1.39,19.9,3.1,0.0131,88.8,7.5,6.0,74.5,5.15,13.3,175.0,2.35
2026-01-23T11:30:00Z,1.43,27.5,3.2,0.0172,72.1,8.0,6.0,76.3,7.7,12.8,190.0,1.38
2026-01-23T12:30:00Z,1.49,38.8,3.35,0.0234,49.3,10.0,8.5,82.0,8.4,11.6,227.0,0.65
2026-01-23T13:30:00Z,1.51,30.7,3.1,0.0188,49.1,10.8,10.5,88.3,5.68,10.6,265.0,0.775
2026-01-23T14:30:00Z,1.45,22.3,2.48,0.0139,56.4,10.0,11.5,90.8,4.78,10.5,250.0,0.575
2026-01-23T15:30:00Z,1.5,22.6,2.23,0.0139,50.5,13.5,15.5,91.0,4.95,10.8,238.0,0.35
2026-01-23T16:30:00Z,1.49,23.2,2.15,0.0141,48.2,19.8,19.5,91.0,4.75,10.9,186.0,0.6
2026-01-23T17:30:00Z,1.46,23.4,2.47,0.0145,45.2,26.0,22.0,90.7,5.5,10.7,270.0,0.667
2026-01-23T18:30:00Z,1.32,23.7,3.2,0.0153,,40.5,28.5,87.5,4.6,8.8,91.5,0.25
2026-01-23T19:30:00Z,1.3,20.2,2.65,0.0129,43.6,42.5,25.8,85.8,4.15,8.45,177.0,0.3
2026-01-23T20:30:00Z,1.28,19.9,2.2,0.0123,37.8,45.0,22.5,86.8,4.2,7.78,202.0,0.2
2026-01-23T21:30:00Z,1.31,18.9,2.6,0.0122,31.3,42.5,21.5,88.8,3.6,6.85,263.0,0.225
2026-01-23T22:30:00Z,1.31,25.6,4.2,0.017,29.3,42.8,18.5,89.0,3.63,6.5,194.0,0.175
2026-01-23T23:30:00Z,1.32,30.9,3.38,0.0192,17.2,48.0,19.0,89.3,3.7,5.95,262.0,0.2
2026-01-24T00:30:00Z,1.34,30.1,2.83,0.0183,16.7,48.3,21.5,89.5,4.18,6.05,315.0,0.25
2026-01-24T01:30:00Z,1.43,39.8,9.35,0.0288,13.2,50.0,23.3,87.5,4.68,6.55,316.0,0.175
2026-01-24T02:30:00Z,1.4,40.8,8.8,0.0289,23.4,54.8,25.0,80.0,6.88,7.95,333.0,0.3
2026-01-24T03:30:00Z,1.35,33.4,5.63,0.0223,39.5,60.0,27.5,72.8,7.83,9.1,332.0,0.525
2026-01-24T04:30:00Z,1.35,38.2,7.78,0.0267,45.4,62.0,28.0,66.0,8.4,10.7,256.0,0.5
2026-01-24T05:30:00Z,1.27,26.2,4.8,0.0178,62.6,61.0,26.5,60.8,9.17,12.6,327.0,0.55
2026-01-24T06:30:00Z,1.27,23.2,3.6,0.0152,62.9,59.0,26.0,66.8,9.65,12.3,328.0,0.75
2026-01-24T07:30:00Z,1.3,26.7,3.3,0.0169,68.4,60.3,25.0,67.5,12.0,12.3,327.0,0.7
2026-01-24T08:30:00Z,1.3,24.7,3.18,0.0157,74.7,62.0,27.3,67.0,9.4,12.8,329.0,0.7
2026-01-24T09:30:00Z,1.29,23.5,3.1,0.015,69.3,57.5,27.5,68.0,8.6,13.1,334.0,0.6
2026-01-24T10:30:00Z,1.42,28.1,2.2,0.0167,,62.0,28.0,72.0,7.6,12.2,337.0,0.4
2026-01-24T11:30:00Z,1.59,49.7,3.7,0.0295,,64.0,29.5,74.8,7.28,10.9,335.0,0.275
2026-01-24T12:30:00Z,1.98,68.2,5.1,0.0404,,72.8,34.3,79.8,7.03,9.75,325.0,0.325
2026-01-24T13:30:00Z,1.99,60.9,4.78,0.0363,,93.5,53.8,80.0,6.55,9.2,339.0,0.35
2026-01-24T14:30:00Z,1.94,58.3,5.53,0.0355,,98.8,59.8,81.8,5.88,8.98,324.0,0.375
2026-01-24T15:30:00Z,1.74,49.0,2.88,0.0284,,85.3,46.8,83.5,6.53,8.28,248.0,0.3
2026-01-24T16:30:00Z,1.69,40.1,3.63,0.0243,,78.8,42.5,84.5,5.83,7.78,315.0,0.325
2026-01-24T17:30:00Z,1.45,26.7,2.43,0.0162,,73.3,38.7,83.0,6.05,7.6,330.0,0.467
2026-01-24T18:30:00Z,1.34,23.5,2.15,0.0142,,62.0,34.0,84.5,6.1,7.6,338.0,0.25
2026-01-24T19:30:00Z,1.4,26.4,1.95,0.0156,,60.3,34.0,85.3,6.2,7.83,256.0,0.225
2026-01-24T20:30:00Z,1.35,26.8,1.77,0.0156,,57.0,33.0,86.5,6.47,7.93,322.0,0.5
2026-01-24T21:30:00Z,1.37,29.5,3.03,0.0182,,60.3,34.0,86.8,6.7,7.85,87.5,0.275
2026-01-24T22:30:00Z,1.43,27.2,4.48,0.0181,,63.5,35.5,88.0,6.1,8.18,152.0,0.425
2026-01-24T23:30:00Z,1.52,27.7,4.9,0.0187,,58.8,35.5,89.3,5.43,7.88,349.0,0.35
2026-01-25T00:30:00Z,1.58,30.5,7.73,0.0225,,55.0,38.0,90.0,5.03,7.38,271.0,0.325
2026-01-25T01:30:00Z,1.59,31.6,13.6,0.0278,,60.3,41.5,90.5,5.08,7.0,328.0,0.525
2026-01-25T02:30:00Z,1.49,29.5,6.43,0.0209,,66.3,43.0,86.0,6.53,7.6,138.0,0.4
2026-01-25T03:30:00Z,1.43,30.4,6.13,0.0212,,64.5,41.0,72.5,10.5,10.4,98.5,0.4
2026-01-25T04:30:00Z,1.41,30.8,4.9,0.0204,,58.3,37.0,66.3,12.0,13.7,254.0,0.425
2026-01-25T05:30:00Z,1.52,30.2,5.03,0.0201,,55.0,35.7,66.0,12.8,15.4,317.0,0.8
2026-01-25T06:30:00Z,1.53,30.1,4.23,0.0195,,63.3,38.5,67.0,16.9,15.9,331.0,0.7
2026-01-25T07:30:00Z,1.51,26.6,3.73,0.0172,,63.7,38.0,66.7,13.3,15.6,322.0,0.767
2026-01-25T08:30:00Z,1.31,27.8,2.7,0.017,,60.5,38.0,65.5,12.1,16.5,325.0,0.675
2026-01-25T09:30:00Z,1.1,23.9,2.53,0.0148,,59.0,38.0,66.3,10.7,17.1,328.0,0.6
2026-01-25T10:30:00Z,1.13,24.9,2.38,0.0152,,55.8,37.5,70.5,9.85,16.5,324.0,0.45
2026-01-25T11:30:00Z,1.42,56.6,4.18,0.0335,,56.5,38.0,77.8,8.03,14.4,272.0,0.225
2026-01-25T12:30:00Z,2.13,92.2,92.1,0.124,,78.3,46.0,85.5,7.55,12.6,11.0,0.1
2026-01-25T13:30:00Z,2.53,83.3,131.0,0.151,,113.0,64.0,89.3,7.6,11.7,207.0,0.175
2026-01-25T14:30:00Z,2.43,68.6,117.0,0.132,,146.0,84.0,90.5,7.18,10.9,250.0,0.15
2026-01-25T15:30:00Z,2.84,57.6,136.0,0.141,,153.0,94.0,91.8,6.48,10.2,138.0,0.125
2026-01-25T16:30:00Z,2.63,45.6,91.7,0.0988,,148.0,100.0,92.0,5.58,9.58,180.0,0.15
2026-01-25T17:30:00Z,2.37,39.1,80.0,0.0859,,168.0,123.0,92.7,5.5,9.03,22.3,0.133
2026-01-25T18:30:00Z,1.91,32.2,96.8,0.0958,,140.0,94.0,93.0,5.95,8.75,122.0,0.15
2026-01-25T19:30:00Z,1.89,32.6,89.0,0.0898,,150.0,115.0,93.0,5.9,8.53,124.0,0.175
2026-01-25T20:30:00Z,0.68,31.6,18.0,0.0315,,128.0,104.0,93.3,4.23,8.13,182.0,0.175
2026-01-25T21:30:00Z,1.08,27.0,19.9,0.0305,,79.0,59.8,94.0,3.98,7.93,128.0,0.15
2026-01-25T22:30:00Z,0.87,25.1,22.5,0.0316,,68.3,52.5,94.0,3.33,7.5,248.0,0.15
2026-01-25T23:30:00Z,1.04,26.5,40.5,0.047,,65.3,51.0,94.0,3.1,7.33,55.8,0.2
2026-01-26T00:30:00Z,1.01,32.0,58.1,0.0643,,77.8,58.8,94.0,3.48,7.58,155.0,0.25
2026-01-26T01:30:00Z,0.857,29.9,64.4,0.0683,,97.0,67.3,94.0,3.57,7.5,255.0,0.2
2026-01-26T02:30:00Z,0.868,50.3,56.3,0.0725,,96.0,56.0,95.0,4.85,9.23,303.0,0.175
2026-01-26T03:30:00Z,0.91,80.0,16.3,0.0558,,88.7,51.7,89.7,5.3,11.1,252.0,0.3
2026-01-26T04:30:00Z,0.928,72.1,10.6,0.047,,84.5,61.0,76.8,5.68,13.7,304.0,0.525
2026-01-26T05:30:00Z,1.11,61.5,6.25,0.0378,,101.0,73.5,69.8,6.83,16.3,233.0,0.575
2026-01-26T06:30:00Z,1.12,49.3,4.03,0.0295,,100.0,69.5,67.3,7.13,17.2,306.0,0.525
2026-01-26T07:30:00Z,1.17,45.3,3.65,0.0271,,97.5,66.0,70.0,7.63,17.0,266.0,0.475
2026-01-26T08:30:00Z,1.14,49.2,3.55,0.0291,,105.0,72.0,66.3,8.03,17.5,203.0,0.575
2026-01-26T09:30:00Z,0.997,48.0,4.0,0.0288,,99.3,67.0,61.3,7.27,18.7,242.0,0.667
2026-01-26T11:30:00Z,1.6,104.0,21.2,0.0724,,92.5,53.0,80.0,7.85,15.6,181.0,0.2
2026-01-26T12:30:00Z,1.55,101.0,14.0,0.0651,,104.0,61.5,81.8,7.33,15.1,319.0,0.2
2026-01-26T13:30:00Z,1.61,87.4,8.6,0.0535,,120.0,76.5,84.3,6.48,14.6,325.0,0.3
2026-01-26T14:30:00Z,1.63,75.3,17.1,0.054,,128.0,90.0,85.5,6.08,14.2,117.0,0.25
2026-01-26T15:30:00Z,1.3,47.6,10.1,0.0335,,127.0,86.0,82.5,5.68,14.2,99.8,0.6
2026-01-26T16:30:00Z,1.02,30.5,3.93,0.0194,,109.0,70.5,73.3,6.88,14.6,266.0,0.7
2026-01-26T17:30:00Z,0.965,31.6,1.5,0.018,,91.3,64.0,78.3,7.05,13.9,211.0,0.6
2026-01-26T18:30:00Z,1.1,44.6,2.4,0.0256,,94.0,62.0,83.0,5.6,13.3,159.0,0.5
2026-01-26T19:30:00Z,1.11,42.4,2.4,0.0245,,93.5,65.5,84.3,5.75,13.0,167.0,0.25
2026-01-26T20:30:00Z,1.02,37.7,4.13,0.0234,,89.0,65.5,86.8,5.8,12.8,133.0,0.525
2026-01-26T21:30:00Z,0.97,29.0,2.55,0.0175,,83.5,64.0,82.8,6.03,13.2,198.0,0.55
2026-01-26T22:30:00Z,1.12,32.4,8.08,0.0238,,72.3,58.8,86.8,5.35,12.1,188.0,0.175
2026-01-26T23:30:00Z,1.39,57.0,17.5,0.0446,,103.0,86.5,87.5,8.18,12.5,109.0,0.425
2026-01-27T00:30:00Z,1.17,48.4,7.65,0.032,,116.0,96.5,89.0,8.5,11.3,261.0,0.25
2026-01-27T01:30:00Z,1.43,50.3,26.8,0.0486,,86.5,70.0,91.0,7.0,11.2,75.5,0.225
2026-01-27T02:30:00Z,1.49,68.4,40.3,0.0691,,99.8,74.3,88.8,10.9,12.7,191.0,0.375
2026-01-27T03:30:00Z,1.35,63.8,15.2,0.0463,,109.0,77.7,83.3,14.8,13.9,230.0,0.633
2026-01-27T05:30:00Z,1.28,64.7,24.5,0.0543,,99.0,80.0,91.0,7.9,12.9,356.0,0.3
2026-01-27T06:30:00Z,1.34,60.1,27.5,0.0543,,97.5,83.3,91.8,5.98,12.9,138.0,0.875
2026-01-27T07:30:00Z,1.09,53.4,14.3,0.04,,82.0,72.0,90.0,5.65,12.5,178.0,0.9
2026-01-27T08:30:00Z,1.03,33.9,6.8,0.0235,,55.3,47.8,83.5,6.35,14.0,184.0,1.83
2026-01-27T09:30:00Z,1.04,39.1,7.15,0.0266,,36.3,32.3,81.3,5.7,14.6,179.0,1.5
2026-01-27T10:30:00Z,1.1,46.1,7.03,0.0303,,28.0,24.5,85.3,5.0,14.0,253.0,1.0
2026-01-27T11:30:00Z,1.14,44.9,7.63,0.0301,,33.7,29.7,90.7,4.53,12.9,66.3,0.667
2026-01-27T12:30:00Z,1.01,36.7,3.85,0.0227,,45.0,39.5,92.5,5.23,12.4,261.0,0.675
2026-01-27T13:30:00Z,1.11,44.1,4.23,0.0269,,45.8,37.0,93.3,6.38,12.4,201.0,0.375
2026-01-27T14:30:00Z,1.21,59.7,11.1,0.0408,,48.5,38.8,94.0,5.55,12.3,226.0,0.4
2026-01-27T15:30:00Z,1.11,39.4,3.53,0.0238,,45.0,37.5,94.0,4.33,12.1,257.0,0.3
2026-01-27T16:30:00Z,1.1,41.7,3.17,0.0248,,41.0,34.0,94.0,3.5,11.8,185.0,0.267
2026-01-27T17:30:00Z,1.1,40.9,3.3,0.0244,,40.3,32.7,94.0,3.85,11.8,155.0,0.2
2026-01-27T18:30:00Z,0.95,23.7,2.2,0.0144,,45.5,32.0,95.0,6.5,11.7,318.0,0.25
2026-01-27T19:30:00Z,0.93,18.5,2.4,0.0118,,47.0,33.5,95.0,6.75,11.7,340.0,0.3
2026-01-27T20:30:00Z,0.93,19.4,1.63,0.0116,,52.8,35.5,95.0,7.23,11.8,339.0,0.3
2026-01-27T21:30:00Z,0.945,19.2,2.3,0.0121,,58.0,38.0,95.0,7.0,11.9,248.0,0.2
2026-01-27T22:30:00Z,0.925,17.4,1.7,0.0106,,53.5,36.5,95.0,7.18,11.9,248.0,0.2
2026-01-27T23:30:00Z,0.938,18.7,1.95,0.0116,,47.0,33.5,95.0,6.6,11.4,205.0,0.175
2026-01-28T00:30:00Z,1.0,28.2,8.53,0.022,,40.0,30.7,95.0,6.23,10.7,325.0,0.3
2026-01-28T01:30:00Z,1.03,30.8,8.13,0.023,,32.5,25.5,95.0,6.28,10.6,247.0,0.275
2026-01-28T02:30:00Z,1.18,36.7,20.4,0.0361,,28.8,23.0,95.0,6.43,10.9,201.0,0.475
2026-01-28T03:30:00Z,1.19,41.9,15.7,0.035,,48.0,34.0,95.0,8.98,11.7,208.0,0.65
2026-01-28T04:30:00Z,1.05,42.0,9.38,0.0299,,69.0,43.0,95.0,20.2,12.0,303.0,0.45
2026-01-28T05:30:00Z,1.04,41.7,7.93,0.0286,,70.3,46.5,92.5,23.6,12.5,175.0,0.625
2026-01-28T06:30:00Z,1.01,37.4,5.15,0.0241,,68.5,53.8,83.0,21.6,14.0,278.0,0.725
2026-01-28T07:30:00Z,0.953,29.4,4.28,0.0191,,64.0,52.5,75.8,14.7,15.0,261.0,0.6
2026-01-28T08:30:00Z,0.925,23.7,3.25,0.0152,,52.8,41.8,73.0,9.78,16.0,256.0,0.5
2026-01-28T09:30:00Z,0.96,25.0,3.6,0.0162,,45.0,34.0,76.0,8.5,16.0,322.0,0.5
2026-01-28T10:30:00Z,0.97,26.9,1.8,0.0158,,41.0,30.0,78.3,7.78,15.4,326.0,0.45
2026-01-28T11:30:00Z,1.48,68.9,36.9,0.0666,,45.5,33.5,84.8,6.13,14.1,22.0,0.175
2026-01-28T12:30:00Z,1.93,78.9,87.8,0.113,,68.0,45.0,90.3,6.08,12.9,346.0,0.125
2026-01-28T13:30:00Z,2.07,72.1,95.5,0.116,,88.0,52.5,91.8,6.23,12.1,180.0,0.125
2026-01-28T14:30:00Z,2.11,58.3,101.0,0.113,,84.7,51.7,93.0,5.27,11.4,142.0,0.133
2026-01-28T15:30:00Z,2.12,50.6,91.6,0.101,,84.0,54.8,93.0,4.43,10.9,248.0,0.125
2026-01-28T16:30:00Z,1.92,44.0,78.5,0.0872,,87.8,60.8,94.0,3.25,10.4,118.0,0.1
2026-01-28T17:30:00Z,1.56,38.4,34.0,0.048,,90.0,63.0,94.0,3.0,9.9,353.0,0.2
2026-01-28T18:30:00Z,0.7,28.3,6.1,0.02,,45.0,33.0,94.0,4.8,9.6,288.0,0.2
2026-01-28T19:30:00Z,0.655,27.3,4.1,0.0179,,41.5,30.5,94.3,4.55,9.6,315.0,0.175
2026-01-28T20:30:00Z,0.81,26.3,2.8,0.0162,,38.0,29.0,95.0,5.27,9.48,304.0,0.15
2026-01-28T21:30:00Z,0.813,26.7,3.38,0.0169,,36.0,29.0,95.0,5.23,9.03,195.0,0.2
2026-01-28T22:30:00Z,0.86,26.7,5.28,0.0185,,38.0,29.0,95.0,5.25,8.5,118.0,0.225
2026-01-28T23:30:00Z,0.878,28.4,5.1,0.0193,,38.3,29.5,95.0,4.53,7.9,243.0,0.15
2026-01-29T00:30:00Z,0.89,26.7,7.4,0.0203,,30.7,25.7,95.0,4.03,7.23,330.0,0.2
2026-01-29T01:30:00Z,0.898,29.1,9.7,0.0234,,26.0,23.5,95.0,3.98,7.5,334.0,0.275
2026-01-29T02:30:00Z,1.03,33.2,21.4,0.0351,,29.8,25.8,95.3,4.68,7.78,99.8,0.35
2026-01-29T03:30:00Z,1.05,50.2,17.2,0.0406,,42.0,29.0,95.0,13.0,10.3,250.0,0.4
2026-01-29T04:30:00Z,0.898,42.9,14.3,0.0344,,86.8,35.3,87.5,44.5,12.7,325.0,0.675
2026-01-29T05:30:00Z,0.89,27.5,5.9,0.0195,,105.0,38.5,74.5,25.4,16.4,329.0,0.65
2026-01-29T06:30:00Z,0.883,21.3,3.47,0.0142,,49.7,27.3,70.0,13.5,16.8,324.0,0.833
2026-01-29T07:30:00Z,0.88,23.5,2.95,0.0149,,30.8,22.0,65.3,8.63,16.5,327.0,0.775
2026-01-29T08:30:00Z,0.923,26.9,3.25,0.017,,27.0,20.5,63.5,6.18,17.4,329.0,0.775
2026-01-29T09:30:00Z,0.92,25.4,2.83,0.0158,,28.0,20.5,67.0,5.65,18.2,330.0,0.725
2026-01-29T10:30:00Z,0.953,20.9,2.43,0.0131,,29.0,20.3,71.0,5.33,17.4,326.0,0.6
2026-01-29T11:30:00Z,1.1,41.3,1.88,0.0235,,32.0,23.0,76.8,5.68,15.7,321.0,0.25
2026-01-29T12:30:00Z,1.49,84.0,8.3,0.0515,,46.3,32.3,84.0,5.55,13.9,251.0,0.15
2026-01-29T13:30:00Z,1.51,73.3,5.2,0.0433,,73.0,50.3,87.0,5.1,12.9,306.0,0.175
2026-01-29T14:30:00Z,2.29,87.3,110.0,0.136,,103.0,64.3,89.5,5.75,12.1,39.0,0.125
2026-01-29T15:30:00Z,2.6,71.3,144.0,0.155,,133.0,68.0,91.3,5.93,11.4,278.0,0.15
2026-01-29T16:30:00Z,2.41,46.0,111.0,0.114,,133.0,70.5,92.0,4.65,10.7,174.0,0.125
2026-01-29T17:30:00Z,1.88,40.8,75.2,0.0829,,111.0,72.3,93.0,4.35,10.2,131.0,0.1
2026-01-29T18:30:00Z,1.06,37.9,37.4,0.0506,,88.5,55.5,93.0,4.4,9.7,54.0,0.15
2026-01-29T19:30:00Z,0.955,34.0,24.3,0.0378,,78.5,48.3,94.0,3.9,9.83,342.0,0.25
2026-01-29T20:30:00Z,,32.9,6.23,0.0226,,62.3,39.5,94.0,4.57,9.98,183.0,0.175
2026-01-29T21:30:00Z,,25.5,2.75,0.0158,,51.8,36.0,94.0,4.43,9.95,191.0,0.175
2026-01-29T22:30:00Z,,28.4,3.68,0.0182,,48.3,35.0,94.0,4.5,10.0,122.0,0.125
2026-01-29T23:30:00Z,,29.4,20.3,0.0322,,60.8,43.3,94.3,4.38,9.65,210.0,0.2
2026-01-30T00:30:00Z,,45.7,25.4,0.0449,,86.5,62.3,94.5,5.25,10.1,221.0,0.475
2026-01-30T01:30:00Z,,44.6,26.3,0.0451,,93.8,65.3,93.3,4.63,10.3,120.0,0.3
2026-01-30T02:30:00Z,,59.4,29.9,0.0559,,89.0,56.7,92.7,5.4,10.7,125.0,0.3
2026-01-30T03:30:00Z,0.943,39.6,7.45,0.0271,,87.0,54.5,82.5,7.0,12.2,329.0,0.6
2026-01-30T04:30:00Z,0.883,29.2,4.5,0.0192,,68.3,46.8,77.0,8.03,14.5,338.0,0.625
2026-01-30T05:30:00Z,0.82,24.2,3.7,0.0158,,60.0,42.0,74.0,7.8,16.5,323.0,0.65
2026-01-30T07:30:00Z,0.98,28.1,2.95,0.0173,2.1,59.0,39.0,60.5,7.55,18.0,322.0,0.8
2026-01-30T08:30:00Z,0.95,26.9,2.75,0.0166,81.2,49.3,35.0,63.5,6.28,18.7,320.0,0.85
2026-01-30T09:30:00Z,0.977,23.9,2.53,0.0148,98.2,38.0,29.0,67.3,5.7,18.8,331.0,0.633
2026-01-30T10:30:00Z,1.1,32.4,2.6,0.0194,80.3,41.0,27.7,73.3,6.77,18.0,335.0,0.467
2026-01-30T11:30:00Z,1.34,70.5,9.08,0.0449,39.9,54.5,35.5,77.8,6.65,16.8,163.0,0.25
2026-01-30T12:30:00Z,2.11,102.0,65.3,0.107,8.18,69.0,41.8,86.3,6.68,15.0,127.0,0.2
2026-01-30T13:30:00Z,2.47,97.8,125.0,0.153,5.2,114.0,59.0,88.5,7.58,14.3,169.0,0.2
2026-01-30T14:30:00Z,3.11,84.1,208.0,0.214,4.8,148.0,74.5,90.8,8.2,13.3,58.3,0.175
2026-01-30T15:30:00Z,2.72,69.4,141.0,0.151,5.0,151.0,78.5,92.0,7.2,12.6,127.0,0.125
2026-01-30T16:30:00Z,2.08,56.5,79.5,0.0946,4.7,140.0,78.8,92.3,5.18,11.8,33.0,0.125
2026-01-30T17:30:00Z,1.65,47.2,86.9,0.0958,5.07,120.0,73.3,93.0,4.75,11.1,36.0,0.1
2026-01-30T18:30:00Z,1.05,39.4,46.2,0.0585,,107.0,62.5,94.0,5.05,10.7,92.0,0.25
2026-01-30T19:30:00Z,0.895,38.9,29.6,0.0448,4.83,92.0,54.8,93.3,4.6,10.2,36.0,0.1
2026-01-30T20:30:00Z,,33.1,23.0,0.0364,4.78,67.3,43.8,94.0,5.67,9.8,52.5,0.125
2026-01-30T21:30:00Z,,29.0,12.6,0.0257,4.33,57.5,40.0,94.0,5.45,9.45,191.0,0.15
2026-01-30T22:30:00Z,,32.5,30.5,0.0421,4.78,57.0,38.5,94.0,5.45,9.28,133.0,0.2
2026-01-30T23:30:00Z,,32.5,36.1,0.0466,5.43,53.3,36.0,94.0,4.4,8.93,41.8,0.175
2026-01-31T00:30:00Z,,42.5,116.0,0.117,5.03,61.0,40.8,94.3,4.88,8.7,46.0,0.15
2026-01-31T01:30:00Z,,40.9,62.6,0.0726,6.03,69.8,45.0,94.8,5.35,8.65,205.0,0.25
2026-01-31T02:30:00Z,1.03,56.4,31.5,0.0556,8.63,74.5,49.0,95.0,5.05,9.95,178.0,0.85
2026-01-31T03:30:00Z,1.19,64.0,18.7,0.0492,19.0,101.0,62.3,93.5,10.1,10.9,195.0,0.9
2026-01-31T04:30:00Z,1.03,53.8,7.68,0.0349,41.2,105.0,66.0,82.5,16.7,13.9,237.0,0.75
2026-01-31T05:30:00Z,1.14,52.9,10.1,0.0364,43.7,96.8,68.8,83.3,15.5,14.2,279.0,0.8
2026-01-31T06:30:00Z,1.03,34.7,5.05,0.0225,84.8,106.0,80.3,70.5,14.2,16.3,215.0,0.7
2026-01-31T07:30:00Z,0.99,34.7,4.2,0.0219,81.7,88.8,69.0,65.8,14.1,16.7,293.0,0.625
2026-01-31T08:30:00Z,1.01,35.8,3.3,0.0217,79.2,69.0,51.5,65.0,12.0,17.3,290.0,0.65
2026-01-31T09:30:00Z,1.06,35.4,2.68,0.021,88.0,76.3,52.3,68.3,10.2,17.8,291.0,0.5
2026-01-31T15:30:00Z,3.07,79.6,216.0,0.218,5.2,190.0,107.0,91.7,9.57,12.7,43.3,0.133
2026-01-31T16:30:00Z,2.33,66.1,102.0,0.119,5.15,188.0,111.0,92.5,7.05,12.5,57.8,0.225
2026-01-31T17:30:00Z,1.17,54.3,56.6,0.0749,4.65,162.0,98.5,93.0,6.8,12.0,205.0,0.15
2026-01-31T18:30:00Z,1.02,40.1,32.8,0.048,,116.0,80.0,93.0,6.1,11.7,330.0,0.2
2026-01-31T19:30:00Z,0.88,42.3,22.5,0.0408,6.93,111.0,76.5,94.0,6.05,12.0,177.0,0.275
2026-01-31T20:30:00Z,0.837,39.9,3.2,0.0238,10.3,103.0,74.5,94.0,6.8,12.6,175.0,0.525
2026-01-31T21:30:00Z,0.75,39.4,3.95,0.0242,16.2,103.0,77.5,93.5,7.15,12.9,133.0,0.9
2026-01-31T22:30:00Z,0.493,25.6,1.98,0.0152,31.7,89.0,68.5,92.3,7.13,12.4,253.0,0.225
2026-01-31T23:30:00Z,0.538,31.8,4.03,0.0202,19.5,62.0,50.5,93.0,6.63,12.4,226.0,0.325
2026-02-01T00:30:00Z,0.665,44.9,11.7,0.0333,9.43,54.5,43.5,93.0,5.98,12.4,193.0,0.225
2026-02-01T01:30:00Z,0.765,51.9,33.1,0.0545,7.03,53.5,41.0,94.0,6.18,12.5,216.0,0.35
2026-02-01T02:30:00Z,0.827,50.3,27.9,0.0495,11.6,52.7,40.0,93.7,7.43,12.5,188.0,0.433
2026-02-01T03:30:00Z,0.66,33.3,6.03,0.0226,33.4,65.0,52.0,86.3,11.6,13.7,264.0,0.5
2026-02-01T04:30:00Z,0.593,30.3,4.88,0.0201,40.0,69.0,58.5,80.0,12.4,14.9,239.0,0.5
2026-02-01T05:30:00Z,0.86,34.6,4.75,0.0223,50.4,62.0,54.5,74.0,17.9,16.2,167.0,0.475
2026-02-01T06:30:00Z,1.01,37.0,4.55,0.0234,63.4,60.5,51.0,70.0,18.5,17.4,198.0,0.4
2026-02-01T07:30:00Z,0.988,41.0,4.23,0.0252,66.7,58.0,47.0,65.0,14.6,18.3,248.0,0.45
2026-02-01T08:30:00Z,0.985,40.0,4.43,0.0249,74.6,55.0,44.5,62.3,11.0,19.2,246.0,0.475
2026-02-01T09:30:00Z,0.96,34.9,3.9,0.0218,78.8,51.0,37.5,63.3,11.9,19.9,194.0,0.45
2026-02-01T10:30:00Z,0.993,31.1,2.38,0.0185,76.9,42.5,29.5,70.5,8.78,19.3,324.0,0.4
2026-02-01T11:30:00Z,1.12,39.1,2.55,0.0229,68.7,47.5,36.5,75.5,8.4,17.8,342.0,0.225
2026-02-01T12:30:00Z,1.49,78.8,11.6,0.0513,19.1,69.0,54.0,83.5,7.63,16.1,270.0,0.1
2026-02-01T13:30:00Z,1.91,93.6,54.6,0.0942,6.23,94.5,72.0,87.8,7.55,15.4,40.5,0.1
2026-02-01T14:30:00Z,1.64,85.5,34.9,0.0738,4.97,117.0,79.7,88.7,7.87,14.8,239.0,0.1
2026-02-01T15:30:00Z,1.85,66.7,47.3,0.0739,4.93,125.0,73.5,90.5,7.05,13.9,263.0,0.15
2026-02-01T16:30:00Z,1.86,56.5,44.6,0.0663,4.9,111.0,75.0,91.8,6.4,13.1,122.0,0.15
2026-02-01T17:30:00Z,1.46,53.1,28.7,0.0516,4.77,105.0,74.0,92.0,5.9,12.5,92.0,0.133
2026-02-01T18:30:00Z,1.17,35.4,21.2,0.0361,,85.5,58.0,93.0,4.95,11.8,181.0,0.15
2026-02-01T19:30:00Z,1.17,31.9,25.7,0.0379,5.27,84.0,57.0,93.3,4.7,11.5,55.8,0.1
2026-02-01T20:30:00Z,,26.9,19.6,0.0303,4.88,81.0,55.0,94.0,5.0,11.2,160.0,0.175
2026-02-01T21:30:00Z,,28.0,9.58,0.0227,5.3,74.5,51.5,94.0,5.18,11.2,115.0,0.15
2026-02-01T22:30:00Z,,24.8,5.95,0.018,5.63,60.0,43.0,94.0,4.98,10.9,332.0,0.1
2026-02-01T23:30:00Z,,26.2,5.33,0.0183,6.43,48.5,36.5,94.0,4.78,10.8,114.0,0.1
2026-02-02T00:30:00Z,,34.5,77.5,0.0813,5.58,48.5,34.5,94.5,4.73,10.6,134.0,0.125
2026-02-02T01:30:00Z,,36.1,68.1,0.0746,6.07,70.3,51.7,95.0,4.53,10.8,141.0,0.133
2026-02-02T02:30:00Z,,60.8,55.7,0.0776,6.88,101.0,69.5,94.8,6.05,12.1,244.0,0.325
2026-02-02T03:30:00Z,,57.4,14.5,0.0423,19.8,75.0,43.3,85.3,7.6,14.0,327.0,0.5
2026-02-02T04:30:00Z,0.76,32.0,6.2,0.022,41.0,62.0,36.7,72.3,10.5,16.5,339.0,0.567
2026-02-02T05:30:00Z,0.833,26.1,3.18,0.0165,61.1,47.0,27.0,66.5,13.4,18.6,252.0,0.675
2026-02-02T06:30:00Z,0.893,27.1,3.0,0.0169,68.8,46.0,26.5,65.8,14.9,19.1,318.0,0.875
2026-02-02T07:30:00Z,0.91,27.7,3.2,0.0174,70.5,52.0,29.5,65.3,19.0,19.0,325.0,0.875
2026-02-02T08:30:00Z,0.96,30.7,3.43,0.0191,70.7,56.0,32.0,69.8,15.4,19.0,326.0,0.725
2026-02-02T09:30:00Z,0.963,26.0,2.78,0.0161,76.9,54.5,32.0,70.8,12.2,19.4,316.0,0.8
2026-02-02T10:30:00Z,1.01,27.9,2.18,0.0167,75.3,49.5,31.0,71.5,11.2,19.1,327.0,0.7
2026-02-02T11:30:00Z,1.12,38.6,2.9,0.0229,50.6,48.0,32.5,77.0,9.48,17.5,260.0,0.35
2026-02-02T12:30:00Z,1.19,55.8,2.93,0.0321,25.5,52.0,34.5,84.3,7.85,16.2,331.0,0.175
2026-02-02T14:30:00Z,1.21,49.6,2.6,0.0285,18.3,59.0,46.0,88.0,6.3,14.6,337.0,0.2
2026-02-02T15:30:00Z,1.07,40.3,2.98,0.0239,24.5,64.0,49.0,87.8,6.28,14.1,332.0,0.375
2026-02-02T16:30:00Z,1.02,32.0,3.1,0.0195,27.0,55.7,42.0,88.0,5.33,13.4,319.0,0.2
2026-02-02T17:30:00Z,1.04,30.7,2.07,0.018,20.9,48.0,34.7,89.3,5.05,13.0,214.0,0.167
2026-02-02T18:30:00Z,1.1,35.2,3.45,0.0216,,47.0,33.0,91.5,5.25,12.5,59.0,0.15
2026-02-02T19:30:00Z,1.08,32.1,4.45,0.0207,13.9,47.5,33.0,92.0,5.2,12.4,170.0,0.25
2026-02-02T20:30:00Z,0.99,29.6,1.83,0.0172,18.0,46.5,32.5,92.0,5.27,12.4,175.0,0.2
2026-02-02T21:30:00Z,1.02,29.1,2.35,0.0174,15.5,52.5,39.5,92.3,5.88,11.9,216.0,0.15
2026-02-02T22:30:00Z,1.05,28.8,11.6,0.0248,6.78,58.5,45.5,93.0,5.6,11.5,55.5,0.125
2026-02-02T23:30:00Z,1.08,29.3,9.38,0.0232,6.48,60.0,45.5,93.5,5.45,11.2,178.0,0.15
2026-02-03T00:30:00Z,1.7,37.8,114.0,0.112,5.8,84.0,62.5,94.0,6.4,11.2,131.0,0.225
2026-02-03T01:30:00Z,1.55,39.6,33.0,0.0478,6.05,96.0,69.0,94.0,5.35,11.8,187.0,0.4
2026-02-03T02:30:00Z,1.47,47.3,27.0,0.0471,6.4,99.5,69.0,94.0,5.33,12.0,230.0,0.375
2026-02-03T03:30:00Z,1.45,48.5,28.0,0.0485,6.95,98.0,63.0,94.3,5.98,12.7,248.0,0.375
2026-02-03T04:30:00Z,1.33,51.5,20.3,0.0438,8.78,111.0,62.0,94.0,7.8,13.1,213.0,0.55
2026-02-03T05:30:00Z,1.26,50.9,15.6,0.0398,16.9,133.0,80.5,92.3,10.8,13.3,222.0,0.65
2026-02-03T06:30:00Z,1.12,47.9,10.3,0.0339,40.6,136.0,101.0,84.0,11.4,14.4,282.0,0.625
2026-02-03T07:30:00Z,1.06,42.2,5.48,0.0269,65.8,123.0,98.5,74.5,9.73,16.1,274.0,0.65
2026-02-03T08:30:00Z,0.96,34.7,2.8,0.0208,88.1,112.0,89.0,67.0,9.2,17.3,323.0,0.6
2026-02-04T01:30:00Z,,36.8,71.5,0.0778,5.73,67.7,44.3,95.0,4.1,8.3,134.0,0.2
2026-02-04T02:30:00Z,,89.8,40.3,0.0805,9.7,94.0,57.0,94.5,6.25,10.2,295.0,0.2
2026-02-04T03:30:00Z,0.885,71.3,13.8,0.0492,27.0,83.0,53.0,78.3,25.4,13.0,299.0,0.325
2026-02-04T04:30:00Z,1.03,67.3,10.6,0.0444,39.1,72.0,49.0,66.0,45.0,15.7,320.0,0.5
2026-02-04T05:30:00Z,,37.9,6.3,0.0253,59.6,124.0,63.0,69.0,,17.8,332.0,0.7
2026-02-04T06:30:00Z,0.835,25.0,3.85,0.0164,82.8,70.0,38.5,66.0,12.3,18.6,348.0,0.85
2026-02-04T07:30:00Z,0.847,33.6,3.17,0.0204,70.5,49.3,31.0,63.0,11.2,17.8,338.0,1.03
2026-02-04T08:30:00Z,0.85,27.7,3.2,0.0174,75.2,35.0,25.0,62.0,6.8,19.3,344.0,0.9
2026-02-04T09:30:00Z,0.86,24.5,2.78,0.0153,84.9,35.5,27.0,64.3,5.98,19.5,341.0,1.13
2026-02-04T10:30:00Z,0.925,21.2,2.08,0.013,93.7,42.0,31.0,69.3,6.4,18.8,337.0,0.975
2026-02-04T11:30:00Z,1.03,28.6,2.75,0.0175,77.8,51.5,38.0,73.5,5.93,16.9,342.0,0.4
2026-02-04T12:30:00Z,1.2,46.4,2.58,0.0268,48.5,64.5,48.0,79.3,5.58,15.5,333.0,0.35
2026-02-04T13:30:00Z,1.18,50.9,2.65,0.0292,43.2,74.0,53.0,81.5,5.9,15.2,336.0,0.5
2026-02-04T15:30:00Z,1.02,34.7,2.2,0.0203,39.7,57.0,42.0,85.0,5.0,13.4,310.0,0.3
2026-02-04T18:30:00Z,1.08,36.0,2.35,0.0211,,64.5,49.0,91.5,3.95,10.3,325.0,0.2
2026-02-04T19:30:00Z,1.06,34.3,3.0,0.0207,21.0,62.0,48.5,92.0,4.35,9.93,238.0,0.175
2026-02-04T20:30:00Z,0.953,30.6,2.43,0.0183,23.5,53.8,44.0,92.0,4.47,9.7,334.0,0.2
2026-02-04T21:30:00Z,0.95,27.6,2.43,0.0167,22.0,47.5,38.0,92.3,4.78,9.3,319.0,0.15
2026-02-04T22:30:00Z,0.953,25.6,2.73,0.0159,14.4,51.7,41.3,93.0,4.6,8.7,224.0,0.167
2026-02-04T23:30:00Z,1.01,30.5,4.57,0.0199,12.7,52.3,43.7,93.0,4.7,8.5,226.0,0.167
2026-02-05T00:30:00Z,1.08,35.8,6.08,0.024,6.68,50.3,42.0,93.0,4.25,8.03,260.0,0.225
2026-02-05T01:30:00Z,1.27,42.5,45.8,0.0598,6.98,66.0,48.0,94.0,4.5,8.28,269.0,0.275
2026-02-05T02:30:00Z,1.17,59.7,20.1,0.0481,12.1,81.0,55.0,94.0,5.25,9.6,179.0,0.25
2026-02-05T03:30:00Z,0.983,44.9,5.47,0.0283,52.0,69.7,48.0,71.3,7.87,13.8,336.0,0.567
2026-02-05T04:30:00Z,0.878,30.2,3.6,0.019,69.1,60.3,39.5,64.5,10.4,16.3,337.0,0.625
2026-02-05T05:30:00Z,0.91,26.6,3.63,0.0171,82.7,52.0,30.5,63.5,12.5,19.0,330.0,0.875
2026-02-05T06:30:00Z,0.87,20.9,2.63,0.0133,104.0,37.3,21.3,55.0,7.43,19.8,335.0,1.07
2026-02-05T07:30:00Z,0.918,27.6,2.43,0.0166,90.6,31.8,20.0,52.3,5.9,19.4,328.0,1.13
2026-02-05T08:30:00Z,0.958,28.7,2.65,0.0174,93.8,35.5,22.5,52.3,5.68,20.0,335.0,1.05
2026-02-05T09:30:00Z,0.97,24.6,2.65,0.0153,118.0,38.0,25.5,52.8,6.4,20.0,336.0,1.15
2026-02-05T10:30:00Z,1.04,24.4,2.13,0.0147,123.0,39.0,28.5,58.5,6.08,19.3,343.0,0.625
2026-02-05T11:30:00Z,1.2,42.5,1.95,0.0242,95.7,46.3,34.5,65.5,6.2,17.5,331.0,0.3
2026-02-05T12:30:00Z,1.33,62.1,2.25,0.0348,76.4,64.3,48.5,72.5,6.63,15.8,325.0,0.25
2026-02-05T13:30:00Z,1.39,59.2,2.37,0.0334,74.6,77.7,58.3,76.7,6.83,15.0,300.0,0.2
2026-02-05T14:30:00Z,1.74,96.0,3.2,0.0537,26.4,97.5,71.5,82.5,6.83,13.8,310.0,0.175
2026-02-05T15:30:00Z,1.68,91.2,3.05,0.051,24.7,118.0,88.0,84.5,6.8,12.6,313.0,0.175
2026-02-05T16:30:00Z,1.24,43.5,1.95,0.0248,57.7,91.0,67.0,83.0,5.7,11.7,316.0,0.15
2026-02-05T17:30:00Z,1.07,35.0,2.2,0.0204,58.2,83.0,61.0,83.0,5.15,11.7,299.0,0.2
2026-02-05T18:30:00Z,0.9,29.3,1.95,0.0172,,61.0,42.0,83.0,5.8,11.8,313.0,0.25
2026-02-05T19:30:00Z,0.885,26.6,2.05,0.0157,67.8,59.3,44.0,82.0,5.6,12.0,332.0,0.325
2026-02-05T20:30:00Z,0.87,26.5,1.9,0.0156,56.7,55.5,44.5,82.8,5.97,11.5,184.0,0.2
2026-02-05T21:30:00Z,0.845,23.8,2.0,0.0143,53.1,53.0,42.5,85.8,6.68,10.6,320.0,0.225
2026-02-05T22:30:00Z,0.815,23.4,1.93,0.014,48.8,49.5,42.8,87.8,6.6,10.3,335.0,0.4
2026-02-05T23:30:00Z,0.793,22.9,2.28,0.014,54.6,46.5,40.8,84.8,7.08,10.7,332.0,0.4
2026-02-06T00:30:00Z,0.818,27.3,2.25,0.0164,41.5,46.0,36.5,87.3,6.13,9.7,326.0,0.375
2026-02-06T01:30:00Z,0.925,37.6,4.23,0.0234,33.2,49.8,38.3,86.3,6.03,10.3,327.0,0.325
2026-02-06T02:30:00Z,0.848,39.6,5.75,0.0258,48.8,54.0,41.5,76.0,10.1,12.9,340.0,0.65
2026-02-06T03:30:00Z,0.778,34.6,4.35,0.0219,56.5,51.3,38.5,67.8,10.4,14.8,338.0,0.85
2026-02-06T04:30:00Z,0.745,25.3,3.43,0.0162,77.3,45.5,32.8,63.5,9.55,17.1,347.0,0.975
2026-02-06T05:30:00Z,0.9,22.7,3.25,0.0147,97.6,42.0,28.5,60.8,8.5,19.9,343.0,1.08
2026-02-06T06:30:00Z,0.953,22.0,2.83,0.014,111.0,40.0,27.0,56.0,6.43,20.4,336.0,1.15
2026-02-06T07:30:00Z,0.938,27.2,2.28,0.0163,95.3,36.3,24.5,52.8,6.0,20.2,336.0,1.23
2026-02-06T08:30:00Z,0.92,26.2,2.45,0.016,96.7,34.8,22.5,50.3,5.53,20.5,340.0,1.23
2026-02-06T09:30:00Z,0.91,22.9,2.73,0.0144,107.0,35.0,20.5,50.0,4.63,20.8,332.0,1.23
2026-02-06T10:30:00Z,0.935,20.6,2.53,0.013,120.0,34.5,20.3,55.8,5.43,20.1,331.0,1.05
2026-02-06T11:30:00Z,1.03,29.5,2.48,0.0177,100.0,38.3,25.0,64.3,5.28,18.0,336.0,0.575
2026-02-06T12:30:00Z,1.2,42.3,2.35,0.0244,74.3,50.5,33.3,72.0,5.5,16.0,329.0,0.3
2026-02-06T13:30:00Z,1.24,52.0,2.83,0.03,54.6,65.8,43.0,74.0,9.13,14.8,316.0,0.325
2026-02-06T14:30:00Z,1.26,53.7,2.95,0.031,51.6,73.0,48.5,75.3,8.18,14.0,313.0,0.3
2026-02-06T15:30:00Z,1.26,50.8,2.15,0.0288,48.9,76.8,54.3,77.3,7.28,13.1,307.0,0.275
2026-02-06T16:30:00Z,1.1,37.0,1.95,0.0213,67.7,73.3,53.3,74.8,7.85,12.8,315.0,0.325
2026-02-06T17:30:00Z,0.97,30.9,1.75,0.0179,61.2,61.5,44.0,76.0,9.2,11.7,316.0,0.2
2026-02-06T18:30:00Z,0.89,25.9,2.7,0.016,,47.0,36.0,70.5,11.3,13.4,321.0,0.55
2026-02-06T19:30:00Z,0.855,23.3,2.25,0.0142,86.7,43.5,32.8,69.8,11.0,13.0,327.0,0.525
2026-02-06T20:30:00Z,0.82,21.6,2.4,0.0135,75.6,34.5,26.0,72.8,8.37,11.8,324.0,0.35
2026-02-06T21:30:00Z,0.863,24.1,2.7,0.015,61.7,30.0,24.5,76.5,7.5,10.8,330.0,0.45
2026-02-06T22:30:00Z,0.855,25.6,2.03,0.0152,53.0,35.8,28.0,76.8,8.65,10.9,326.0,0.475
2026-02-06T23:30:00Z,0.845,28.6,2.25,0.017,53.2,38.0,28.5,76.3,8.4,11.0,327.0,0.4
2026-02-07T00:30:00Z,0.908,28.3,2.15,0.0168,59.5,34.0,28.0,77.5,6.95,11.0,322.0,0.375
2026-02-07T01:30:00Z,0.993,33.6,3.33,0.0206,51.8,37.3,30.5,76.3,7.1,11.6,328.0,0.45
2026-02-07T02:30:00Z,0.958,29.2,3.83,0.0186,80.7,47.8,35.0,70.3,8.48,13.9,256.0,0.8
2026-02-07T03:30:00Z,0.94,32.9,3.23,0.0201,82.6,49.5,33.8,64.0,9.25,16.0,350.0,0.825
2026-02-07T04:30:00Z,0.928,24.8,2.93,0.0156,103.0,45.0,29.0,60.8,9.48,18.3,233.0,0.925
2026-02-07T05:30:00Z,0.957,22.3,2.73,0.0141,111.0,43.5,28.5,57.5,9.4,20.7,336.0,1.08
2026-02-07T06:30:00Z,0.993,21.9,2.58,0.0138,117.0,43.0,27.5,55.8,7.75,21.3,338.0,1.2
2026-02-07T07:30:00Z,1.04,26.5,2.45,0.0161,87.0,42.5,25.5,55.5,6.7,21.2,333.0,1.2
2026-02-07T08:30:00Z,1.09,26.1,2.3,0.0158,95.9,45.3,27.3,59.5,7.0,21.2,332.0,1.18
2026-02-07T09:30:00Z,1.11,24.4,2.48,0.015,105.0,51.5,33.3,61.5,6.7,20.9,332.0,1.25
2026-02-07T10:30:00Z,1.06,20.8,2.53,0.0132,109.0,53.7,34.0,62.7,6.77,20.0,332.0,1.27
2026-02-07T11:30:00Z,1.12,24.9,2.7,0.0155,97.0,51.0,30.0,69.0,6.38,18.1,335.0,0.875
2026-02-07T12:30:00Z,1.17,33.8,2.53,0.02,78.1,53.5,30.8,73.8,6.35,16.4,349.0,0.625
2026-02-07T13:30:00Z,1.22,38.0,2.75,0.0225,65.4,58.5,37.8,74.8,7.43,15.1,331.0,0.475
2026-02-07T14:30:00Z,1.19,37.4,2.65,0.0221,62.6,58.5,42.5,75.3,7.8,14.2,325.0,0.425
2026-02-07T15:30:00Z,1.14,34.9,2.78,0.0208,69.0,58.0,41.3,73.3,8.85,14.0,325.0,0.4
2026-02-07T16:30:00Z,1.08,33.7,2.83,0.0202,76.0,53.5,34.3,72.3,8.73,13.5,313.0,0.4
2026-02-07T17:30:00Z,1.03,29.4,2.23,0.0174,69.7,49.3,30.7,75.0,7.3,12.2,314.0,0.2
2026-02-08T15:30:00Z,2.3,131.0,136.0,0.18,4.93,106.0,60.0,85.0,6.95,13.1,95.3,0.225
2026-02-08T16:30:00Z,2.17,120.0,111.0,0.154,5.13,118.0,66.0,88.3,6.13,12.3,123.0,0.175
2026-02-08T17:30:00Z,2.17,131.0,158.0,0.198,5.0,114.0,68.7,89.7,6.15,11.8,78.0,0.2
2026-02-08T18:30:00Z,0.995,133.0,18.1,0.0852,,97.0,63.0,90.0,4.85,11.3,61.0,0.15
2026-02-08T19:30:00Z,0.895,117.0,3.1,0.0649,10.9,88.3,59.0,90.0,4.95,11.1,237.0,0.167
2026-02-08T20:30:00Z,,35.7,2.3,0.0209,7.88,68.3,50.5,91.0,4.97,11.0,197.0,0.15
2026-02-08T21:30:00Z,,39.0,5.8,0.0254,8.37,66.0,52.0,91.0,5.97,11.3,122.0,0.233
2026-02-08T22:30:00Z,,37.0,5.83,0.0244,12.0,67.5,50.3,90.0,6.18,11.1,262.0,0.2
2026-02-08T23:30:00Z,,36.1,20.2,0.0357,9.15,68.0,47.0,91.0,5.7,10.8,68.5,0.2
2026-02-09T00:30:00Z,,39.5,55.9,0.0665,5.0,74.5,50.0,92.0,5.85,10.1,162.0,0.3
2026-02-09T01:30:00Z,,44.6,56.3,0.0695,5.53,79.3,51.5,92.3,5.28,10.4,210.0,0.175
2026-02-09T02:30:00Z,,67.3,33.4,0.0629,12.2,88.3,54.0,84.3,10.5,12.7,174.0,0.85
2026-02-09T03:30:00Z,1.06,63.6,16.5,0.0473,33.7,108.0,64.3,72.8,69.5,15.1,204.0,0.625
2026-02-09T04:30:00Z,0.983,43.2,4.68,0.0268,71.0,112.0,71.8,66.5,32.9,17.2,242.0,0.525
2026-02-09T05:30:00Z,1.03,51.6,4.4,0.031,60.0,99.0,69.0,71.0,33.2,16.8,302.0,0.6
2026-02-09T06:30:00Z,1.01,31.3,3.5,0.0195,103.0,90.0,59.5,65.0,23.8,18.5,201.0,1.05
2026-02-09T07:30:00Z,1.0,,,,96.1,85.0,57.0,61.0,18.5,19.4,219.0,0.8
2026-02-09T08:30:00Z,1.03,197.0,7.95,0.112,98.5,78.3,51.8,62.5,22.6,19.4,203.0,1.1
2026-02-09T09:30:00Z,1.03,131.0,8.4,0.0767,110.0,74.8,48.3,64.0,18.7,20.2,199.0,0.875
2026-02-09T10:30:00Z,1.08,108.0,2.9,0.0599,112.0,78.5,51.0,67.0,12.8,19.7,308.0,0.3
2026-02-09T11:30:00Z,1.19,154.0,4.2,0.0856,89.3,78.0,51.0,70.0,11.1,18.8,200.0,0.1
2026-02-09T12:30:00Z,2.21,414.0,246.0,0.42,4.75,137.0,60.5,77.5,12.3,16.3,313.0,0.2
2026-02-09T13:30:00Z,2.8,414.0,351.0,0.554,5.17,129.0,63.3,82.3,12.3,15.3,252.0,0.1
2026-02-09T14:30:00Z,3.55,408.0,,0.787,4.93,138.0,72.3,86.3,11.7,14.7,75.5,0.275
2026-02-09T15:30:00Z,1.84,333.0,162.0,0.309,5.8,157.0,84.3,84.8,9.33,14.4,95.5,0.275
2026-02-09T16:30:00Z,1.68,,,,5.4,139.0,79.3,86.5,7.45,13.7,70.5,0.25
2026-02-09T17:30:00Z,1.21,,,,13.2,115.0,69.7,87.7,6.4,13.3,106.0,0.333
2026-02-09T18:30:00Z,0.86,148.0,31.7,0.104,,71.5,50.5,89.0,5.5,12.5,72.0,0.2
2026-02-09T19:30:00Z,0.86,151.0,18.5,0.0955,7.9,73.7,52.7,89.7,5.9,12.2,158.0,0.2
2026-02-09T20:30:00Z,,131.0,31.5,0.0951,7.3,75.5,54.5,91.0,5.1,11.8,85.8,0.25
2026-02-09T21:30:00Z,,108.0,13.1,0.068,13.5,73.0,53.7,91.0,5.93,12.0,102.0,0.2
2026-02-09T22:30:00Z,,103.0,20.9,0.0715,24.4,64.0,47.3,90.3,5.43,11.6,62.0,0.167
2026-02-09T23:30:00Z,,148.0,57.1,0.125,6.98,55.0,41.0,91.5,5.58,11.0,128.0,0.15
2026-02-10T00:30:00Z,,179.0,285.0,0.327,5.08,59.8,42.5,92.0,6.15,10.7,76.3,0.225
2026-02-10T01:30:00Z,,225.0,327.0,0.385,6.65,73.3,42.3,90.3,6.28,11.4,114.0,0.275
2026-02-10T02:30:00Z,,245.0,104.0,0.215,16.9,86.5,41.0,71.8,6.65,14.9,139.0,0.425
2026-02-10T03:30:00Z,,301.0,52.4,0.203,45.0,87.0,41.0,60.8,7.38,18.2,180.0,0.325
2026-02-10T04:30:00Z,0.92,158.0,2.6,0.0863,116.0,76.8,43.3,57.5,10.3,19.7,272.0,0.55
2026-02-10T05:30:00Z,0.953,,,,147.0,72.5,48.0,57.3,18.7,21.2,222.0,0.6
2026-02-10T06:30:00Z,0.973,49.8,2.7,0.0286,156.0,73.0,48.0,56.0,23.9,21.8,278.0,0.633
2026-02-10T07:30:00Z,0.96,,,,97.3,65.0,41.5,48.8,16.6,21.6,287.0,0.675
2026-02-10T08:30:00Z,0.947,,,,104.0,60.0,37.0,49.3,10.8,22.0,309.0,0.75
2026-02-10T09:30:00Z,1.06,,,,115.0,54.0,35.0,48.3,9.25,22.4,320.0,0.675
2026-02-10T10:30:00Z,1.15,,,,143.0,56.3,36.5,54.5,18.9,21.8,336.0,0.425
2026-02-10T11:30:00Z,1.71,,,,57.6,69.3,46.3,65.0,21.1,18.6,26.0,0.2
2026-02-10T12:30:00Z,2.59,22.6,33.6,0.0393,5.0,92.5,55.8,74.3,15.2,15.9,22.8,0.1
2026-02-10T13:30:00Z,2.77,19.6,36.9,0.0404,4.78,125.0,65.8,79.0,12.2,14.7,20.8,0.15
2026-02-10T14:30:00Z,2.58,25.0,29.9,0.0377,5.08,138.0,73.0,82.0,10.3,14.0,174.0,0.225
2026-02-10T15:30:00Z,2.15,27.3,19.8,0.0306,4.73,138.0,77.3,81.3,11.6,13.5,38.5,0.25
2026-02-10T16:30:00Z,1.99,22.8,11.8,0.0217,5.08,132.0,78.0,84.3,9.88,12.5,43.5,0.175
2026-02-10T17:30:00Z,1.63,18.9,12.4,0.0201,4.8,124.0,77.3,87.0,7.55,11.7,148.0,0.2
2026-02-10T18:30:00Z,0.815,14.6,4.75,0.0116,,106.0,72.0,86.5,7.35,11.2,330.0,0.35
2026-02-10T19:30:00Z,0.6,8.55,2.6,0.00665,41.3,98.8,67.0,82.0,8.7,11.6,203.0,0.325
2026-02-10T20:30:00Z,,5.87,1.9,0.00467,42.6,81.5,56.8,81.0,8.17,11.1,135.0,0.175
2026-02-10T21:30:00Z,,8.6,2.23,0.00638,19.3,69.5,48.5,84.5,7.08,10.4,211.0,0.25
2026-02-10T22:30:00Z,,8.13,2.33,0.0062,15.0,67.0,46.0,87.0,6.53,10.1,177.0,0.375
2026-02-10T23:30:00Z,,10.2,2.8,0.00773,22.7,67.5,49.0,85.0,7.1,10.8,223.0,0.3
2026-02-11T00:30:00Z,,10.1,2.75,0.00758,14.1,71.8,54.0,88.0,5.6,9.9,315.0,0.225
2026-02-11T01:30:00Z,,12.5,8.28,0.0134,9.45,84.5,63.3,89.5,6.25,10.2,114.0,0.15
2026-02-11T02:30:00Z,,11.1,4.5,0.00955,30.8,95.5,67.8,79.0,12.0,12.6,337.0,0.3
2026-02-11T03:30:00Z,1.0,11.0,3.05,0.00833,48.3,87.8,59.8,64.3,12.2,15.8,309.0,0.35
2026-02-11T04:30:00Z,0.933,9.73,2.57,0.0073,75.5,78.0,52.0,61.7,11.2,18.8,323.0,0.567
2026-02-11T05:30:00Z,0.89,6.43,2.27,0.0053,101.0,71.3,40.7,55.7,16.4,21.9,324.0,0.7
2026-02-11T06:30:00Z,0.953,5.63,2.13,0.00473,114.0,62.3,36.7,55.3,9.27,21.9,320.0,0.933
2026-02-11T07:30:00Z,0.95,6.88,1.9,0.00518,86.9,53.8,33.0,53.8,7.08,22.0,325.0,1.0
2026-02-11T08:30:00Z,0.943,6.35,2.0,0.005,87.1,48.0,29.0,56.3,6.85,22.3,330.0,1.15
2026-02-11T09:30:00Z,0.88,3.9,2.0,0.0037,81.8,41.8,25.0,53.8,5.9,22.4,326.0,1.18
2026-02-11T10:30:00Z,0.888,2.98,1.93,0.00315,93.4,32.8,18.5,58.5,6.28,21.7,330.0,0.975
2026-02-11T11:30:00Z,0.88,4.5,1.85,0.00393,76.8,33.8,15.5,65.3,7.15,19.7,341.0,0.7
2026-02-11T12:30:00Z,0.933,6.38,1.7,0.0048,57.8,38.0,20.0,71.0,7.2,17.8,326.0,0.475
2026-02-11T13:30:00Z,0.968,7.83,1.73,0.00558,50.9,38.5,23.0,73.0,8.63,16.8,328.0,0.275
2026-02-11T14:30:00Z,1.11,12.2,1.98,0.00808,27.9,45.5,27.0,75.5,8.95,15.6,311.0,0.15
2026-02-11T15:30:00Z,1.16,12.8,1.93,0.00838,24.2,62.5,40.5,78.5,11.5,14.5,306.0,0.3
2026-02-11T16:30:00Z,0.918,7.8,1.65,0.0055,43.9,68.3,43.0,75.5,12.9,14.5,322.0,0.375
2026-02-11T17:30:00Z,0.925,7.37,1.8,0.00537,40.3,60.7,37.3,76.3,9.85,13.9,329.0,0.333
2026-02-11T19:30:00Z,0.9,4.6,1.6,0.0038,42.2,47.3,30.0,83.0,8.3,12.6,322.0,0.533
2026-02-11T20:30:00Z,0.903,4.53,1.6,0.0037,35.9,44.0,30.0,84.5,8.07,12.0,320.0,0.3
2026-02-11T21:30:00Z,0.893,5.18,1.75,0.00415,27.0,43.5,31.0,87.3,8.75,11.1,305.0,0.175
2026-02-11T22:30:00Z,0.863,4.43,1.55,0.0036,49.1,43.5,31.0,85.5,8.75,11.8,329.0,0.35
2026-02-11T23:30:00Z,0.923,5.78,1.93,0.00465,42.2,46.5,28.0,83.8,9.38,11.7,202.0,0.2
2026-02-12T00:30:00Z,0.93,6.15,1.85,0.00475,30.0,44.3,28.3,87.3,8.25,10.6,90.3,0.2
2026-02-12T01:30:00Z,1.23,11.5,5.6,0.0106,9.17,50.7,40.3,89.0,8.2,10.6,344.0,0.2
2026-02-12T02:30:00Z,1.06,10.6,4.4,0.0092,31.0,70.8,51.3,72.3,13.1,13.9,260.0,0.45
2026-02-12T03:30:00Z,0.928,8.35,2.75,0.0067,49.4,57.8,35.8,62.8,12.0,16.3,320.0,0.825
2026-02-12T04:30:00Z,0.91,5.7,2.2,0.0048,75.7,51.0,29.5,66.3,17.0,18.2,327.0,0.925
2026-02-12T05:30:00Z,0.937,3.4,1.9,0.00335,108.0,,27.5,63.0,11.0,20.3,322.0,1.03
2026-02-12T06:30:00Z,0.93,3.1,1.87,0.00313,109.0,42.0,24.7,57.7,8.07,20.1,334.0,1.03
2026-02-12T07:30:00Z,0.985,5.65,1.7,0.00438,91.6,39.8,22.3,55.3,7.35,20.6,331.0,0.975
2026-02-12T08:30:00Z,1.02,5.85,1.83,0.0046,105.0,42.3,24.8,55.5,8.65,21.3,326.0,0.875
2026-02-12T09:30:00Z,1.01,4.25,1.85,0.00378,114.0,45.5,27.3,54.0,8.05,21.5,339.0,0.85
2026-02-12T10:30:00Z,1.08,4.08,1.65,0.0035,137.0,46.5,25.0,60.3,11.1,20.9,337.0,0.625
2026-02-12T11:30:00Z,1.2,7.0,1.75,0.0051,113.0,54.8,31.3,67.5,10.2,19.3,338.0,0.35
2026-02-12T12:30:00Z,1.7,25.2,4.6,0.0171,25.8,67.8,39.5,75.3,8.53,17.2,269.0,0.2
2026-02-12T13:30:00Z,1.69,25.1,2.48,0.0154,13.8,82.8,47.8,78.5,8.33,16.6,254.0,0.175
2026-02-12T14:30:00Z,1.72,23.9,2.48,0.0147,15.4,94.8,60.3,81.5,7.85,15.8,337.0,0.2
2026-02-12T15:30:00Z,1.48,14.5,1.98,0.00935,46.8,102.0,70.5,80.5,7.7,15.3,267.0,0.125
2026-02-12T16:30:00Z,1.63,22.6,5.1,0.0162,13.1,106.0,73.5,83.0,7.55,14.7,190.0,0.2
2026-02-12T17:30:00Z,1.41,15.0,2.1,0.00967,18.1,100.0,71.3,86.0,6.1,13.8,45.7,0.1
2026-02-12T18:30:00Z,1.19,13.3,2.15,0.0088,,82.0,62.0,89.5,5.4,12.9,187.0,0.15
2026-02-12T19:30:00Z,1.11,12.1,1.9,0.00795,27.1,77.5,57.3,90.0,5.3,12.6,321.0,0.2
2026-02-12T20:30:00Z,0.95,5.3,1.73,0.00427,32.2,64.3,46.5,90.3,5.27,12.3,316.0,0.175
2026-02-12T21:30:00Z,0.948,4.48,1.7,0.0038,29.1,56.5,43.5,91.0,6.68,12.2,326.0,0.15
2026-02-12T22:30:00Z,0.943,4.65,1.7,0.00385,30.5,58.0,46.0,91.0,6.45,12.0,307.0,0.225
2026-02-12T23:30:00Z,0.973,5.58,1.88,0.0045,27.3,58.5,47.0,91.8,6.6,11.8,333.0,0.275
2026-02-13T00:30:00Z,1.11,7.68,2.25,0.0059,19.3,64.0,50.8,92.0,5.85,11.4,241.0,0.2
2026-02-13T01:30:00Z,1.24,11.4,5.53,0.0105,11.9,77.8,59.8,92.0,6.2,11.5,258.0,0.175
2026-02-13T02:30:00Z,1.21,14.4,5.65,0.0122,27.3,88.3,62.5,84.3,12.9,13.4,304.0,0.425
2026-02-13T03:30:00Z,1.07,11.5,2.73,0.00835,56.8,87.5,59.5,71.0,18.9,16.3,323.0,0.575
2026-02-13T04:30:00Z,0.955,6.58,2.1,0.0052,91.2,84.0,54.8,68.3,15.2,18.5,329.0,0.8
2026-02-13T05:30:00Z,0.955,4.47,1.8,0.00383,112.0,71.7,42.3,63.0,15.5,20.8,331.0,0.767
2026-02-13T06:30:00Z,0.95,4.73,1.9,0.00405,109.0,64.8,38.0,62.8,15.2,20.9,329.0,1.0
2026-02-13T07:30:00Z,0.975,6.28,1.95,0.00488,86.5,56.3,33.0,60.0,7.13,21.5,334.0,1.03
2026-02-13T08:30:00Z,0.988,5.95,1.9,0.0047,97.7,48.0,29.8,61.3,6.6,22.2,326.0,0.95
2026-02-13T09:30:00Z,0.958,4.35,1.78,0.00378,109.0,45.8,29.3,57.8,6.13,22.3,328.0,0.975
2026-02-13T10:30:00Z,0.95,2.93,1.7,0.003,127.0,41.7,26.3,56.7,6.0,22.2,328.0,0.7
2026-02-13T11:30:00Z,1.13,5.53,1.83,0.0044,120.0,39.5,27.5,66.3,7.18,20.1,339.0,0.375
2026-02-13T12:30:00Z,1.54,16.6,3.88,0.012,58.1,49.8,34.5,74.5,7.4,17.9,175.0,0.175
2026-02-13T13:30:00Z,2.04,32.4,14.5,0.029,5.78,82.3,47.8,79.5,7.98,16.6,195.0,0.125
2026-02-13T14:30:00Z,2.51,32.3,28.1,0.04,6.2,101.0,58.0,85.0,7.95,15.6,122.0,0.125
2026-02-13T15:30:00Z,3.33,30.3,56.9,0.0624,4.7,145.0,75.7,88.0,9.4,14.9,149.0,0.133
2026-02-13T16:30:00Z,2.49,25.3,32.0,0.0395,4.53,160.0,83.7,88.7,8.0,14.3,80.0,0.267
2026-02-13T17:30:00Z,,19.3,11.4,0.0195,5.0,153.0,83.0,87.0,,13.6,78.0,0.3
2026-02-14T03:30:00Z,,8.5,2.1,0.0062,66.2,64.0,42.0,60.0,10.9,17.8,319.0,0.7
2026-02-14T04:30:00Z,0.418,5.98,2.0,0.0048,96.0,60.0,38.3,63.0,12.5,19.3,328.0,0.9
2026-02-14T05:30:00Z,0.77,3.93,1.75,0.0035,121.0,51.8,30.3,60.8,9.77,21.4,336.0,0.85
2026-02-14T06:30:00Z,0.98,3.63,1.87,0.00347,122.0,47.0,26.7,60.3,6.77,21.7,337.0,1.0
2026-02-14T07:30:00Z,1.03,5.85,1.8,0.0046,96.9,50.0,30.3,61.5,6.43,21.5,333.0,1.15
2026-02-14T08:30:00Z,1.04,5.48,1.7,0.00428,108.0,54.0,33.0,60.0,5.98,22.1,324.0,1.23
2026-02-14T09:30:00Z,1.04,4.33,1.75,0.00375,123.0,53.0,33.5,58.8,5.75,22.4,332.0,1.18
2026-02-14T10:30:00Z,1.05,4.1,1.83,0.00368,129.0,50.0,32.5,62.8,6.4,22.0,329.0,0.9
2026-02-14T11:30:00Z,1.12,4.75,1.75,0.00395,108.0,50.0,32.3,70.0,6.6,20.2,331.0,0.55
2026-02-14T12:30:00Z,1.26,8.5,1.88,0.00603,74.5,55.8,36.5,74.0,6.25,18.5,335.0,0.375
2026-02-14T13:30:00Z,1.35,12.8,1.78,0.00823,58.3,74.5,44.3,76.0,6.93,17.5,327.0,0.375
2026-02-14T14:30:00Z,1.48,13.2,2.1,0.0087,45.6,79.8,49.5,78.3,6.73,16.6,253.0,0.2
2026-02-14T15:30:00Z,1.58,18.2,2.7,0.0119,22.3,81.8,54.8,83.5,6.45,15.5,255.0,0.1
2026-02-14T16:30:00Z,1.46,17.8,2.15,0.0112,26.1,111.0,72.5,86.0,6.7,14.7,337.0,0.25
2026-02-14T18:30:00Z,0.965,6.0,1.7,0.0046,,61.0,48.5,83.5,8.1,14.0,313.0,0.2
2026-02-14T19:30:00Z,1.0,6.05,1.75,0.00465,45.7,59.0,44.3,86.3,7.55,13.2,263.0,0.2
2026-02-14T20:30:00Z,0.963,4.63,1.7,0.00383,51.5,55.5,40.5,87.0,7.8,12.6,313.0,0.275
2026-02-14T21:30:00Z,0.953,4.45,1.75,0.0038,53.1,54.5,42.0,86.0,9.63,12.4,312.0,0.225
2026-02-14T22:30:00Z,0.913,4.08,1.8,0.00365,55.0,53.0,43.0,86.0,9.23,12.0,321.0,0.3
2026-02-14T23:30:00Z,0.883,3.7,1.78,0.0034,67.4,47.0,38.5,82.5,9.3,12.4,317.0,0.325
2026-02-15T00:30:00Z,0.927,5.33,1.87,0.00433,51.3,43.3,33.3,83.0,9.3,11.8,325.0,0.2
2026-02-15T01:30:00Z,1.02,6.68,2.2,0.00538,37.3,50.5,39.5,83.5,8.65,12.0,335.0,0.325
2026-02-15T02:30:00Z,0.968,5.93,2.45,0.00513,56.2,63.0,45.5,70.3,12.4,14.8,336.0,0.475
2026-02-15T03:30:00Z,0.903,7.67,2.1,0.0058,65.4,52.7,37.0,58.7,10.3,18.8,337.0,0.767
2026-02-15T04:30:00Z,0.88,5.35,1.98,0.00448,97.6,44.3,29.5,61.3,12.5,20.8,336.0,0.875
2026-02-15T05:30:00Z,0.973,3.63,1.9,0.0035,127.0,47.0,27.5,62.8,11.1,22.3,253.0,0.9
2026-02-15T06:30:00Z,0.995,3.98,1.98,0.00373,127.0,52.5,31.0,54.0,9.3,22.9,338.0,1.1
2026-02-15T07:30:00Z,0.92,5.75,1.83,0.00455,106.0,46.3,25.5,43.0,6.4,23.2,345.0,1.18
2026-02-15T08:30:00Z,0.93,5.33,1.8,0.0043,117.0,33.7,18.0,46.7,6.03,23.6,337.0,1.33
2026-02-15T09:30:00Z,0.963,3.85,1.8,0.0035,132.0,34.3,20.0,52.0,6.78,23.5,330.0,1.38
2026-02-15T10:30:00Z,0.983,2.75,1.85,0.00298,142.0,41.0,24.0,55.8,7.73,23.1,332.0,1.2
2026-02-15T11:30:00Z,1.06,3.23,1.75,0.00315,135.0,45.0,25.5,63.5,9.38,21.4,337.0,0.575
2026-02-15T12:30:00Z,1.18,5.75,1.8,0.0045,109.0,53.8,32.5,72.0,9.9,19.4,319.0,0.275
2026-02-15T13:30:00Z,1.5,18.6,2.3,0.0117,43.2,65.5,44.0,77.3,9.65,17.8,111.0,0.175
2026-02-15T14:30:00Z,1.7,26.2,6.58,0.0193,19.4,79.8,51.5,82.0,9.55,16.7,111.0,0.125
2026-02-15T15:30:00Z,1.75,24.5,3.7,0.0161,12.7,91.5,59.5,84.8,8.08,15.7,191.0,0.175
2026-02-15T16:30:00Z,1.91,24.3,7.33,0.0189,4.67,92.7,62.7,87.7,8.1,14.7,45.3,0.133
2026-02-15T17:30:00Z,1.68,22.1,9.87,0.0198,5.03,92.3,58.7,89.3,7.0,13.8,31.0,0.2
2026-02-15T18:30:00Z,1.22,14.6,3.4,0.0105,,89.0,54.0,88.5,5.85,12.9,48.0,0.2
2026-02-15T19:30:00Z,1.11,13.9,3.25,0.0101,15.9,82.3,54.0,88.5,5.75,12.3,129.0,0.225
2026-02-15T20:30:00Z,1.03,11.6,2.8,0.0084,14.6,71.3,51.7,89.0,5.65,11.7,72.3,0.2
2026-02-15T21:30:00Z,0.95,8.85,2.25,0.0065,17.3,66.0,49.0,89.5,6.4,11.4,179.0,0.15
2026-02-15T22:30:00Z,1.01,9.23,3.58,0.00785,6.9,69.0,52.0,90.8,6.1,11.0,49.3,0.125
2026-02-15T23:30:00Z,1.02,11.2,7.65,0.0122,6.38,68.5,49.0,91.0,5.93,10.6,66.0,0.175
2026-02-16T00:30:00Z,1.01,11.0,7.28,0.0118,6.6,63.3,42.5,91.0,5.85,10.2,18.5,0.1
2026-02-16T01:30:00Z,1.56,15.8,27.5,0.0307,6.5,64.8,43.0,91.8,6.48,11.1,145.0,0.15
2026-02-16T02:30:00Z,1.3,17.3,11.9,0.0189,23.0,94.0,52.5,70.8,14.7,15.8,234.0,0.3
2026-02-16T03:30:00Z,1.26,19.5,4.75,0.0142,35.6,119.0,59.0,60.0,11.6,18.1,228.0,0.45
2026-02-17T06:30:00Z,0.92,8.6,2.7,0.0068,115.0,39.0,21.0,44.5,14.8,24.0,202.0,0.85
2026-02-17T07:30:00Z,0.933,15.7,2.75,0.0106,82.6,40.5,22.0,41.0,10.1,24.5,258.0,0.725
2026-02-17T08:30:00Z,0.893,14.3,2.13,0.0093,96.8,42.5,22.5,41.0,7.25,24.9,292.0,0.775
2026-02-17T09:30:00Z,0.898,10.2,2.05,0.00713,112.0,43.5,23.0,43.8,6.83,25.2,305.0,0.775
2026-02-17T10:30:00Z,0.873,6.6,1.95,0.00513,128.0,43.0,22.5,44.5,7.65,25.6,326.0,0.425
2026-02-17T11:30:00Z,1.49,19.6,10.4,0.0189,78.7,42.5,21.0,54.8,8.55,22.5,116.0,0.125
2026-02-17T12:30:00Z,2.58,34.5,33.2,0.0453,6.0,147.0,34.5,68.3,9.33,19.0,99.3,0.175
2026-02-17T13:30:00Z,2.86,34.4,39.5,0.0504,4.9,198.0,50.0,73.3,10.2,18.0,27.0,0.175
2026-02-17T14:30:00Z,2.41,33.7,31.9,0.0438,5.15,140.0,57.0,74.0,10.2,17.6,42.0,0.175
2026-02-17T15:30:00Z,1.99,30.7,15.2,0.0287,5.17,135.0,57.0,75.7,8.6,16.9,91.7,0.133
2026-02-18T01:30:00Z,1.18,13.4,3.28,0.00978,24.9,68.5,42.5,78.0,6.88,15.5,307.0,0.25
2026-02-18T02:30:00Z,1.34,17.1,5.33,0.0134,19.8,72.0,47.5,73.5,8.35,17.4,217.0,0.5
2026-02-18T03:30:00Z,1.36,19.8,6.67,0.0159,26.2,90.7,49.7,68.0,10.3,18.7,142.0,0.633
2026-02-18T04:30:00Z,1.09,13.5,4.6,0.0109,57.1,97.3,48.5,63.3,12.3,19.5,200.0,0.975
2026-02-18T05:30:00Z,0.95,9.28,2.55,0.00698,80.1,74.3,36.5,56.0,15.4,21.9,209.0,0.55
2026-02-18T06:30:00Z,0.94,12.1,3.13,0.00895,72.2,56.0,26.5,52.0,21.7,22.3,162.0,0.975
2026-02-18T07:30:00Z,0.87,12.5,3.43,0.0094,69.5,52.0,22.7,49.7,10.4,22.1,191.0,0.667
2026-02-18T08:30:00Z,0.793,10.3,2.27,0.00733,81.5,34.3,16.0,47.0,9.37,22.3,305.0,0.633
2026-02-18T09:30:00Z,0.83,5.7,2.05,0.0047,99.2,36.0,20.5,59.3,15.7,22.1,267.0,0.625
2026-02-18T10:30:00Z,0.955,6.83,1.98,0.00528,86.2,47.0,26.5,66.0,10.0,21.4,231.0,0.35
2026-02-18T11:30:00Z,1.07,10.8,2.1,0.00743,60.3,49.5,25.0,66.5,8.63,20.4,193.0,0.325
2026-02-18T12:30:00Z,1.43,22.5,9.0,0.0193,10.8,53.5,24.5,71.0,8.28,19.2,157.0,0.275
2026-02-18T13:30:00Z,2.1,26.1,31.0,0.0391,4.83,65.3,27.0,76.3,11.0,17.6,54.8,0.175
2026-02-18T14:30:00Z,1.62,24.0,16.5,0.0262,7.9,94.0,40.0,75.3,13.5,17.7,120.0,0.425
2026-02-18T15:30:00Z,1.19,14.9,3.0,0.0104,18.9,111.0,49.0,73.5,13.1,17.2,314.0,0.25
2026-02-19T07:30:00Z,0.905,11.3,2.15,0.0077,84.8,55.0,38.0,52.5,10.4,22.5,282.0,0.5
2026-02-19T09:30:00Z,0.85,8.6,2.0,0.0062,96.7,51.0,34.0,49.0,8.4,23.5,229.0,0.4
2026-02-19T10:30:00Z,0.817,6.03,1.9,0.00477,121.0,41.0,24.7,53.3,13.3,23.2,301.0,0.4
2026-02-19T11:30:00Z,1.15,11.3,2.05,0.0077,66.2,36.0,23.0,66.5,14.9,20.7,39.0,0.1
2026-02-19T12:30:00Z,2.67,34.1,43.4,0.0534,5.85,67.0,30.0,73.5,15.3,19.2,57.5,0.15
2026-02-19T13:30:00Z,2.33,33.3,41.8,0.0518,4.7,107.0,40.5,74.0,15.6,19.0,148.0,0.15
2026-02-19T14:30:00Z,1.96,29.5,23.5,0.0348,4.23,104.0,44.5,75.5,13.6,18.2,104.0,0.125
2026-02-19T15:30:00Z,1.99,22.6,23.6,0.0312,4.57,104.0,47.7,81.0,10.9,16.8,47.3,0.167
2026-02-19T16:30:00Z,1.82,21.8,19.9,0.0278,4.8,107.0,49.0,84.8,9.73,15.8,111.0,0.1
2026-02-19T17:30:00Z,1.55,18.0,16.5,0.023,5.4,96.7,48.7,87.7,7.95,15.1,70.3,0.133
2026-02-19T18:30:00Z,1.0,13.4,5.2,0.0113,,87.5,48.0,87.5,6.5,14.4,48.0,0.15
2026-02-19T19:30:00Z,0.875,12.7,4.1,0.0102,8.63,79.8,45.5,86.8,6.2,13.9,61.3,0.2
2026-02-19T20:30:00Z,0.85,9.53,2.77,0.00737,10.1,63.3,39.0,86.5,5.8,13.6,59.5,0.2
2026-02-19T21:30:00Z,0.793,8.03,2.5,0.00633,7.4,55.5,34.0,88.0,5.75,13.4,55.0,0.175
2026-02-19T22:30:00Z,0.795,8.13,4.48,0.00795,5.65,50.0,31.5,89.3,6.03,13.1,54.8,0.2
2026-02-19T23:30:00Z,1.37,9.93,9.8,0.0133,5.63,47.8,28.5,88.3,5.93,12.9,80.3,0.325
2026-02-20T00:30:00Z,1.11,12.8,26.8,0.0287,5.0,50.0,25.0,87.0,6.0,12.9,71.0,0.2
2026-02-20T03:30:00Z,0.96,19.0,4.3,0.0136,48.8,50.0,31.0,58.0,23.0,20.5,259.0,0.4
2026-02-20T04:30:00Z,0.92,14.8,2.95,0.0103,80.7,61.0,35.0,59.5,44.4,21.8,286.0,0.45
2026-02-20T05:30:00Z,0.953,10.6,2.45,0.00765,117.0,73.5,40.5,57.3,41.4,23.4,275.0,0.6
2026-02-20T06:30:00Z,0.93,8.9,2.3,0.0066,132.0,75.0,42.0,55.0,23.6,24.4,282.0,0.6
2026-02-20T07:30:00Z,0.98,10.1,1.9,0.0069,90.4,73.0,40.0,53.0,9.6,24.1,304.0,0.8
2026-02-20T09:30:00Z,0.86,3.38,1.83,0.0033,111.0,47.0,28.0,56.5,6.43,24.5,321.0,1.08
2026-02-20T10:30:00Z,0.85,2.2,1.73,0.0026,105.0,40.3,24.7,56.3,5.37,24.2,322.0,0.9
2026-02-20T11:30:00Z,0.985,3.93,1.7,0.00348,104.0,33.0,20.5,63.0,6.23,22.4,329.0,0.5
2026-02-20T12:30:00Z,1.1,6.93,1.83,0.0052,84.6,45.3,30.0,66.8,6.73,20.3,291.0,0.225
2026-02-20T13:30:00Z,1.19,10.1,1.75,0.0068,61.1,58.0,35.0,72.0,7.35,19.1,307.0,0.25
2026-02-20T14:30:00Z,1.16,11.7,1.75,0.00763,51.6,63.8,37.5,74.0,7.3,19.0,324.0,0.5
2026-02-20T15:30:00Z,1.07,7.48,1.75,0.0054,55.6,63.3,39.5,76.5,6.55,18.2,322.0,0.4
2026-02-20T16:30:00Z,1.02,5.68,1.75,0.00448,62.3,57.5,37.5,80.0,6.6,17.6,319.0,0.4
2026-02-20T17:30:00Z,1.06,5.8,1.83,0.00457,52.2,55.3,37.7,82.3,6.1,16.6,317.0,0.267
2026-02-20T18:30:00Z,1.06,3.8,1.9,0.00355,,62.0,37.0,85.5,7.15,15.8,322.0,0.25
2026-02-20T19:30:00Z,1.07,3.5,1.9,0.0034,38.4,63.5,40.0,87.5,6.75,15.2,266.0,0.175
2026-02-20T20:30:00Z,1.12,4.7,1.8,0.00397,27.8,62.8,43.0,90.0,5.83,14.6,244.0,0.175
2026-02-20T21:30:00Z,1.11,3.2,1.75,0.00315,53.0,57.3,44.0,90.8,5.9,15.3,330.0,0.25
2026-02-20T22:30:00Z,1.11,4.3,1.85,0.0038,36.5,57.8,46.5,90.5,6.33,14.6,205.0,0.2
2026-02-20T23:30:00Z,1.1,4.9,2.05,0.00425,27.7,62.3,49.0,90.8,5.63,13.8,269.0,0.325
2026-02-21T00:30:00Z,1.19,8.38,3.68,0.00745,14.2,61.5,49.5,91.5,5.53,13.4,60.0,0.2
2026-02-21T01:30:00Z,1.34,12.2,8.6,0.0135,8.28,71.0,54.5,91.5,5.9,13.8,138.0,0.275
2026-02-21T02:30:00Z,1.23,10.9,3.65,0.00873,35.3,77.8,54.0,82.0,10.7,15.8,311.0,0.25
2026-02-21T04:30:00Z,1.18,6.53,2.08,0.00513,96.2,69.0,46.5,70.0,11.1,20.2,322.0,0.7
2026-02-21T05:30:00Z,1.12,3.85,1.85,0.00355,116.0,69.0,47.5,67.8,11.0,21.2,321.0,0.775
2026-02-21T06:30:00Z,1.09,4.9,1.9,0.0042,104.0,71.0,54.0,62.0,10.9,21.7,324.0,0.7
2026-02-21T07:30:00Z,1.02,7.33,1.9,0.00543,93.3,65.3,49.0,56.8,8.4,22.5,320.0,0.975
2026-02-21T08:30:00Z,0.983,6.65,1.95,0.0051,97.7,58.5,42.0,57.0,8.05,23.0,318.0,1.03
2026-02-21T09:30:00Z,0.977,5.07,1.87,0.0042,116.0,57.7,40.0,57.0,7.3,23.1,326.0,1.07
2026-02-21T10:30:00Z,1.01,4.0,1.9,0.0037,126.0,54.0,37.0,61.5,8.05,22.9,329.0,0.8
2026-02-21T11:30:00Z,1.05,4.95,1.65,0.004,117.0,54.8,36.5,67.3,8.9,21.4,329.0,0.45
2026-02-21T12:30:00Z,1.19,7.2,1.57,0.0051,91.7,62.3,41.7,74.0,8.9,19.7,304.0,0.267
2026-02-21T13:30:00Z,1.49,19.8,2.25,0.0124,39.9,77.8,54.0,76.5,9.68,18.9,287.0,0.2
2026-02-21T14:30:00Z,1.37,15.2,2.43,0.01,56.6,89.0,63.0,80.0,9.35,18.2,295.0,0.25
2026-02-21T15:30:00Z,1.17,9.13,1.88,0.00638,83.9,89.5,64.0,77.5,10.2,17.8,304.0,0.325
2026-02-21T16:30:00Z,1.18,8.7,1.7,0.00603,67.2,82.5,59.0,78.8,10.5,16.9,286.0,0.15
2026-02-21T17:30:00Z,1.14,8.57,1.83,0.00607,57.0,76.0,54.7,81.7,8.6,15.9,315.0,0.2
2026-02-21T19:30:00Z,,,,,66.5,63.0,43.0,82.0,,14.5,186.0,0.2
2026-02-21T20:30:00Z,1.01,5.1,1.77,0.0042,48.9,59.0,43.0,84.8,7.7,14.0,313.0,0.15
2026-02-21T21:30:00Z,0.993,4.85,1.7,0.004,48.5,57.5,45.5,86.0,11.8,13.5,314.0,0.225
2026-02-21T22:30:00Z,0.985,4.7,1.9,0.004,43.4,63.8,51.5,86.8,13.9,13.0,234.0,0.1
2026-02-21T23:30:00Z,1.07,7.47,2.7,0.0061,21.9,62.3,50.3,89.0,10.2,12.3,30.0,0.133
2026-02-22T00:30:00Z,1.15,13.6,6.65,0.0127,8.15,66.8,51.8,90.0,9.45,12.0,187.0,0.125
2026-02-22T01:30:00Z,1.2,11.9,4.98,0.0104,12.6,66.3,50.8,90.3,9.28,12.6,101.0,0.125
2026-02-22T02:30:00Z,1.14,11.9,3.83,0.00945,49.8,67.5,47.0,74.5,20.6,15.9,233.0,0.175
2026-02-22T03:30:00Z,1.12,10.9,2.68,0.00795,78.9,73.3,48.0,61.0,26.6,19.1,238.0,0.425
2026-02-22T04:30:00Z,1.04,8.43,2.1,0.00618,122.0,70.8,46.0,64.0,18.0,20.7,305.0,0.55
2026-02-22T05:30:00Z,1.02,4.75,1.85,0.00405,144.0,68.8,42.0,63.8,12.7,22.1,314.0,0.675
2026-02-22T06:30:00Z,1.02,5.3,2.0,0.00445,138.0,62.0,39.8,60.5,10.5,22.7,319.0,0.675
2026-02-22T07:30:00Z,1.01,8.87,1.77,0.00613,101.0,59.0,38.7,55.3,8.1,23.1,340.0,0.733
2026-02-22T08:30:00Z,0.983,8.53,1.85,0.00605,108.0,50.0,31.0,55.3,7.73,23.5,320.0,0.9
2026-02-22T09:30:00Z,0.983,7.1,1.9,0.00533,118.0,45.8,29.5,55.8,7.63,24.1,317.0,0.825
2026-02-22T10:30:00Z,0.997,5.33,1.87,0.00433,122.0,44.7,30.7,60.3,9.2,23.9,326.0,0.767
2026-02-22T11:30:00Z,1.09,5.03,1.9,0.00423,105.0,47.5,30.5,67.8,9.75,22.2,305.0,0.225
2026-02-22T12:30:00Z,1.26,9.3,1.85,0.00643,67.8,55.3,33.8,74.5,9.58,20.2,308.0,0.15
2026-02-22T13:30:00Z,1.68,18.8,2.95,0.0124,20.5,62.0,37.0,78.5,9.65,19.1,352.0,0.1
2026-02-22T14:30:00Z,1.38,15.2,2.4,0.0101,46.0,94.0,60.5,81.5,10.3,18.3,314.0,0.15
2026-02-22T15:30:00Z,1.61,22.0,3.05,0.0142,20.5,84.8,57.3,84.0,9.38,17.7,99.3,0.15
2026-02-22T16:30:00Z,1.61,23.4,3.0,0.0149,16.2,75.0,53.0,86.0,8.8,17.3,311.0,0.1
2026-02-23T02:30:00Z,1.2,12.8,4.03,0.0101,49.5,75.7,40.7,71.7,8.43,17.6,179.0,0.5
2026-02-23T03:30:00Z,1.21,14.0,3.1,0.00997,56.1,76.7,43.0,67.7,16.2,19.4,244.0,0.4
2026-02-23T04:30:00Z,1.11,9.8,2.4,0.00715,90.9,91.5,59.0,65.5,17.7,20.5,286.0,0.65
2026-02-23T05:30:00Z,1.05,6.83,2.13,0.00538,115.0,94.0,60.5,64.3,14.8,21.8,261.0,0.575
2026-02-23T06:30:00Z,,,,,135.0,88.8,57.5,61.0,,22.6,305.0,0.725
2026-02-23T07:30:00Z,1.39,34.9,1.1,0.0195,96.0,76.3,49.0,56.8,9.2,23.1,317.0,0.775
2026-02-23T08:30:00Z,1.29,30.9,2.75,0.0186,,54.5,34.0,50.5,6.85,23.9,320.0,0.85
2026-02-23T09:30:00Z,1.24,26.3,2.18,0.0158,101.0,47.8,28.0,50.3,6.45,24.2,325.0,0.775
2026-02-23T10:30:00Z,1.31,19.9,2.35,0.0125,117.0,44.8,26.5,58.3,7.35,23.9,322.0,0.775
2026-02-23T11:30:00Z,1.47,24.0,1.85,0.0143,104.0,52.8,34.5,65.5,7.95,22.2,314.0,0.25
2026-02-23T14:30:00Z,2.59,75.7,15.0,0.0524,6.3,92.5,62.0,84.5,7.75,17.6,12.5,0.15
2026-02-23T15:30:00Z,2.55,119.0,21.7,0.0808,5.08,93.0,61.0,85.5,7.85,17.1,181.0,0.1
2026-02-23T16:30:00Z,2.3,141.0,16.3,0.0881,6.35,88.3,57.5,86.3,7.08,16.6,96.5,0.1
2026-02-23T17:30:00Z,1.89,,,,18.5,79.7,54.0,87.0,6.55,16.2,151.0,0.1
2026-02-23T18:30:00Z,1.55,,,,,71.0,50.0,88.0,6.5,15.6,168.0,0.1
2026-02-23T19:30:00Z,1.57,,,,10.6,72.5,50.5,89.3,6.8,15.0,197.0,0.1
2026-02-23T20:30:00Z,1.72,48.2,14.0,0.0371,5.8,78.0,52.0,90.3,6.07,14.7,80.3,0.175
2026-02-23T21:30:00Z,1.53,36.8,6.23,0.0246,9.68,78.5,55.5,91.0,5.68,14.4,52.0,0.2
2026-02-23T22:30:00Z,1.38,31.3,2.18,0.0184,19.4,79.5,60.5,90.3,6.63,13.9,39.0,0.175
2026-02-23T23:30:00Z,1.33,29.5,2.95,0.0181,17.6,76.0,57.5,91.0,5.65,13.2,117.0,0.175
2026-02-24T00:30:00Z,1.79,46.7,50.6,0.066,7.23,68.0,51.0,91.0,6.13,13.1,87.3,0.3
2026-02-24T01:30:00Z,2.08,57.9,44.6,0.0671,8.7,78.0,50.0,85.5,6.58,14.4,168.0,0.175
2026-02-24T02:30:00Z,1.66,26.8,6.1,0.0193,46.5,83.0,48.0,68.8,33.5,18.4,171.0,0.425
2026-02-24T03:30:00Z,1.65,75.1,5.5,0.0444,62.0,82.0,48.5,62.8,43.6,20.6,278.0,0.45
2026-02-24T04:30:00Z,1.63,60.8,4.35,0.0358,103.0,87.3,52.5,65.3,23.4,21.9,276.0,0.5
2026-02-24T05:30:00Z,1.52,48.2,3.3,0.0283,139.0,94.0,55.5,62.8,33.4,23.1,269.0,0.625
2026-02-24T06:30:00Z,1.47,50.4,,,133.0,100.0,60.0,58.0,27.8,24.1,312.0,0.7
2026-02-24T07:30:00Z,1.3,,,,73.3,88.0,52.0,49.5,7.65,24.7,326.0,0.8
2026-02-24T08:30:00Z,1.26,35.9,,0.0139,79.7,65.7,37.0,46.7,5.07,25.0,319.0,0.867
2026-02-24T09:30:00Z,1.16,19.8,0.2,0.0101,93.8,45.0,24.5,44.0,3.7,25.3,322.0,1.05
2026-02-24T12:30:00Z,1.67,35.1,3.35,0.0214,67.6,56.3,30.5,65.0,5.98,20.6,304.0,0.175
2026-02-24T13:30:00Z,2.11,74.9,5.73,0.0445,24.3,73.3,39.5,72.8,7.5,19.3,310.0,0.175
2026-02-24T14:30:00Z,2.26,79.2,6.15,0.0472,11.4,87.0,47.0,77.0,7.98,18.4,338.0,0.2
2026-02-24T15:30:00Z,2.31,75.5,10.7,0.0489,16.3,90.5,55.0,80.0,7.58,17.9,275.0,0.15
2026-02-24T16:30:00Z,2.06,60.2,5.4,0.0364,20.9,89.5,57.5,82.3,7.45,17.5,234.0,0.125
2026-02-24T17:30:00Z,1.75,34.5,3.97,0.0216,39.3,84.7,55.3,84.0,7.3,16.9,305.0,0.1
2026-02-24T18:30:00Z,1.6,27.0,4.5,0.0179,,78.0,47.0,86.5,7.85,15.9,173.0,0.1
2026-02-24T19:30:00Z,1.51,20.1,4.0,0.014,34.5,72.8,47.5,88.5,7.25,15.4,237.0,0.1
2026-02-24T20:30:00Z,1.45,13.2,3.9,0.0102,36.2,67.5,48.0,89.0,6.97,15.3,206.0,0.1
2026-02-24T21:30:00Z,1.44,13.0,4.43,0.0105,38.7,71.0,50.0,88.3,8.47,14.8,231.0,0.167
2026-02-24T22:30:00Z,1.43,13.1,5.03,0.011,29.2,73.5,55.0,89.5,8.8,14.4,199.0,0.175
2026-02-24T23:30:00Z,1.65,25.0,19.3,0.029,7.35,75.0,61.0,90.5,8.28,14.0,45.5,0.15
2026-02-25T00:30:00Z,1.78,21.8,30.0,0.036,5.03,83.8,63.5,91.0,8.53,13.8,55.5,0.225
2026-02-25T01:30:00Z,2.01,24.7,39.3,0.045,6.4,104.0,71.0,89.8,9.43,14.5,39.0,0.125
2026-02-25T02:30:00Z,1.82,10.1,10.6,0.014,22.7,117.0,73.3,71.3,13.2,17.7,106.0,0.175
2026-02-25T03:30:00Z,1.62,7.88,6.6,0.00958,49.8,93.8,55.0,60.8,10.7,20.8,223.0,0.3
2026-02-25T04:30:00Z,1.52,31.9,5.8,0.0217,91.6,73.8,44.8,60.8,12.8,22.3,313.0,0.5
2026-02-25T05:30:00Z,1.34,19.8,5.03,0.0147,115.0,73.3,43.8,60.0,25.8,23.8,322.0,0.75
2026-02-25T06:30:00Z,1.37,24.1,4.55,0.0165,109.0,66.5,37.5,58.0,17.6,24.0,319.0,1.05
2026-02-25T07:30:00Z,1.37,33.8,5.18,0.0222,92.5,65.0,37.0,57.3,7.55,23.9,318.0,1.08
2026-02-25T08:30:00Z,1.28,30.9,5.23,0.0207,98.7,61.3,35.7,54.0,7.33,24.3,317.0,1.1
2026-02-25T09:30:00Z,1.37,20.2,4.88,0.0147,123.0,53.8,33.5,58.0,10.4,24.8,318.0,1.05
2026-02-25T10:30:00Z,1.49,16.6,4.85,0.0128,136.0,49.0,34.0,60.5,11.6,25.2,322.0,0.95
2026-02-25T11:30:00Z,0.0,8.5,,0.0002,44.2,,,73.0,0.0,23.0,332.0,0.3
2026-02-25T12:30:00Z,1.72,7.17,4.67,0.0076,82.2,,114.0,76.0,12.7,21.4,326.0,0.3
2026-02-25T13:30:00Z,1.76,18.5,4.87,0.0138,71.5,91.0,74.7,79.3,13.0,20.4,318.0,0.267
2026-02-25T14:30:00Z,1.71,25.0,4.5,0.017,70.7,90.5,57.0,80.8,13.4,20.0,323.0,0.3
2026-02-25T15:30:00Z,1.69,21.2,4.7,0.0151,67.1,89.0,57.5,81.0,13.4,19.3,314.0,0.275
2026-02-25T16:30:00Z,1.61,17.3,4.55,0.0129,73.8,86.8,57.0,81.8,14.5,18.6,319.0,0.375
2026-02-25T17:30:00Z,1.6,22.2,4.5,0.0154,66.8,84.3,58.7,83.0,13.9,18.1,167.0,0.267
2026-02-25T18:30:00Z,1.48,11.7,4.7,0.0101,,74.5,55.0,84.0,9.4,17.5,306.0,0.3
2026-02-25T19:30:00Z,1.51,10.8,4.45,0.00935,75.2,70.5,55.5,85.5,8.8,16.9,308.0,0.275
2026-02-25T20:30:00Z,1.44,9.27,4.67,0.00873,80.8,66.5,53.5,85.3,8.83,16.8,293.0,0.25
2026-02-25T21:30:00Z,1.43,7.25,4.3,0.00735,68.0,65.0,50.0,87.0,8.3,15.9,319.0,0.15
2026-02-25T22:30:00Z,1.43,8.6,4.37,0.00817,56.5,63.3,48.3,88.7,7.2,15.3,313.0,0.333
2026-02-25T23:30:00Z,1.48,11.9,4.73,0.0101,44.8,67.3,51.5,89.3,7.13,15.0,319.0,0.325
2026-02-26T00:30:00Z,1.55,16.2,4.93,0.0126,33.6,75.5,56.5,90.0,6.7,14.7,317.0,0.25
2026-02-26T01:30:00Z,1.86,34.0,15.8,0.0309,17.0,81.8,61.5,89.3,7.58,15.7,142.0,0.175
2026-02-26T02:30:00Z,1.65,7.7,7.9,0.0105,51.5,88.0,63.5,77.3,10.9,18.6,183.0,0.45
2026-02-26T03:30:00Z,1.46,,,,77.9,80.8,55.0,64.5,18.3,21.6,331.0,0.65
2026-02-26T04:30:00Z,1.42,5.53,5.15,0.006,95.5,84.8,51.0,66.3,17.0,22.6,327.0,0.825
2026-02-26T05:30:00Z,1.39,0.4,5.23,0.00398,117.0,83.0,48.8,62.3,9.43,24.0,334.0,0.95
2026-02-26T06:30:00Z,1.43,19.0,4.93,0.0141,105.0,62.3,39.0,60.3,8.18,24.2,326.0,1.03
2026-02-26T07:30:00Z,1.44,23.2,4.9,0.0163,90.6,62.3,38.3,62.0,7.43,23.8,321.0,1.23
2026-02-26T08:30:00Z,1.38,21.8,4.43,0.0152,97.1,67.0,40.3,56.8,6.9,24.4,326.0,1.33
2026-02-26T09:30:00Z,1.36,20.4,4.6,0.0146,113.0,65.0,37.0,57.7,7.6,24.6,325.0,1.43
2026-02-26T10:30:00Z,1.45,15.9,4.6,0.0122,129.0,64.8,37.0,65.0,8.6,24.4,328.0,1.33
2026-02-26T11:30:00Z,1.55,,,,124.0,66.3,40.5,70.5,9.35,23.0,326.0,0.85
2026-02-26T12:30:00Z,1.59,16.3,4.2,0.0119,108.0,69.7,45.3,73.7,9.2,21.9,329.0,0.633
2026-02-26T13:30:00Z,1.71,23.4,4.48,0.0161,78.5,75.0,47.5,76.5,8.28,20.5,326.0,0.3
2026-02-26T14:30:00Z,1.74,29.3,5.15,0.0198,72.1,76.0,48.0,75.3,8.3,19.1,307.0,0.3
2026-02-26T15:30:00Z,1.79,22.4,4.75,0.0158,70.5,81.3,50.5,75.3,10.4,18.2,303.0,0.3
2026-02-26T16:30:00Z,1.63,13.2,5.15,0.0112,71.8,81.5,55.3,77.8,9.08,17.6,215.0,0.2
2026-02-26T17:30:00Z,1.6,13.3,5.4,0.0115,64.6,82.0,58.0,81.7,8.7,17.0,338.0,0.2
2026-02-26T18:30:00Z,1.46,4.65,5.45,0.0069,,70.5,51.0,83.5,7.15,16.2,166.0,0.1
2026-02-26T19:30:00Z,1.45,2.0,5.4,0.00545,52.3,61.8,46.0,82.8,6.8,16.0,45.3,0.1
2026-02-26T20:30:00Z,1.37,,5.45,0.0038,62.0,54.3,41.0,83.0,5.8,15.5,33.7,0.1
2026-02-26T21:30:00Z,1.37,12.4,5.18,0.00708,57.4,57.5,42.5,84.0,5.4,14.7,304.0,0.2
2026-02-26T22:30:00Z,1.35,13.1,4.8,0.0109,53.7,65.3,53.8,85.0,6.23,14.2,288.0,0.15
2026-02-26T23:30:00Z,1.4,17.7,5.0,0.0135,40.1,63.8,55.3,86.0,5.58,13.7,323.0,0.2
2026-02-27T00:30:00Z,1.6,31.4,8.65,0.0237,20.0,62.8,50.0,88.0,5.13,13.5,289.0,0.175
2026-02-27T01:30:00Z,1.67,37.6,11.0,0.029,19.3,82.0,59.5,85.5,7.1,14.7,222.0,0.25
2026-02-27T02:30:00Z,1.66,31.0,9.98,0.0246,46.8,94.5,62.0,73.5,10.7,17.9,238.0,0.45
2026-02-27T03:30:00Z,1.48,11.1,6.3,0.011,68.1,82.0,50.3,63.0,9.15,21.0,258.0,0.5
2026-02-27T04:30:00Z,1.37,26.3,5.9,0.0188,92.8,64.7,38.7,60.3,7.33,22.9,320.0,0.6
2026-02-27T05:30:00Z,1.35,14.9,5.27,0.0122,120.0,59.0,32.5,58.8,11.0,24.2,322.0,0.825
2026-02-27T06:30:00Z,,,,,103.0,58.0,30.8,55.5,,24.4,319.0,0.875
2026-02-27T07:30:00Z,1.28,32.0,1.75,0.0184,,56.8,29.0,49.0,7.8,24.9,318.0,0.95
2026-02-27T08:30:00Z,1.27,34.7,0.1,0.0186,84.2,50.3,26.7,49.7,7.77,25.3,319.0,1.0
2026-02-27T09:30:00Z,1.26,34.5,0.325,0.0186,99.9,49.0,25.5,50.0,7.48,26.0,320.0,0.825
2026-02-27T10:30:00Z,1.26,28.8,0.5,0.0157,130.0,48.0,24.0,52.3,8.4,25.8,317.0,0.875
2026-02-27T11:30:00Z,1.44,29.7,0.3,0.0161,119.0,49.0,24.0,58.0,9.25,24.1,333.0,0.35
2026-02-27T12:30:00Z,2.23,,,,28.9,67.0,31.8,67.3,9.45,21.6,219.0,0.125
2026-02-27T13:30:00Z,2.1,,,,23.2,83.5,38.5,71.5,10.1,20.1,249.0,0.15
2026-02-27T14:30:00Z,2.12,47.2,3.45,0.0254,33.6,77.3,38.0,72.3,10.0,19.6,229.0,0.2
2026-02-27T15:30:00Z,1.83,30.1,2.48,0.018,64.0,77.3,37.8,73.5,10.2,19.8,196.0,0.225
2026-02-27T16:30:00Z,1.74,20.8,0.85,0.0117,65.4,83.0,40.5,74.5,11.3,19.2,147.0,0.2
2026-02-27T17:30:00Z,1.64,45.3,0.4,0.0243,63.4,81.7,44.3,76.0,14.5,18.2,308.0,0.267
2026-02-27T18:30:00Z,1.89,76.3,6.7,0.046,,86.0,52.0,82.5,8.55,16.6,49.5,0.2
2026-02-27T19:30:00Z,1.62,52.7,1.25,0.029,35.3,81.8,50.5,82.8,7.65,16.0,264.0,0.15
2026-02-27T20:30:00Z,1.64,60.3,3.1,0.0346,18.4,69.0,47.7,84.3,5.65,15.4,180.0,0.2
2026-02-27T21:30:00Z,1.56,45.1,1.9,0.0255,24.3,70.0,51.0,82.0,5.95,15.7,184.0,0.3
2026-02-27T22:30:00Z,1.51,38.3,1.1,0.0212,30.0,74.5,54.0,83.3,5.55,15.4,149.0,0.375
2026-02-27T23:30:00Z,1.63,35.8,6.65,0.0244,37.9,72.0,53.0,78.5,6.93,16.0,99.0,0.375
2026-02-28T00:30:00Z,1.59,45.6,8.33,0.031,26.8,69.8,47.8,77.0,8.15,15.6,109.0,0.2
2026-02-28T01:30:00Z,1.97,36.5,26.8,0.0411,10.1,81.3,45.5,76.5,10.2,16.3,122.0,0.175
2026-02-28T02:30:00Z,1.61,40.6,4.28,0.0251,40.3,95.5,49.0,67.0,15.4,19.1,341.0,0.375
2026-02-28T03:30:00Z,1.47,57.4,3.13,0.0331,60.1,87.0,45.7,57.0,16.2,22.6,328.0,0.45
2026-02-28T04:30:00Z,1.12,37.2,1.68,0.0212,85.5,71.5,76.0,47.5,23.0,24.6,251.0,0.775
2026-02-28T05:30:00Z,1.19,24.9,0.65,0.0138,104.0,59.3,21.0,42.5,19.0,25.8,327.0,0.95
2026-02-28T06:30:00Z,1.19,30.2,1.58,0.0173,85.7,51.0,19.0,40.0,7.8,25.9,258.0,0.9
2026-02-28T07:30:00Z,1.25,40.1,1.0,0.0221,77.9,48.0,17.5,42.5,5.65,25.7,333.0,1.03
2026-02-28T08:30:00Z,1.21,,,,81.3,45.0,15.5,40.5,5.4,26.0,325.0,1.15
2026-02-28T09:30:00Z,1.18,,,,93.7,46.0,13.5,41.5,6.08,26.2,326.0,1.15
2026-02-28T10:30:00Z,1.19,,,,105.0,48.0,15.5,45.3,6.35,26.3,325.0,1.0
2026-02-28T11:30:00Z,1.25,,,,107.0,46.0,17.5,51.3,6.93,24.5,327.0,0.675
2026-02-28T12:30:00Z,1.57,,,,67.0,50.3,20.0,61.0,8.55,21.9,297.0,0.225
2026-02-28T13:30:00Z,1.73,,,,49.4,65.3,27.5,64.3,9.85,20.6,297.0,0.2
2026-02-28T14:30:00Z,1.71,41.3,,0.0213,47.9,71.8,33.5,63.3,11.5,19.9,288.0,0.225
2026-02-28T15:30:00Z,1.7,37.2,0.5,0.0202,47.5,67.8,31.3,68.3,16.9,18.8,280.0,0.2
2026-02-28T16:30:00Z,1.56,10.2,0.475,0.00578,59.4,61.3,28.0,72.5,12.1,17.7,295.0,0.225
2026-02-28T17:30:00Z,1.55,8.5,0.5,0.00493,51.8,59.7,28.3,73.7,12.2,16.9,295.0,0.167
2026-02-28T19:30:00Z,,,,,61.7,68.5,29.5,76.0,,16.3,306.0,0.2
2026-02-28T20:30:00Z,1.43,6.07,0.433,0.00357,54.6,60.5,30.5,78.5,8.53,15.6,313.0,0.15
2026-02-28T21:30:00Z,1.43,5.13,0.45,0.00308,57.0,49.5,30.5,76.3,10.2,15.1,304.0,0.15
2026-02-28T22:30:00Z,1.39,4.4,0.475,0.00275,55.1,49.5,31.0,75.5,14.2,14.6,306.0,0.225
2026-02-28T23:30:00Z,1.43,4.93,0.6,0.0031,43.3,51.5,32.0,78.0,16.5,14.0,327.0,0.3
2026-03-01T00:30:00Z,1.59,7.85,0.675,0.00473,24.3,54.5,33.5,78.8,23.2,13.7,320.0,0.3
2026-03-01T01:30:00Z,1.61,7.95,1.0,0.005,45.1,64.3,37.5,74.5,27.3,15.6,345.0,0.45
2026-03-01T02:30:00Z,1.61,5.98,0.725,0.00375,75.2,70.5,38.5,72.0,18.8,18.0,263.0,0.625
2026-03-01T03:30:00Z,1.6,7.45,0.675,0.00453,88.7,65.5,33.0,64.5,11.9,21.2,337.0,0.6
2026-03-01T04:30:00Z,1.6,6.65,0.6,0.004,113.0,63.5,28.5,61.3,10.7,23.1,335.0,0.775
2026-03-01T05:30:00Z,1.38,4.1,0.55,0.00265,126.0,63.0,29.0,57.0,8.8,24.5,336.0,0.875
2026-03-01T06:30:00Z,1.39,5.43,0.55,0.00335,110.0,56.0,28.0,51.3,7.0,25.0,329.0,1.0
2026-03-01T07:30:00Z,1.34,7.55,0.625,0.00453,91.4,51.8,23.5,40.5,5.18,25.7,332.0,1.08
2026-03-01T08:30:00Z,1.28,6.5,0.467,0.00383,103.0,51.7,18.0,40.3,4.97,25.7,331.0,1.23
2026-03-01T09:30:00Z,1.24,5.65,0.4,0.0033,114.0,51.0,16.5,42.8,6.08,25.9,330.0,1.2
2026-03-01T10:30:00Z,1.27,4.7,0.467,0.00287,123.0,49.7,17.7,46.7,6.37,26.0,323.0,1.07
2026-03-01T11:30:00Z,1.36,4.65,0.475,0.00283,123.0,47.5,20.5,53.8,7.53,24.3,328.0,0.725
2026-03-01T12:30:00Z,1.53,6.38,0.475,0.00375,96.4,50.8,23.0,60.3,7.75,22.2,320.0,0.425
2026-03-01T13:30:00Z,1.62,7.7,0.4,0.00443,81.4,60.3,30.3,63.0,8.1,20.5,309.0,0.275
2026-03-01T14:30:00Z,1.52,9.43,0.525,0.00545,85.5,62.5,34.0,61.8,9.75,19.8,314.0,0.325
2026-03-01T15:30:00Z,1.37,6.18,0.6,0.00378,104.0,53.3,26.5,60.5,12.0,20.2,335.0,0.325
2026-03-01T16:30:00Z,1.43,6.28,0.6,0.00385,94.1,49.3,22.0,64.5,9.18,19.1,257.0,0.225
2026-03-01T17:30:00Z,1.4,5.73,0.633,0.00353,90.5,48.7,21.7,67.7,8.2,17.7,261.0,0.233
2026-03-01T19:30:00Z,,,,,79.2,43.0,23.5,69.5,,15.8,324.0,0.25
2026-03-01T20:30:00Z,1.28,4.27,0.667,0.0028,74.3,41.5,26.5,70.8,30.1,15.0,302.0,0.275
2026-03-01T21:30:00Z,1.28,3.35,0.6,0.00225,80.5,39.5,26.8,71.0,13.0,14.9,307.0,0.3
2026-03-01T22:30:00Z,1.3,3.73,0.6,0.00248,83.7,39.0,24.5,70.3,11.5,15.5,185.0,0.275
2026-03-01T23:30:00Z,1.32,3.77,0.533,0.00243,71.6,35.0,23.7,72.3,10.5,14.2,319.0,0.3
2026-03-02T00:30:00Z,1.39,4.9,0.5,0.00303,62.3,37.5,22.0,73.3,10.6,14.0,311.0,0.25
2026-03-02T01:30:00Z,1.51,9.05,1.05,0.00565,49.7,48.8,27.0,70.5,14.5,15.8,318.0,0.225
2026-03-02T02:30:00Z,1.42,8.2,0.833,0.00507,72.6,57.3,30.3,60.3,11.3,19.1,333.0,0.5
2026-03-02T03:30:00Z,1.36,9.4,0.8,0.0057,80.3,56.0,24.0,51.0,6.2,22.7,350.0,0.9
2026-03-02T04:30:00Z,1.38,7.28,0.85,0.00458,98.9,52.8,22.0,52.3,23.0,24.1,342.0,0.875
2026-03-02T05:30:00Z,1.36,6.0,0.833,0.0039,126.0,61.7,23.0,45.0,28.0,25.5,237.0,0.9
2026-03-02T06:30:00Z,1.3,5.27,0.733,0.0034,106.0,68.0,23.3,41.7,5.47,26.3,336.0,1.03
2026-03-02T07:30:00Z,1.33,6.17,0.633,0.0038,87.1,52.7,19.3,42.0,4.27,26.3,338.0,1.07
2026-03-02T08:30:00Z,1.26,5.98,0.6,0.00368,80.6,53.8,17.5,34.0,4.05,26.7,341.0,1.1
2026-03-02T09:30:00Z,1.25,5.45,0.6,0.0034,92.1,53.0,14.5,36.5,3.95,26.7,335.0,1.2
2026-03-02T11:30:00Z,1.53,5.13,0.6,0.00323,120.0,47.3,14.0,50.0,5.93,24.5,337.0,0.7
2026-03-02T12:30:00Z,1.65,6.2,0.425,0.00365,101.0,53.0,19.3,57.0,6.43,21.9,325.0,0.375
2026-03-02T13:30:00Z,1.73,7.9,0.3,0.0045,84.7,65.0,26.0,59.0,7.0,21.3,339.0,0.4
2026-03-02T15:30:00Z,1.74,11.9,0.8,0.007,81.4,71.0,35.0,64.0,11.3,18.6,329.0,0.2
2026-03-02T16:30:00Z,1.59,5.0,0.55,0.00315,100.0,49.5,20.5,66.5,9.0,18.4,319.0,0.4
2026-03-02T17:30:00Z,1.47,4.23,0.575,0.00273,92.8,45.5,21.0,69.8,10.5,18.0,314.0,0.375
2026-03-02T18:30:00Z,1.36,3.83,0.475,0.00243,92.0,46.0,24.0,69.3,10.9,18.4,329.0,0.575
2026-03-02T19:30:00Z,1.34,3.45,0.6,0.00235,102.0,47.8,24.8,65.3,9.95,18.5,331.0,0.475
2026-03-02T20:30:00Z,1.33,3.7,0.4,0.0023,94.5,42.7,23.0,67.3,8.25,17.3,319.0,0.333
2026-03-02T21:30:00Z,1.37,3.85,0.5,0.00245,85.5,37.5,23.0,70.5,7.7,16.4,334.0,0.3
2026-03-02T22:30:00Z,1.39,3.8,0.525,0.00243,85.0,39.5,25.0,72.8,7.23,15.7,322.0,0.25
2026-03-02T23:30:00Z,1.39,4.57,0.6,0.0029,82.2,42.7,27.7,71.7,9.9,15.7,312.0,0.2
2026-03-03T00:30:00Z,1.38,4.77,0.533,0.003,81.1,43.7,29.3,72.0,9.47,15.3,319.0,0.233
2026-03-03T01:30:00Z,1.59,7.4,0.7,0.0045,71.7,62.5,46.0,71.3,10.3,16.7,327.0,0.4
2026-03-03T02:30:00Z,1.59,6.83,0.775,0.00428,92.7,76.8,50.0,69.8,10.8,19.1,336.0,0.775
2026-03-03T03:30:00Z,1.57,7.37,0.6,0.00437,96.9,70.7,34.7,65.7,9.83,21.9,340.0,0.733
2026-03-03T04:30:00Z,1.55,5.95,0.675,0.00373,118.0,70.5,32.8,62.0,12.8,23.3,336.0,0.875
2026-03-03T05:30:00Z,1.49,4.9,0.6,0.00307,144.0,70.7,32.3,58.0,13.6,24.8,339.0,1.0
2026-03-03T06:30:00Z,1.46,4.63,0.567,0.00293,148.0,67.3,33.7,54.0,11.3,25.7,339.0,0.95
2026-03-03T07:30:00Z,0.0,5.1,,0.0016,135.0,,,50.0,,26.3,326.0,1.17
2026-03-03T08:30:00Z,0.35,5.48,0.5,0.00323,116.0,,56.0,51.8,11.6,26.3,331.0,1.1
2026-03-03T09:30:00Z,1.45,4.55,0.625,0.00293,129.0,65.0,36.8,51.5,11.7,26.0,331.0,1.2
2026-03-03T10:30:00Z,1.59,4.47,0.633,0.00287,162.0,70.7,34.7,53.7,14.4,25.8,337.0,1.0
2026-03-03T11:30:00Z,1.68,5.3,0.575,0.00328,141.0,72.5,35.5,59.8,14.7,24.3,347.0,0.6
2026-03-03T12:30:00Z,1.77,6.97,0.567,0.00417,106.0,99.3,37.7,60.3,14.2,22.3,324.0,0.367
2026-03-03T13:30:00Z,1.98,11.4,0.5,0.0065,66.9,71.0,38.0,64.0,15.4,20.4,315.0,0.3
2026-03-03T14:30:00Z,1.7,10.7,0.55,0.00615,88.0,75.0,38.5,63.5,19.3,20.5,311.0,0.25
2026-03-03T15:30:00Z,1.49,8.15,0.5,0.00475,105.0,86.0,36.5,61.0,40.1,21.1,328.0,0.35
2026-03-03T16:30:00Z,1.53,5.45,0.55,0.00335,97.3,74.5,31.5,68.5,22.6,19.7,326.0,0.45
2026-03-03T17:30:00Z,1.49,5.47,0.6,0.00337,86.6,55.7,30.7,71.7,16.2,18.5,317.0,0.4
2026-03-03T18:30:00Z,1.43,4.65,0.55,0.0029,87.2,52.0,31.0,74.5,9.9,17.7,316.0,0.35
2026-03-03T19:30:00Z,1.48,5.4,0.6,0.0033,60.8,51.5,32.5,76.5,9.7,16.9,338.0,0.3
2026-03-03T20:30:00Z,1.45,4.75,0.5,0.00295,57.8,53.7,34.3,79.0,10.6,15.9,223.0,0.133
2026-03-03T21:30:00Z,1.4,5.27,0.567,0.00327,53.7,51.0,36.7,80.7,10.5,15.6,221.0,0.167
2026-03-03T22:30:00Z,1.35,4.83,0.533,0.00297,56.8,48.0,34.3,80.7,9.5,15.4,329.0,0.2
2026-03-03T23:30:00Z,1.45,6.57,1.17,0.0044,59.6,45.7,32.7,78.7,9.47,15.4,216.0,0.133
2026-03-04T00:30:00Z,1.67,10.1,1.37,0.0065,32.0,48.0,34.7,80.7,8.77,14.9,113.0,0.133
2026-03-04T01:30:00Z,1.59,9.2,1.05,0.00575,39.1,58.5,39.5,77.0,8.75,15.8,298.0,0.15
2026-03-04T02:30:00Z,1.46,8.5,1.1,0.00545,61.8,62.0,38.5,65.5,13.0,20.0,173.0,0.25
2026-03-04T03:30:00Z,1.34,10.4,1.23,0.00657,67.1,51.7,26.7,50.7,48.2,24.6,238.0,0.567
2026-03-04T04:30:00Z,1.3,11.7,1.25,0.0072,90.4,76.0,30.0,49.5,65.5,25.6,337.0,0.65
2026-03-04T05:30:00Z,1.28,5.55,0.6,0.0035,130.0,79.5,29.5,47.5,14.5,27.6,332.0,0.85
2026-03-04T06:30:00Z,1.38,6.33,0.6,0.00387,117.0,46.0,19.3,49.3,7.7,27.4,327.0,1.0
2026-03-04T07:30:00Z,1.42,7.45,0.6,0.0045,99.7,50.0,21.5,51.0,7.0,27.6,330.0,1.1
2026-03-04T08:30:00Z,1.35,6.73,0.533,0.00403,100.0,52.0,21.0,47.3,6.07,28.1,327.0,1.13
2026-03-04T09:30:00Z,1.35,5.13,0.633,0.0032,111.0,50.0,19.7,49.0,5.57,27.7,326.0,1.27
2026-03-04T10:30:00Z,1.46,4.1,0.5,0.00257,127.0,50.0,20.7,55.0,6.57,27.4,329.0,0.933
2026-03-04T11:30:00Z,1.63,4.2,0.5,0.0026,138.0,54.0,24.0,64.0,7.8,26.0,347.0,0.6
2026-03-04T12:30:00Z,1.74,5.1,0.5,0.00315,120.0,71.0,37.3,70.3,9.58,24.0,327.0,0.4
2026-03-04T13:30:00Z,1.68,7.15,0.5,0.0042,104.0,76.0,42.5,71.0,12.2,22.9,328.0,0.35
2026-03-04T14:30:00Z,1.62,6.8,0.45,0.004,96.3,71.5,38.5,69.0,13.8,21.9,298.0,0.2
2026-03-04T15:30:00Z,1.53,7.75,0.5,0.00455,87.9,64.5,35.0,67.5,16.2,18.5,294.0,0.2
2026-03-04T16:30:00Z,1.38,5.05,0.5,0.0031,106.0,58.5,30.5,66.5,10.6,5.3,316.0,0.35
2026-03-04T17:30:00Z,1.32,3.65,0.55,0.0024,99.2,51.0,25.0,67.5,9.7,6.65,321.0,0.4
2026-03-04T18:30:00Z,1.32,3.4,0.6,0.00225,95.2,46.0,24.5,70.0,8.15,19.2,326.0,0.4
2026-03-04T19:30:00Z,1.36,4.2,0.5,0.0026,80.1,43.3,26.3,72.3,6.4,19.2,331.0,0.4
2026-03-04T20:30:00Z,1.35,3.6,0.4,0.00225,87.2,43.7,26.7,70.0,6.9,19.5,323.0,0.5
2026-03-04T21:30:00Z,1.33,3.6,0.467,0.00227,87.8,45.0,25.0,71.0,8.5,19.1,329.0,0.4
2026-03-04T22:30:00Z,1.33,3.9,0.55,0.0025,88.6,43.5,25.0,72.0,12.4,18.9,318.0,0.4
2026-03-04T23:30:00Z,1.29,4.48,0.475,0.00275,80.5,42.3,25.3,73.8,11.0,10.6,317.0,0.35
2026-03-05T00:30:00Z,1.37,6.4,0.6,0.0039,71.4,45.5,25.0,75.0,11.6,10.5,304.0,0.3
2026-03-05T01:30:00Z,1.55,7.13,0.767,0.00443,71.4,58.3,37.0,72.3,14.1,11.8,328.0,0.333
2026-03-05T02:30:00Z,1.52,6.8,0.8,0.00425,90.6,61.0,35.5,67.0,13.1,17.5,338.0,0.55
2026-03-05T03:30:00Z,1.49,8.63,0.867,0.00527,81.0,58.7,27.3,59.3,16.7,18.7,318.0,0.567
2026-03-05T04:30:00Z,1.64,10.3,1.2,0.0064,78.9,60.0,27.0,57.0,43.8,18.5,276.0,0.5
2026-03-05T06:30:00Z,1.65,7.5,0.65,0.00455,121.0,78.0,33.5,55.0,11.0,34.2,313.0,0.7
2026-03-05T07:30:00Z,1.58,8.43,0.767,0.0051,74.0,74.7,33.7,50.3,7.9,29.8,324.0,0.833
2026-03-05T08:30:00Z,1.44,6.67,0.667,0.0041,51.1,59.3,28.3,48.3,6.2,29.9,322.0,1.07
2026-03-05T09:30:00Z,1.32,5.57,0.633,0.0035,54.7,53.3,25.3,45.3,4.77,29.9,328.0,1.1
2026-03-05T10:30:00Z,1.46,5.17,0.6,0.00323,81.2,55.0,25.7,51.7,5.97,29.3,332.0,0.867
2026-03-05T11:30:00Z,1.68,5.87,0.7,0.00367,107.0,68.7,36.3,61.3,8.07,27.1,333.0,0.433
2026-03-05T12:30:00Z,2.02,8.9,0.75,0.00535,81.5,89.0,41.5,68.0,8.8,25.3,277.0,0.2
2026-03-05T13:30:00Z,2.12,16.2,0.7,0.00915,66.5,97.5,47.0,72.0,11.1,24.0,290.0,0.25
2026-03-05T14:30:00Z,1.99,9.85,0.5,0.00565,75.5,90.0,50.5,73.5,10.5,23.3,295.0,0.25
2026-03-05T15:30:00Z,2.26,11.7,0.7,0.0068,45.9,93.0,55.0,78.0,10.2,21.9,300.0,0.2
2026-03-05T16:30:00Z,2.33,13.4,0.9,0.00785,31.0,95.0,56.5,81.0,8.8,21.1,205.0,0.15
2026-03-05T17:30:00Z,2.1,18.9,2.25,0.0119,10.1,103.0,58.5,83.0,8.0,20.2,60.5,0.15
2026-03-05T18:30:00Z,1.86,16.3,1.05,0.0095,13.4,102.0,57.5,86.0,8.05,19.1,340.0,0.2
2026-03-05T19:30:00Z,2.04,14.8,2.2,0.0097,7.17,90.7,53.3,86.7,7.9,18.6,73.3,0.2
2026-03-05T20:30:00Z,1.47,13.1,2.53,0.0091,6.2,88.0,51.5,87.8,8.23,18.1,48.0,0.15
2026-03-05T21:30:00Z,1.47,11.7,3.3,0.0089,4.73,76.7,48.0,89.0,7.97,17.8,67.3,0.2
2026-03-05T22:30:00Z,1.2,12.2,3.87,0.00967,6.3,67.7,46.7,85.7,8.33,17.8,101.0,0.3
2026-03-05T23:30:00Z,1.04,13.4,2.2,0.0089,11.1,57.0,38.0,82.0,8.6,18.0,97.3,0.2
2026-03-06T00:30:00Z,1.15,15.9,3.75,0.0115,10.1,56.0,33.0,81.5,8.35,18.5,117.0,0.3
2026-03-06T01:30:00Z,1.49,13.3,2.37,0.00897,30.7,82.7,40.7,76.3,8.07,20.4,143.0,0.267
2026-03-06T02:30:00Z,1.47,10.7,1.45,0.00685,56.1,89.0,45.0,71.0,8.65,22.5,191.0,0.4
2026-03-06T03:30:00Z,1.42,11.0,3.05,0.00835,64.2,90.0,48.5,67.0,8.6,25.0,202.0,0.65
2026-03-06T04:30:00Z,1.34,9.5,3.55,0.00795,72.7,99.0,54.0,64.0,8.85,26.2,217.0,0.6
2026-03-06T05:30:00Z,1.61,9.13,2.13,0.0066,90.1,108.0,60.5,63.5,13.2,27.0,194.0,0.625
2026-03-06T06:30:00Z,1.68,9.03,1.23,0.0058,90.4,112.0,62.8,60.8,11.6,27.6,275.0,0.75
2026-03-06T07:30:00Z,1.65,10.1,0.967,0.00617,69.1,105.0,58.7,62.0,8.13,28.2,288.0,0.767
2026-03-06T08:30:00Z,1.66,8.5,1.25,0.00555,74.2,103.0,57.0,60.5,8.0,29.0,276.0,0.75
2026-03-06T09:30:00Z,1.66,9.15,2.65,0.00705,92.5,99.5,55.0,62.5,6.65,29.4,284.0,0.6
2026-03-06T10:30:00Z,1.67,6.65,1.28,0.00458,125.0,107.0,53.5,64.8,6.05,28.8,293.0,0.525
2026-03-06T11:30:00Z,1.82,8.5,1.2,0.0055,110.0,119.0,55.0,69.0,6.7,27.9,271.0,0.1
2026-03-06T12:30:00Z,3.29,29.5,7.85,0.022,29.5,115.0,62.0,75.5,8.2,25.6,92.0,0.1
2026-03-06T13:30:00Z,4.08,39.6,20.1,0.0374,2.75,136.0,72.5,79.5,13.5,24.7,75.0,0.1
2026-03-06T14:30:00Z,2.85,26.2,3.2,0.0165,17.7,148.0,78.5,78.5,11.7,24.7,138.0,0.2
2026-03-06T15:30:00Z,2.17,12.1,1.5,0.00765,48.3,129.0,72.0,77.5,9.8,24.4,131.0,0.35
2026-03-06T16:30:00Z,2.0,10.8,1.4,0.00685,52.4,104.0,62.5,78.5,8.45,23.8,133.0,0.3
2026-03-06T17:30:00Z,1.54,8.47,1.43,0.00567,55.4,96.0,62.0,79.0,6.9,23.3,134.0,0.333
2026-03-06T18:30:00Z,1.42,6.05,1.25,0.00425,57.0,90.5,60.5,79.5,6.4,23.0,126.0,0.4
2026-03-06T19:30:00Z,1.44,6.3,1.3,0.0044,57.9,87.0,59.0,80.5,5.8,22.6,102.0,0.25
2026-03-06T20:30:00Z,,6.6,1.1,0.0044,46.7,86.5,59.5,82.0,6.6,22.1,144.0,0.25
2026-03-06T21:30:00Z,,5.9,0.9,0.00385,53.8,84.5,59.0,82.5,6.85,21.8,117.0,0.3
2026-03-06T22:30:00Z,,5.97,0.8,0.00383,56.3,82.7,58.7,81.7,6.13,21.7,119.0,0.367
2026-03-06T23:30:00Z,,7.8,0.7,0.00473,51.4,78.0,56.0,80.3,5.73,21.5,133.0,0.3
2026-03-07T00:30:00Z,,9.35,0.8,0.0056,43.5,80.0,55.5,80.0,5.25,21.1,130.0,0.25
2026-03-07T01:30:00Z,1.49,9.35,1.3,0.006,42.6,86.0,55.5,76.0,4.55,22.0,128.0,0.45
2026-03-07T02:30:00Z,1.7,8.7,1.7,0.006,64.4,90.5,57.0,71.0,4.9,23.9,180.0,0.45
2026-03-07T03:30:00Z,1.59,9.17,3.57,0.0078,71.5,99.3,59.7,64.7,8.97,25.5,210.0,0.5
2026-03-07T04:30:00Z,1.56,9.1,3.6,0.00775,82.5,100.0,56.0,63.5,10.1,26.2,223.0,0.5
2026-03-07T05:30:00Z,1.59,8.05,1.78,0.00573,102.0,99.5,56.5,67.8,10.0,26.9,271.0,0.7
2026-03-07T06:30:00Z,1.6,6.8,0.8,0.00425,102.0,97.5,60.0,65.0,8.95,27.5,305.0,0.7
2026-03-07T07:30:00Z,1.63,7.85,1.0,0.005,74.5,92.5,58.0,63.0,7.65,28.3,312.0,0.5
2026-03-07T12:30:00Z,2.4,22.1,1.4,0.0129,27.8,96.5,54.0,72.5,6.25,25.7,169.0,0.1
2026-03-07T13:30:00Z,2.77,27.2,2.67,0.0166,9.57,107.0,61.7,76.3,7.9,24.4,128.0,0.133
2026-03-07T14:30:00Z,3.52,28.5,11.9,0.0248,5.25,119.0,67.5,80.5,8.85,23.7,185.0,0.2
2026-03-07T15:30:00Z,3.39,27.0,12.8,0.0248,5.15,129.0,71.8,83.5,8.1,23.0,324.0,0.175
2026-03-07T16:30:00Z,2.33,19.6,1.43,0.0116,28.4,113.0,69.3,82.7,7.53,22.6,304.0,0.167
2026-03-07T17:30:00Z,2.12,17.8,2.97,0.0119,20.1,98.3,66.3,84.3,6.77,21.8,66.5,0.133
2026-03-07T18:30:00Z,1.65,15.0,2.85,0.0103,10.6,108.0,68.0,85.5,5.95,21.3,87.5,0.1
2026-03-07T19:30:00Z,1.45,10.6,0.9,0.0064,27.4,114.0,68.5,86.5,6.1,20.6,186.0,0.1
2026-03-07T20:30:00Z,,13.0,1.75,0.00835,8.2,100.0,65.0,89.0,6.55,20.0,67.5,0.1
2026-03-07T21:30:00Z,,12.6,2.15,0.00845,10.9,94.5,62.5,88.0,6.6,19.6,98.0,0.2
2026-03-07T22:30:00Z,,8.45,0.9,0.0052,28.0,90.0,60.5,84.0,5.95,19.4,218.0,0.4
2026-03-07T23:30:00Z,,7.25,0.9,0.0046,18.4,75.0,55.5,86.5,5.45,18.6,66.0,0.15
2026-03-08T00:30:00Z,,13.0,22.2,0.025,4.9,74.5,53.5,89.0,5.5,18.4,186.0,0.15
2026-03-08T01:30:00Z,,12.7,6.25,0.0118,23.0,82.0,54.5,79.5,4.9,20.1,192.0,0.2
2026-03-08T02:30:00Z,,8.9,1.5,0.00595,57.5,78.5,49.5,70.5,10.7,22.9,195.0,0.4
2026-03-08T03:30:00Z,,10.6,1.9,0.0072,60.6,90.0,58.0,69.5,17.3,24.5,266.0,0.4
2026-03-08T04:30:00Z,,10.7,2.33,0.00763,86.4,116.0,73.0,64.3,28.5,25.9,262.0,0.433
2026-03-08T05:30:00Z,1.56,9.05,1.13,0.00573,118.0,120.0,73.5,64.8,26.3,27.9,328.0,0.725
2026-03-08T06:30:00Z,1.46,8.48,0.675,0.00505,95.7,107.0,64.0,58.3,12.0,28.7,335.0,0.8
2026-03-08T07:30:00Z,1.35,8.58,0.675,0.0051,73.9,85.3,50.0,53.3,7.1,29.3,256.0,0.825
2026-03-08T08:30:00Z,1.26,7.4,0.625,0.00445,77.0,74.5,39.5,52.0,5.85,29.6,326.0,1.05
2026-03-08T09:30:00Z,1.13,6.45,0.65,0.00395,86.2,67.0,32.0,50.5,5.25,30.0,335.0,1.0
2026-03-08T10:30:00Z,1.15,5.2,0.75,0.00335,103.0,56.5,29.5,56.5,5.95,29.8,330.0,0.85
2026-03-08T11:30:00Z,1.3,4.95,0.7,0.00315,108.0,61.0,32.5,64.5,6.7,28.2,341.0,0.5
2026-03-08T12:30:00Z,1.45,6.15,0.75,0.0039,95.9,79.5,41.0,70.0,6.9,26.2,327.0,0.35
2026-03-08T13:30:00Z,1.6,8.25,0.75,0.005,79.8,92.5,51.0,72.0,9.35,25.0,315.0,0.2
2026-03-08T14:30:00Z,1.65,11.7,0.633,0.00673,65.9,95.0,56.0,71.7,12.2,24.2,310.0,0.433
2026-03-08T15:30:00Z,1.47,8.17,0.533,0.00477,77.7,87.0,48.0,70.7,15.1,24.0,242.0,0.433
2026-03-08T16:30:00Z,1.32,6.27,0.633,0.00387,83.0,77.0,40.0,72.7,13.9,23.4,221.0,0.3
2026-03-08T17:30:00Z,1.37,4.63,0.567,0.0029,78.7,70.3,37.3,75.3,11.2,22.3,314.0,0.233
2026-03-08T18:30:00Z,1.42,3.65,0.55,0.00245,70.1,64.5,37.5,78.0,9.05,21.0,332.0,0.2
2026-03-08T19:30:00Z,,,,,55.1,63.0,35.0,83.0,,19.5,314.0,0.3
2026-03-08T20:30:00Z,1.43,3.65,0.65,0.00245,57.2,59.5,36.0,82.0,8.45,19.3,187.0,0.25
2026-03-08T21:30:00Z,1.41,3.15,0.55,0.00215,59.4,54.0,37.0,81.3,10.4,19.2,325.0,0.275
2026-03-08T22:30:00Z,1.4,3.0,0.567,0.00203,53.8,51.7,37.0,83.7,9.3,18.6,330.0,0.333
2026-03-08T23:30:00Z,1.48,4.35,0.625,0.00283,38.8,52.5,37.0,84.5,8.33,18.0,276.0,0.25
2026-03-09T00:30:00Z,1.67,9.7,1.98,0.00678,13.1,56.0,38.5,82.8,9.15,18.1,154.0,0.275
2026-03-09T01:30:00Z,1.55,9.7,1.63,0.00647,39.3,63.3,41.3,69.3,20.0,20.2,190.0,0.4
2026-03-09T02:30:00Z,1.82,11.0,2.1,0.0076,47.1,94.5,56.5,68.0,143.0,22.1,167.0,0.55
2026-03-09T03:30:00Z,1.77,11.0,3.1,0.0084,60.7,117.0,65.5,65.0,44.8,24.7,189.0,0.7
2026-03-09T04:30:00Z,1.79,11.0,3.35,0.0085,73.8,111.0,60.5,61.5,22.1,26.5,221.0,0.5
2026-03-09T05:30:00Z,1.69,10.0,1.8,0.00675,97.4,106.0,60.5,60.5,21.2,27.5,296.0,0.75
2026-03-09T06:30:00Z,1.62,8.85,0.65,0.00525,105.0,103.0,58.0,62.0,15.6,27.9,306.0,0.75
2026-03-09T07:30:00Z,1.63,10.6,0.8,0.0063,82.7,95.5,55.5,58.5,10.3,29.0,330.0,0.65
2026-03-09T08:30:00Z,1.6,11.0,0.867,0.00653,75.9,89.3,51.7,54.7,8.3,29.9,338.0,0.633
2026-03-09T09:30:00Z,1.49,9.93,0.767,0.00583,86.9,81.3,45.7,56.0,7.63,30.0,325.0,0.833
2026-03-09T10:30:00Z,1.42,6.17,0.633,0.00377,111.0,65.0,35.7,58.0,7.1,29.9,333.0,0.7
2026-03-09T11:30:00Z,1.54,5.95,0.825,0.00385,103.0,62.5,30.5,63.3,7.68,28.1,331.0,0.375
2026-03-09T12:30:00Z,1.94,11.6,1.08,0.00705,63.1,80.0,31.0,69.8,7.88,26.1,256.0,0.175
2026-03-09T13:30:00Z,2.45,21.5,2.27,0.0133,17.0,90.0,41.3,74.0,9.87,24.9,244.0,0.1
2026-03-09T14:30:00Z,2.54,23.3,1.7,0.0138,11.0,88.0,45.0,78.5,11.2,23.7,172.0,0.25
2026-03-09T15:30:00Z,3.27,26.8,17.3,0.0283,4.95,99.0,50.5,81.0,11.7,23.4,38.0,0.2
2026-03-09T16:30:00Z,2.29,17.3,5.45,0.0136,24.7,110.0,54.0,79.0,10.6,23.4,140.0,0.25
2026-03-09T17:30:00Z,,11.6,1.1,0.0071,39.4,113.0,53.0,79.0,,22.9,326.0,0.1
2026-03-10T07:30:00Z,1.68,10.6,1.15,0.00658,75.7,121.0,77.5,64.0,7.75,28.5,298.0,0.6
2026-03-10T08:30:00Z,1.65,10.4,0.95,0.00628,84.8,112.0,73.5,62.5,6.13,29.8,321.0,0.55
2026-03-10T09:30:00Z,1.66,8.1,0.833,0.00497,109.0,110.0,71.3,67.0,4.97,29.8,320.0,0.667
2026-03-10T10:30:00Z,1.54,5.83,0.867,0.00383,113.0,107.0,69.0,65.7,4.77,29.2,324.0,0.6
2026-03-10T11:30:00Z,1.65,7.17,0.9,0.00453,101.0,103.0,62.3,69.7,5.2,28.0,323.0,0.333
2026-03-10T12:30:00Z,2.02,9.9,1.0,0.0061,46.4,117.0,65.0,78.0,4.6,25.4,233.0,0.1
2026-03-10T13:30:00Z,2.77,24.3,3.33,0.0157,11.5,119.0,65.0,79.3,6.18,24.9,273.0,0.1
2026-03-10T14:30:00Z,2.49,22.5,1.68,0.0133,17.3,123.0,68.5,83.0,8.05,24.0,295.0,0.2
2026-03-10T15:30:00Z,2.33,16.3,1.17,0.0096,31.0,120.0,72.0,85.0,7.73,23.1,141.0,0.2
2026-03-10T16:30:00Z,2.11,16.9,1.45,0.0102,33.4,116.0,71.0,83.3,8.18,22.0,63.5,0.225
2026-03-10T17:30:00Z,1.64,8.27,0.867,0.0051,72.3,118.0,71.0,82.3,9.9,1.47,79.3,0.333
2026-03-10T18:30:00Z,1.57,7.25,0.75,0.00445,,114.0,81.0,85.5,8.45,14.3,208.0,0.2
2026-03-10T19:30:00Z,1.57,9.1,0.85,0.00555,41.6,116.0,82.5,85.3,7.9,7.3,87.5,0.2
2026-03-10T20:30:00Z,,7.03,0.633,0.0043,40.4,105.0,74.5,83.5,10.3,21.6,46.3,0.225
2026-03-10T21:30:00Z,,8.75,0.85,0.00533,26.2,84.0,59.0,80.8,11.0,30.0,81.3,0.225
2026-03-10T22:30:00Z,,7.38,0.8,0.00455,44.6,62.0,45.8,64.3,15.7,32.6,103.0,0.2
2026-03-10T23:30:00Z,,10.8,1.75,0.00715,26.2,44.3,29.8,57.8,10.8,33.1,162.0,0.2
2026-03-11T00:30:00Z,,10.9,7.08,0.0115,23.9,36.5,18.3,67.3,8.23,33.2,133.0,0.15
2026-03-11T01:30:00Z,,15.8,11.5,0.0178,10.3,55.8,22.8,70.0,8.3,17.3,236.0,0.125
2026-03-11T02:30:00Z,,14.2,3.33,0.0103,43.3,77.5,33.0,51.3,19.3,5.4,182.0,0.275
2026-03-11T03:30:00Z,,16.5,4.55,0.0125,44.4,78.3,36.0,46.3,51.2,11.4,272.0,0.275
2026-03-11T04:30:00Z,1.28,18.3,4.0,0.013,71.8,82.3,36.3,43.3,36.5,14.9,297.0,0.367
2026-03-11T05:30:00Z,1.28,11.4,1.48,0.00728,104.0,77.8,33.0,39.5,12.7,5.93,348.0,0.7
2026-03-11T06:30:00Z,1.28,12.0,1.1,0.00725,78.8,56.5,24.8,35.3,7.93,5.28,256.0,0.675
2026-03-11T07:30:00Z,1.24,13.9,1.1,0.00823,58.4,40.3,16.0,30.7,5.4,24.9,343.0,0.567
2026-03-11T08:30:00Z,1.15,12.1,1.4,0.00753,59.6,33.3,13.8,29.0,5.0,36.6,334.0,0.6
2026-03-11T09:30:00Z,1.09,9.65,1.08,0.006,85.2,39.3,17.5,32.0,6.63,39.1,323.0,0.675
2026-03-11T10:30:00Z,1.02,6.55,0.65,0.00405,109.0,52.0,18.5,35.5,8.1,31.8,320.0,0.65
2026-03-11T11:30:00Z,1.25,7.33,0.625,0.00443,97.2,54.0,19.0,45.5,7.15,26.4,324.0,0.4
2026-03-11T12:30:00Z,1.58,12.1,1.23,0.00748,59.8,59.8,24.0,50.3,7.55,30.4,320.0,0.125
2026-03-11T13:30:00Z,2.03,21.3,2.6,0.0135,13.9,79.0,31.5,57.3,8.78,31.3,315.0,0.15
2026-03-11T14:30:00Z,1.94,21.5,3.4,0.0142,12.3,102.0,37.0,61.0,11.4,32.2,252.0,0.175
2026-03-11T15:30:00Z,1.91,21.6,1.63,0.0129,10.0,91.8,35.5,64.0,9.35,32.9,333.0,0.125
2026-03-11T16:30:00Z,1.59,13.8,0.725,0.0079,36.1,64.5,31.5,65.0,9.13,33.0,294.0,0.1
2026-03-11T17:30:00Z,1.6,13.6,1.17,0.00823,24.4,62.7,31.0,67.0,10.7,33.0,222.0,0.1
2026-03-12T03:30:00Z,1.54,13.3,1.75,0.0084,64.8,145.0,55.5,56.5,32.7,18.4,91.0,0.6
2026-03-12T04:30:00Z,1.49,12.7,3.0,0.0092,81.3,122.0,49.5,46.8,21.0,26.2,126.0,0.55
2026-03-12T05:30:00Z,1.33,10.2,2.93,0.0078,103.0,78.0,35.5,39.3,15.4,29.0,214.0,0.525
2026-03-12T06:30:00Z,1.3,9.73,1.23,0.00618,82.0,55.5,26.0,37.5,10.1,29.5,329.0,0.725
2026-03-12T07:30:00Z,1.26,10.2,0.775,0.00603,74.9,51.5,22.0,38.5,9.4,29.8,329.0,0.875
2026-03-12T08:30:00Z,1.25,8.88,0.725,0.0053,82.2,52.5,20.0,40.5,10.2,29.9,336.0,0.825
2026-03-12T09:30:00Z,1.27,6.05,0.65,0.00373,97.2,53.5,20.5,44.0,9.18,29.6,257.0,0.8
2026-03-12T10:30:00Z,1.26,5.4,0.85,0.00355,120.0,53.5,21.5,44.0,9.8,29.9,338.0,0.6
2026-03-12T11:30:00Z,1.64,7.8,0.75,0.00475,102.0,55.0,23.0,51.0,9.7,27.9,339.0,0.15
2026-03-12T12:30:00Z,2.28,17.4,1.35,0.0103,38.0,62.0,26.5,62.5,10.1,25.6,223.0,0.1
2026-03-12T13:30:00Z,3.31,28.7,14.5,0.0271,5.75,94.0,39.0,71.0,11.0,24.0,187.0,0.175
2026-03-12T14:30:00Z,2.95,26.4,10.6,0.0227,4.88,122.0,46.5,72.5,13.7,23.1,259.0,0.15
2026-03-12T15:30:00Z,2.35,22.4,3.8,0.015,11.4,115.0,45.5,72.3,16.7,22.4,245.0,0.15
2026-03-12T16:30:00Z,1.89,11.5,0.825,0.0068,36.8,97.3,44.5,72.0,16.3,21.8,310.0,0.25
2026-03-12T17:30:00Z,1.35,7.95,0.65,0.00475,48.1,79.0,42.0,73.5,15.5,21.0,331.0,0.25
2026-03-12T18:30:00Z,1.15,4.25,0.6,0.00275,,59.5,30.0,74.0,12.9,20.6,336.0,0.25
2026-03-12T19:30:00Z,1.16,3.5,0.55,0.0023,53.3,50.3,25.8,75.0,12.6,20.2,341.0,0.3
2026-03-12T20:30:00Z,1.27,3.43,0.533,0.00227,46.5,42.0,21.0,76.8,11.8,19.2,330.0,0.35
2026-03-12T21:30:00Z,1.25,3.15,0.575,0.00215,46.9,43.5,24.0,76.3,11.5,18.7,334.0,0.4
2026-03-12T22:30:00Z,1.2,3.23,0.625,0.00218,47.3,41.3,25.5,78.3,11.0,18.4,344.0,0.375
2026-03-12T23:30:00Z,1.19,3.17,0.533,0.00213,47.6,37.3,24.3,79.0,10.5,18.3,339.0,0.4
2026-03-13T00:30:00Z,1.31,5.55,0.85,0.00363,31.1,35.3,24.5,79.8,9.5,17.9,175.0,0.25
2026-03-13T01:30:00Z,1.45,8.2,1.33,0.00545,30.4,41.8,25.5,74.3,11.8,19.8,181.0,0.275
2026-03-13T02:30:00Z,1.42,8.33,1.43,0.0056,46.7,60.3,30.0,64.8,15.7,22.3,174.0,0.375
2026-03-13T03:30:00Z,1.33,9.67,1.2,0.00613,52.4,68.0,29.7,55.3,13.1,24.1,339.0,0.633
2026-03-13T04:30:00Z,1.31,8.5,0.9,0.0052,61.7,61.0,25.0,62.0,10.2,24.8,326.0,0.9
2026-03-13T07:30:00Z,1.37,7.43,0.675,0.0045,73.8,33.0,14.8,58.0,7.13,26.9,334.0,0.825
2026-03-13T08:30:00Z,1.27,6.7,0.667,0.0041,66.4,32.7,13.0,51.3,6.5,27.5,345.0,0.8
2026-03-13T09:30:00Z,1.25,6.28,0.775,0.00398,63.3,31.8,12.5,47.3,6.3,28.3,344.0,0.925
2026-03-13T10:30:00Z,1.25,4.65,0.6,0.00295,86.9,31.0,11.8,53.0,5.85,27.2,339.0,0.9
2026-03-13T11:30:00Z,1.31,3.8,0.533,0.00247,89.8,33.3,10.3,57.3,6.2,25.2,339.0,0.667
2026-03-13T12:30:00Z,1.5,6.1,0.575,0.00373,68.9,37.3,14.0,64.0,6.65,23.4,338.0,0.4
2026-03-13T13:30:00Z,1.62,8.33,0.6,0.00488,57.0,48.8,22.3,67.5,8.43,22.3,327.0,0.35
2026-03-13T14:30:00Z,1.43,6.13,0.65,0.00378,72.9,54.5,25.0,66.8,14.7,22.1,340.0,0.4
2026-03-13T15:30:00Z,1.45,5.85,0.575,0.00355,61.3,51.0,21.5,69.8,15.4,21.3,342.0,0.35
2026-03-13T16:30:00Z,1.37,4.9,0.575,0.00308,65.2,49.5,23.5,71.0,13.3,20.8,339.0,0.425
2026-03-13T17:30:00Z,1.32,4.0,0.6,0.0026,64.3,44.5,22.5,72.0,10.8,20.3,347.0,0.5
2026-03-13T19:30:00Z,,,,,53.3,38.5,21.0,76.0,,18.2,342.0,0.35
2026-03-13T20:30:00Z,1.33,3.13,0.667,0.0022,64.8,38.5,20.0,74.0,9.07,18.6,265.0,0.375
2026-03-13T21:30:00Z,1.32,2.57,0.533,0.00183,71.9,33.3,17.7,74.0,9.63,18.0,328.0,0.367
2026-03-13T22:30:00Z,1.32,2.95,0.6,0.00205,59.5,30.8,16.5,75.0,9.3,17.4,345.0,0.35
2026-03-13T23:30:00Z,1.36,4.18,0.55,0.00263,44.5,37.8,20.0,77.8,11.4,16.5,345.0,0.225
2026-03-14T00:30:00Z,1.5,6.8,0.967,0.0044,27.9,42.7,25.3,78.0,12.7,16.8,237.0,0.2
2026-03-14T01:30:00Z,1.51,7.28,0.975,0.00465,38.0,51.0,28.3,73.5,18.0,18.5,330.0,0.275
2026-03-14T02:30:00Z,1.48,7.6,1.0,0.00488,58.3,58.0,29.5,63.3,12.5,21.4,107.0,0.3
2026-03-14T03:30:00Z,1.43,9.2,1.3,0.00595,59.2,54.5,24.0,56.0,11.2,23.3,245.0,0.55
2026-03-14T04:30:00Z,1.34,9.73,1.15,0.00615,71.8,60.8,21.5,48.3,27.9,24.9,177.0,0.625
2026-03-14T05:30:00Z,1.33,7.35,1.1,0.0048,93.8,52.0,19.0,44.0,7.73,26.1,252.0,0.575
2026-03-14T06:30:00Z,1.46,7.38,0.7,0.00445,102.0,38.5,14.5,43.5,7.4,25.6,331.0,0.75
2026-03-14T07:30:00Z,1.46,8.78,0.85,0.00538,99.1,53.5,20.5,50.0,6.93,25.4,321.0,1.08
2026-03-14T08:30:00Z,1.44,8.8,0.675,0.00525,91.7,58.0,24.3,50.3,6.7,26.2,320.0,1.15
2026-03-14T09:30:00Z,1.38,7.63,0.775,0.0047,107.0,50.0,21.0,45.8,7.75,27.1,338.0,0.825
2026-03-14T10:30:00Z,1.33,6.63,0.85,0.00423,114.0,47.3,18.3,39.8,7.88,27.8,94.0,0.525
2026-03-14T11:30:00Z,1.41,5.13,0.675,0.0033,140.0,39.0,18.0,46.8,11.3,25.7,244.0,0.275
2026-03-14T12:30:00Z,1.96,9.95,0.7,0.00585,84.0,47.8,22.5,58.8,9.95,22.6,225.0,0.1
2026-03-14T13:30:00Z,2.71,23.2,8.48,0.0192,19.6,75.0,30.8,67.8,9.18,20.6,97.3,0.1
2026-03-14T14:30:00Z,3.27,28.8,20.4,0.032,5.0,94.8,39.0,71.3,10.5,19.7,13.5,0.125
2026-03-14T15:30:00Z,3.32,26.4,20.5,0.0308,5.38,108.0,41.0,71.0,11.1,19.8,134.0,0.225
2026-03-14T16:30:00Z,2.49,22.4,8.57,0.0188,6.0,100.0,39.3,71.0,9.3,19.8,111.0,0.267
2026-03-14T17:30:00Z,1.6,13.5,2.33,0.00907,31.1,89.3,35.3,68.3,9.65,20.0,118.0,0.333
2026-03-14T18:30:00Z,1.3,13.4,0.95,0.0079,,63.0,24.0,71.0,8.0,18.2,66.0,0.25
2026-03-14T19:30:00Z,1.26,12.3,0.8,0.0072,17.7,59.0,25.8,73.5,7.5,16.9,39.5,0.175
2026-03-14T20:30:00Z,1.35,12.4,1.43,0.00773,24.0,53.0,27.0,74.5,7.77,16.7,68.5,0.175
2026-03-14T21:30:00Z,1.29,11.5,1.77,0.00753,23.3,55.3,26.0,74.0,7.37,16.9,82.3,0.267
2026-03-14T22:30:00Z,1.25,10.2,1.53,0.00668,37.2,53.3,23.5,72.8,7.43,18.1,164.0,0.375
2026-03-14T23:30:00Z,1.34,8.33,0.85,0.00513,46.1,47.5,23.0,72.3,20.5,18.4,280.0,0.875
2026-03-15T00:30:00Z,1.48,9.13,1.05,0.0057,41.5,81.3,40.0,73.5,28.2,18.5,123.0,0.875
2026-03-15T01:30:00Z,1.43,9.18,1.1,0.00578,52.5,117.0,55.5,70.5,29.5,19.8,135.0,0.5
2026-03-15T02:30:00Z,1.44,9.5,1.3,0.0061,66.5,102.0,49.8,65.5,28.5,21.3,149.0,0.75
2026-03-15T03:30:00Z,1.49,8.33,1.2,0.00538,80.5,78.3,37.8,60.5,20.6,22.6,240.0,0.55
2026-03-15T04:30:00Z,1.32,7.27,1.33,0.00497,87.6,79.7,35.0,58.0,16.5,22.4,217.0,0.933
2026-03-15T05:30:00Z,1.38,8.3,1.13,0.00533,79.1,72.7,33.7,55.3,15.8,23.6,260.0,0.767
2026-03-15T06:30:00Z,1.31,6.83,0.725,0.00423,93.4,56.3,25.8,55.5,9.85,23.5,318.0,1.05
2026-03-15T07:30:00Z,1.25,4.73,0.625,0.003,93.3,50.5,18.5,65.3,8.38,20.6,178.0,1.0
2026-03-15T08:30:00Z,1.32,5.7,0.9,0.00378,74.5,47.8,14.8,67.3,8.13,20.8,85.5,0.525
2026-03-15T09:30:00Z,1.35,7.67,0.967,0.00487,64.8,44.0,12.3,69.0,9.83,20.2,62.7,0.433
2026-03-15T10:30:00Z,1.63,10.4,2.18,0.0073,51.1,42.0,14.3,70.5,8.55,19.8,132.0,0.975
2026-03-15T11:30:00Z,1.48,9.43,2.25,0.0068,50.7,32.8,14.8,66.0,5.7,20.0,116.0,0.625
2026-03-15T12:30:00Z,1.69,14.9,2.75,0.0102,18.4,29.5,12.5,70.0,5.4,19.0,210.0,0.35
2026-03-15T13:30:00Z,1.53,10.1,1.53,0.00663,42.4,37.5,17.3,73.0,5.9,18.0,52.5,0.875
2026-03-15T14:30:00Z,1.28,5.25,1.13,0.00373,73.5,36.8,18.8,71.3,6.28,18.0,107.0,0.975
2026-03-15T15:30:00Z,1.27,4.83,0.8,0.00318,72.0,25.8,12.5,74.5,5.88,17.4,195.0,0.875
2026-03-15T16:30:00Z,1.2,5.0,0.775,0.0033,60.1,17.3,10.0,83.8,4.98,15.7,110.0,0.65
2026-03-15T17:30:00Z,1.28,4.5,0.7,0.00295,59.0,12.5,8.0,80.0,4.7,16.1,161.0,0.45
2026-03-15T18:30:00Z,1.29,4.85,0.75,0.00315,,9.0,6.0,83.0,5.25,14.8,25.0,0.3
2026-03-15T19:30:00Z,1.32,3.65,0.7,0.0025,28.4,8.5,6.0,85.3,5.0,14.2,140.0,0.375
2026-03-16T02:30:00Z,,,,,,,,,,17.1,,
2026-03-16T03:30:00Z,1.38,7.58,1.28,0.00508,49.2,27.3,13.5,60.5,9.3,18.4,340.0,0.725
2026-03-16T04:30:00Z,1.31,5.73,1.13,0.00393,50.6,25.5,12.5,71.8,11.1,17.4,189.0,0.975
2026-03-16T05:30:00Z,1.39,8.3,1.6,0.0057,49.6,25.3,9.0,65.0,6.5,18.6,90.3,0.9
2026-03-16T06:30:00Z,1.35,9.87,1.53,0.00653,49.3,20.3,7.67,55.7,4.87,21.3,223.0,0.567
2026-03-16T07:30:00Z,1.38,12.1,1.23,0.00743,60.9,20.0,6.5,52.3,7.25,23.9,291.0,0.775
2026-03-16T08:30:00Z,1.28,7.47,0.933,0.0047,59.6,30.7,6.67,59.0,7.53,19.2,17.7,1.07
2026-03-16T09:30:00Z,1.39,7.95,1.13,0.00518,52.9,41.5,9.5,54.3,4.68,21.9,58.8,0.725
2026-03-16T10:30:00Z,1.38,7.05,1.1,0.00465,70.8,27.3,8.25,56.0,5.63,21.8,34.8,0.775
2026-03-16T11:30:00Z,1.47,7.1,1.18,0.00473,59.3,25.0,10.5,62.0,5.15,19.7,44.0,0.525
2026-03-16T12:30:00Z,1.58,10.3,1.2,0.0065,43.3,27.0,13.5,65.5,6.33,18.6,290.0,0.4
2026-03-16T13:30:00Z,1.85,14.7,2.0,0.00943,20.9,31.8,18.5,70.3,5.6,17.2,329.0,0.175
2026-03-16T14:30:00Z,1.97,20.2,4.73,0.0146,5.57,42.3,22.0,73.3,5.23,16.6,119.0,0.1
2026-03-16T15:30:00Z,2.1,21.1,4.73,0.015,5.35,51.8,22.0,74.3,6.3,16.6,122.0,0.1
2026-03-16T16:30:00Z,1.72,13.5,2.65,0.0093,20.6,56.5,23.0,75.0,6.95,15.9,107.0,0.425
2026-03-16T17:30:00Z,1.3,5.37,0.667,0.0034,42.3,47.3,22.0,74.7,6.7,14.4,348.0,0.367
2026-03-16T18:30:00Z,1.24,6.1,0.7,0.0038,,30.0,16.5,78.0,6.15,13.9,187.0,0.35
2026-03-16T19:30:00Z,1.33,7.7,1.0,0.00495,25.0,31.0,19.0,78.8,5.55,14.5,120.0,0.275
2026-03-16T20:30:00Z,1.32,6.43,0.6,0.0039,35.4,31.5,21.0,76.8,6.93,15.4,42.8,0.2
2026-03-16T21:30:00Z,1.31,6.28,0.6,0.0038,28.8,32.5,20.5,79.5,6.13,15.0,171.0,0.25
2026-03-16T22:30:00Z,1.29,5.63,0.625,0.00345,28.2,33.5,20.0,80.5,6.1,14.6,268.0,0.25
2026-03-16T23:30:00Z,1.43,9.08,2.28,0.00668,7.98,33.5,20.5,83.3,5.93,14.3,73.5,0.2
2026-03-17T00:30:00Z,1.45,9.25,1.93,0.0065,8.93,39.3,24.3,84.0,6.25,13.9,265.0,0.35
2026-03-17T01:30:00Z,1.68,10.7,3.13,0.00823,16.2,52.7,31.0,76.3,10.7,16.1,172.0,0.333
2026-03-17T02:30:00Z,1.73,13.2,3.0,0.00945,24.3,68.8,37.8,66.0,13.6,18.0,346.0,0.425
2026-03-17T03:30:00Z,1.92,16.0,3.75,0.0115,27.7,77.0,39.0,61.3,11.0,19.6,85.5,0.4
2026-03-17T04:30:00Z,1.47,13.1,1.8,0.0084,64.4,70.7,31.0,55.0,9.37,22.7,248.0,0.533
2026-03-17T05:30:00Z,1.35,9.83,1.03,0.00605,92.7,67.5,28.0,52.0,9.47,24.0,177.0,0.775
2026-03-17T06:30:00Z,1.33,11.2,0.733,0.00653,86.0,53.7,21.7,48.0,8.93,24.6,339.0,0.8
2026-03-17T07:30:00Z,1.33,11.7,0.775,0.00688,99.8,52.3,18.0,47.0,9.85,25.2,328.0,0.925
2026-03-17T08:30:00Z,1.28,9.7,0.775,0.00578,117.0,51.8,18.0,48.5,10.5,25.6,333.0,0.95
2026-03-17T09:30:00Z,1.25,7.45,0.825,0.0046,107.0,42.3,20.3,49.8,10.6,26.1,263.0,0.725
2026-03-17T10:30:00Z,1.23,6.5,0.8,0.00408,112.0,38.5,18.3,51.5,12.2,26.1,17.3,0.575
2026-03-17T11:30:00Z,1.42,7.15,0.575,0.0043,105.0,36.0,16.0,56.5,14.5,24.2,94.3,0.3
2026-03-17T12:30:00Z,2.46,30.8,7.4,0.0224,13.3,46.5,20.8,65.3,12.2,21.8,95.0,0.1
2026-03-17T13:30:00Z,2.37,29.9,7.13,0.0217,4.3,66.8,25.5,69.3,12.5,20.4,338.0,0.125
2026-03-17T14:30:00Z,2.82,26.9,9.65,0.0222,3.78,79.8,30.8,73.8,11.9,19.1,189.0,0.175
2026-03-17T15:30:00Z,2.96,26.6,18.2,0.0289,3.0,94.3,38.8,75.5,12.0,18.1,266.0,0.225
2026-03-17T16:30:00Z,2.85,22.0,17.8,0.0262,2.9,95.7,44.3,78.3,11.4,17.6,66.3,0.2
2026-03-17T17:30:00Z,2.4,21.9,11.5,0.021,2.97,91.0,44.0,79.7,10.2,17.2,231.0,0.133
2026-03-17T18:30:00Z,1.73,17.1,5.7,0.0137,,85.0,44.5,81.0,6.65,16.4,49.5,0.1
2026-03-17T19:30:00Z,1.26,12.6,2.4,0.00865,16.5,75.3,38.8,79.0,5.35,16.2,107.0,0.225
2026-03-17T20:30:00Z,1.04,7.8,0.667,0.00467,27.2,54.5,28.5,76.3,5.17,15.9,58.8,0.125
2026-03-17T21:30:00Z,0.975,5.98,0.475,0.00358,31.6,35.8,20.8,78.0,4.68,15.3,199.0,0.15
2026-03-17T22:30:00Z,1.04,7.85,0.625,0.00465,27.2,41.0,21.8,77.8,6.85,15.6,156.0,0.25
2026-03-17T23:30:00Z,1.08,7.63,1.08,0.00493,23.3,57.5,31.8,77.8,9.88,15.4,240.0,0.2
2026-03-18T00:30:00Z,1.14,9.35,0.9,0.0057,20.1,64.0,41.3,76.3,12.3,15.9,179.0,0.325
2026-03-18T01:30:00Z,1.1,8.65,1.15,0.00553,34.2,65.3,42.3,73.8,13.1,17.8,121.0,0.55
2026-03-18T02:30:00Z,1.2,11.7,2.2,0.008,43.8,61.5,29.8,56.8,13.0,21.3,130.0,0.65
2026-03-18T03:30:00Z,1.54,16.2,3.28,0.0113,34.4,60.0,22.5,51.3,8.35,23.9,119.0,0.375
2026-03-18T04:30:00Z,1.2,17.9,5.73,0.0141,38.7,59.0,22.5,44.5,4.68,25.9,205.0,0.35
2026-03-18T05:30:00Z,1.35,11.4,2.28,0.0079,69.9,55.8,18.8,59.8,6.23,24.0,298.0,1.15
2026-03-18T06:30:00Z,1.58,13.6,2.33,0.00913,65.8,56.7,20.0,58.3,9.43,24.3,204.0,0.6
2026-03-18T07:30:00Z,1.92,17.8,3.15,0.012,59.0,73.5,32.8,54.0,15.6,25.5,174.0,0.725
2026-03-18T08:30:00Z,1.49,15.6,2.1,0.01,70.9,88.3,48.0,53.7,12.4,25.7,249.0,0.567
2026-03-18T09:30:00Z,1.39,14.0,1.03,0.00828,87.4,76.0,38.0,55.3,11.2,25.9,120.0,0.625
2026-03-18T11:30:00Z,0.735,14.9,,0.0064,39.3,,,64.0,6.6,24.2,326.0,0.8
2026-03-18T12:30:00Z,0.0,11.4,,0.002,20.8,,,,0.0,21.3,34.0,0.5
2026-03-18T13:30:00Z,1.62,11.5,2.15,0.00785,31.7,,,73.0,12.0,20.7,96.8,0.625
2026-03-18T14:30:00Z,1.69,12.2,2.78,0.00873,23.2,99.0,50.0,68.5,15.5,21.2,112.0,0.475
2026-03-18T15:30:00Z,1.4,12.7,2.45,0.00873,20.5,96.8,48.0,63.0,15.1,21.5,158.0,0.3
2026-03-18T16:30:00Z,1.46,13.4,1.73,0.00853,21.9,85.8,40.8,57.8,11.8,21.7,195.0,0.3
2026-03-18T17:30:00Z,1.39,11.5,1.23,0.0071,28.3,88.7,47.0,56.7,10.6,21.6,279.0,0.333
2026-03-18T18:30:00Z,1.5,9.95,0.75,0.00595,,109.0,63.5,76.5,9.8,19.1,248.0,0.35
2026-03-18T19:30:00Z,1.58,10.7,0.9,0.0064,12.2,122.0,67.0,77.3,11.1,19.4,184.0,0.375
2026-03-18T20:30:00Z,1.49,8.33,0.9,0.0052,13.3,198.0,98.0,80.8,13.2,19.1,204.0,0.35
2026-03-18T21:30:00Z,1.45,7.73,0.867,0.00483,8.73,223.0,112.0,87.3,10.2,18.1,62.0,0.567
2026-03-18T22:30:00Z,1.35,6.5,0.9,0.0042,9.33,117.0,74.8,90.0,8.1,17.1,161.0,0.275
2026-03-18T23:30:00Z,1.34,7.33,1.7,0.00528,6.53,94.8,68.0,90.8,7.1,16.1,153.0,0.225
2026-03-19T00:30:00Z,1.37,8.65,4.15,0.00795,4.95,83.8,66.5,91.8,6.78,15.7,144.0,0.15
2026-03-19T01:30:00Z,1.56,10.1,4.85,0.00928,4.83,80.5,58.8,90.5,6.63,16.6,104.0,0.275
2026-03-19T02:30:00Z,1.65,11.6,4.63,0.00993,8.35,79.5,50.0,80.3,8.68,18.3,126.0,0.3
2026-03-19T03:30:00Z,1.79,14.5,6.18,0.0128,9.2,91.5,54.8,73.0,10.3,19.9,171.0,0.225
2026-03-19T04:30:00Z,1.59,13.2,3.88,0.0102,11.6,103.0,60.5,77.8,9.65,19.4,114.0,0.4
2026-03-19T05:30:00Z,1.51,13.0,4.93,0.0109,12.2,96.3,61.8,80.5,10.5,19.4,69.3,0.475
2026-03-19T06:30:00Z,1.57,12.2,3.63,0.00943,17.9,76.0,53.3,86.5,8.33,17.8,81.0,0.55
2026-03-19T07:30:00Z,1.44,10.8,3.4,0.0085,28.7,59.5,45.0,87.5,7.23,17.2,105.0,0.675
2026-03-19T08:30:00Z,1.3,9.93,2.33,0.00715,27.5,50.3,39.3,89.0,6.5,17.1,98.0,0.55
2026-03-19T09:30:00Z,1.33,11.1,2.33,0.00775,21.9,37.8,26.8,90.8,5.35,16.7,86.3,0.425
2026-03-19T10:30:00Z,1.35,9.9,1.9,0.00683,19.7,34.5,21.5,91.0,5.2,16.7,132.0,0.35
2026-03-19T11:30:00Z,1.34,9.0,0.975,0.0056,18.0,35.0,22.5,91.0,4.9,16.3,346.0,0.35
2026-03-19T12:30:00Z,1.31,7.63,1.4,0.00518,17.9,34.5,23.3,92.3,5.05,16.2,224.0,0.525
2026-03-19T13:30:00Z,1.48,9.33,3.73,0.008,9.1,31.7,22.7,93.0,5.6,16.4,138.0,0.567
2026-03-19T14:30:00Z,1.3,7.63,2.03,0.00568,17.5,24.5,23.5,92.5,5.75,16.4,161.0,0.6
2026-03-19T15:30:00Z,1.24,6.9,0.925,0.00445,17.5,19.8,19.5,91.5,5.5,16.3,328.0,0.25
2026-03-19T16:30:00Z,1.34,9.7,0.9,0.0059,8.45,24.8,17.5,93.0,4.7,16.3,202.0,0.25
2026-03-19T17:30:00Z,1.47,10.4,1.73,0.00693,6.3,33.3,20.3,93.0,4.15,16.3,81.3,0.3
2026-03-19T18:30:00Z,1.34,5.4,0.6,0.0034,,39.5,27.5,93.0,3.8,15.8,177.0,0.3
2026-03-19T19:30:00Z,1.35,4.3,0.7,0.0029,17.8,40.5,27.8,93.0,4.05,15.6,50.5,0.25
2026-03-19T20:30:00Z,1.28,3.73,0.733,0.0026,16.0,36.3,25.5,93.0,4.37,15.7,216.0,0.2
2026-03-19T21:30:00Z,1.25,3.37,0.8,0.0025,16.9,30.3,24.0,93.0,4.77,15.6,232.0,0.167
2026-03-19T22:30:00Z,1.27,3.6,0.75,0.00253,17.1,27.5,20.8,93.0,4.98,15.7,123.0,0.175
2026-03-19T23:30:00Z,1.28,4.5,0.825,0.00308,15.0,27.5,20.3,93.0,5.4,15.6,63.5,0.275
2026-03-20T00:30:00Z,1.27,4.43,0.9,0.0031,18.9,29.0,22.0,92.0,4.98,15.5,332.0,0.15
2026-03-20T01:30:00Z,1.49,6.03,1.35,0.0043,11.4,33.8,23.5,92.5,3.95,15.6,31.3,0.2
2026-03-20T02:30:00Z,1.53,8.55,2.85,0.00685,11.7,38.5,28.8,93.0,4.78,15.5,104.0,0.175
2026-03-20T03:30:00Z,1.52,6.65,2.1,0.00525,16.5,44.5,37.5,91.5,6.5,16.0,338.0,0.25
2026-03-20T04:30:00Z,1.45,5.6,1.35,0.00408,24.9,41.8,34.3,88.8,7.05,15.9,336.0,0.4
2026-03-20T05:30:00Z,1.61,8.28,1.6,0.00568,25.5,45.8,36.8,88.5,7.73,16.6,322.0,0.5
2026-03-20T06:30:00Z,1.52,7.03,1.43,0.0049,30.5,51.3,44.0,88.3,8.13,16.5,226.0,0.475
2026-03-20T07:30:00Z,1.63,8.43,2.23,0.00628,26.6,52.5,46.5,89.8,8.05,17.2,181.0,0.575
2026-03-20T08:30:00Z,1.69,8.8,2.85,0.007,32.3,56.0,52.3,91.0,6.8,16.4,185.0,0.7
2026-03-20T09:30:00Z,1.5,8.33,1.5,0.00563,28.1,44.8,44.5,91.3,5.65,16.7,207.0,0.525
2026-03-20T10:30:00Z,1.45,8.03,1.2,0.0052,34.6,30.5,26.3,92.0,5.25,15.7,245.0,0.3
2026-03-20T11:30:00Z,1.74,14.4,2.5,0.0097,20.1,21.3,18.8,92.0,4.95,15.2,146.0,0.325
2026-03-20T12:30:00Z,1.7,15.2,3.23,0.0107,16.6,17.3,17.0,92.5,4.95,15.2,78.3,0.375
2026-03-20T13:30:00Z,1.51,7.98,1.78,0.00565,25.3,22.5,16.8,92.5,5.45,15.0,64.3,0.375
2026-03-20T14:30:00Z,1.63,10.6,1.73,0.00705,15.5,18.8,14.0,91.3,5.73,14.3,151.0,0.25
2026-03-20T15:30:00Z,1.81,13.2,4.13,0.0104,5.25,17.5,15.0,92.0,5.53,14.2,158.0,0.3
2026-03-20T16:30:00Z,1.98,11.4,7.23,0.0119,3.08,27.3,18.5,92.8,5.13,13.6,98.0,0.225
2026-03-20T17:30:00Z,1.75,9.43,8.83,0.0122,3.1,30.0,22.7,94.0,4.6,13.5,117.0,0.533
2026-03-20T18:30:00Z,1.3,6.9,3.0,0.0061,,19.0,26.0,94.0,4.25,12.7,38.5,0.2
2026-03-20T19:30:00Z,1.14,5.45,1.85,0.00435,5.6,21.5,19.3,94.0,4.15,12.2,34.5,0.2
2026-03-20T20:30:00Z,1.25,3.67,0.767,0.00257,8.78,19.3,12.5,94.3,4.5,11.7,144.0,0.275
2026-03-20T21:30:00Z,1.27,4.43,1.25,0.0034,7.05,27.0,17.0,94.0,5.75,11.4,60.5,0.15
2026-03-20T22:30:00Z,1.31,6.13,2.7,0.00548,4.35,42.5,24.5,95.0,5.4,11.4,88.5,0.225
2026-03-20T23:30:00Z,1.31,6.4,1.73,0.00487,4.73,49.3,32.0,95.0,5.5,11.1,156.0,0.2
2026-03-21T00:30:00Z,1.51,9.25,7.88,0.0113,3.6,65.0,46.3,95.0,5.43,11.3,154.0,0.175
2026-03-21T01:30:00Z,1.46,7.35,5.38,0.0083,13.8,73.8,50.0,94.5,4.83,12.2,113.0,0.475
2026-03-21T02:30:00Z,1.35,7.08,2.08,0.00543,27.6,62.5,34.5,83.3,8.65,14.9,204.0,0.35
2026-03-21T03:30:00Z,1.31,8.73,1.58,0.00593,44.9,42.3,23.5,65.8,12.2,17.1,262.0,0.5
2026-03-21T04:30:00Z,1.22,6.6,0.95,0.00428,70.0,35.0,27.0,68.3,10.5,18.3,351.0,0.85
2026-03-21T05:30:00Z,1.22,5.33,0.9,0.0036,76.8,36.3,27.7,65.3,15.2,20.1,240.0,0.8
2026-03-21T06:30:00Z,1.27,7.8,0.925,0.0049,63.7,39.3,25.0,61.0,8.68,21.3,87.5,0.925
2026-03-21T07:30:00Z,1.27,7.98,0.625,0.00475,63.1,31.3,19.3,61.5,5.45,21.6,9.5,0.7
2026-03-21T08:30:00Z,1.27,7.48,0.85,0.00468,65.3,26.0,14.5,61.8,4.75,22.0,183.0,0.7
2026-03-21T09:30:00Z,1.33,5.63,0.733,0.00363,79.0,29.0,17.3,63.0,4.23,22.6,344.0,0.9
2026-03-21T10:30:00Z,1.35,4.3,0.725,0.00285,81.4,33.0,16.8,67.8,4.88,22.1,178.0,0.8
2026-03-21T11:30:00Z,1.42,3.98,0.65,0.00263,73.8,40.5,21.3,72.8,4.9,20.8,95.3,0.55
2026-03-21T12:30:00Z,1.5,5.58,0.675,0.0035,53.6,51.8,30.0,77.3,4.88,19.6,353.0,0.35
2026-03-21T13:30:00Z,1.63,8.18,0.65,0.00493,43.0,75.8,40.5,80.8,5.45,19.0,356.0,0.425
2026-03-21T14:30:00Z,1.69,8.63,0.6,0.0051,38.6,99.3,58.0,82.3,5.6,18.3,120.0,0.4
2026-03-21T15:30:00Z,1.57,7.18,0.725,0.0044,41.4,99.8,60.5,84.5,5.25,17.7,179.0,0.425
2026-03-21T16:30:00Z,1.58,5.73,0.733,0.00363,36.9,92.3,57.7,87.0,4.67,16.9,176.0,0.333
2026-03-21T17:30:00Z,1.58,5.6,0.667,0.0035,30.6,83.3,56.7,88.7,3.85,16.1,231.0,0.133
2026-03-21T18:30:00Z,1.36,4.3,0.65,0.00285,,82.0,44.5,89.5,4.85,15.5,114.0,0.2
2026-03-21T19:30:00Z,1.39,4.85,0.85,0.00325,24.3,71.5,42.0,90.8,4.75,14.8,341.0,0.225
2026-03-21T20:30:00Z,1.35,4.23,0.633,0.00277,19.7,56.5,42.5,92.0,5.03,14.3,99.0,0.325
2026-03-21T21:30:00Z,1.35,4.43,0.6,0.00288,22.3,53.5,46.0,92.5,5.75,14.2,90.0,0.375
2026-03-21T22:30:00Z,1.36,4.3,0.7,0.00283,19.4,53.3,46.3,93.0,5.45,14.0,14.0,0.325
2026-03-21T23:30:00Z,1.37,4.13,0.733,0.0028,18.7,55.3,43.0,92.7,6.33,13.6,351.0,0.4
2026-03-22T01:30:00Z,,,,,,,,,,15.3,,
2026-03-22T02:30:00Z,1.38,4.35,1.13,0.00323,38.9,61.0,40.5,73.3,8.1,17.8,273.0,0.625
2026-03-22T03:30:00Z,1.35,6.45,1.0,0.00423,46.4,61.0,38.0,64.8,7.13,19.6,96.5,0.725
2026-03-22T04:30:00Z,1.29,5.48,0.85,0.0036,64.9,52.3,30.3,63.0,6.53,21.6,267.0,0.85
2026-03-22T05:30:00Z,1.28,4.33,0.675,0.00283,85.4,48.3,23.0,61.0,8.97,22.9,347.0,1.13
2026-03-22T06:30:00Z,1.32,5.98,0.65,0.0037,76.9,46.3,22.0,61.5,4.73,23.4,350.0,1.28
2026-03-22T07:30:00Z,1.31,6.83,0.775,0.00428,74.0,41.5,19.3,54.8,4.3,24.3,262.0,1.25
2026-03-22T08:30:00Z,1.26,6.33,0.7,0.0039,83.8,37.3,15.0,50.0,3.58,24.6,179.0,1.23
2026-03-22T09:30:00Z,1.3,4.93,0.667,0.00313,107.0,33.7,19.7,52.7,2.93,24.7,353.0,1.13
2026-03-22T10:30:00Z,1.4,4.13,0.75,0.00278,120.0,48.8,26.8,60.8,3.83,24.3,354.0,1.05
2026-03-22T11:30:00Z,1.48,4.0,0.7,0.0027,111.0,61.8,31.3,67.5,3.88,23.3,350.0,0.875
2026-03-22T12:30:00Z,1.49,4.35,0.65,0.00285,94.4,71.3,39.0,70.0,4.38,21.9,97.0,0.625
2026-03-22T13:30:00Z,1.56,6.2,0.65,0.00383,76.0,75.5,41.5,73.0,4.78,20.8,177.0,0.3
2026-03-22T14:30:00Z,1.73,10.6,0.925,0.0064,47.5,80.8,48.0,75.8,5.2,19.9,263.0,0.225
2026-03-22T15:30:00Z,1.68,9.95,0.825,0.00595,47.3,92.5,56.5,78.8,5.75,18.9,306.0,0.25
2026-03-22T16:30:00Z,1.67,8.9,0.7,0.00528,42.0,91.3,58.5,82.3,5.98,18.0,313.0,0.225
2026-03-22T17:30:00Z,1.66,8.3,0.5,0.00485,34.6,86.0,58.0,85.5,4.6,17.2,209.0,0.25
2026-03-22T18:30:00Z,1.56,10.1,0.8,0.00605,,115.0,59.5,88.0,7.05,16.8,39.0,0.15
2026-03-22T19:30:00Z,1.48,6.55,0.6,0.00395,29.2,102.0,52.8,87.3,6.8,16.8,237.0,0.2
2026-03-22T20:30:00Z,1.46,5.13,0.5,0.00317,27.8,83.8,50.3,87.0,7.1,16.7,181.0,0.125
2026-03-22T21:30:00Z,1.47,4.93,0.6,0.00313,24.9,82.5,60.8,87.3,8.73,16.7,235.0,0.175
2026-03-22T22:30:00Z,1.46,4.67,0.7,0.00303,28.6,86.7,68.7,86.3,9.13,16.7,137.0,0.267
2026-03-22T23:30:00Z,1.5,6.78,0.775,0.00428,15.5,90.8,72.0,87.3,9.7,16.1,203.0,0.175
2026-03-23T00:30:00Z,1.52,6.65,1.05,0.00435,16.3,92.0,72.0,88.8,9.1,15.9,262.0,0.15
2026-03-23T01:30:00Z,1.67,7.15,2.35,0.00573,19.2,102.0,79.0,84.5,9.4,16.9,96.0,0.25
2026-03-23T02:30:00Z,1.69,9.35,2.58,0.00708,40.9,113.0,75.5,69.3,14.1,19.7,237.0,0.475
2026-03-23T03:30:00Z,1.6,11.5,1.8,0.00758,60.0,115.0,66.0,63.8,11.3,20.7,310.0,0.6
2026-03-23T04:30:00Z,1.56,10.4,1.33,0.0066,89.9,109.0,63.8,66.0,9.03,22.1,213.0,0.55
2026-03-23T05:30:00Z,1.4,7.73,0.825,0.0048,102.0,95.8,53.3,63.0,8.17,23.3,340.0,0.75
2026-03-23T06:30:00Z,1.35,8.88,0.825,0.00535,77.1,77.5,40.0,58.8,5.95,24.4,264.0,0.825
2026-03-23T07:30:00Z,1.31,9.9,0.75,0.00588,70.6,67.3,35.5,54.8,5.58,25.0,337.0,0.975
2026-03-23T08:30:00Z,1.26,9.5,0.733,0.0057,72.3,66.7,31.7,51.7,4.77,25.5,346.0,0.833
2026-03-23T09:30:00Z,1.23,8.35,0.8,0.00505,78.3,58.0,23.0,49.0,3.8,25.9,348.0,0.75
2026-03-23T11:30:00Z,1.43,6.7,0.7,0.0042,89.6,63.0,36.0,65.0,5.5,23.9,353.0,0.3
2026-03-23T12:30:00Z,1.56,9.63,0.833,0.0058,68.4,74.7,39.0,69.0,5.67,22.9,342.0,0.2
2026-03-23T13:30:00Z,1.9,16.8,1.18,0.00988,30.5,108.0,49.3,72.5,7.8,22.0,243.0,0.15
2026-03-23T14:30:00Z,2.14,22.8,3.03,0.0146,14.2,142.0,66.3,74.5,8.18,21.0,195.0,0.125
2026-03-23T15:30:00Z,2.32,20.8,5.23,0.0153,6.78,152.0,74.3,78.8,7.45,20.0,235.0,0.15
2026-03-23T16:30:00Z,2.64,20.4,11.6,0.0202,3.43,145.0,73.3,84.3,6.28,19.1,102.0,0.15
2026-03-23T17:30:00Z,2.44,18.3,12.9,0.0202,3.47,156.0,76.0,86.7,5.35,18.5,44.0,0.133
2026-03-23T18:30:00Z,1.76,15.3,3.3,0.0108,,166.0,73.0,87.5,4.6,17.7,352.0,0.2
2026-03-23T19:30:00Z,1.59,12.6,1.95,0.00825,12.1,145.0,72.3,88.3,4.45,17.3,131.0,0.3
2026-03-23T20:30:00Z,1.33,8.67,1.0,0.0054,14.3,115.0,67.5,88.8,4.57,17.0,67.3,0.225
2026-03-23T21:30:00Z,1.27,5.88,0.7,0.00368,22.1,101.0,63.0,89.3,6.03,16.6,66.0,0.125
2026-03-23T22:30:00Z,1.38,9.08,2.05,0.0065,6.98,101.0,63.0,90.0,5.95,16.2,62.5,0.125
2026-03-23T23:30:00Z,1.54,11.8,6.9,0.0119,3.27,117.0,75.0,90.3,5.93,15.8,74.3,0.1
2026-03-24T00:30:00Z,1.61,12.4,11.2,0.0157,4.0,129.0,78.0,91.0,5.9,15.8,54.3,0.1
2026-03-24T01:30:00Z,1.47,12.3,4.95,0.0106,15.5,131.0,66.3,82.8,6.1,17.6,291.0,0.2
2026-03-24T02:30:00Z,1.35,11.4,2.47,0.00807,47.7,117.0,58.7,64.3,8.4,20.6,322.0,0.267
2026-03-24T03:30:00Z,1.29,11.6,1.48,0.00738,58.0,103.0,61.0,60.3,11.9,22.5,95.8,0.575
2026-03-24T04:30:00Z,1.17,8.13,0.925,0.00508,79.0,85.8,50.5,59.8,7.18,23.3,8.5,0.85
2026-03-24T05:30:00Z,1.25,5.7,0.875,0.00375,92.2,60.3,34.0,57.5,5.9,24.3,182.0,1.0
2026-03-24T06:30:00Z,1.31,7.45,0.775,0.0046,79.8,56.0,30.0,56.5,4.83,24.9,89.5,1.15
2026-03-24T07:30:00Z,1.28,7.63,0.7,0.00463,74.9,57.5,33.5,53.0,4.93,25.8,120.0,0.925
2026-03-24T08:30:00Z,1.25,7.45,0.9,0.0047,59.6,55.3,32.3,49.3,4.45,26.1,16.3,0.975
2026-03-24T09:30:00Z,1.25,9.03,1.9,0.00635,62.5,57.3,26.8,46.3,3.88,26.7,35.8,0.875
2026-03-24T10:30:00Z,1.29,7.27,1.03,0.00473,93.9,53.3,24.0,53.7,9.8,26.4,16.3,0.733
2026-03-24T11:30:00Z,1.38,6.18,0.825,0.00395,99.3,65.8,30.0,58.8,28.9,25.0,183.0,0.575
2026-03-24T12:30:00Z,1.53,8.83,0.775,0.00533,74.5,99.5,42.3,65.3,22.6,23.2,177.0,0.425
2026-03-24T13:30:00Z,1.6,10.5,0.8,0.0062,61.8,115.0,49.0,69.0,13.7,22.4,342.0,0.3
2026-03-24T14:30:00Z,1.65,13.6,0.8,0.0079,46.8,122.0,54.0,74.0,14.7,20.4,322.0,0.2
2026-03-24T15:30:00Z,1.58,10.3,0.8,0.0061,52.6,111.0,53.5,74.5,12.4,20.0,322.0,0.225
2026-03-24T16:30:00Z,1.45,7.5,0.675,0.00455,56.3,89.3,48.0,75.8,11.0,19.5,336.0,0.325
2026-03-24T17:30:00Z,1.37,5.17,0.7,0.00333,59.2,78.3,44.0,76.3,9.55,19.1,345.0,0.333
2026-03-24T18:30:00Z,1.27,4.3,0.6,0.0028,,74.0,49.0,75.0,13.2,18.7,349.0,0.3
2026-03-24T19:30:00Z,1.25,3.7,0.5,0.0024,59.2,64.3,44.0,74.3,11.9,18.2,190.0,0.367
2026-03-24T20:30:00Z,1.23,3.13,0.633,0.00213,56.1,55.5,38.3,75.8,11.3,17.3,263.0,0.275
2026-03-24T21:30:00Z,1.23,3.7,0.65,0.0025,49.0,55.5,40.3,77.5,13.8,16.9,338.0,0.2
2026-03-24T22:30:00Z,1.26,5.0,0.75,0.0033,36.0,67.3,50.3,79.5,14.7,16.3,268.0,0.175
2026-03-24T23:30:00Z,1.49,9.48,1.88,0.00653,21.1,83.8,60.3,80.0,13.5,16.2,123.0,0.1
2026-03-25T00:30:00Z,1.43,7.8,1.33,0.00525,29.7,122.0,85.8,78.5,13.3,17.1,261.0,0.4
2026-03-25T01:30:00Z,1.4,6.98,1.3,0.00478,43.2,131.0,89.0,73.8,14.4,18.7,102.0,0.45
2026-03-25T02:30:00Z,1.47,7.75,1.33,0.0052,52.1,104.0,63.8,69.5,13.2,20.9,179.0,0.5
2026-03-25T03:30:00Z,1.4,10.2,1.05,0.0063,64.2,78.0,55.3,62.0,9.48,23.3,342.0,0.7
2026-03-25T04:30:00Z,1.33,8.37,0.833,0.0051,87.0,48.7,50.0,57.7,10.9,24.7,349.0,0.767
2026-03-25T05:30:00Z,1.29,5.95,0.85,0.00385,105.0,38.0,44.0,56.5,13.7,25.7,344.0,0.9
2026-03-25T07:30:00Z,1.32,6.97,0.7,0.0043,67.8,29.7,25.7,45.0,5.63,27.8,352.0,1.0
2026-03-25T08:30:00Z,1.31,5.95,0.675,0.0037,80.7,32.5,27.5,43.5,5.85,27.7,262.0,1.08
2026-03-25T09:30:00Z,1.27,6.0,1.07,0.00403,89.9,32.3,29.7,42.0,5.63,28.1,239.0,0.933
2026-03-25T10:30:00Z,1.33,4.7,0.975,0.0033,110.0,23.3,26.5,45.5,5.1,27.8,94.0,0.85
2026-03-25T11:30:00Z,1.46,4.35,0.725,0.0029,144.0,23.0,29.8,53.5,6.33,26.2,354.0,0.675
2026-03-25T12:30:00Z,1.57,6.43,0.7,0.00398,134.0,34.8,42.3,57.5,6.73,24.7,97.0,0.45
2026-03-25T13:30:00Z,1.63,7.38,0.7,0.0045,115.0,47.5,53.5,62.0,8.88,23.7,264.0,0.475
2026-03-25T14:30:00Z,1.98,10.5,0.85,0.00628,83.0,57.3,67.3,66.8,10.8,22.6,339.0,0.175
2026-03-25T15:30:00Z,1.89,13.5,0.733,0.00783,76.3,65.0,76.0,68.7,10.8,22.0,335.0,0.3
2026-03-25T16:30:00Z,1.55,7.5,0.633,0.0045,101.0,54.0,61.0,66.0,13.7,22.7,74.7,0.333
2026-03-25T17:30:00Z,1.45,5.37,0.6,0.00337,103.0,46.3,53.3,68.0,10.8,22.2,349.0,0.233
2026-03-25T19:30:00Z,,,,,90.3,34.5,46.0,66.5,,22.5,209.0,0.7
2026-03-25T20:30:00Z,1.37,3.73,0.8,0.00263,96.8,36.0,46.5,62.8,12.6,23.0,95.8,0.5
2026-03-25T21:30:00Z,1.34,4.5,0.625,0.00293,84.8,34.8,42.3,64.8,10.7,21.8,65.0,0.225
2026-03-25T22:30:00Z,1.28,4.9,0.725,0.00318,76.4,29.0,35.0,65.3,9.85,21.3,160.0,0.175
2026-03-25T23:30:00Z,1.53,12.4,2.45,0.0086,26.5,28.0,33.5,72.8,8.38,19.4,49.3,0.225
2026-03-26T00:30:00Z,1.74,18.0,10.9,0.0184,8.4,39.8,39.8,75.3,7.9,18.8,194.0,0.2
2026-03-26T01:30:00Z,1.84,15.6,3.53,0.0112,29.1,55.0,44.7,69.7,7.87,21.6,214.0,0.267
2026-03-26T02:30:00Z,1.56,13.5,2.53,0.00923,56.1,57.0,48.0,57.0,7.85,24.1,264.0,0.4
2026-03-26T03:30:00Z,1.47,12.1,1.38,0.00755,64.5,52.0,29.8,60.3,6.98,24.7,271.0,0.575
2026-03-26T04:30:00Z,1.42,8.87,1.2,0.00567,84.4,40.7,18.7,56.0,7.5,26.3,231.0,0.867
2026-03-26T05:30:00Z,1.37,6.4,0.725,0.00403,98.1,35.0,17.5,52.8,7.47,27.7,349.0,0.95
2026-03-26T06:30:00Z,1.33,7.9,0.8,0.00485,72.8,40.0,12.0,49.0,4.95,28.1,355.0,1.05
2026-03-26T07:30:00Z,1.29,8.55,0.775,0.00523,62.5,30.0,12.0,43.8,4.03,28.8,178.0,0.975
2026-03-26T08:30:00Z,1.24,8.25,0.925,0.00513,66.8,18.0,10.8,43.8,3.68,29.1,7.5,0.9
2026-03-26T09:30:00Z,1.22,7.5,1.2,0.00495,80.2,18.0,8.5,45.5,3.5,29.3,132.0,0.8
2026-03-26T10:30:00Z,1.28,5.57,0.9,0.0037,97.7,20.7,9.33,51.3,3.1,28.3,175.0,0.767
2026-03-26T11:30:00Z,1.34,4.43,0.767,0.003,93.9,25.3,12.7,57.7,4.13,27.3,234.0,0.567
2026-03-26T12:30:00Z,1.46,5.85,0.75,0.0037,69.7,34.3,13.5,63.8,5.7,25.2,179.0,0.375
2026-03-26T13:30:00Z,1.5,8.33,0.833,0.0051,63.0,44.3,19.7,60.3,10.9,24.7,183.0,0.5
2026-03-26T14:30:00Z,1.44,8.03,0.875,0.00498,68.8,48.5,22.8,60.5,12.6,24.2,240.0,0.425
2026-03-26T15:30:00Z,1.43,6.53,0.725,0.00405,65.0,38.3,16.5,64.8,11.1,23.0,353.0,0.35
2026-03-26T16:30:00Z,1.46,6.43,0.775,0.00403,55.2,35.3,16.8,68.8,12.5,21.8,338.0,0.275
2026-03-26T17:30:00Z,1.35,4.83,0.633,0.00307,67.3,36.3,18.3,66.7,14.1,21.8,324.0,0.267
2026-03-26T18:30:00Z,1.35,6.0,0.45,0.00355,,26.5,18.0,71.0,10.5,20.7,351.0,0.4
2026-03-26T19:30:00Z,1.37,5.7,0.5,0.00345,42.6,32.3,19.8,72.5,12.3,20.3,354.0,0.3
2026-03-26T20:30:00Z,1.34,4.23,0.667,0.00277,47.6,39.0,23.0,73.0,10.8,20.0,263.0,0.325
2026-03-26T21:30:00Z,1.33,3.95,0.65,0.0026,51.5,36.0,24.0,73.0,10.8,20.1,6.5,0.425
2026-03-26T22:30:00Z,1.31,3.73,0.667,0.0025,49.7,30.3,19.0,74.0,11.3,20.0,351.0,0.6
2026-03-26T23:30:00Z,1.42,4.03,0.7,0.0027,34.4,31.3,17.3,79.7,10.6,19.0,179.0,0.9
2026-03-27T00:30:00Z,1.52,4.05,0.725,0.0027,25.5,35.5,21.5,84.3,8.9,18.8,13.0,0.65
2026-03-27T01:30:00Z,1.59,5.58,1.23,0.00393,19.4,35.0,23.0,85.0,8.05,18.7,139.0,0.6
2026-03-27T02:30:00Z,1.51,7.2,1.7,0.0052,37.6,37.0,22.3,76.3,11.1,20.0,84.8,0.55
2026-03-27T03:30:00Z,1.54,8.13,1.68,0.00568,53.2,34.8,18.5,64.5,11.5,22.5,51.3,0.425
2026-03-27T04:30:00Z,1.42,8.23,1.33,0.00543,57.9,27.8,13.8,58.5,9.15,23.8,356.0,0.6
2026-03-27T05:30:00Z,1.38,7.4,0.9,0.00465,58.5,25.5,11.0,62.3,8.93,23.7,184.0,0.775
2026-03-27T06:30:00Z,1.31,7.78,0.875,0.00485,59.3,28.5,12.8,57.3,10.8,24.7,184.0,0.875
2026-03-27T07:30:00Z,1.29,7.15,0.8,0.0045,55.5,31.5,14.0,55.5,10.4,25.3,12.5,1.0
2026-03-27T08:30:00Z,1.25,7.65,1.15,0.00503,42.1,28.3,11.5,49.8,5.93,26.6,33.3,0.75
2026-03-27T09:30:00Z,1.18,7.6,1.15,0.00498,47.9,20.0,7.5,47.0,7.63,27.9,185.0,0.775
2026-03-27T10:30:00Z,1.19,4.75,1.08,0.0034,67.1,19.8,8.0,50.5,6.15,27.4,353.0,0.8
2026-03-27T11:30:00Z,1.29,4.03,0.825,0.00283,85.1,20.5,10.0,56.8,6.65,25.9,344.0,0.75
2026-03-27T12:30:00Z,1.47,6.38,0.75,0.00395,75.2,19.5,10.0,63.0,7.75,24.3,184.0,0.3
2026-03-27T13:30:00Z,1.89,17.1,2.1,0.0108,20.6,32.8,14.5,70.8,8.45,22.9,141.0,0.175
2026-03-27T14:30:00Z,1.84,17.9,1.18,0.0104,22.7,43.3,20.0,74.5,10.5,21.5,245.0,0.15
2026-03-27T15:30:00Z,1.88,17.1,1.05,0.00993,25.4,41.0,21.5,75.8,8.68,21.0,334.0,0.125
2026-03-27T16:30:00Z,1.71,13.9,0.85,0.0081,33.2,38.0,20.0,76.5,8.25,20.6,321.0,0.2
2026-03-27T17:30:00Z,1.36,7.7,0.8,0.0047,47.9,37.0,20.0,77.0,13.0,20.2,312.0,0.2
2026-03-28T03:30:00Z,1.47,12.2,1.53,0.00773,61.3,38.0,19.7,58.0,5.17,23.6,312.0,0.733
2026-03-28T04:30:00Z,1.41,10.3,1.88,0.007,70.9,41.0,19.5,56.8,4.73,24.9,272.0,0.575
2026-03-28T05:30:00Z,1.4,9.53,2.0,0.00668,75.6,36.3,18.0,55.5,7.2,25.6,314.0,0.7
2026-03-28T06:30:00Z,1.36,9.8,1.38,0.00635,73.4,36.0,18.0,50.3,9.3,26.6,254.0,0.625
2026-03-28T07:30:00Z,1.32,11.2,1.2,0.00693,53.1,32.8,16.8,44.3,5.68,27.9,258.0,0.775
2026-03-28T08:30:00Z,1.28,11.6,1.1,0.00705,52.6,23.0,12.0,43.8,5.98,28.8,177.0,0.65
2026-03-28T09:30:00Z,1.26,11.3,1.75,0.00743,55.9,21.5,8.0,43.5,5.33,29.9,97.0,0.6
2026-03-28T10:30:00Z,1.26,8.43,2.3,0.00635,83.8,21.0,9.75,45.0,5.15,29.1,181.0,0.475
2026-03-28T11:30:00Z,1.39,5.85,0.975,0.00393,96.6,21.5,12.5,51.3,5.35,27.2,349.0,0.25
2026-03-28T12:30:00Z,1.77,12.0,1.1,0.00728,61.6,29.8,11.0,59.5,6.45,25.3,317.0,0.1
2026-03-28T13:30:00Z,2.44,30.6,5.23,0.0205,4.33,49.5,18.8,67.5,7.43,23.7,341.0,0.175
2026-03-28T14:30:00Z,3.14,26.1,18.5,0.0289,3.33,72.0,31.0,72.8,9.48,22.8,38.3,0.125
2026-03-28T15:30:00Z,2.5,22.3,11.0,0.0208,15.1,93.8,37.8,69.3,13.5,23.6,132.0,0.325
2026-03-28T16:30:00Z,1.57,13.9,1.6,0.00873,37.8,90.5,36.3,65.8,18.0,23.7,182.0,0.3
2026-03-28T17:30:00Z,1.35,8.6,1.27,0.00563,55.8,65.7,27.7,66.0,13.5,23.5,128.0,0.367
2026-03-28T18:30:00Z,1.11,5.75,1.05,0.00395,,39.5,18.0,65.5,7.9,23.1,136.0,0.35
2026-03-28T19:30:00Z,1.12,5.0,1.05,0.00355,72.8,35.5,16.0,64.8,7.8,23.2,138.0,0.525
2026-03-28T20:30:00Z,1.09,4.87,1.0,0.0034,77.7,29.3,15.0,63.7,6.63,23.4,209.0,0.467
2026-03-28T21:30:00Z,1.16,5.05,0.9,0.0034,59.3,24.8,14.5,68.3,6.35,22.4,137.0,0.15
2026-03-28T22:30:00Z,1.2,9.18,0.95,0.00563,42.5,29.8,14.0,67.5,8.83,23.0,184.0,0.325
2026-03-28T23:30:00Z,1.27,9.2,1.03,0.0057,32.2,46.0,18.0,78.7,8.83,20.8,171.0,0.567
2026-03-29T00:30:00Z,1.19,5.98,0.85,0.0039,48.6,40.8,18.5,84.3,6.83,19.4,69.0,0.4
2026-03-29T01:30:00Z,1.32,8.2,1.53,0.00563,24.6,33.5,19.5,85.3,6.38,19.9,106.0,0.35
2026-03-29T02:30:00Z,1.37,7.7,1.57,0.00537,30.8,39.7,25.7,81.3,6.43,20.8,177.0,0.367
2026-03-29T03:30:00Z,1.38,6.55,1.25,0.00448,23.9,38.8,26.8,88.3,6.08,19.7,136.0,0.525
2026-03-29T04:30:00Z,1.48,8.5,2.55,0.0066,16.6,31.5,18.3,89.3,5.38,19.1,138.0,0.7
2026-03-29T05:30:00Z,1.32,8.08,3.9,0.00748,37.3,30.5,17.0,70.0,6.2,22.1,159.0,0.75
2026-03-29T06:30:00Z,1.38,12.3,8.2,0.0132,34.6,23.3,13.3,59.8,6.28,24.9,131.0,0.6
2026-03-29T07:30:00Z,1.39,12.9,7.57,0.013,33.4,20.3,9.67,57.3,6.1,24.8,94.7,0.733
2026-03-29T08:30:00Z,1.36,14.2,7.75,0.0138,30.1,22.3,12.0,57.8,5.73,24.4,130.0,1.05
2026-03-29T09:30:00Z,1.3,12.6,7.78,0.013,37.4,17.3,8.5,61.0,5.0,24.9,131.0,1.1
2026-03-29T10:30:00Z,1.34,10.0,4.98,0.00938,38.3,14.0,7.0,67.5,4.15,24.0,116.0,0.65
2026-03-29T11:30:00Z,1.45,7.65,2.13,0.0058,32.8,14.5,6.5,74.0,4.28,22.9,155.0,0.55
2026-03-29T12:30:00Z,1.75,12.1,3.4,0.00918,16.4,22.3,5.5,73.0,4.4,22.9,141.0,0.45
2026-03-29T13:30:00Z,1.67,12.6,4.1,0.0101,15.8,36.0,12.0,72.3,4.73,22.3,112.0,0.433
2026-03-29T14:30:00Z,1.59,10.6,3.05,0.0081,14.4,39.5,16.0,73.0,5.08,21.9,123.0,0.275
2026-03-29T15:30:00Z,1.5,11.1,3.55,0.00875,15.7,40.5,15.0,72.8,5.15,21.8,115.0,0.3
2026-03-29T16:30:00Z,1.52,11.0,3.2,0.00843,11.4,35.3,10.3,72.5,4.9,21.6,95.0,0.175
2026-03-29T17:30:00Z,1.41,10.4,1.93,0.0071,13.3,29.3,8.33,74.0,4.5,20.8,138.0,0.1
2026-03-29T18:30:00Z,1.17,5.55,1.3,0.004,,32.0,6.5,70.5,3.9,21.9,109.0,0.3
2026-03-29T19:30:00Z,1.17,4.35,1.2,0.00325,37.0,28.3,6.5,68.3,4.0,22.4,111.0,0.35
2026-03-29T20:30:00Z,1.14,4.07,1.0,0.003,33.8,23.0,6.5,69.8,3.33,22.0,73.0,0.25
2026-03-29T21:30:00Z,1.14,3.77,0.9,0.00273,29.3,24.0,6.67,74.0,4.83,21.1,95.3,0.233
2026-03-29T22:30:00Z,1.13,5.9,1.05,0.00395,19.8,28.0,8.0,73.0,7.7,21.5,115.0,0.2
2026-03-29T23:30:00Z,1.11,4.8,1.13,0.0035,36.4,35.0,10.0,69.0,7.6,22.6,136.0,0.667
2026-03-30T00:30:00Z,1.33,6.33,1.78,0.00483,30.5,32.0,9.5,67.3,5.5,23.3,173.0,0.4
2026-03-30T01:30:00Z,1.68,7.8,1.8,0.00565,25.5,31.0,9.0,69.5,5.35,23.4,247.0,0.15
2026-03-30T04:30:00Z,1.61,15.1,9.43,0.0157,40.7,74.5,29.3,52.8,22.8,27.6,201.0,0.8
2026-03-30T05:30:00Z,1.47,13.8,6.58,0.0127,51.6,68.5,26.3,50.8,15.1,28.9,274.0,0.675
2026-03-30T06:30:00Z,1.44,15.5,7.2,0.0141,63.8,45.8,17.3,52.3,12.1,29.2,257.0,0.5
2026-03-30T07:30:00Z,1.47,14.2,3.63,0.0105,80.4,43.0,19.8,53.0,12.4,29.1,323.0,0.9
2026-03-30T08:30:00Z,1.54,12.0,1.28,0.00735,87.0,49.8,21.5,53.8,12.2,29.1,319.0,0.725
2026-03-30T09:30:00Z,1.46,9.18,0.875,0.0056,82.5,55.3,21.5,57.8,11.2,28.1,325.0,1.3
2026-03-30T10:30:00Z,1.45,6.93,1.03,0.00453,68.2,63.3,23.0,56.3,11.7,26.8,302.0,0.625
2026-03-30T11:30:00Z,1.61,13.0,1.73,0.00828,41.8,65.5,21.5,57.3,14.2,25.9,127.0,0.2
2026-03-30T12:30:00Z,2.35,26.2,6.37,0.0191,6.07,63.0,18.7,65.0,12.6,24.4,138.0,0.167
2026-03-30T13:30:00Z,2.27,23.5,6.1,0.0175,4.83,75.3,22.3,72.5,11.3,23.2,252.0,0.225
2026-03-30T14:30:00Z,2.23,19.4,2.7,0.0125,8.45,84.5,29.3,75.5,11.9,22.4,249.0,0.225
2026-03-30T15:30:00Z,2.69,18.6,9.55,0.0177,3.25,83.5,33.5,79.0,12.2,21.6,117.0,0.1
2026-03-30T16:30:00Z,3.03,19.8,19.2,0.0261,2.9,94.0,38.3,82.3,11.6,20.9,141.0,0.1
2026-03-30T17:30:00Z,2.7,18.6,18.9,0.0253,2.97,114.0,45.7,84.7,11.1,20.5,161.0,0.133
2026-03-30T18:30:00Z,1.89,14.7,8.05,0.0144,,84.0,36.5,86.0,6.45,19.7,197.0,0.1
2026-03-30T19:30:00Z,1.93,13.0,6.7,0.0124,5.1,75.8,35.0,87.8,6.15,19.2,204.0,0.225
2026-03-30T20:30:00Z,1.42,10.4,2.1,0.00725,6.17,68.3,34.7,87.7,5.8,18.8,170.0,0.167
2026-03-30T21:30:00Z,1.18,6.2,0.6,0.0038,18.1,69.0,37.0,85.0,7.2,18.2,4.0,0.2
2026-03-30T22:30:00Z,1.09,7.0,1.15,0.00468,18.1,48.8,30.0,80.5,11.7,18.5,130.0,0.175
2026-03-30T23:30:00Z,1.13,8.58,2.4,0.00655,13.0,42.8,26.0,83.0,10.6,18.1,215.0,0.3
2026-03-31T00:30:00Z,1.18,9.88,3.28,0.00795,13.5,43.0,25.5,80.3,12.3,18.7,196.0,0.2
2026-03-31T01:30:00Z,1.18,9.07,2.1,0.00653,29.6,52.3,29.0,70.3,19.3,21.5,229.0,0.2
2026-03-31T02:30:00Z,1.21,9.53,1.75,0.00653,50.1,60.8,34.0,62.3,16.4,24.0,322.0,0.475
2026-03-31T03:30:00Z,1.18,12.3,1.6,0.00783,52.8,60.5,33.5,55.5,17.1,25.7,339.0,0.575
2026-03-31T04:30:00Z,1.03,9.53,1.73,0.00645,59.2,60.5,29.5,50.0,13.0,27.8,98.0,0.6
2026-03-31T05:30:00Z,0.92,6.75,1.35,0.0047,65.9,56.0,25.0,44.0,7.9,28.1,186.0,0.75
2026-03-31T06:30:00Z,1.2,6.5,1.03,0.00433,77.8,50.8,16.0,40.8,11.0,28.7,265.0,0.7
2026-03-31T07:30:00Z,1.22,7.2,1.1,0.00473,54.6,57.0,16.0,39.5,6.88,29.2,184.0,0.7
2026-03-31T08:30:00Z,1.25,8.73,3.33,0.00733,36.7,52.5,15.0,38.0,6.15,30.3,196.0,0.625
2026-03-31T09:30:00Z,1.26,11.3,3.33,0.00873,51.6,49.8,15.5,39.5,6.63,30.8,29.0,0.525
2026-03-31T10:30:00Z,1.28,7.2,4.35,0.0074,81.5,49.0,15.5,43.5,7.25,29.3,350.0,0.35
2026-03-31T11:30:00Z,1.51,9.5,2.18,0.0068,65.4,51.5,16.5,49.0,8.7,27.7,327.0,0.25
2026-03-31T12:30:00Z,2.11,21.0,2.6,0.0133,17.5,65.5,20.3,57.3,13.3,25.7,181.0,0.125
2026-03-31T13:30:00Z,2.61,27.3,8.28,0.0212,3.45,87.8,27.3,62.3,13.0,25.0,337.0,0.275
2026-03-31T14:30:00Z,1.42,7.75,2.08,0.0058,60.3,130.0,35.3,70.8,12.0,21.5,332.0,2.3
2026-03-31T15:30:00Z,1.46,4.35,0.775,0.00293,68.9,107.0,27.0,73.8,8.6,20.4,139.0,0.85
2026-03-31T16:30:00Z,1.36,4.8,0.85,0.0033,70.5,34.0,11.5,71.5,7.8,20.5,115.0,0.45
2026-03-31T17:30:00Z,1.26,4.2,0.867,0.00297,82.1,23.7,9.33,65.7,7.3,21.5,217.0,0.6
2026-03-31T18:30:00Z,1.2,4.35,0.7,0.0029,,24.0,11.0,67.5,4.85,20.7,98.5,0.35
2026-03-31T19:30:00Z,1.2,3.4,0.75,0.0024,75.3,24.0,9.0,65.3,5.4,21.1,162.0,0.567
2026-03-31T20:30:00Z,1.17,3.03,0.633,0.0021,76.6,23.5,8.25,63.0,5.43,21.4,165.0,0.375
2026-03-31T21:30:00Z,1.18,2.6,0.6,0.00185,66.8,22.5,11.5,69.0,5.1,19.2,35.0,0.2
2026-03-31T22:30:00Z,1.25,4.8,0.8,0.0032,41.4,24.5,10.0,75.0,5.95,17.7,137.0,0.2
2026-03-31T23:30:00Z,1.48,10.1,6.28,0.0104,13.4,29.3,12.5,78.5,6.33,17.1,51.0,0.175
2026-04-01T00:30:00Z,1.55,11.8,5.03,0.0104,13.2,42.3,17.3,77.7,6.47,17.7,56.3,0.133
2026-04-01T01:30:00Z,1.66,10.7,2.58,0.00778,33.0,51.8,19.3,66.5,6.93,22.0,127.0,0.225
2026-04-01T02:30:00Z,1.47,10.2,2.75,0.00765,42.8,46.8,18.8,57.3,4.9,24.3,209.0,0.25
2026-04-01T03:30:00Z,1.44,13.6,4.55,0.0109,43.1,38.0,15.0,51.0,4.55,25.1,232.0,0.45
2026-04-01T04:30:00Z,1.3,13.0,2.93,0.00933,62.8,34.3,14.7,42.3,8.1,26.9,227.0,0.533
2026-04-01T05:30:00Z,1.29,11.7,2.17,0.00797,74.9,28.7,13.3,41.3,10.4,27.1,226.0,0.6
2026-04-01T06:30:00Z,1.33,13.4,1.8,0.0086,59.6,22.0,9.0,41.5,7.25,27.8,322.0,0.75
2026-04-01T07:30:00Z,1.3,9.75,1.0,0.006,64.2,23.0,9.0,40.0,5.05,28.8,343.0,0.7
2026-04-01T08:30:00Z,1.28,8.35,0.825,0.0051,74.8,24.5,10.5,40.3,5.13,29.3,95.3,0.475
2026-04-01T09:30:00Z,1.25,7.1,1.07,0.00467,91.2,25.3,10.7,44.3,8.1,29.0,354.0,0.633
2026-04-01T10:30:00Z,1.31,5.7,1.25,0.00403,93.8,26.5,10.5,49.5,6.28,27.7,101.0,0.35
2026-04-01T11:30:00Z,1.44,7.83,1.53,0.0054,73.8,33.8,11.5,55.0,5.03,26.5,102.0,0.25
2026-04-01T12:30:00Z,1.6,10.2,1.23,0.00645,62.1,41.0,14.5,59.5,7.9,25.1,169.0,0.225
2026-04-01T13:30:00Z,1.76,11.7,1.08,0.00713,49.4,49.8,22.3,65.0,7.85,23.8,256.0,0.3
2026-04-01T14:30:00Z,1.83,11.7,0.925,0.007,43.7,69.3,29.0,68.5,8.88,23.0,265.0,0.3
2026-04-01T15:30:00Z,2.2,18.0,2.78,0.0118,12.1,76.8,31.5,72.0,8.65,22.1,132.0,0.175
2026-04-01T16:30:00Z,1.82,14.3,1.6,0.00893,27.5,68.5,29.3,72.8,9.03,21.6,205.0,0.125
2026-04-01T17:30:00Z,1.69,12.1,0.933,0.0072,30.0,62.7,25.3,73.3,10.1,20.7,46.7,0.1
2026-04-01T18:30:00Z,1.58,12.0,1.4,0.00755,,72.5,35.5,73.5,15.1,20.2,114.0,0.15
2026-04-01T19:30:00Z,1.47,10.2,1.0,0.0062,35.0,71.0,38.0,71.5,16.9,19.9,106.0,0.15
2026-04-01T20:30:00Z,1.16,5.53,0.6,0.00343,52.9,54.0,30.0,63.0,7.0,21.1,108.0,0.25
2026-04-01T21:30:00Z,1.12,4.28,0.7,0.00285,60.4,32.3,13.3,58.3,4.73,21.9,109.0,0.275
2026-04-01T22:30:00Z,1.1,4.03,0.633,0.00263,61.3,23.7,7.0,56.3,4.6,22.1,117.0,0.267
2026-04-01T23:30:00Z,1.2,6.2,1.03,0.00413,43.5,21.7,7.33,58.7,4.5,21.6,144.0,0.133
2026-04-02T00:30:00Z,1.62,16.3,11.8,0.0182,5.93,28.8,10.0,66.3,5.55,20.6,113.0,0.175
2026-04-02T01:30:00Z,1.59,14.5,4.45,0.0113,20.7,53.0,15.5,65.3,5.85,21.9,227.0,0.15
2026-04-02T02:30:00Z,1.64,16.6,4.23,0.0122,41.2,68.5,24.3,57.0,5.15,24.0,222.0,0.325
2026-04-02T03:30:00Z,1.51,17.9,5.07,0.0137,56.8,67.0,31.3,49.3,9.57,26.5,301.0,0.467
2026-04-02T04:30:00Z,1.43,15.9,3.78,0.0115,66.7,62.8,28.5,42.5,7.63,28.4,323.0,0.55
2026-04-02T05:30:00Z,1.33,12.4,4.65,0.0104,65.1,47.3,20.3,37.8,5.3,30.2,256.0,0.625
2026-04-02T06:30:00Z,1.36,13.2,2.4,0.009,43.1,30.3,10.7,36.3,5.67,31.5,225.0,0.667
2026-04-02T07:30:00Z,1.32,13.1,2.75,0.00918,32.2,27.5,8.0,33.0,5.15,32.3,259.0,0.65
2026-04-02T08:30:00Z,1.23,13.3,5.13,0.0112,33.9,25.3,7.0,31.8,5.73,32.8,15.3,0.55
2026-04-02T09:30:00Z,1.15,11.9,5.15,0.0105,45.8,20.5,5.0,33.0,5.45,33.8,343.0,0.5
2026-04-02T10:30:00Z,1.15,11.5,7.83,0.0125,62.2,20.0,7.75,34.8,5.98,33.1,97.3,0.35
2026-04-02T11:30:00Z,1.48,12.2,4.93,0.0105,68.0,24.0,12.0,41.5,7.3,30.6,249.0,0.225
2026-04-02T12:30:00Z,2.38,25.1,4.43,0.0169,15.3,36.8,14.0,50.5,9.25,28.1,196.0,0.15
2026-04-02T13:30:00Z,1.97,24.9,3.67,0.0163,19.9,51.3,16.3,56.7,9.57,26.2,321.0,0.1
2026-04-02T14:30:00Z,2.43,24.8,6.4,0.0184,6.95,65.0,18.5,58.3,14.7,25.3,177.0,0.125
2026-04-02T15:30:00Z,2.04,21.2,7.35,0.0172,10.6,73.0,22.5,56.5,14.4,24.8,104.0,0.225
2026-04-02T16:30:00Z,1.52,16.4,3.7,0.0117,26.6,77.0,22.0,53.3,10.6,25.2,116.0,0.3
2026-04-02T17:30:00Z,1.24,8.43,2.37,0.00637,63.1,66.0,15.0,48.7,9.2,26.0,124.0,0.4
2026-04-02T18:30:00Z,1.11,6.7,1.5,0.00475,,31.0,13.0,50.0,6.4,25.1,93.5,0.25
2026-04-02T19:30:00Z,1.17,6.95,1.45,0.00485,61.4,29.0,11.5,51.3,6.5,25.1,120.0,0.35
2026-04-02T20:30:00Z,1.07,4.77,1.47,0.0037,72.2,22.5,10.0,48.0,5.23,25.8,146.0,0.675
2026-04-02T21:30:00Z,1.07,3.85,1.3,0.00313,71.5,18.5,8.5,48.3,5.15,25.4,143.0,0.5
2026-04-02T22:30:00Z,1.11,6.28,1.55,0.00463,57.9,21.5,7.0,50.5,5.6,24.5,131.0,0.25
2026-04-02T23:30:00Z,1.15,6.9,1.35,0.00475,48.7,21.5,6.5,54.8,5.75,23.6,200.0,0.325
2026-04-03T00:30:00Z,1.38,10.7,1.47,0.00693,19.9,24.3,7.67,64.3,10.5,22.1,172.0,0.4
2026-04-03T01:30:00Z,1.55,12.1,1.55,0.00768,26.6,59.8,26.5,66.3,25.2,22.8,266.0,0.225
2026-04-03T02:30:00Z,1.47,10.8,1.58,0.007,45.4,87.5,43.5,64.0,22.7,23.4,206.0,0.275
2026-04-03T03:30:00Z,1.56,15.4,4.33,0.0117,41.2,99.0,40.5,60.0,18.7,24.6,131.0,0.6
2026-04-03T04:30:00Z,1.5,12.6,2.9,0.00908,65.6,104.0,36.0,61.8,15.8,25.3,324.0,0.8
2026-04-03T05:30:00Z,1.38,8.93,1.3,0.00583,61.5,98.5,34.0,61.3,10.8,24.7,276.0,0.6
2026-04-03T06:30:00Z,1.41,11.5,4.58,0.00983,35.6,104.0,27.5,54.0,7.43,26.6,113.0,0.525
2026-04-03T07:30:00Z,1.33,12.6,5.58,0.0113,31.3,89.8,19.0,47.0,5.98,28.2,98.5,0.575
2026-04-03T08:30:00Z,1.29,11.0,2.23,0.00765,61.2,60.8,17.3,50.5,7.75,28.2,329.0,0.6
2026-04-03T09:30:00Z,1.27,9.33,1.28,0.006,65.8,51.0,16.0,47.8,6.58,28.9,207.0,0.625
2026-04-03T10:30:00Z,1.35,10.7,3.4,0.00843,68.3,50.3,13.3,52.7,6.63,28.1,237.0,0.233
2026-04-03T11:30:00Z,1.34,7.58,1.08,0.00493,59.3,58.5,17.0,68.8,6.23,23.3,333.0,1.5
2026-04-03T12:30:00Z,1.46,7.53,1.43,0.0052,32.2,49.8,13.8,86.8,5.0,19.4,171.0,0.7
2026-04-03T13:30:00Z,1.39,6.85,1.93,0.00525,38.2,24.5,8.0,81.8,4.65,20.2,171.0,1.0
2026-04-03T14:30:00Z,1.49,7.15,0.8,0.00448,33.0,20.0,10.5,82.3,5.13,20.0,179.0,0.35
2026-04-03T15:30:00Z,1.59,8.53,1.2,0.00547,23.7,23.0,13.7,83.7,5.3,20.1,92.7,0.3
2026-04-03T16:30:00Z,1.43,7.03,1.17,0.00473,31.7,34.3,19.7,79.7,6.53,20.7,147.0,0.333
2026-04-03T17:30:00Z,1.39,6.27,0.9,0.00403,31.2,31.7,19.3,78.0,7.05,21.0,143.0,0.333
2026-04-03T18:30:00Z,1.28,6.9,0.95,0.00445,,31.0,12.0,83.0,4.0,19.3,181.0,0.15
2026-04-03T19:30:00Z,1.27,5.55,0.8,0.0036,19.8,25.3,10.5,85.0,3.6,18.9,201.0,0.225
2026-04-03T20:30:00Z,1.33,5.53,0.833,0.00363,11.7,25.3,15.8,86.3,4.1,18.7,207.0,0.2
2026-04-03T21:30:00Z,1.35,5.5,0.733,0.0035,8.87,35.7,29.3,88.0,4.13,18.3,229.0,0.167
2026-04-03T22:30:00Z,1.31,6.23,1.13,0.00425,8.18,39.0,31.5,87.5,5.53,18.2,153.0,0.25
2026-04-03T23:30:00Z,1.47,6.95,1.75,0.00515,9.13,35.5,26.3,84.5,6.5,18.8,181.0,0.225
2026-04-04T00:30:00Z,1.48,7.98,2.6,0.0064,6.3,33.8,23.0,84.0,6.43,19.1,270.0,0.225
2026-04-04T01:30:00Z,1.46,7.75,2.13,0.00585,16.2,39.8,27.5,78.3,8.7,20.0,304.0,0.225
2026-04-04T02:30:00Z,1.6,8.67,1.73,0.00607,22.4,44.3,31.0,71.3,14.1,21.6,234.0,0.2
2026-04-04T03:30:00Z,1.5,9.8,1.7,0.00663,33.5,48.0,31.5,66.5,12.7,21.9,331.0,0.575
2026-04-04T04:30:00Z,1.34,9.63,1.38,0.00628,42.7,39.0,25.3,59.8,8.13,23.5,180.0,0.45
2026-04-04T05:30:00Z,1.35,7.43,1.03,0.0048,58.4,24.0,13.3,57.7,7.45,24.3,339.0,0.733
2026-04-04T06:30:00Z,1.31,8.83,0.875,0.0054,54.3,22.5,11.0,54.5,8.28,25.7,239.0,0.675
2026-04-04T07:30:00Z,1.3,12.2,2.05,0.00815,39.7,23.5,9.5,49.0,7.88,26.7,291.0,0.675
2026-04-04T08:30:00Z,1.28,12.8,1.7,0.00817,53.6,25.0,10.0,50.0,8.37,27.4,322.0,0.767
2026-04-04T09:30:00Z,1.25,8.43,0.875,0.0052,69.5,24.5,10.5,58.0,8.1,26.8,352.0,0.65
2026-04-04T10:30:00Z,1.23,6.98,0.95,0.0045,73.2,30.8,9.5,55.5,7.1,27.4,236.0,0.5
2026-04-04T11:30:00Z,1.32,5.63,0.9,0.00373,75.4,30.8,10.5,59.0,8.28,26.0,17.5,0.275
2026-04-04T12:30:00Z,1.5,9.5,1.0,0.00585,58.2,24.5,9.75,64.5,8.95,24.3,349.0,0.25
2026-04-04T13:30:00Z,1.62,13.3,1.53,0.00833,42.4,37.0,15.0,67.3,10.5,23.4,163.0,0.233
2026-04-04T14:30:00Z,1.58,13.5,1.3,0.0082,42.9,40.0,18.0,68.8,12.0,22.8,274.0,0.225
2026-04-04T15:30:00Z,1.51,9.45,0.9,0.00573,50.2,34.5,17.0,69.8,13.8,22.2,262.0,0.25
2026-04-04T16:30:00Z,1.44,7.6,0.725,0.00465,46.4,35.0,17.3,72.8,13.8,21.3,173.0,0.25
2026-04-04T17:30:00Z,1.41,6.67,0.8,0.00423,38.4,37.7,17.7,74.0,12.1,20.8,332.0,0.167
2026-04-04T18:30:00Z,1.34,8.2,0.75,0.00495,,41.5,23.5,74.5,8.5,20.2,175.0,0.2
2026-04-04T19:30:00Z,1.39,7.5,0.7,0.0045,21.2,40.7,23.3,75.3,8.6,20.0,231.0,0.867
2026-04-04T20:30:00Z,1.16,2.3,0.65,0.00175,71.7,38.0,19.7,76.7,6.55,19.2,331.0,1.2
2026-04-04T21:30:00Z,1.16,1.53,0.667,0.00133,80.9,18.7,5.33,85.3,4.9,17.0,55.7,0.533
2026-04-04T22:30:00Z,1.13,1.5,0.575,0.0013,83.7,8.0,1.5,85.0,5.23,16.7,136.0,0.475
2026-04-04T23:30:00Z,1.16,2.75,0.775,0.0021,81.5,4.75,2.5,83.3,5.35,17.5,183.0,0.875
2026-04-05T00:30:00Z,1.17,3.45,0.8,0.0025,79.1,2.0,3.0,75.5,5.33,18.3,113.0,0.575
2026-04-05T01:30:00Z,1.25,5.73,1.0,0.00385,71.2,4.5,3.0,67.8,5.45,20.0,239.0,0.35
2026-04-05T02:30:00Z,1.33,6.6,1.08,0.00435,57.6,8.0,5.25,67.0,4.65,20.0,338.0,0.375
2026-04-05T03:30:00Z,1.32,9.15,1.23,0.00585,67.3,10.5,11.0,58.0,4.93,22.5,302.0,0.575
2026-04-05T04:30:00Z,1.26,9.85,3.1,0.00773,61.4,17.5,13.0,54.5,6.2,24.7,260.0,0.575
2026-04-05T05:30:00Z,1.23,9.43,2.83,0.0073,72.7,21.7,11.3,51.7,7.97,25.3,289.0,0.633
2026-04-05T06:30:00Z,1.26,13.7,3.03,0.00978,48.0,19.5,10.5,48.3,7.28,26.6,295.0,0.625
2026-04-05T07:30:00Z,1.25,14.8,1.33,0.00895,53.3,18.0,9.5,44.8,6.58,27.2,323.0,0.725
2026-04-05T08:30:00Z,1.23,10.7,0.95,0.00645,86.8,19.8,10.0,47.8,8.63,26.9,342.0,0.825
2026-04-05T09:30:00Z,1.23,8.33,0.867,0.00513,93.9,30.3,17.3,48.0,9.13,27.9,355.0,0.533
2026-04-05T10:30:00Z,1.29,6.9,0.75,0.0043,108.0,34.5,19.5,52.3,7.48,26.7,345.0,0.425
2026-04-05T11:30:00Z,1.32,5.9,0.767,0.0038,113.0,34.3,19.3,54.3,7.23,25.7,236.0,0.367
2026-04-05T12:30:00Z,1.37,6.25,0.825,0.004,101.0,33.3,17.3,59.0,6.4,24.3,54.3,0.45
2026-04-05T13:30:00Z,1.55,12.0,1.23,0.00737,64.3,27.0,12.7,66.0,5.87,22.9,167.0,0.4
2026-04-05T14:30:00Z,1.35,8.75,1.65,0.00603,85.1,28.8,14.3,63.5,7.48,22.1,86.5,0.375
2026-04-05T15:30:00Z,1.4,7.7,0.95,0.00485,82.8,31.0,16.0,62.8,7.73,21.0,137.0,0.175
2026-04-05T16:30:00Z,1.45,10.8,0.85,0.0064,51.5,26.3,13.0,66.5,6.7,20.1,194.0,0.2
2026-04-05T17:30:00Z,1.3,9.6,0.733,0.0057,71.1,22.7,9.67,64.7,5.9,20.3,72.0,0.233
2026-04-05T19:30:00Z,,,,,71.5,6.5,5.0,67.0,,18.8,215.0,0.2
2026-04-06T02:30:00Z,1.44,9.1,2.0,0.0064,57.9,22.0,10.5,57.5,4.75,22.3,175.0,0.45
2026-04-06T03:30:00Z,1.29,11.5,1.73,0.00757,74.8,20.7,12.0,51.7,4.7,24.1,302.0,0.567
2026-04-06T04:30:00Z,1.26,9.55,1.35,0.00615,91.4,23.0,12.0,51.0,6.88,24.9,291.0,0.85
2026-04-06T05:30:00Z,1.31,5.83,1.37,0.00423,93.6,26.7,14.0,49.3,7.45,25.8,274.0,0.633
2026-04-06T06:30:00Z,1.32,10.4,4.25,0.009,52.5,26.0,15.5,44.8,6.38,27.1,262.0,0.6
2026-04-06T07:30:00Z,1.3,9.7,1.73,0.00657,48.9,22.7,12.3,43.0,5.93,27.5,340.0,0.733
2026-04-06T08:30:00Z,1.29,8.83,1.58,0.00598,47.3,20.5,11.5,39.8,5.55,28.1,294.0,0.825
2026-04-06T09:30:00Z,1.26,8.23,0.933,0.00517,63.1,18.3,10.3,37.0,5.67,29.4,333.0,0.733
2026-04-06T10:30:00Z,1.23,6.93,1.75,0.0051,95.7,14.8,7.0,37.8,7.43,29.3,264.0,0.525
2026-04-06T11:30:00Z,1.36,7.28,1.78,0.0053,109.0,19.8,10.5,43.0,8.4,28.0,101.0,0.2
2026-04-06T12:30:00Z,1.72,11.0,1.25,0.00685,82.1,24.5,15.5,50.0,8.5,25.6,343.0,0.15
2026-04-06T13:30:00Z,2.45,29.0,7.7,0.0217,15.7,49.3,26.3,57.7,8.53,23.6,173.0,0.2
2026-04-06T14:30:00Z,1.95,17.6,2.38,0.0113,39.7,60.0,26.8,55.8,8.98,23.5,98.0,0.325
2026-04-06T15:30:00Z,1.7,11.8,1.7,0.00763,64.6,49.7,18.3,53.7,6.53,23.2,133.0,0.433
2026-04-06T16:30:00Z,1.47,9.73,1.08,0.00605,64.2,38.3,13.8,55.3,5.65,22.6,136.0,0.25
2026-04-06T17:30:00Z,1.29,8.13,0.733,0.00493,70.1,31.3,10.7,57.7,5.6,21.7,124.0,0.2
2026-04-06T19:30:00Z,,,,,64.1,42.5,18.0,64.5,,20.5,167.0,0.3
2026-04-06T20:30:00Z,1.23,4.73,0.633,0.00307,68.1,43.5,18.0,64.8,7.67,20.3,148.0,0.4
2026-04-06T21:30:00Z,1.16,2.98,0.6,0.00208,83.9,33.3,13.3,60.8,6.5,20.6,141.0,0.6
2026-04-06T22:30:00Z,1.13,2.58,0.65,0.0019,86.1,17.3,8.0,59.3,5.58,20.6,140.0,0.75
2026-04-06T23:30:00Z,1.13,3.43,0.6,0.0023,85.7,13.0,7.0,57.3,5.78,21.2,145.0,0.75
2026-04-07T00:30:00Z,1.16,5.4,0.767,0.00353,83.9,18.7,6.67,54.3,5.63,22.3,156.0,0.733
2026-04-07T01:30:00Z,1.4,7.68,1.13,0.005,70.0,27.8,9.75,58.0,7.08,22.1,167.0,0.775
2026-04-07T02:30:00Z,1.34,7.63,1.23,0.00505,83.2,41.8,14.8,52.0,7.88,23.7,189.0,0.85
2026-04-07T03:30:00Z,1.4,8.93,1.65,0.0061,72.6,43.3,15.3,51.0,6.23,24.2,199.0,0.75
2026-04-07T04:30:00Z,1.28,8.88,1.78,0.0062,83.8,41.3,13.5,50.8,7.73,24.6,184.0,1.1
2026-04-07T05:30:00Z,1.31,8.35,1.85,0.00595,69.0,46.0,14.0,48.5,7.2,24.5,196.0,1.15
2026-04-07T06:30:00Z,1.35,5.53,1.2,0.00393,92.6,37.0,14.5,61.5,7.58,22.0,289.0,1.1
2026-04-07T07:30:00Z,1.42,5.5,1.0,0.00375,92.5,42.0,12.0,70.5,6.85,20.2,188.0,0.85
2026-04-07T10:30:00Z,1.94,11.0,1.43,0.00703,37.2,25.5,13.0,79.5,8.1,19.7,192.0,0.45
2026-04-07T11:30:00Z,1.85,12.2,1.45,0.00765,33.7,30.3,16.0,84.8,7.5,18.6,199.0,0.575
2026-04-07T12:30:00Z,1.77,8.6,0.967,0.0054,43.3,33.3,21.3,88.0,6.7,17.5,200.0,0.5
2026-04-07T13:30:00Z,1.83,11.8,1.63,0.00758,31.4,26.3,19.3,90.3,6.68,17.0,151.0,0.45
2026-04-07T14:30:00Z,1.76,10.8,2.03,0.00738,28.1,20.0,15.5,92.0,6.53,16.9,138.0,0.7
2026-04-07T15:30:00Z,1.65,8.58,0.975,0.00535,24.4,18.5,15.0,92.5,6.38,16.8,206.0,0.25
2026-04-07T16:30:00Z,1.48,4.78,0.8,0.0032,36.1,17.0,15.3,93.0,6.78,16.6,342.0,0.525
2026-04-07T17:30:00Z,1.27,2.3,0.767,0.00183,72.5,17.7,15.7,91.0,6.4,14.9,234.0,0.867
2026-04-07T18:30:00Z,1.21,1.75,0.65,0.00145,,21.0,11.0,93.0,3.45,14.3,113.0,0.55
2026-04-07T19:30:00Z,1.23,1.6,0.6,0.0013,71.2,16.0,8.33,94.0,3.2,14.5,118.0,0.567
2026-04-07T20:30:00Z,1.27,1.43,0.767,0.0014,71.3,11.0,9.5,94.0,3.03,14.5,110.0,0.575
2026-04-07T21:30:00Z,1.26,1.27,0.6,0.00117,79.1,12.3,12.3,94.0,3.57,14.2,61.7,0.467
2026-04-07T22:30:00Z,1.25,1.2,0.675,0.00118,78.5,18.0,13.0,94.3,3.35,14.0,140.0,0.325
2026-04-07T23:30:00Z,1.19,1.8,0.533,0.00143,75.3,10.0,6.0,95.0,3.77,14.2,346.0,0.633
2026-04-08T00:30:00Z,1.28,4.83,0.95,0.00333,65.6,7.0,4.5,95.0,4.15,14.4,176.0,0.275
2026-04-08T01:30:00Z,2.16,11.8,4.7,0.0101,39.7,14.7,15.0,95.0,5.0,15.1,146.0,0.867
2026-04-08T02:30:00Z,1.39,7.53,1.8,0.00547,47.2,23.3,24.0,94.0,4.83,16.4,161.0,0.933
2026-04-08T04:30:00Z,,,,,,,,,,18.5,199.0,0.8
2026-04-08T05:30:00Z,0.723,4.3,2.27,0.00413,63.5,,,66.0,5.77,18.9,209.0,1.15
2026-04-08T06:30:00Z,1.21,8.25,5.3,0.0087,49.7,33.0,9.0,64.0,8.65,19.6,197.0,1.38
2026-04-08T07:30:00Z,1.2,10.1,4.53,0.00905,42.9,27.8,8.0,63.5,9.05,20.3,203.0,1.33
2026-04-08T08:30:00Z,1.19,10.2,3.55,0.00828,44.2,20.0,9.75,61.3,8.88,20.9,197.0,1.1
2026-04-08T09:30:00Z,1.18,9.43,2.78,0.00725,51.4,25.8,14.0,59.0,9.1,22.0,208.0,0.925
2026-04-08T10:30:00Z,1.22,6.65,2.43,0.00548,73.6,29.8,16.0,62.3,9.23,22.0,204.0,0.875
2026-04-08T11:30:00Z,1.27,4.53,1.23,0.00338,82.6,24.0,20.5,65.8,9.1,21.3,207.0,0.55
2026-04-08T12:30:00Z,1.57,11.7,1.7,0.0076,46.6,35.0,23.5,70.3,9.03,20.0,93.0,0.3
2026-04-08T13:30:00Z,1.58,13.1,1.9,0.0085,39.7,59.3,23.5,74.3,9.75,18.6,95.3,0.3
2026-04-08T14:30:00Z,1.61,15.0,2.05,0.00965,25.5,75.3,28.3,74.8,10.8,17.9,68.3,0.2
2026-04-08T15:30:00Z,1.26,7.53,1.0,0.00483,70.9,77.5,31.8,74.3,11.5,17.5,141.0,0.5
2026-04-08T16:30:00Z,1.13,3.87,0.667,0.0026,96.1,61.0,23.7,74.0,11.1,17.0,162.0,0.3
2026-04-08T17:30:00Z,1.24,5.63,0.833,0.00367,77.0,33.0,12.3,74.3,9.4,17.2,115.0,0.3
2026-04-08T19:30:00Z,,,,,42.5,31.5,13.5,80.0,,15.6,105.0,0.2
2026-04-08T20:30:00Z,1.3,4.57,0.8,0.00303,38.8,28.3,12.0,80.8,3.9,15.2,82.8,0.125
2026-04-08T21:30:00Z,1.33,6.05,0.85,0.0039,23.4,40.5,14.3,84.3,4.38,14.4,37.8,0.15
2026-04-08T22:30:00Z,1.27,8.45,1.08,0.00533,12.8,51.8,19.0,86.5,5.1,13.8,21.8,0.15
2026-04-08T23:30:00Z,1.53,10.2,4.08,0.00875,8.33,45.5,21.0,86.5,4.88,13.8,58.5,0.2
2026-04-09T00:30:00Z,1.77,11.0,5.5,0.0103,19.1,73.5,42.3,78.5,5.2,15.2,135.0,0.325
2026-04-09T01:30:00Z,1.4,5.5,1.83,0.00438,51.6,80.8,48.5,68.3,5.5,18.0,222.0,0.35
2026-04-09T02:30:00Z,1.34,5.73,1.15,0.00398,72.7,50.8,31.0,62.3,8.95,18.8,224.0,0.475
2026-04-09T03:30:00Z,1.32,7.23,1.33,0.00493,75.5,38.3,22.8,59.3,7.13,20.2,267.0,0.425
2026-04-09T04:30:00Z,1.29,7.38,1.08,0.00478,84.8,32.5,14.5,60.5,6.28,20.4,335.0,0.9
2026-04-09T05:30:00Z,1.28,5.7,0.9,0.0038,111.0,34.0,14.0,61.0,5.9,20.9,345.0,0.5
2026-04-09T08:30:00Z,1.2,8.37,0.767,0.0051,65.3,35.7,16.3,46.3,6.73,24.6,345.0,0.833
2026-04-09T09:30:00Z,1.14,7.75,0.8,0.0048,69.1,33.5,18.5,43.5,6.4,25.4,180.0,0.7
2026-04-09T10:30:00Z,1.18,6.63,1.0,0.00433,88.2,30.7,20.3,45.0,5.43,25.7,237.0,0.667
2026-04-09T11:30:00Z,1.26,4.37,0.733,0.00293,110.0,33.3,22.7,54.0,8.77,23.6,238.0,0.433
2026-04-09T12:30:00Z,1.3,4.63,0.65,0.003,109.0,52.8,23.0,61.5,6.95,21.1,235.0,0.55
2026-04-09T13:30:00Z,1.51,8.97,0.8,0.00543,76.2,64.0,28.7,67.7,5.27,19.6,42.3,0.233
2026-04-09T14:30:00Z,1.59,13.7,0.9,0.00803,66.1,81.8,41.0,69.0,9.4,19.0,69.3,0.275
2026-04-09T15:30:00Z,1.38,9.93,0.9,0.00605,86.4,87.8,40.5,68.3,8.95,18.8,74.5,0.325
2026-04-09T16:30:00Z,1.27,6.17,0.633,0.0038,82.6,70.7,30.3,71.3,7.17,17.7,345.0,0.233
2026-04-09T17:30:00Z,1.19,4.3,0.5,0.00275,80.2,64.0,26.0,74.0,6.7,16.9,346.0,0.25
2026-04-10T03:30:00Z,1.2,4.6,0.833,0.00313,88.5,49.3,26.7,57.3,4.63,20.7,241.0,0.833
2026-04-10T04:30:00Z,1.16,4.48,0.825,0.00308,88.1,43.8,20.3,48.5,5.43,22.9,106.0,0.825
2026-04-10T05:30:00Z,1.18,4.73,0.767,0.00317,90.3,42.7,14.7,45.0,8.55,24.0,12.7,0.867
2026-04-10T06:30:00Z,1.24,6.95,0.75,0.0043,60.8,53.5,12.5,41.0,6.65,25.1,20.7,0.85
2026-04-10T07:30:00Z,1.24,7.83,1.0,0.005,53.2,42.7,13.0,39.0,6.27,25.9,25.3,0.867
2026-04-10T08:30:00Z,1.23,7.18,0.85,0.0045,61.7,36.0,14.3,38.8,6.1,26.6,102.0,0.875
2026-04-10T09:30:00Z,1.24,6.65,1.1,0.0044,61.0,32.8,11.5,40.0,5.25,27.3,24.0,0.8
2026-04-10T10:30:00Z,1.3,5.65,1.08,0.00393,95.4,26.5,13.0,41.0,4.55,27.5,267.0,0.75
2026-04-10T11:30:00Z,1.3,2.48,0.6,0.0018,121.0,32.3,13.3,42.8,4.6,26.1,91.8,0.625
2026-04-10T12:30:00Z,1.42,4.33,0.667,0.0028,107.0,39.7,14.0,49.7,5.7,24.0,234.0,0.5
2026-04-10T13:30:00Z,1.5,5.48,0.625,0.0034,92.8,43.3,18.0,54.8,6.38,22.6,346.0,0.375
2026-04-10T14:30:00Z,1.59,7.88,0.6,0.0047,78.4,63.8,25.3,59.8,10.3,21.5,235.0,0.275
2026-04-10T15:30:00Z,1.48,7.1,0.775,0.00445,87.3,74.3,30.0,59.8,11.7,21.2,179.0,0.3
2026-04-10T16:30:00Z,1.39,4.53,0.625,0.0029,94.3,58.8,24.3,61.5,12.4,20.9,337.0,0.275
2026-04-10T17:30:00Z,1.34,3.1,0.55,0.0021,90.6,49.5,22.5,66.0,8.5,19.7,344.0,0.35
2026-04-10T19:30:00Z,,,,,84.0,44.5,22.5,71.5,,18.1,350.0,0.35
2026-04-10T20:30:00Z,1.34,2.1,0.667,0.00163,83.2,42.5,23.3,71.8,7.17,18.2,347.0,0.45
2026-04-10T21:30:00Z,1.33,1.73,0.725,0.00148,87.1,39.5,24.5,72.0,6.73,18.5,344.0,0.475
2026-04-10T22:30:00Z,1.36,2.73,0.633,0.002,77.8,40.7,25.7,73.3,7.73,18.2,233.0,0.567
2026-04-10T23:30:00Z,1.4,3.53,0.725,0.00245,69.4,49.8,31.8,74.3,7.35,18.0,210.0,0.45
2026-04-11T00:30:00Z,1.41,5.3,0.675,0.00335,66.2,53.5,29.8,70.8,7.63,19.4,185.0,0.25
2026-04-11T01:30:00Z,1.47,5.58,0.775,0.00358,63.8,55.8,26.3,68.5,9.6,20.0,350.0,0.6
2026-04-11T02:30:00Z,1.51,5.55,0.95,0.00373,59.4,68.3,34.8,68.5,7.33,20.5,30.0,0.375
2026-04-11T03:30:00Z,1.48,9.38,1.98,0.0066,54.3,68.8,32.3,55.5,5.83,23.5,61.5,0.475
2026-04-11T04:30:00Z,1.39,9.58,2.25,0.00693,65.6,51.3,22.3,45.8,3.9,26.3,195.0,0.55
2026-04-11T05:30:00Z,1.32,8.85,1.5,0.00593,69.6,48.3,21.5,44.3,4.43,27.3,104.0,0.575
2026-04-11T06:30:00Z,1.29,10.7,1.18,0.0066,59.5,64.5,26.3,42.8,5.85,27.4,348.0,0.8
2026-04-11T07:30:00Z,1.27,8.73,0.675,0.0052,66.9,76.0,30.5,43.5,5.33,27.8,342.0,0.825
2026-04-11T08:30:00Z,1.28,8.35,0.9,0.00513,61.2,61.0,29.0,42.8,5.7,28.0,257.0,0.725
2026-04-11T09:30:00Z,1.28,8.68,1.08,0.00548,74.5,64.8,30.0,43.5,5.85,28.7,180.0,0.55
2026-04-11T10:30:00Z,1.36,8.8,2.5,0.00673,83.3,63.3,32.0,45.3,5.38,29.1,35.3,0.4
2026-04-11T11:30:00Z,1.45,9.55,2.78,0.00735,89.3,59.3,29.8,48.8,5.68,27.7,142.0,0.275
2026-04-11T12:30:00Z,1.72,12.7,1.45,0.00788,70.6,59.3,30.3,54.5,6.2,25.7,322.0,0.175
2026-04-11T13:30:00Z,2.09,26.3,4.55,0.0177,11.2,79.3,37.5,63.8,6.4,23.6,332.0,0.15
2026-04-11T14:30:00Z,2.6,29.3,13.1,0.0262,6.65,127.0,47.3,63.5,8.98,23.9,146.0,0.275
2026-04-11T15:30:00Z,2.33,26.4,8.9,0.0213,5.7,157.0,54.5,63.8,9.5,23.7,100.0,0.25
2026-04-11T16:30:00Z,1.91,21.5,3.78,0.0145,7.58,162.0,58.5,69.5,9.65,21.5,109.0,0.125
2026-04-11T17:30:00Z,1.72,16.1,1.63,0.00993,13.4,150.0,60.0,73.0,8.7,20.3,123.0,0.233
2026-04-11T18:30:00Z,1.43,10.5,0.9,0.0063,,122.0,63.5,75.0,8.05,19.0,77.5,0.3
2026-04-11T19:30:00Z,1.37,10.1,1.05,0.0062,31.1,118.0,57.3,75.3,8.85,18.7,117.0,0.325
2026-04-11T20:30:00Z,1.28,7.37,0.767,0.00453,25.3,114.0,56.0,76.5,10.8,17.8,147.0,0.225
2026-04-11T21:30:00Z,1.26,7.2,1.1,0.00475,19.2,108.0,59.5,79.0,9.38,16.9,117.0,0.2
2026-04-11T22:30:00Z,1.19,7.8,0.9,0.0049,14.2,92.8,50.3,81.3,8.85,16.4,126.0,0.1
2026-04-11T23:30:00Z,1.28,8.28,3.85,0.00755,6.15,82.0,45.0,83.0,7.93,16.4,152.0,0.225
2026-04-12T00:30:00Z,1.36,11.1,7.17,0.0117,12.9,93.7,45.0,74.7,9.63,17.9,82.7,0.2
2026-04-12T01:30:00Z,1.26,8.75,1.9,0.00618,45.8,101.0,45.0,60.8,10.3,21.3,148.0,0.2
2026-04-12T02:30:00Z,1.22,8.25,1.83,0.00588,60.0,96.0,45.5,53.8,8.18,24.1,29.8,0.325
2026-04-12T03:30:00Z,1.16,9.3,1.33,0.00605,74.2,81.3,41.5,48.5,6.75,25.1,260.0,0.7
2026-04-12T04:30:00Z,1.13,7.55,0.85,0.00475,86.5,67.8,32.8,49.3,7.03,25.6,350.0,0.8
2026-04-12T05:30:00Z,1.19,5.93,0.767,0.00377,89.5,64.0,27.0,47.3,6.85,26.2,349.0,0.867
2026-04-12T06:30:00Z,1.26,8.15,0.7,0.00488,71.2,60.5,25.0,43.3,5.95,27.3,347.0,0.75
2026-04-12T07:30:00Z,1.25,9.15,0.7,0.0054,66.9,56.0,23.5,41.8,5.85,28.0,264.0,0.75
2026-04-12T08:30:00Z,1.23,9.23,0.767,0.0055,67.8,56.0,21.3,39.3,6.13,28.5,237.0,0.667
2026-04-12T09:30:00Z,1.21,9.23,0.925,0.00568,71.3,51.3,18.5,38.8,6.3,29.1,265.0,0.65
2026-04-12T10:30:00Z,1.25,7.18,0.925,0.00455,93.9,46.0,19.5,41.8,5.85,29.3,345.0,0.7
2026-04-12T11:30:00Z,1.28,3.5,0.55,0.0023,112.0,48.3,20.0,45.5,5.95,27.8,343.0,0.625
2026-04-12T12:30:00Z,1.35,4.65,0.6,0.00295,95.7,56.3,24.5,48.8,5.93,25.8,264.0,0.325
2026-04-12T13:30:00Z,1.44,6.37,0.767,0.004,80.7,68.0,28.0,54.3,7.03,24.1,341.0,0.267
2026-04-12T14:30:00Z,1.56,8.48,0.75,0.0051,61.7,85.8,32.8,60.0,12.7,22.9,319.0,0.275
2026-04-12T15:30:00Z,1.47,9.63,0.75,0.00575,66.5,90.3,40.0,60.0,13.2,22.7,264.0,0.25
2026-04-12T16:30:00Z,1.42,6.35,0.55,0.00385,71.6,79.8,37.3,63.5,21.4,21.6,318.0,0.225
2026-04-12T17:30:00Z,1.42,6.0,0.533,0.00363,63.5,75.7,32.7,67.7,21.0,20.6,312.0,0.233
2026-04-12T19:30:00Z,,,,,48.8,79.0,36.0,74.5,,18.2,329.0,0.3
2026-04-12T20:30:00Z,1.3,3.0,0.6,0.0021,56.3,73.8,34.5,74.5,11.5,17.7,332.0,0.225
2026-04-12T21:30:00Z,1.29,2.65,0.6,0.0019,57.4,63.5,32.5,75.0,10.4,17.4,341.0,0.3
2026-04-12T22:30:00Z,1.26,2.7,0.633,0.00193,62.2,59.0,33.0,74.3,10.8,17.4,332.0,0.333
2026-04-12T23:30:00Z,1.32,4.13,0.725,0.00278,49.7,56.5,34.5,75.3,10.6,17.2,259.0,0.25
2026-04-13T00:30:00Z,1.46,7.67,1.03,0.0049,36.3,62.0,37.3,75.0,12.5,18.2,155.0,0.233
2026-04-13T01:30:00Z,1.45,7.0,1.23,0.00467,58.0,92.0,52.3,66.7,16.4,22.0,123.0,0.3
2026-04-13T02:30:00Z,1.45,7.13,1.07,0.00467,65.4,112.0,58.0,61.7,14.9,23.0,236.0,0.6
2026-04-13T03:30:00Z,1.4,7.58,0.975,0.0048,73.6,95.5,45.3,52.3,19.9,25.5,177.0,0.675
2026-04-13T04:30:00Z,1.35,7.83,1.3,0.00525,73.1,86.3,33.5,45.8,13.6,27.3,186.0,0.65
2026-04-13T05:30:00Z,1.34,7.37,0.933,0.0047,73.5,85.3,29.0,43.3,11.0,28.2,352.0,0.633
2026-04-13T06:30:00Z,1.33,8.68,1.13,0.00548,46.0,60.5,22.0,38.8,6.88,29.5,186.0,0.6
2026-04-13T07:30:00Z,1.33,10.5,1.93,0.0071,42.1,45.7,16.0,38.3,6.57,30.1,233.0,0.833
2026-04-13T08:30:00Z,1.3,8.33,1.03,0.00527,48.0,42.0,17.7,34.3,6.67,30.6,9.33,0.667
2026-04-13T09:30:00Z,1.28,9.0,1.15,0.00575,56.0,45.0,14.5,35.5,6.75,30.9,180.0,0.7
2026-04-13T10:30:00Z,1.31,6.93,1.6,0.00497,93.6,43.7,16.3,38.7,5.97,30.0,351.0,0.567
2026-04-13T11:30:00Z,1.37,5.7,1.43,0.00418,92.2,42.0,20.5,41.3,6.1,28.7,349.0,0.45
2026-04-13T12:30:00Z,1.46,6.97,1.2,0.00467,85.7,63.3,22.7,47.7,6.83,27.0,330.0,0.233
2026-04-13T13:30:00Z,1.68,12.0,1.3,0.00743,59.6,77.3,26.0,53.0,7.27,25.5,307.0,0.2
2026-04-13T14:30:00Z,1.48,9.3,0.95,0.00573,80.2,81.0,30.0,55.5,9.08,24.7,315.0,0.3
2026-04-13T15:30:00Z,1.68,10.5,0.875,0.00625,64.7,83.0,32.8,59.5,12.8,23.8,323.0,0.2
2026-04-13T16:30:00Z,1.68,11.0,0.725,0.0064,48.9,91.3,39.5,66.5,15.4,22.2,262.0,0.175
2026-04-13T17:30:00Z,1.66,10.5,0.65,0.0061,44.9,97.0,43.0,69.0,12.8,21.5,338.0,0.1
2026-04-13T18:30:00Z,1.46,7.45,0.7,0.0045,,70.5,41.0,72.0,9.6,20.2,330.0,0.15
2026-04-13T19:30:00Z,1.42,5.65,0.5,0.00345,57.1,70.0,40.0,72.5,11.4,19.6,325.0,0.225
2026-04-13T20:30:00Z,1.36,4.13,0.567,0.00267,54.0,67.5,39.0,73.5,10.5,18.7,188.0,0.175
2026-04-13T21:30:00Z,1.4,6.08,0.675,0.00378,37.1,62.5,36.5,75.8,8.88,17.7,30.3,0.2
2026-04-13T22:30:00Z,1.39,6.53,0.633,0.00397,26.5,62.3,36.7,79.7,8.07,16.8,247.0,0.133
2026-04-13T23:30:00Z,1.61,8.63,5.25,0.00888,7.38,69.3,43.3,83.3,7.63,16.6,134.0,0.175
2026-04-14T00:30:00Z,1.63,11.2,5.83,0.0107,11.8,104.0,53.0,80.0,8.38,17.9,200.0,0.125
2026-04-14T01:30:00Z,1.58,9.05,1.73,0.00618,51.6,122.0,55.3,67.0,10.6,22.2,244.0,0.2
2026-04-14T02:30:00Z,1.47,8.07,1.13,0.0052,73.5,103.0,54.7,56.0,10.1,24.3,349.0,0.367
2026-04-14T03:30:00Z,1.44,9.8,1.13,0.00613,76.1,93.0,54.0,53.0,7.87,26.3,338.0,0.6
2026-04-14T04:30:00Z,1.29,7.53,0.767,0.00463,88.1,86.0,36.0,43.0,8.63,28.7,239.0,0.6
2026-04-14T05:30:00Z,1.32,8.53,1.75,0.00598,71.1,63.3,24.8,39.3,5.53,30.2,106.0,0.6
2026-04-14T06:30:00Z,1.31,12.7,3.35,0.00948,45.4,38.3,17.5,33.8,5.35,30.9,357.0,0.7
2026-04-14T07:30:00Z,1.27,12.0,1.38,0.0075,54.0,41.8,13.8,30.5,5.63,31.8,352.0,0.725
2026-04-14T08:30:00Z,1.22,11.1,1.03,0.00675,60.4,40.3,10.0,27.3,5.68,32.4,352.0,0.7
2026-04-14T09:30:00Z,1.18,11.2,1.68,0.0073,63.1,32.3,10.0,24.3,5.5,33.3,86.8,0.6
2026-04-14T10:30:00Z,1.17,10.1,2.3,0.0072,85.5,50.5,8.5,25.5,5.3,33.2,355.0,0.45
2026-04-14T14:30:00Z,2.14,30.4,6.0,0.0211,4.1,118.0,43.0,47.0,9.3,23.6,6.0,0.1
2026-04-14T15:30:00Z,2.52,24.7,12.4,0.0232,3.53,118.0,41.0,54.3,9.2,22.4,127.0,0.1
2026-04-14T16:30:00Z,2.53,22.7,10.0,0.0202,3.68,141.0,49.8,61.0,10.9,21.3,105.0,0.125
2026-04-14T17:30:00Z,2.04,20.0,4.1,0.0139,6.8,157.0,62.0,64.3,10.7,20.8,343.0,0.167
2026-04-14T18:30:00Z,1.37,9.05,0.8,0.00545,,123.0,65.0,65.5,11.6,19.8,318.0,0.2
2026-04-14T19:30:00Z,1.31,7.55,0.65,0.0045,42.7,111.0,63.5,67.0,11.1,19.2,327.0,0.225
2026-04-14T20:30:00Z,1.19,5.13,0.467,0.00313,47.4,98.0,67.8,68.0,9.83,18.9,95.3,0.225
2026-04-14T21:30:00Z,1.19,5.55,0.5,0.00338,49.5,103.0,79.8,67.5,10.7,18.9,15.5,0.2
2026-04-14T22:30:00Z,1.13,4.4,0.7,0.0029,59.2,109.0,86.0,67.0,12.0,19.3,337.0,0.2
2026-04-15T03:30:00Z,1.26,10.2,1.47,0.0066,75.0,76.0,30.7,45.7,22.1,28.2,334.0,0.633
2026-04-15T04:30:00Z,1.19,8.8,0.825,0.00538,87.0,83.5,27.0,40.5,9.23,29.7,254.0,0.7
2026-04-15T05:30:00Z,1.27,9.2,1.75,0.00633,73.6,75.3,18.8,33.8,4.57,31.9,91.0,0.55
2026-04-15T06:30:00Z,1.33,11.2,1.83,0.00745,49.9,46.5,15.5,32.0,5.0,32.6,184.0,0.675
2026-04-15T07:30:00Z,1.3,10.6,1.2,0.00663,50.0,38.3,14.8,29.3,4.8,33.3,269.0,0.65
2026-04-15T08:30:00Z,1.26,10.7,0.85,0.00635,63.8,34.0,10.3,27.0,4.78,34.0,344.0,0.75
2026-04-15T09:30:00Z,1.23,9.6,0.7,0.0057,71.3,31.0,10.0,26.0,5.1,34.9,348.0,0.7
2026-04-15T10:30:00Z,1.21,7.63,1.07,0.00493,91.4,30.7,10.0,27.0,4.47,34.3,353.0,0.633
2026-04-15T11:30:00Z,1.41,7.65,3.0,0.0065,95.2,38.8,14.0,31.8,5.88,32.4,338.0,0.25
2026-04-15T12:30:00Z,1.86,17.8,2.33,0.0113,46.4,64.0,19.5,39.8,15.0,29.0,343.0,0.15
2026-04-15T13:30:00Z,2.48,28.7,5.53,0.0198,5.88,101.0,31.0,47.3,11.0,26.1,265.0,0.1
2026-04-15T14:30:00Z,3.95,29.1,35.4,0.0442,3.53,132.0,46.0,58.0,9.87,23.9,241.0,0.167
2026-04-15T15:30:00Z,2.63,25.3,9.25,0.021,4.3,144.0,54.8,57.5,13.3,23.5,335.0,0.25
2026-04-15T16:30:00Z,2.09,21.5,1.9,0.013,14.6,159.0,68.3,56.0,13.5,22.7,11.8,0.125
2026-04-15T17:30:00Z,1.82,19.3,1.37,0.0114,13.6,154.0,70.3,59.0,12.9,21.9,86.3,0.133
2026-04-15T18:30:00Z,1.26,13.5,0.9,0.0079,,139.0,76.5,62.0,10.5,20.9,227.0,0.1
2026-04-15T19:30:00Z,1.08,8.25,0.9,0.0051,80.7,139.0,77.0,58.5,13.5,21.1,295.0,0.1
2026-04-15T21:30:00Z,1.23,11.3,1.2,0.007,17.1,90.0,51.0,72.0,8.2,18.5,75.0,0.2
2026-04-15T22:30:00Z,1.28,10.1,1.8,0.0068,10.5,97.0,52.0,75.0,7.25,17.8,66.0,0.2
2026-04-15T23:30:00Z,1.43,14.1,6.78,0.013,4.95,93.0,47.5,73.8,7.55,18.2,81.5,0.275
2026-04-16T00:30:00Z,1.46,17.1,11.5,0.0184,11.6,117.0,47.0,68.0,9.08,20.9,117.0,0.175
2026-04-16T01:30:00Z,1.49,12.9,2.8,0.00913,45.7,134.0,44.8,52.5,7.13,25.4,152.0,0.3
2026-04-16T02:30:00Z,1.22,12.4,4.63,0.0103,57.3,95.0,33.8,42.5,5.03,27.3,207.0,0.35
2026-04-16T03:30:00Z,1.24,16.6,8.03,0.0154,58.1,63.3,28.7,39.3,4.63,28.9,299.0,0.3
2026-04-16T04:30:00Z,1.24,18.8,8.83,0.0172,65.0,53.3,27.3,37.0,5.73,31.2,334.0,0.4
2026-04-16T05:30:00Z,1.27,16.2,8.7,0.0157,58.7,54.0,23.0,30.3,6.5,32.7,338.0,0.533
2026-04-16T06:30:00Z,1.32,21.5,4.13,0.0148,47.9,50.7,20.7,28.3,7.03,33.1,343.0,0.633
2026-04-16T07:30:00Z,1.26,17.2,3.65,0.0121,44.0,43.0,22.0,26.5,6.7,34.0,175.0,0.5
2026-04-16T16:30:00Z,2.07,21.7,3.17,0.0142,8.5,143.0,49.3,56.3,13.7,24.8,76.3,0.133
2026-04-16T17:30:00Z,1.99,20.1,3.9,0.0139,20.0,120.0,42.0,57.0,11.8,24.7,124.0,0.2
2026-04-16T18:30:00Z,1.08,8.7,1.3,0.0057,,65.5,27.5,51.5,7.0,25.0,132.0,0.2
2026-04-16T19:30:00Z,1.07,6.6,1.3,0.00455,72.6,57.8,27.0,49.5,3.95,24.7,79.8,0.15
2026-04-16T20:30:00Z,1.08,8.03,1.2,0.00523,49.2,45.8,23.8,51.8,2.5,24.1,98.8,0.175
2026-04-16T21:30:00Z,1.04,7.8,1.0,0.00495,51.9,40.5,20.5,52.5,2.5,23.2,130.0,0.15
2026-04-16T22:30:00Z,1.12,9.77,1.53,0.00647,28.5,40.3,19.7,55.3,1.73,22.9,70.0,0.167
2026-04-16T23:30:00Z,1.39,14.9,4.37,0.0115,7.67,62.0,22.7,58.7,11.1,23.1,124.0,0.5
2026-04-17T00:30:00Z,1.39,15.2,4.88,0.0121,12.4,110.0,44.8,57.3,17.9,23.9,118.0,0.4
2026-04-17T01:30:00Z,1.48,14.4,3.53,0.0105,25.6,154.0,60.8,53.5,16.1,25.4,223.0,0.225
2026-04-17T02:30:00Z,1.54,17.1,4.4,0.0127,26.6,147.0,52.7,50.7,9.3,26.7,123.0,0.267
2026-04-17T03:30:00Z,1.6,20.5,10.3,0.0193,27.8,118.0,46.0,48.0,5.05,28.5,136.0,0.35
2026-04-17T04:30:00Z,1.44,17.5,8.08,0.0159,46.3,128.0,43.5,47.8,6.9,28.8,195.0,0.5
2026-04-17T05:30:00Z,1.3,17.0,9.23,0.0166,55.5,123.0,41.0,40.5,8.6,31.1,248.0,0.325
2026-04-17T06:30:00Z,1.41,24.8,15.2,0.0255,24.8,104.0,31.8,39.8,9.05,31.5,149.0,0.425
2026-04-17T07:30:00Z,1.3,24.8,9.35,0.0208,27.6,77.8,23.3,32.8,6.33,33.9,286.0,0.4
2026-04-17T08:30:00Z,1.19,17.2,7.17,0.0149,44.0,60.0,19.0,33.0,6.07,34.5,343.0,0.333
2026-04-17T09:30:00Z,1.18,12.5,5.6,0.0112,59.8,46.0,15.0,36.5,6.25,33.8,340.0,0.3
2026-04-17T12:30:00Z,1.56,14.7,2.57,0.0099,44.1,98.3,37.0,47.3,6.33,29.0,326.0,0.3
2026-04-17T13:30:00Z,1.75,17.8,3.5,0.0123,20.0,105.0,40.5,46.8,6.08,27.7,210.0,0.275
2026-04-17T14:30:00Z,1.93,19.7,5.15,0.0146,14.8,107.0,36.8,45.5,8.03,27.9,172.0,0.225
2026-04-17T15:30:00Z,2.25,24.7,9.83,0.0211,6.73,135.0,36.5,49.8,10.0,27.1,140.0,0.25
2026-04-17T16:30:00Z,1.74,21.2,3.7,0.0143,16.5,141.0,38.0,49.0,7.88,26.9,138.0,0.175
2026-04-17T17:30:00Z,1.88,22.7,7.43,0.0181,4.47,119.0,36.0,54.3,7.7,25.2,81.7,0.2
2026-04-17T19:30:00Z,,,,,57.8,34.5,21.0,53.0,,23.8,179.0,0.15
2026-04-17T20:30:00Z,1.12,7.43,1.27,0.005,42.5,40.8,17.5,57.0,3.77,22.9,98.8,0.2
2026-04-17T21:30:00Z,1.04,6.15,1.25,0.0043,56.7,45.5,15.5,52.3,3.95,23.8,115.0,0.225
2026-04-17T22:30:00Z,1.06,6.33,1.03,0.0042,40.4,39.3,16.0,59.0,4.1,22.2,242.0,0.167
2026-04-17T23:30:00Z,1.15,8.13,0.875,0.00503,27.5,49.5,15.8,64.8,6.98,21.4,265.0,0.125
2026-04-18T00:30:00Z,1.23,10.1,1.58,0.00665,28.7,74.8,23.5,61.5,10.8,22.5,72.5,0.25
2026-04-18T01:30:00Z,1.32,10.7,2.28,0.00755,40.1,97.0,36.3,55.5,10.0,25.2,137.0,0.25
2026-04-18T02:30:00Z,1.32,12.9,4.87,0.0108,47.8,105.0,39.0,48.3,7.93,28.3,257.0,0.267
2026-04-18T03:30:00Z,1.22,17.2,11.9,0.0188,43.2,80.0,29.0,39.3,5.0,31.7,98.3,0.375
2026-04-18T04:30:00Z,1.15,18.4,11.0,0.0188,48.9,57.8,25.8,34.5,4.55,33.0,258.0,0.5
2026-04-18T05:30:00Z,1.13,15.7,5.65,0.0129,53.9,49.0,22.0,33.5,4.5,33.7,348.0,0.5
2026-04-18T06:30:00Z,1.33,18.3,4.1,0.0131,35.1,74.7,24.7,31.3,5.87,34.8,346.0,0.633
2026-04-18T07:30:00Z,1.27,14.3,3.1,0.0102,41.2,76.3,24.7,29.7,5.2,35.6,342.0,0.633
2026-04-18T08:30:00Z,1.26,18.8,7.45,0.016,35.5,63.5,20.0,29.3,5.43,36.5,338.0,0.675
2026-04-18T09:30:00Z,1.25,19.2,4.25,0.0137,45.8,64.0,19.0,29.5,5.1,37.1,349.0,0.5
2026-04-18T11:30:00Z,1.52,15.2,10.2,0.0164,83.2,75.0,27.8,38.5,6.4,34.5,329.0,0.15
2026-04-18T12:30:00Z,2.18,24.0,4.88,0.0167,23.0,101.0,35.0,48.3,6.73,30.9,348.0,0.15
2026-04-18T13:30:00Z,2.24,29.5,4.6,0.0194,10.0,124.0,37.0,53.0,6.9,29.4,352.0,0.1
2026-04-18T15:30:00Z,2.33,24.9,8.3,0.02,3.9,220.0,84.0,56.0,23.4,27.4,53.0,0.1
2026-04-18T16:30:00Z,2.13,22.9,6.2,0.0172,6.77,204.0,74.3,58.3,19.3,26.2,23.0,0.1
2026-04-18T17:30:00Z,2.03,21.1,4.4,0.0148,7.35,195.0,68.0,61.5,16.8,25.3,24.0,0.1
2026-04-18T19:30:00Z,,,,,70.6,86.0,33.5,52.5,,25.8,115.0,0.1
2026-04-18T20:30:00Z,1.04,6.0,1.63,0.00453,71.2,83.5,30.0,54.3,5.0,25.0,209.0,0.175
2026-04-18T21:30:00Z,1.13,6.58,1.38,0.0046,48.8,76.3,28.0,60.3,5.75,23.8,180.0,0.25
2026-04-18T22:30:00Z,1.18,7.13,1.2,0.00475,33.6,83.5,37.3,66.5,8.03,23.0,246.0,0.275
2026-04-18T23:30:00Z,1.19,8.18,0.925,0.00513,24.9,118.0,50.8,70.3,10.8,22.3,335.0,0.2
2026-04-19T00:30:00Z,1.22,7.83,1.08,0.00505,34.1,131.0,56.0,65.5,11.7,23.8,209.0,0.2
2026-04-19T01:30:00Z,1.23,9.28,2.03,0.0066,46.4,123.0,51.3,59.5,12.7,26.1,178.0,0.2
2026-04-19T02:30:00Z,1.25,12.7,5.23,0.011,48.6,112.0,44.5,53.5,9.95,28.6,233.0,0.25
2026-04-19T03:30:00Z,1.27,17.5,11.9,0.0189,45.1,101.0,44.0,47.8,5.83,31.1,255.0,0.35
2026-04-19T04:30:00Z,1.17,19.1,10.9,0.0191,48.4,106.0,40.5,39.5,5.98,33.0,267.0,0.45
2026-04-19T05:30:00Z,1.27,17.1,9.7,0.017,47.0,110.0,34.5,34.5,6.93,34.0,233.0,0.625
2026-04-19T06:30:00Z,1.3,22.1,11.4,0.0211,29.2,113.0,33.3,29.0,5.67,35.2,355.0,0.7
2026-04-19T07:30:00Z,1.22,20.3,3.57,0.0137,38.6,99.3,22.3,25.0,4.97,36.2,174.0,0.633
2026-04-19T08:30:00Z,1.19,18.7,5.73,0.0146,47.5,79.8,17.3,27.5,4.9,36.0,342.0,0.625
2026-04-19T09:30:00Z,1.17,19.7,5.0,0.0145,44.3,72.0,19.0,26.0,4.8,36.5,349.0,0.55
2026-04-19T10:30:00Z,1.2,14.9,8.4,0.0148,73.0,76.0,23.0,31.0,7.3,34.7,352.0,0.5
2026-04-19T11:30:00Z,1.25,12.2,6.57,0.0118,81.9,85.7,26.0,34.3,6.6,33.4,353.0,0.5
2026-04-19T12:30:00Z,1.28,8.9,4.03,0.00803,80.5,104.0,30.3,39.3,6.7,31.8,178.0,0.35
2026-04-19T13:30:00Z,1.52,12.4,3.0,0.00907,51.8,98.3,30.0,45.0,5.83,29.9,323.0,0.233
2026-04-19T14:30:00Z,1.47,12.3,2.35,0.00848,56.5,111.0,40.0,47.5,8.25,29.1,345.0,0.475
2026-04-19T15:30:00Z,1.38,8.13,2.1,0.00603,62.1,125.0,40.0,48.3,11.1,28.4,324.0,0.275
2026-04-19T16:30:00Z,1.48,9.33,1.65,0.00633,47.7,124.0,40.3,54.0,8.85,26.4,320.0,0.2
2026-04-19T17:30:00Z,1.46,9.07,1.57,0.00613,41.1,127.0,45.3,58.0,7.7,25.3,324.0,0.2
2026-04-19T18:30:00Z,1.37,8.4,1.3,0.00555,,112.0,44.0,62.5,6.2,24.0,145.0,0.2
2026-04-19T19:30:00Z,1.39,8.05,1.25,0.0053,33.3,105.0,43.5,65.3,5.75,22.9,249.0,0.175
2026-04-19T20:30:00Z,1.36,6.87,0.767,0.0043,30.9,96.3,41.5,67.5,8.53,22.2,257.0,0.15
2026-04-19T21:30:00Z,1.4,7.23,0.833,0.00453,25.9,95.7,44.3,69.0,8.8,21.5,59.3,0.2
2026-04-19T22:30:00Z,1.33,6.23,0.675,0.00385,24.1,99.0,53.0,71.3,7.95,20.5,206.0,0.1
2026-04-19T23:30:00Z,1.4,9.33,2.25,0.0068,9.28,101.0,51.5,72.3,9.1,20.5,58.3,0.15
2026-04-20T00:30:00Z,1.49,9.28,2.28,0.0068,14.9,108.0,53.3,71.8,9.63,21.5,339.0,0.1
2026-04-20T01:30:00Z,1.59,13.1,3.08,0.00945,37.1,134.0,59.0,59.0,15.6,24.8,259.0,0.175
2026-04-20T02:30:00Z,1.39,13.6,3.67,0.0102,68.8,138.0,53.3,45.0,12.1,27.8,235.0,0.3
2026-04-20T04:30:00Z,1.28,16.4,5.53,0.0132,65.7,130.0,59.7,38.3,5.2,31.0,334.0,0.533
2026-04-20T06:30:00Z,1.28,17.0,2.7,0.0112,56.3,80.0,19.0,27.0,4.2,34.0,342.0,0.9
2026-04-20T07:30:00Z,1.24,15.4,1.6,0.0095,55.9,66.3,14.7,26.0,4.47,34.8,343.0,0.767
2026-04-20T08:30:00Z,1.2,15.2,2.3,0.00995,52.7,60.0,12.0,26.3,4.83,35.4,259.0,0.675
2026-04-20T09:30:00Z,1.16,14.2,1.7,0.00893,64.3,58.0,11.5,25.8,4.68,35.9,343.0,0.8
2026-04-20T10:30:00Z,1.28,12.0,1.2,0.0074,76.4,55.0,11.0,26.0,5.05,35.8,351.0,0.65
2026-04-20T11:30:00Z,1.37,7.6,3.45,0.0068,90.0,69.0,17.0,31.0,5.55,32.3,336.0,0.2
2026-04-20T12:30:00Z,1.68,11.3,3.6,0.00895,60.6,83.5,20.5,36.3,5.83,30.3,245.0,0.25
2026-04-20T13:30:00Z,1.9,19.4,3.88,0.0135,24.3,123.0,32.0,40.0,6.13,28.7,306.0,0.225
2026-04-20T14:30:00Z,1.95,21.4,3.3,0.014,12.2,156.0,45.0,44.3,7.57,27.5,298.0,0.233
2026-04-20T15:30:00Z,1.75,16.5,2.28,0.0106,31.4,168.0,52.0,46.5,10.1,26.4,311.0,0.2
2026-04-20T16:30:00Z,1.63,12.8,2.15,0.00858,39.3,149.0,45.8,47.8,10.8,25.8,295.0,0.2
2026-04-20T17:30:00Z,1.42,9.67,1.53,0.0064,51.1,123.0,37.3,49.3,11.3,25.1,314.0,0.233
2026-04-20T18:30:00Z,1.32,7.5,1.0,0.0048,,102.0,38.0,54.0,12.2,23.5,322.0,0.2
2026-04-20T19:30:00Z,1.31,6.7,0.8,0.00425,55.8,97.5,38.0,54.3,13.2,23.0,331.0,0.275
2026-04-20T20:30:00Z,1.28,4.53,0.8,0.00303,54.9,90.0,42.3,56.0,14.2,22.3,344.0,0.3
2026-04-20T21:30:00Z,1.24,3.8,0.7,0.0026,52.5,83.0,42.3,59.0,11.5,21.4,340.0,0.233
2026-04-20T22:30:00Z,1.24,3.75,0.525,0.00243,48.5,74.0,34.5,60.8,10.4,20.7,352.0,0.275
2026-04-20T23:30:00Z,1.25,4.35,0.7,0.0029,43.1,77.5,35.0,62.5,11.1,20.3,350.0,0.25
2026-04-21T00:30:00Z,1.36,5.75,0.8,0.0037,45.8,104.0,39.8,61.8,13.1,21.4,354.0,0.2
2026-04-21T01:30:00Z,1.45,8.28,1.18,0.00538,62.7,122.0,49.3,55.8,13.8,23.9,261.0,0.3
2026-04-21T02:30:00Z,1.36,10.2,1.2,0.0064,75.2,124.0,50.5,46.0,19.7,27.2,348.0,0.4
2026-04-21T03:30:00Z,1.28,10.9,2.53,0.0079,77.2,116.0,40.3,40.5,7.3,30.0,101.0,0.575
2026-04-21T04:30:00Z,1.25,11.8,2.38,0.00823,73.3,92.8,26.8,37.0,5.23,31.2,94.3,0.7
2026-04-21T05:30:00Z,1.3,13.0,2.68,0.00905,65.1,88.5,24.0,34.5,5.1,32.4,265.0,0.7
2026-04-21T06:30:00Z,1.3,15.6,3.05,0.0107,48.2,82.8,23.3,28.5,5.43,33.4,180.0,0.7
2026-04-21T07:30:00Z,1.23,14.5,1.73,0.0091,59.4,70.5,18.5,25.5,5.63,34.3,345.0,0.775
2026-04-21T08:30:00Z,1.2,14.0,1.8,0.00895,66.5,61.0,17.0,25.5,6.75,34.9,172.0,0.75
2026-04-21T09:30:00Z,1.2,15.0,3.05,0.0105,65.2,59.5,15.5,26.0,5.95,36.0,181.0,0.675
2026-04-21T10:30:00Z,1.2,13.6,3.53,0.0101,94.5,61.3,14.0,27.0,6.73,35.7,353.0,0.675
2026-04-21T11:30:00Z,1.28,9.48,2.98,0.00748,115.0,68.5,18.0,29.5,6.2,34.0,353.0,0.425
2026-04-21T12:30:00Z,1.51,10.7,2.7,0.0079,90.1,86.7,29.0,35.3,7.27,30.8,317.0,0.267
2026-04-21T13:30:00Z,1.86,17.2,2.4,0.0111,49.4,122.0,38.0,41.0,8.2,28.9,320.0,0.25
2026-04-21T14:30:00Z,2.13,21.2,2.6,0.0134,25.1,168.0,49.8,45.3,9.63,27.5,309.0,0.125
2026-04-21T15:30:00Z,2.04,23.4,2.78,0.0147,20.8,175.0,57.0,47.8,15.0,26.2,180.0,0.125
2026-04-21T16:30:00Z,1.86,19.4,2.08,0.012,22.6,140.0,48.5,51.8,12.5,25.0,20.7,0.2
2026-04-21T17:30:00Z,1.75,17.9,1.9,0.0111,25.0,119.0,43.3,52.7,19.3,24.5,234.0,0.2
2026-04-21T18:30:00Z,1.59,13.5,1.45,0.00835,,130.0,60.0,56.5,15.4,23.4,333.0,0.15
2026-04-21T19:30:00Z,1.44,9.8,1.05,0.00605,52.1,123.0,59.0,55.3,15.5,23.1,338.0,0.275
2026-04-21T20:30:00Z,1.29,5.8,0.733,0.00367,56.9,109.0,53.0,55.3,11.5,22.6,343.0,0.25
2026-04-21T21:30:00Z,1.21,4.43,0.75,0.00295,63.1,96.3,41.8,55.8,7.4,22.4,342.0,0.25
2026-04-21T22:30:00Z,1.22,4.33,0.7,0.00287,57.4,91.3,39.0,57.7,11.5,21.8,244.0,0.2
2026-04-21T23:30:00Z,1.21,5.7,0.5,0.0034,47.1,92.0,41.0,61.0,8.9,21.2,308.0,0.3
2026-04-22T00:30:00Z,1.41,8.45,1.2,0.0055,41.2,118.0,55.5,62.5,11.7,22.3,181.0,0.2
2026-04-22T01:30:00Z,1.49,9.85,1.48,0.00645,56.5,123.0,55.5,56.3,13.9,24.6,178.0,0.275
2026-04-22T02:30:00Z,1.46,13.0,2.03,0.00858,74.2,131.0,55.0,47.3,11.9,28.6,346.0,0.4
2026-04-22T03:30:00Z,1.31,13.3,2.4,0.00898,83.2,111.0,46.8,38.8,6.13,31.6,262.0,0.5
2026-04-22T04:30:00Z,1.28,12.0,1.75,0.0078,71.6,78.3,30.3,34.0,2.75,33.0,264.0,0.6
2026-04-22T05:30:00Z,,,,,57.8,84.8,23.0,31.0,,33.8,348.0,0.725
2026-04-22T06:30:00Z,1.3,17.4,11.8,0.0188,36.2,93.3,24.0,30.0,2.77,34.9,347.0,0.725
2026-04-22T07:30:00Z,1.29,13.8,3.13,0.0099,55.8,70.8,20.3,26.5,2.28,35.6,347.0,0.8
2026-04-22T08:30:00Z,1.29,14.3,2.95,0.00998,49.8,58.0,16.5,26.3,2.88,36.5,185.0,0.725
2026-04-22T09:30:00Z,1.28,15.5,2.97,0.0106,55.3,60.3,16.0,26.0,2.73,37.2,180.0,0.633
2026-04-22T10:30:00Z,1.28,11.5,1.7,0.00755,87.6,63.0,14.0,26.5,3.43,36.9,351.0,0.6
2026-04-22T11:30:00Z,1.31,8.55,2.58,0.00663,107.0,58.5,15.8,29.8,3.9,35.2,338.0,0.425
2026-04-22T12:30:00Z,1.7,12.4,3.23,0.0092,75.7,64.3,23.0,37.0,3.97,32.0,313.0,0.167
2026-04-22T13:30:00Z,2.03,19.7,2.93,0.0129,43.3,126.0,47.5,43.8,5.53,29.7,307.0,0.2
2026-04-22T14:30:00Z,2.07,19.6,2.68,0.0126,37.0,182.0,66.5,46.8,7.85,28.4,307.0,0.25
2026-04-22T15:30:00Z,1.89,17.4,2.8,0.0116,48.2,195.0,71.5,45.3,8.0,28.3,326.0,0.275
2026-04-22T16:30:00Z,1.68,15.4,2.88,0.0105,40.7,185.0,65.3,48.8,8.88,27.1,277.0,0.2
2026-04-22T17:30:00Z,1.48,11.6,2.0,0.0078,45.4,160.0,53.7,52.3,11.4,26.2,335.0,0.2
2026-04-22T18:30:00Z,1.4,10.2,1.65,0.0068,,201.0,71.5,54.0,16.0,25.2,322.0,0.2
2026-04-22T19:30:00Z,1.4,9.35,1.5,0.0062,45.7,176.0,64.3,54.5,16.6,25.0,210.0,0.2
2026-04-22T20:30:00Z,1.29,5.7,1.13,0.00393,77.2,123.0,46.0,51.5,11.5,25.2,111.0,0.2
2026-04-22T21:30:00Z,1.32,4.95,0.925,0.00338,64.3,85.8,33.5,57.0,10.3,23.6,261.0,0.225
2026-04-22T22:30:00Z,1.33,4.93,0.75,0.00323,66.5,67.8,34.8,58.0,10.8,23.3,332.0,0.225
2026-04-22T23:30:00Z,1.53,10.5,1.15,0.00655,33.1,78.0,41.8,59.5,11.9,23.6,108.0,0.275
2026-04-23T00:30:00Z,1.76,14.8,2.2,0.00963,34.4,113.0,51.8,59.3,12.0,25.5,187.0,0.1
2026-04-23T01:30:00Z,1.65,14.5,2.7,0.00993,53.6,129.0,53.7,54.0,13.5,27.8,285.0,0.133
2026-04-23T02:30:00Z,1.69,19.4,4.25,0.0138,71.6,138.0,47.5,46.0,14.4,31.0,293.0,0.375
2026-04-23T03:30:00Z,1.64,21.4,7.37,0.0173,85.7,150.0,51.0,43.0,9.9,32.2,323.0,0.6
2026-04-23T04:30:00Z,1.51,18.2,4.7,0.0135,92.3,175.0,64.0,41.0,7.9,33.8,324.0,0.8
2026-04-23T05:30:00Z,1.41,17.0,6.38,0.0142,66.3,158.0,54.3,35.3,7.6,34.8,253.0,0.675
2026-04-23T06:30:00Z,1.37,15.4,4.15,0.0116,44.4,140.0,44.0,32.8,5.3,35.6,341.0,0.8
2026-04-23T07:30:00Z,1.35,20.4,7.13,0.0166,33.7,121.0,37.8,28.0,4.95,36.9,346.0,0.625
2026-04-23T08:30:00Z,1.39,20.9,7.55,0.0173,34.1,88.0,24.0,28.0,4.85,37.6,191.0,0.6
2026-04-23T09:30:00Z,1.35,22.3,6.5,0.0172,46.6,77.3,26.0,30.0,5.37,38.3,234.0,0.567
2026-04-23T10:30:00Z,1.37,19.4,6.85,0.0159,81.4,87.8,32.0,31.5,6.08,37.6,349.0,0.425
2026-04-23T11:30:00Z,1.47,14.8,5.45,0.0123,109.0,102.0,33.5,36.5,8.23,35.8,327.0,0.3
2026-04-23T12:30:00Z,1.91,16.8,3.68,0.0119,69.8,135.0,43.3,44.8,15.1,32.6,322.0,0.175
2026-04-23T13:30:00Z,2.41,31.0,5.6,0.021,14.6,187.0,57.3,50.3,23.1,30.2,181.0,0.1
2026-04-23T14:30:00Z,3.04,33.1,16.2,0.0308,3.43,213.0,68.0,55.0,17.8,29.0,337.0,0.167
2026-04-23T15:30:00Z,2.56,32.8,8.77,0.0246,5.87,202.0,71.0,54.0,12.5,28.5,121.0,0.1
2026-04-23T16:30:00Z,2.29,27.9,6.95,0.0205,7.83,186.0,61.3,56.3,10.9,28.0,47.5,0.1
2026-04-23T17:30:00Z,1.83,22.1,4.3,0.0152,9.3,174.0,56.0,61.5,11.1,27.0,351.0,0.15
2026-04-23T19:30:00Z,,,,,62.1,149.0,73.5,57.0,,27.0,216.0,0.15
2026-04-23T20:30:00Z,1.2,7.2,2.13,0.00553,78.4,138.0,70.0,53.3,13.7,27.6,80.8,0.225
2026-04-23T21:30:00Z,1.14,6.15,1.63,0.00458,88.7,109.0,55.0,51.5,9.33,27.3,246.0,0.125
2026-04-23T22:30:00Z,1.13,5.63,1.63,0.0043,87.1,86.3,33.0,52.3,5.43,26.8,208.0,0.167
2026-04-23T23:30:00Z,1.31,8.43,1.48,0.00568,43.0,77.3,28.5,60.8,5.43,25.2,156.0,0.175
2026-04-24T00:30:00Z,1.36,10.1,2.08,0.00705,48.0,93.5,34.3,62.3,9.38,25.5,96.8,0.15
2026-04-24T01:30:00Z,1.44,11.4,2.83,0.00828,57.1,132.0,48.8,57.8,12.9,27.2,275.0,0.3
2026-04-24T02:30:00Z,1.34,14.7,6.13,0.0128,68.2,145.0,54.8,49.5,8.65,29.9,336.0,0.3
2026-04-24T03:30:00Z,1.34,18.5,9.23,0.0174,77.1,133.0,44.8,43.5,8.0,32.4,331.0,0.4
2026-04-24T04:30:00Z,1.26,17.5,8.93,0.0166,70.7,92.0,30.0,39.5,8.07,34.3,333.0,0.65
2026-04-24T05:30:00Z,1.31,17.5,7.9,0.0157,51.0,70.8,20.5,33.8,6.7,35.8,348.0,0.675
2026-04-24T06:30:00Z,1.38,19.8,5.13,0.0147,37.1,72.7,20.3,31.0,6.2,36.5,232.0,0.7
2026-04-24T07:30:00Z,1.34,16.1,4.75,0.0124,30.0,65.0,20.8,29.5,4.83,37.1,341.0,0.8
2026-04-24T08:30:00Z,1.36,13.9,3.83,0.0105,37.4,58.8,16.0,29.5,5.28,38.1,349.0,0.7
2026-04-24T09:30:00Z,1.37,15.2,10.0,0.0162,39.3,60.8,14.0,29.3,5.93,39.1,131.0,0.6
2026-04-24T10:30:00Z,1.36,13.2,6.8,0.0126,79.1,57.0,14.5,31.3,6.45,38.2,184.0,0.55
2026-04-24T11:30:00Z,1.44,10.8,5.75,0.0104,98.2,48.5,15.5,35.5,6.65,36.4,247.0,0.35
2026-04-24T12:30:00Z,1.74,15.4,4.4,0.0118,63.1,57.0,18.0,42.8,7.05,33.5,312.0,0.175
2026-04-24T13:30:00Z,2.34,30.7,4.85,0.0203,16.4,72.0,22.8,49.5,9.53,31.2,246.0,0.1
2026-04-24T14:30:00Z,2.8,33.6,10.8,0.0267,3.73,90.8,30.0,53.8,11.6,29.8,266.0,0.2
2026-04-24T15:30:00Z,3.22,30.7,18.5,0.0314,3.9,118.0,38.5,55.8,12.1,29.1,79.0,0.125
2026-04-24T16:30:00Z,2.31,25.2,10.1,0.0216,3.05,130.0,40.8,57.0,11.8,28.3,38.8,0.175
2026-04-24T17:30:00Z,1.88,22.8,7.35,0.0181,4.9,123.0,38.0,58.0,12.0,27.6,311.0,0.2
2026-04-24T19:30:00Z,,,,,39.4,58.0,29.0,57.5,,26.4,187.0,0.15
2026-04-24T20:30:00Z,1.22,7.1,1.9,0.0053,41.4,58.5,31.5,57.8,32.2,26.2,253.0,0.25
2026-04-24T21:30:00Z,1.16,5.93,1.53,0.0044,46.7,64.7,34.0,58.3,20.0,25.8,324.0,0.233
2026-04-24T22:30:00Z,1.14,5.23,1.43,0.00398,45.6,59.8,28.0,60.0,12.4,25.3,249.0,0.2
2026-04-24T23:30:00Z,1.2,6.3,1.38,0.00445,35.3,54.0,24.0,63.3,11.7,24.6,316.0,0.2
2026-04-25T00:30:00Z,1.34,8.98,2.08,0.00643,32.4,58.0,25.5,65.3,12.8,25.3,258.0,0.15
2026-04-25T01:30:00Z,1.5,12.2,4.03,0.00975,45.5,67.3,29.5,58.5,15.9,28.4,212.0,0.225
2026-04-25T02:30:00Z,1.44,15.9,4.23,0.0119,77.6,77.0,33.0,50.5,14.1,30.2,327.0,0.675
2026-04-25T03:30:00Z,1.38,17.4,4.95,0.0133,83.8,82.8,33.5,47.0,10.8,32.6,259.0,0.45
2026-04-25T04:30:00Z,1.27,18.4,6.55,0.0151,67.0,87.5,32.0,40.8,10.9,34.5,331.0,0.8
2026-04-25T05:30:00Z,1.31,16.6,2.23,0.0106,50.1,73.0,21.8,35.0,5.1,35.9,343.0,0.75
2026-04-25T06:30:00Z,1.33,17.5,4.98,0.0133,30.8,48.8,13.0,31.3,4.83,37.0,340.0,0.725
2026-04-25T07:30:00Z,1.27,17.0,3.88,0.0122,34.7,39.5,12.5,29.5,4.2,37.5,349.0,0.75
2026-04-25T08:30:00Z,1.29,17.6,3.58,0.0122,44.0,43.5,11.0,31.0,4.98,38.0,262.0,0.8
2026-04-25T09:30:00Z,1.31,17.5,3.7,0.0123,45.3,48.7,10.0,30.7,5.77,38.8,189.0,0.767
2026-04-25T10:30:00Z,1.28,17.5,5.4,0.0137,53.1,51.3,11.3,30.3,6.33,38.5,239.0,0.733
2026-04-25T11:30:00Z,1.27,10.4,2.28,0.00735,73.2,53.3,9.5,33.0,5.1,36.4,352.0,0.525
2026-04-25T12:30:00Z,1.37,9.25,3.1,0.00745,64.5,77.8,13.5,38.5,4.95,34.0,333.0,0.4
2026-04-25T13:30:00Z,1.7,12.8,3.2,0.0094,41.7,86.5,18.5,44.3,7.08,31.9,317.0,0.2
2026-04-25T14:30:00Z,2.09,22.4,3.98,0.0152,10.6,82.8,21.5,48.8,8.58,30.4,324.0,0.275
2026-04-25T15:30:00Z,2.12,22.1,4.63,0.0155,11.3,96.5,27.5,48.5,11.6,30.0,240.0,0.225
2026-04-25T16:30:00Z,1.53,13.3,4.03,0.0103,41.7,91.0,28.3,46.7,12.2,30.2,210.0,0.233
2026-04-25T17:30:00Z,1.47,13.7,4.3,0.0108,22.1,78.0,25.5,49.5,10.5,29.4,323.0,0.2
2026-04-25T19:30:00Z,,,,,6.7,66.5,25.0,59.5,,26.3,179.0,0.15
2026-04-25T20:30:00Z,1.38,10.3,2.8,0.00777,13.0,63.0,25.5,61.5,20.7,25.7,268.0,0.1
2026-04-25T21:30:00Z,1.31,8.68,2.05,0.00625,24.1,61.8,29.3,60.5,30.4,25.4,324.0,0.175
2026-04-25T22:30:00Z,1.24,6.7,1.63,0.0049,32.8,70.3,34.8,58.3,29.2,25.3,339.0,0.225
2026-04-25T23:30:00Z,1.26,7.0,1.35,0.0048,30.8,69.3,36.5,60.0,31.6,24.6,332.0,0.25
2026-04-26T00:30:00Z,1.31,7.8,1.7,0.00553,34.0,60.0,32.8,61.3,26.4,25.2,331.0,0.175
2026-04-26T01:30:00Z,1.46,9.03,3.3,0.00753,48.5,62.5,31.8,55.3,20.5,28.4,344.0,0.225
2026-04-26T02:30:00Z,1.47,13.2,2.28,0.00885,72.5,81.0,31.8,47.8,15.6,30.9,340.0,0.6
2026-04-26T03:30:00Z,1.38,12.9,1.53,0.00808,78.0,83.0,27.5,41.0,8.73,33.1,352.0,0.6
2026-04-26T04:30:00Z,1.3,14.0,4.63,0.0112,47.2,56.8,20.8,33.0,9.53,35.3,339.0,0.675
2026-04-26T05:30:00Z,1.3,15.7,5.9,0.0132,33.4,44.5,14.5,28.5,6.3,36.2,248.0,0.75
2026-04-26T06:30:00Z,1.29,18.6,5.15,0.0141,32.0,41.8,13.5,27.0,5.7,36.7,351.0,0.825
2026-04-26T07:30:00Z,1.25,18.4,4.25,0.0132,34.9,33.3,11.5,22.5,5.2,37.4,344.0,0.8
2026-04-26T08:30:00Z,1.19,17.3,2.83,0.0115,49.0,28.3,8.33,20.7,5.57,37.8,357.0,0.833
2026-04-26T09:30:00Z,1.18,17.4,3.85,0.0124,55.6,25.0,3.5,22.3,5.65,38.7,265.0,0.725
2026-04-26T10:30:00Z,1.19,14.3,1.93,0.00918,103.0,28.3,6.75,25.3,5.85,38.0,354.0,0.7
2026-04-26T11:30:00Z,1.25,9.68,2.25,0.007,119.0,35.5,9.5,28.8,6.63,36.2,348.0,0.475
2026-04-26T12:30:00Z,1.45,10.5,2.83,0.00788,93.8,44.8,11.5,33.3,6.73,33.3,332.0,0.25
2026-04-26T13:30:00Z,1.86,20.3,2.8,0.013,49.5,68.5,19.8,38.8,8.18,31.0,304.0,0.25
2026-04-26T14:30:00Z,2.01,25.0,3.1,0.0159,29.4,85.0,28.0,43.3,13.3,29.2,216.0,0.167
2026-04-26T15:30:00Z,1.98,26.4,2.75,0.0163,27.2,80.8,29.0,43.8,11.9,28.0,328.0,0.125
2026-04-26T16:30:00Z,1.74,18.7,2.45,0.0119,44.2,71.3,26.0,44.8,12.6,27.5,339.0,0.2
2026-04-26T17:30:00Z,1.52,12.4,2.43,0.00857,60.3,61.3,23.7,43.0,21.1,27.3,326.0,0.267
2026-04-26T18:30:00Z,1.3,8.05,1.6,0.00555,,53.0,23.0,43.5,26.3,26.2,171.0,0.2
2026-04-26T19:30:00Z,1.32,7.5,1.4,0.0051,60.5,48.5,21.5,46.5,22.8,25.3,332.0,0.2
2026-04-26T20:30:00Z,1.27,7.0,1.3,0.0048,57.0,44.0,20.0,48.5,17.7,24.8,326.0,0.25
2026-04-27T03:30:00Z,1.35,17.3,2.95,0.0116,101.0,65.0,25.0,35.0,9.55,33.0,328.0,0.6
2026-04-27T04:30:00Z,1.3,17.6,3.55,0.0123,76.9,54.8,20.3,30.5,8.7,34.4,344.0,0.7
2026-04-27T05:30:00Z,1.32,18.6,3.9,0.0131,51.2,41.5,12.3,27.3,6.8,35.6,346.0,0.7
2026-04-27T06:30:00Z,1.29,19.3,6.48,0.0155,35.9,30.3,8.0,24.0,6.13,36.3,239.0,0.725
2026-04-27T07:30:00Z,1.24,22.9,13.0,0.0227,29.2,21.0,7.0,23.0,5.83,36.8,267.0,0.75
2026-04-27T08:30:00Z,1.24,23.0,3.18,0.0149,53.2,26.3,7.0,24.0,6.4,37.3,180.0,0.7
2026-04-27T09:30:00Z,1.23,21.8,3.88,0.0148,60.7,31.5,6.5,22.5,6.55,38.3,176.0,0.725
2026-04-27T10:30:00Z,1.19,17.1,3.1,0.0116,95.5,26.5,6.0,23.3,6.6,38.2,267.0,0.55
2026-04-27T11:30:00Z,1.35,11.5,2.08,0.0078,111.0,26.3,7.5,26.5,7.23,36.2,341.0,0.5
2026-04-27T12:30:00Z,1.73,15.2,3.2,0.0107,81.7,55.3,13.5,33.0,7.88,33.5,334.0,0.25
2026-04-27T13:30:00Z,2.12,20.8,3.0,0.0135,49.4,89.3,24.8,39.8,9.73,31.3,321.0,0.2
2026-04-27T14:30:00Z,1.95,19.1,2.68,0.0124,68.2,102.0,34.0,42.5,9.88,30.9,317.0,0.25
2026-04-27T15:30:00Z,2.14,22.8,3.1,0.0147,38.6,98.8,34.0,44.3,11.6,29.9,43.3,0.125
2026-04-27T16:30:00Z,1.84,19.2,3.18,0.0128,51.3,83.8,28.8,46.5,13.6,28.7,177.0,0.175
2026-04-27T17:30:00Z,1.55,18.1,3.43,0.0125,36.0,70.3,25.0,47.0,11.5,28.6,167.0,0.567
2026-04-27T18:30:00Z,1.28,7.25,0.95,0.00465,,109.0,29.0,43.5,13.9,30.2,344.0,0.6
2026-04-27T19:30:00Z,1.22,6.4,0.6,0.0039,57.8,126.0,30.0,44.8,13.5,30.0,209.0,0.575
2026-04-27T20:30:00Z,1.26,6.03,1.47,0.0044,51.4,138.0,30.5,48.0,11.3,28.9,156.0,0.325
2026-04-27T21:30:00Z,1.29,6.03,1.65,0.00453,52.4,122.0,28.0,51.0,11.6,27.7,205.0,0.275
2026-04-27T22:30:00Z,1.34,7.3,1.78,0.00533,49.7,110.0,28.0,52.8,18.8,27.2,186.0,0.175
2026-04-27T23:30:00Z,1.44,10.9,2.0,0.00743,33.9,99.3,30.5,54.8,19.8,26.5,277.0,0.175
2026-04-28T00:30:00Z,1.44,11.2,1.98,0.00753,35.2,94.3,33.8,57.0,18.8,27.1,330.0,1.45
2026-04-28T01:30:00Z,1.29,6.6,0.7,0.00407,52.5,250.0,62.3,63.3,10.6,25.6,234.0,0.9
2026-04-28T02:30:00Z,1.48,8.33,1.18,0.00538,30.3,205.0,50.0,77.8,8.15,23.0,143.0,0.525
2026-04-28T03:30:00Z,1.45,8.93,3.18,0.0073,23.2,71.0,22.5,75.5,7.45,22.8,126.0,1.1
2026-04-28T04:30:00Z,1.47,10.9,5.45,0.0102,30.3,84.8,29.3,58.0,6.4,27.0,117.0,0.625
2026-04-28T05:30:00Z,1.73,12.3,3.83,0.00968,32.6,80.0,31.3,65.8,5.03,27.3,245.0,0.325
2026-04-28T06:30:00Z,1.83,14.6,4.6,0.0115,21.1,74.3,27.5,61.8,5.8,27.4,151.0,0.725
2026-04-28T07:30:00Z,1.54,11.9,5.6,0.0109,33.4,73.0,26.0,56.0,5.18,28.4,113.0,0.525
2026-04-28T08:30:00Z,1.61,16.8,16.4,0.0223,23.6,57.3,23.0,51.5,5.78,29.4,148.0,0.725
2026-04-28T09:30:00Z,1.63,15.5,10.4,0.0167,24.7,52.5,21.5,49.3,5.18,30.7,144.0,0.8
2026-04-28T10:30:00Z,1.63,16.6,8.88,0.0161,32.2,45.3,18.0,46.3,4.83,32.2,148.0,0.375
2026-04-28T11:30:00Z,1.73,14.9,6.58,0.0133,34.5,32.0,14.5,47.3,4.68,31.7,156.0,0.35
2026-04-28T12:30:00Z,1.87,17.2,6.83,0.0147,14.7,32.3,13.0,51.0,4.4,29.7,141.0,0.275
2026-04-28T13:30:00Z,2.16,18.9,8.2,0.0167,7.33,43.5,18.3,54.5,4.05,28.1,124.0,0.25
2026-04-28T14:30:00Z,1.9,16.7,6.3,0.014,10.3,44.8,19.8,56.5,4.28,27.0,129.0,0.2
2026-04-28T15:30:00Z,1.69,14.5,5.53,0.0122,12.6,39.3,15.3,59.0,4.4,26.0,78.3,0.167
2026-04-28T16:30:00Z,1.39,9.25,3.58,0.00783,29.6,35.5,15.5,58.5,4.15,25.8,109.0,0.25
2026-04-28T17:30:00Z,1.24,7.1,2.57,0.00587,35.8,31.7,13.7,58.3,4.3,25.4,132.0,0.167
2026-04-28T19:30:00Z,,,,,40.5,22.0,9.0,62.0,,24.2,171.0,0.4
2026-04-28T20:30:00Z,1.16,4.47,0.833,0.00307,44.3,27.0,10.0,62.5,5.0,23.7,322.0,0.375
2026-04-28T21:30:00Z,1.28,5.33,0.75,0.00345,30.2,32.5,13.3,66.3,5.95,23.1,164.0,0.475
2026-04-28T22:30:00Z,1.33,6.28,0.85,0.00405,26.3,47.8,18.0,69.8,5.28,22.6,73.8,0.375
2026-04-28T23:30:00Z,1.34,6.58,0.975,0.00428,20.5,64.0,20.5,71.0,4.7,22.3,184.0,0.25
2026-04-29T00:30:00Z,1.39,7.93,1.3,0.00528,16.5,63.0,20.0,70.5,5.85,22.8,349.0,0.225
2026-04-29T01:30:00Z,1.51,8.7,1.53,0.00588,28.2,60.8,19.5,68.3,7.35,23.1,344.0,0.45
2026-04-29T02:30:00Z,1.58,9.63,2.48,0.00715,37.3,71.0,24.5,63.5,9.48,25.2,136.0,0.45
2026-04-29T03:30:00Z,1.65,13.8,4.93,0.0114,43.4,84.5,30.0,59.3,14.0,26.8,157.0,0.475
2026-04-29T04:30:00Z,1.72,15.2,5.73,0.0127,48.3,85.3,34.0,57.7,17.7,27.5,153.0,0.333
2026-04-29T05:30:00Z,1.62,16.1,8.58,0.0155,37.6,82.5,37.3,55.5,12.7,28.2,165.0,0.575
2026-04-29T06:30:00Z,1.53,19.5,25.6,0.0312,21.2,66.0,28.8,46.5,8.78,30.5,182.0,0.675
2026-04-29T07:30:00Z,1.46,20.0,29.1,0.0343,21.2,51.5,24.5,41.8,7.48,32.0,234.0,0.625
2026-04-29T08:30:00Z,1.42,24.4,9.95,0.0211,38.9,52.3,25.0,39.3,8.0,33.0,289.0,0.6
2026-04-29T09:30:00Z,1.36,19.8,6.73,0.016,72.4,47.3,32.5,38.8,7.58,33.8,273.0,0.35
2026-04-29T10:30:00Z,1.35,15.9,6.68,0.0139,94.0,40.5,30.8,40.8,8.45,34.1,267.0,0.225
2026-04-29T11:30:00Z,1.44,13.3,4.55,0.0108,91.8,39.0,18.0,44.5,8.88,32.7,335.0,0.2
2026-04-29T12:30:00Z,1.5,12.4,3.35,0.00933,68.3,37.0,16.0,47.8,10.4,30.5,332.0,0.3
2026-04-29T13:30:00Z,1.62,13.9,2.6,0.00955,48.7,40.5,16.0,51.5,9.13,28.6,323.0,0.275
2026-04-29T14:30:00Z,1.85,17.5,2.88,0.0117,20.5,43.0,18.5,53.8,8.98,27.5,321.0,0.175
2026-04-29T15:30:00Z,2.05,22.2,8.03,0.0184,5.05,50.3,23.8,56.0,9.9,26.5,272.0,0.1
2026-04-29T16:30:00Z,1.9,20.2,7.1,0.0165,6.55,57.0,25.0,61.0,9.95,25.5,242.0,0.1
2026-04-29T17:30:00Z,1.4,13.0,3.6,0.00983,28.8,50.3,19.0,61.0,8.65,25.9,114.0,0.2
2026-04-29T18:30:00Z,1.19,7.85,2.1,0.00585,,30.5,12.0,62.0,5.25,25.2,88.0,0.15
2026-04-29T19:30:00Z,1.18,7.0,1.8,0.0052,49.6,28.5,10.5,62.5,4.75,25.0,103.0,0.25
2026-04-29T20:30:00Z,1.12,4.9,1.4,0.00377,56.9,24.8,10.0,59.8,3.73,25.5,139.0,0.35
2026-04-29T21:30:00Z,1.19,5.07,1.2,0.00367,46.9,22.7,11.0,63.3,3.27,24.1,84.0,0.133
2026-04-29T22:30:00Z,1.23,6.85,0.8,0.0043,35.7,21.5,9.0,68.0,3.7,22.5,66.3,0.15
2026-04-29T23:30:00Z,1.21,7.13,0.9,0.00453,46.2,21.3,9.0,64.0,3.53,23.7,134.0,0.4
2026-04-30T00:30:00Z,1.27,7.98,1.95,0.00583,45.3,27.8,13.0,62.0,4.23,25.5,157.0,0.35
2026-04-30T01:30:00Z,1.81,11.1,3.7,0.0089,51.4,47.0,20.8,58.5,6.8,27.4,184.0,0.35
2026-04-30T02:30:00Z,1.66,14.0,5.53,0.0119,69.9,66.5,30.0,52.8,12.7,29.0,190.0,0.575
2026-04-30T03:30:00Z,1.59,15.0,7.8,0.0143,67.2,67.5,29.8,48.5,12.4,30.3,189.0,0.725
2026-04-30T04:30:00Z,1.58,15.7,10.9,0.0172,65.7,65.0,28.0,47.0,11.9,31.5,219.0,0.55
2026-04-30T05:30:00Z,1.45,18.4,15.0,0.022,53.2,58.5,27.7,44.7,8.8,32.2,265.0,0.65
2026-04-30T06:30:00Z,1.39,19.1,28.8,0.0336,33.0,56.3,44.0,41.8,8.4,32.7,247.0,0.6
2026-04-30T07:30:00Z,1.35,22.0,10.5,0.0202,43.3,56.5,20.0,42.0,7.85,32.8,267.0,0.725
2026-04-30T08:30:00Z,1.4,16.5,11.8,0.0184,83.2,54.8,21.5,43.0,9.5,33.2,227.0,0.525
2026-04-30T09:30:00Z,1.95,15.4,2.45,0.0102,68.4,55.5,20.3,65.5,9.73,29.0,133.0,0.45
2026-04-30T10:30:00Z,1.65,8.98,1.68,0.00613,103.0,63.8,21.0,61.3,9.63,27.5,177.0,1.03
2026-04-30T11:30:00Z,1.73,11.4,1.55,0.00735,51.5,58.5,22.5,72.5,8.15,24.0,141.0,0.7
2026-04-30T12:30:00Z,1.93,14.9,4.1,0.0112,21.5,31.7,10.3,83.0,6.73,22.0,181.0,0.367
2026-04-30T13:30:00Z,1.94,18.2,4.73,0.0136,5.93,22.5,7.0,84.5,6.33,21.3,215.0,0.225
2026-04-30T14:30:00Z,2.0,16.4,2.65,0.0109,8.3,21.5,9.0,80.0,6.23,21.7,169.0,0.225
2026-04-30T15:30:00Z,1.62,12.7,1.2,0.00773,24.6,33.0,13.8,71.5,7.05,22.3,195.0,0.4
2026-04-30T16:30:00Z,1.33,6.58,0.75,0.00408,39.5,37.8,19.0,74.0,9.13,21.6,187.0,0.375
2026-04-30T17:30:00Z,1.23,5.43,0.767,0.00353,35.6,28.0,17.0,75.7,9.8,21.5,212.0,0.2
2026-04-30T18:30:00Z,1.3,7.65,1.05,0.00495,,33.5,24.0,79.0,7.95,21.2,249.0,0.2
2026-04-30T19:30:00Z,1.18,7.1,0.75,0.0044,49.2,32.5,23.0,74.8,9.0,21.0,243.0,0.35
2026-04-30T20:30:00Z,1.16,4.73,0.833,0.0032,42.3,25.8,18.0,76.0,8.33,20.6,177.0,0.55
2026-04-30T21:30:00Z,1.22,3.23,0.575,0.00215,54.4,20.0,14.0,72.0,8.35,21.0,173.0,0.525
2026-04-30T22:30:00Z,1.22,3.05,0.575,0.0021,62.8,19.5,14.0,67.5,9.1,21.5,180.0,0.35
2026-04-30T23:30:00Z,1.19,3.23,0.625,0.00225,68.2,16.5,13.0,65.0,8.2,21.9,193.0,0.425
2026-05-01T00:30:00Z,1.27,3.28,0.85,0.00243,63.4,16.5,12.5,64.3,8.2,22.5,192.0,0.725
2026-05-01T01:30:00Z,1.36,3.78,1.15,0.00295,62.5,17.5,9.5,65.0,7.9,22.5,183.0,0.725
2026-05-01T02:30:00Z,1.35,6.03,2.33,0.0051,68.3,16.0,6.0,58.5,6.68,24.4,191.0,0.85
2026-05-01T03:30:00Z,1.36,8.85,3.95,0.00793,68.2,17.0,7.5,56.0,5.58,26.5,197.0,0.725
2026-05-01T04:30:00Z,1.33,11.2,7.83,0.0123,63.0,17.5,7.75,52.0,5.2,27.7,190.0,0.75
2026-05-01T05:30:00Z,1.36,14.6,12.1,0.0176,53.4,18.5,8.0,49.5,5.47,28.7,190.0,0.625
2026-05-01T06:30:00Z,1.38,19.9,27.8,0.0332,24.4,22.3,12.3,45.0,6.7,30.1,210.0,0.575
2026-05-01T07:30:00Z,1.37,25.2,10.9,0.0223,28.7,25.5,14.0,43.0,5.78,30.4,326.0,0.775
2026-05-01T08:30:00Z,1.34,21.7,3.13,0.0141,51.2,23.8,10.5,42.8,5.35,31.0,324.0,0.825
2026-05-01T09:30:00Z,1.35,17.8,1.73,0.0109,68.0,24.5,10.0,42.3,6.05,32.6,337.0,0.75
2026-05-01T10:30:00Z,1.36,14.0,2.6,0.00953,101.0,27.7,11.7,42.0,6.9,33.1,335.0,0.5
2026-05-01T11:30:00Z,1.43,10.9,3.25,0.00845,128.0,30.0,12.0,46.8,11.9,32.1,237.0,0.15
2026-05-01T12:30:00Z,1.61,11.1,2.9,0.00828,114.0,34.0,14.0,51.3,10.5,30.4,320.0,0.2
2026-05-01T13:30:00Z,1.99,23.8,3.05,0.0151,43.3,40.0,18.0,56.8,8.63,28.3,251.0,0.1
2026-05-01T14:30:00Z,2.48,37.1,7.45,0.0258,5.15,58.5,25.8,62.3,9.8,26.7,314.0,0.125
2026-05-01T15:30:00Z,2.47,30.0,5.3,0.0203,10.0,75.0,30.5,63.0,8.05,26.7,117.0,0.15
2026-05-01T16:30:00Z,2.08,23.9,4.3,0.0162,22.3,80.0,31.5,64.8,9.23,26.0,95.8,0.2
2026-05-01T17:30:00Z,1.41,14.6,3.43,0.0106,56.8,74.7,30.0,63.0,10.9,26.1,123.0,0.333
2026-05-01T18:30:00Z,1.16,8.05,2.05,0.00595,,40.5,15.5,64.5,6.55,25.4,172.0,0.25
2026-05-01T19:30:00Z,1.17,6.9,1.75,0.00515,68.2,39.0,14.0,65.3,5.6,25.1,134.0,0.2
2026-05-01T20:30:00Z,1.21,6.6,1.53,0.00477,74.3,34.5,13.0,68.3,4.83,24.5,174.0,0.25
2026-05-01T21:30:00Z,1.29,5.7,1.1,0.00397,68.4,30.7,14.7,69.3,3.9,24.1,171.0,0.267
2026-05-01T22:30:00Z,1.32,5.33,1.15,0.00373,78.0,30.5,14.0,68.5,4.03,24.7,186.0,0.3
2026-05-01T23:30:00Z,1.5,5.35,1.2,0.00385,77.6,41.5,23.3,68.8,6.1,24.9,190.0,0.375
2026-05-02T00:30:00Z,1.46,6.2,1.58,0.00458,74.8,48.5,26.8,68.8,7.93,25.2,179.0,0.575
2026-05-02T01:30:00Z,1.5,6.43,2.03,0.00505,84.9,43.3,20.0,67.5,8.8,25.8,183.0,0.7
2026-05-02T02:30:00Z,1.46,8.8,3.48,0.00753,87.4,42.0,18.5,65.0,7.78,26.9,187.0,0.8
2026-05-02T03:30:00Z,1.43,11.9,5.65,0.0109,76.7,39.3,16.3,62.5,6.63,27.9,192.0,0.8
2026-05-02T04:30:00Z,1.41,13.9,9.55,0.0151,70.5,39.5,18.0,60.3,5.83,28.9,205.0,0.725
2026-05-02T05:30:00Z,1.43,15.1,14.8,0.0201,52.2,42.5,19.5,58.3,5.7,29.8,223.0,0.525
2026-05-02T06:30:00Z,1.45,22.3,23.4,0.0308,30.2,42.7,20.0,53.0,7.13,30.8,262.0,0.6
2026-05-02T07:30:00Z,1.44,25.0,8.3,0.0201,39.2,45.0,21.8,49.5,6.48,31.1,309.0,0.825
2026-05-02T08:30:00Z,1.43,24.3,12.3,0.0229,46.1,49.8,25.5,46.3,6.85,32.3,317.0,0.55
2026-05-02T09:30:00Z,1.41,23.4,4.33,0.016,64.5,50.7,25.3,44.7,7.23,33.9,340.0,0.567
2026-05-02T10:30:00Z,1.4,17.3,4.3,0.0127,116.0,48.0,23.0,46.5,8.8,33.7,348.0,0.55
2026-05-02T17:30:00Z,1.84,22.9,4.9,0.0162,19.4,57.0,21.7,54.3,9.3,26.7,165.0,0.267
2026-05-02T18:30:00Z,1.4,9.1,2.15,0.0066,,58.0,24.0,55.5,8.05,26.6,172.0,0.3
2026-05-02T19:30:00Z,1.32,8.45,1.85,0.006,83.1,50.3,22.0,55.5,5.95,26.1,159.0,0.35
2026-05-02T20:30:00Z,1.24,6.23,2.03,0.00497,97.9,35.8,17.0,55.5,5.0,26.7,141.0,0.55
2026-05-02T21:30:00Z,1.27,4.83,1.83,0.00408,107.0,30.0,14.5,55.8,4.5,27.0,147.0,0.575
2026-05-02T22:30:00Z,1.31,5.33,1.77,0.00427,104.0,32.3,17.0,58.7,4.07,26.6,152.0,0.533
2026-05-02T23:30:00Z,1.37,5.6,1.53,0.00423,94.9,34.0,18.5,61.5,3.83,26.1,176.0,0.375
2026-05-03T00:30:00Z,1.41,7.1,2.1,0.00548,83.4,42.3,20.3,61.5,6.1,26.7,123.0,0.675
2026-05-03T01:30:00Z,1.21,3.55,1.18,0.00288,68.2,120.0,27.3,83.0,4.88,19.2,113.0,1.7
2026-05-03T02:30:00Z,1.23,3.98,0.8,0.00275,65.3,114.0,20.5,89.8,3.6,18.7,76.0,1.13
2026-05-03T03:30:00Z,1.37,6.75,1.25,0.0046,84.4,28.5,13.8,80.8,3.78,20.0,94.8,0.95
2026-05-03T04:30:00Z,1.74,11.6,1.45,0.0074,62.5,31.0,21.5,73.0,4.33,21.6,104.0,0.4
2026-05-03T05:30:00Z,1.45,12.9,3.73,0.00988,47.9,25.8,15.8,62.3,3.8,24.8,171.0,0.375
2026-05-03T06:30:00Z,1.48,16.6,8.3,0.0156,30.5,17.5,8.5,52.8,4.9,28.5,187.0,0.475
2026-05-03T07:30:00Z,1.47,20.0,12.6,0.0209,24.5,20.0,7.75,53.3,5.93,29.0,237.0,0.425
2026-05-03T08:30:00Z,1.41,19.7,15.6,0.0232,26.3,19.0,6.5,51.8,4.65,29.3,266.0,0.475
2026-05-03T09:30:00Z,1.43,19.5,8.68,0.0174,40.7,17.5,8.0,51.3,4.03,30.1,290.0,0.575
2026-05-03T10:30:00Z,1.46,16.4,4.55,0.0124,72.1,21.0,10.0,53.8,4.05,30.5,310.0,0.525
2026-05-03T11:30:00Z,1.63,15.5,5.53,0.0127,68.4,25.5,10.5,60.0,4.08,29.7,289.0,0.275
2026-05-03T12:30:00Z,1.89,18.5,4.0,0.0131,52.2,33.5,12.3,64.5,4.35,28.0,227.0,0.15
2026-05-03T13:30:00Z,1.94,18.7,3.4,0.0127,37.2,42.3,15.5,64.8,6.6,27.0,189.0,0.25
2026-05-03T14:30:00Z,2.03,18.6,3.13,0.0125,29.6,57.0,21.8,69.3,12.2,26.4,161.0,0.275
2026-05-03T15:30:00Z,1.86,18.8,3.5,0.0129,22.3,60.3,24.7,71.3,9.1,25.4,82.7,0.167
2026-05-03T16:30:00Z,1.37,12.5,2.65,0.00875,38.5,49.5,15.0,70.5,4.8,25.1,117.0,0.25
2026-05-03T17:30:00Z,1.32,10.9,2.4,0.0077,41.9,49.0,15.0,68.0,4.7,25.1,306.0,0.8
2026-05-04T03:30:00Z,1.12,9.2,3.55,0.0078,65.0,18.0,5.0,59.5,5.05,24.0,157.0,1.2
2026-05-04T04:30:00Z,1.05,11.7,7.55,0.0124,52.9,16.5,7.5,55.3,5.45,25.4,155.0,1.13
2026-05-04T06:30:00Z,1.34,18.3,8.0,0.0163,34.7,11.7,7.0,48.7,4.83,28.6,221.0,0.567
2026-05-04T07:30:00Z,1.35,14.9,4.03,0.0112,60.6,13.0,6.0,51.5,4.1,28.1,244.0,0.6
2026-05-04T08:30:00Z,1.36,11.7,7.83,0.0126,57.7,11.8,4.5,51.5,3.88,27.6,240.0,0.625
2026-05-04T09:30:00Z,1.35,16.2,21.7,0.0263,39.7,11.0,5.5,45.8,4.15,28.8,173.0,0.65
2026-05-04T10:30:00Z,1.44,14.2,11.1,0.0166,78.8,13.0,7.0,48.0,4.33,29.2,184.0,0.575
2026-05-04T11:30:00Z,1.44,8.9,4.48,0.00838,91.9,14.5,7.0,52.5,3.8,28.9,232.0,0.375
2026-05-04T12:30:00Z,1.5,10.2,3.23,0.00805,79.4,17.0,6.5,54.5,6.5,27.9,180.0,0.475
2026-05-04T13:30:00Z,2.09,17.9,3.07,0.012,48.7,35.0,12.3,59.0,13.4,27.1,157.0,0.5
2026-05-04T14:30:00Z,1.86,13.1,2.28,0.00885,63.6,39.3,16.0,65.5,8.4,26.3,167.0,0.35
2026-05-04T15:30:00Z,1.84,11.1,2.38,0.0078,59.6,34.0,15.0,67.3,11.2,25.5,150.0,0.35
2026-05-04T16:30:00Z,1.51,8.38,1.93,0.00603,59.3,33.0,13.0,68.0,9.3,24.4,210.0,0.25
2026-05-04T17:30:00Z,1.34,7.85,1.5,0.00545,53.3,32.0,12.0,66.5,13.5,23.8,170.0,0.4
2026-05-04T18:30:00Z,1.32,7.3,1.35,0.005,,32.0,16.0,66.0,22.4,23.2,141.0,0.45
2026-05-04T19:30:00Z,1.3,7.4,1.25,0.00495,61.5,30.5,16.3,64.3,20.8,23.3,129.0,0.525
2026-05-04T20:30:00Z,1.16,5.3,1.0,0.0036,60.4,21.5,11.8,64.8,10.9,22.8,144.0,0.275
2026-05-04T21:30:00Z,1.14,5.35,0.85,0.0035,58.0,14.0,5.5,67.0,8.83,22.0,79.5,0.25
2026-05-04T22:30:00Z,1.09,3.58,0.725,0.00248,73.7,15.5,4.5,63.8,7.03,22.3,116.0,0.475
2026-05-04T23:30:00Z,1.13,4.73,0.8,0.00318,59.0,15.3,4.5,65.5,7.63,22.1,145.0,0.175
2026-05-05T00:30:00Z,1.25,6.48,0.95,0.00418,52.2,18.0,8.0,67.3,8.43,22.5,291.0,0.25
2026-05-05T01:30:00Z,1.58,9.18,1.43,0.00603,36.4,28.3,13.0,65.5,8.7,23.2,167.0,0.25
2026-05-05T02:30:00Z,1.47,11.6,1.95,0.00773,43.3,41.8,16.0,63.8,10.4,23.2,248.0,0.425
2026-05-05T03:30:00Z,1.4,11.5,1.6,0.00743,62.3,42.3,17.8,61.0,11.8,23.3,285.0,0.725
2026-05-05T04:30:00Z,1.31,13.6,5.08,0.0114,59.2,36.0,19.8,54.0,10.7,26.1,182.0,0.475
2026-05-05T05:30:00Z,1.32,17.2,8.27,0.0158,55.5,33.7,18.3,50.3,10.1,27.6,172.0,0.467
2026-05-05T06:30:00Z,1.36,14.6,4.33,0.0113,73.1,28.5,12.5,53.3,8.48,27.3,267.0,0.575
2026-05-05T07:30:00Z,1.33,11.8,1.3,0.00733,78.7,30.0,11.0,55.3,7.68,26.0,286.0,0.725
2026-05-05T08:30:00Z,1.34,9.55,1.08,0.00593,78.7,22.8,8.5,55.5,6.95,26.0,293.0,0.675
2026-05-05T09:30:00Z,1.33,10.0,1.4,0.0064,73.1,15.0,7.0,55.0,6.6,26.4,296.0,0.5
2026-05-05T10:30:00Z,1.39,9.4,1.3,0.0061,82.8,18.0,7.0,56.0,6.6,27.1,323.0,0.45
2026-05-05T11:30:00Z,1.41,9.1,1.6,0.00615,80.7,24.0,5.0,57.0,7.65,27.1,315.0,0.35
2026-05-06T05:30:00Z,1.37,12.0,1.37,0.0075,74.7,36.7,13.3,51.0,6.05,28.6,317.0,0.667
2026-05-06T06:30:00Z,1.38,13.8,1.03,0.0082,68.5,38.5,16.5,47.3,4.7,29.0,294.0,0.975
2026-05-06T07:30:00Z,1.38,13.2,0.925,0.00773,71.6,35.0,17.0,44.3,4.43,29.8,320.0,0.975
2026-05-06T08:30:00Z,1.36,13.5,1.28,0.00828,64.5,30.0,14.0,41.8,3.6,30.5,318.0,0.925
2026-05-06T09:30:00Z,1.35,13.1,3.78,0.01,56.1,25.0,12.0,39.3,3.38,30.8,342.0,0.75
2026-05-06T10:30:00Z,1.35,9.7,4.13,0.0085,108.0,24.0,11.7,42.0,3.83,31.0,218.0,0.767
2026-05-06T11:30:00Z,1.34,8.3,2.5,0.00648,112.0,27.5,12.5,43.3,5.58,30.2,125.0,0.8
2026-05-06T12:30:00Z,1.26,7.7,1.95,0.00568,114.0,35.8,11.5,44.0,4.93,27.4,43.0,1.03
2026-05-06T13:30:00Z,1.45,5.1,1.0,0.0035,141.0,41.0,9.0,50.0,5.2,25.4,119.0,0.7
2026-05-06T19:30:00Z,,,,,61.6,23.0,8.0,59.5,,23.1,148.0,0.2
2026-05-06T20:30:00Z,1.2,5.27,0.733,0.0034,83.2,23.0,9.5,57.3,9.57,23.7,175.0,0.25
2026-05-06T21:30:00Z,1.21,4.08,0.75,0.00275,83.2,24.0,11.0,59.8,28.0,23.1,166.0,0.2
2026-05-06T22:30:00Z,1.21,4.8,0.775,0.00318,75.2,30.5,14.8,60.5,46.1,23.2,155.0,0.275
2026-05-06T23:30:00Z,1.24,4.6,0.75,0.00305,68.3,29.8,16.0,61.8,22.8,23.0,169.0,0.325
2026-05-07T00:30:00Z,1.45,7.1,1.13,0.00473,52.0,32.3,19.0,62.3,27.9,22.9,173.0,0.3
2026-05-07T01:30:00Z,1.54,8.98,1.58,0.00603,47.2,49.8,31.5,59.5,19.8,23.1,163.0,0.475
2026-05-07T02:30:00Z,1.42,10.0,2.55,0.00743,54.4,51.3,32.3,53.5,12.6,24.6,168.0,0.65
2026-05-07T03:30:00Z,1.4,11.7,4.9,0.0102,56.7,40.7,23.7,50.3,10.4,26.0,183.0,0.8
2026-05-07T04:30:00Z,1.3,13.6,9.33,0.0148,58.2,32.7,16.0,50.0,8.33,26.3,173.0,1.23
2026-05-07T05:30:00Z,1.33,13.8,6.9,0.0129,63.4,31.3,10.7,51.7,9.4,26.6,173.0,0.967
2026-05-07T06:30:00Z,1.35,18.2,9.3,0.0173,46.3,28.7,10.7,53.0,6.73,27.0,185.0,0.9
2026-05-07T07:30:00Z,1.37,22.3,13.6,0.0229,35.2,30.3,10.0,51.0,7.47,28.1,177.0,0.767
2026-05-07T08:30:00Z,1.4,20.0,18.5,0.0257,36.7,36.0,14.0,51.8,7.18,28.3,190.0,0.6
2026-05-07T09:30:00Z,1.43,20.0,15.4,0.0232,46.3,32.3,14.3,52.0,5.87,28.2,181.0,0.7
2026-05-07T10:30:00Z,1.42,14.5,7.8,0.014,92.1,33.7,15.3,54.3,10.6,28.3,186.0,0.633
2026-05-07T11:30:00Z,1.43,8.45,3.45,0.00735,100.0,39.0,16.0,57.0,11.9,27.5,183.0,0.7
2026-05-07T17:30:00Z,1.27,3.9,0.9,0.0028,93.1,23.0,14.0,66.0,6.4,23.9,165.0,0.7
2026-05-07T18:30:00Z,1.24,2.6,0.9,0.00205,,21.0,9.5,68.5,6.25,23.7,158.0,0.75
2026-05-07T19:30:00Z,1.24,2.45,0.8,0.00195,86.0,18.0,7.5,69.8,6.5,23.2,168.0,0.475
2026-05-07T20:30:00Z,1.23,2.55,0.8,0.002,81.9,14.0,5.67,70.7,6.4,22.9,168.0,0.333
2026-05-07T21:30:00Z,1.22,4.1,0.833,0.0029,69.3,13.7,6.33,72.7,6.97,22.1,89.3,0.167
2026-05-07T22:30:00Z,1.3,7.23,0.8,0.00447,41.2,19.3,10.0,75.0,6.67,21.3,57.7,0.2
2026-05-07T23:30:00Z,1.33,9.18,0.975,0.00568,38.9,23.5,12.0,73.8,5.93,21.2,87.0,0.225
2026-05-08T00:30:00Z,1.39,8.18,1.1,0.00525,56.2,29.3,15.3,70.0,5.9,23.3,135.0,0.4
2026-05-08T01:30:00Z,1.56,7.23,1.45,0.00505,66.0,39.5,20.8,64.0,6.5,24.7,164.0,0.525
2026-05-08T02:30:00Z,1.38,7.98,2.4,0.00623,74.3,36.8,20.0,58.5,10.7,25.8,167.0,0.8
2026-05-08T03:30:00Z,1.35,9.77,3.73,0.00827,65.8,29.7,16.0,55.0,6.87,26.6,171.0,0.9
2026-05-08T04:30:00Z,1.29,12.3,8.83,0.0137,53.1,24.0,12.3,51.5,6.33,27.5,175.0,0.95
2026-05-08T05:30:00Z,1.31,15.8,11.6,0.0178,46.6,21.5,9.0,50.0,7.23,28.4,179.0,0.85
2026-05-08T06:30:00Z,1.37,21.4,16.6,0.0248,31.3,22.5,9.25,47.0,7.53,29.6,179.0,0.75
2026-05-08T07:30:00Z,1.39,23.8,13.8,0.0238,30.0,24.0,11.0,46.0,6.95,30.3,206.0,0.675
2026-05-08T08:30:00Z,1.39,21.0,18.0,0.0258,32.9,26.3,11.0,45.3,6.18,30.5,216.0,0.725
2026-05-08T09:30:00Z,1.38,19.4,20.7,0.0272,39.2,29.0,12.0,44.3,5.53,30.6,198.0,0.6
2026-05-08T10:30:00Z,1.42,14.7,14.3,0.0195,76.3,28.0,13.5,45.0,6.18,31.1,191.0,0.4
2026-05-08T11:30:00Z,1.46,12.0,7.58,0.0126,106.0,28.5,12.5,51.3,7.08,30.4,233.0,0.35
2026-05-08T12:30:00Z,1.56,10.2,3.75,0.0085,98.7,33.8,14.5,53.8,8.65,29.1,300.0,0.325
2026-05-08T13:30:00Z,1.76,13.6,3.13,0.0098,76.6,40.0,18.0,58.5,10.3,27.6,29.0,0.1
2026-05-08T14:30:00Z,2.93,37.0,17.0,0.0335,4.28,54.8,22.3,64.0,10.9,26.4,276.0,0.1
2026-05-08T15:30:00Z,2.45,27.3,12.8,0.0249,21.2,73.3,30.0,65.3,10.8,26.4,86.5,0.25
2026-05-08T16:30:00Z,1.64,12.4,2.53,0.00865,56.1,64.5,28.5,64.0,10.1,26.2,113.0,0.275
2026-05-08T17:30:00Z,1.41,9.07,2.1,0.0065,62.0,43.7,22.7,65.7,7.75,25.5,117.0,0.233
2026-05-08T18:30:00Z,1.21,6.25,1.75,0.00475,,33.0,17.0,67.5,6.05,24.6,114.0,0.3
2026-05-08T19:30:00Z,1.19,5.5,1.8,0.0044,74.2,29.7,15.0,67.3,6.0,24.5,123.0,0.4
2026-05-08T20:30:00Z,1.13,4.63,1.4,0.0036,74.2,28.0,12.8,67.3,5.97,24.3,126.0,0.475
2026-05-08T21:30:00Z,1.24,4.8,1.5,0.0038,70.2,27.0,12.5,68.8,6.9,24.1,125.0,0.35
2026-05-08T22:30:00Z,1.25,6.48,1.28,0.00448,55.4,27.8,14.0,70.0,6.6,23.7,117.0,0.225
2026-05-08T23:30:00Z,1.31,8.13,1.13,0.00523,49.7,29.5,14.5,71.0,6.68,23.6,100.0,0.25
2026-05-09T00:30:00Z,1.42,8.93,1.47,0.00597,50.7,36.7,16.3,68.3,6.5,25.2,136.0,0.333
2026-05-09T01:30:00Z,1.45,7.35,1.95,0.0055,66.7,43.5,20.0,64.3,6.53,26.0,173.0,0.4
2026-05-09T02:30:00Z,1.39,9.37,3.77,0.00807,69.4,42.7,21.3,58.0,9.23,27.3,172.0,0.6
2026-05-09T03:30:00Z,1.34,11.8,7.4,0.0123,59.5,31.0,15.0,54.3,9.48,28.3,173.0,0.75
2026-05-09T04:30:00Z,1.34,12.8,10.7,0.0155,50.2,26.0,12.0,54.0,8.6,29.1,186.0,0.6
2026-05-09T09:30:00Z,1.37,18.0,3.2,0.0122,80.0,33.0,19.0,49.0,4.4,31.4,291.0,0.6
2026-05-09T10:30:00Z,1.43,15.1,6.1,0.013,97.8,36.5,18.5,49.5,4.6,32.1,231.0,0.5
2026-05-09T11:30:00Z,1.46,12.7,7.23,0.0127,115.0,41.5,18.5,51.0,4.45,32.1,197.0,0.3
2026-05-09T12:30:00Z,1.68,11.1,4.38,0.00945,92.0,42.3,20.5,54.5,5.23,31.0,174.0,0.4
2026-05-09T13:30:00Z,1.79,14.7,3.43,0.0106,75.7,52.8,23.0,57.3,18.5,30.2,172.0,0.4
2026-05-09T14:30:00Z,2.3,19.3,3.2,0.0129,59.2,69.3,28.3,59.5,13.3,29.5,163.0,0.35
2026-05-09T15:30:00Z,2.05,19.1,2.9,0.0125,54.5,73.5,34.5,62.5,11.2,28.8,152.0,0.3
2026-05-09T16:30:00Z,1.67,13.1,2.58,0.00905,68.5,64.5,33.0,66.0,8.25,27.8,118.0,0.375
2026-05-09T17:30:00Z,1.49,9.97,2.33,0.00717,68.6,51.0,28.0,67.3,5.9,26.9,121.0,0.433
2026-05-09T18:30:00Z,1.29,6.55,1.85,0.005,,34.5,17.5,69.0,5.25,26.2,121.0,0.3
2026-05-09T19:30:00Z,1.29,6.1,1.75,0.00465,75.8,36.5,17.5,69.8,4.9,25.8,116.0,0.3
2026-05-09T20:30:00Z,1.25,5.4,1.8,0.00433,75.4,38.0,20.0,70.0,4.77,25.3,112.0,0.25
2026-05-09T21:30:00Z,1.29,5.67,2.17,0.00477,83.3,39.7,22.0,70.7,5.93,25.2,106.0,0.267
2026-05-09T22:30:00Z,1.35,5.9,2.08,0.0048,82.8,40.0,22.5,71.0,6.15,25.3,144.0,0.325
2026-05-09T23:30:00Z,1.41,6.23,1.63,0.00468,69.4,37.0,22.5,71.3,5.98,25.2,152.0,0.35
2026-05-10T00:30:00Z,1.6,8.85,1.88,0.00625,60.9,44.0,26.5,70.8,7.03,26.0,152.0,0.325
2026-05-10T01:30:00Z,1.49,7.65,2.05,0.00575,72.1,50.8,27.3,68.3,5.6,26.7,165.0,0.6
2026-05-10T02:30:00Z,1.47,8.38,3.25,0.00715,68.7,45.5,24.0,65.8,4.9,27.2,169.0,0.775
2026-05-10T03:30:00Z,1.46,11.3,6.65,0.0114,56.3,41.5,21.0,63.8,5.58,28.2,183.0,0.7
2026-05-10T04:30:00Z,1.46,13.0,11.2,0.016,50.8,46.3,20.0,61.5,6.25,28.8,169.0,0.95
2026-05-10T05:30:00Z,1.43,19.9,14.1,0.0221,45.6,52.0,23.3,58.8,7.9,30.1,188.0,0.725
2026-05-10T06:30:00Z,1.46,21.3,14.6,0.0232,36.4,48.5,24.0,55.8,5.45,30.8,195.0,0.65
2026-05-10T07:30:00Z,1.47,23.0,13.9,0.0236,36.2,47.5,24.0,52.5,4.55,31.7,182.0,0.6
2026-05-10T08:30:00Z,1.48,21.9,20.0,0.0279,38.2,48.0,24.0,52.0,4.7,32.1,200.0,0.475
2026-05-10T09:30:00Z,1.48,20.6,21.2,0.0282,48.7,46.0,23.0,52.5,3.68,32.1,232.0,0.525
2026-05-10T10:30:00Z,1.49,17.1,12.4,0.0192,83.8,45.8,21.5,53.5,3.53,32.4,254.0,0.475
2026-05-10T11:30:00Z,1.55,13.0,6.28,0.012,113.0,49.5,24.3,56.3,3.38,32.0,227.0,0.25
2026-05-10T12:30:00Z,1.69,11.0,4.25,0.00933,100.0,51.5,28.5,58.5,3.65,31.3,176.0,0.25
2026-05-10T13:30:00Z,1.84,13.2,3.9,0.0102,85.3,58.3,30.0,60.5,9.3,30.6,172.0,0.25
2026-05-10T14:30:00Z,1.96,15.3,2.8,0.0104,69.4,76.0,36.3,62.0,11.8,30.0,170.0,0.567
2026-05-10T15:30:00Z,1.82,10.2,2.5,0.00748,82.7,73.8,35.3,62.8,9.28,29.7,163.0,0.6
2026-05-10T16:30:00Z,1.56,7.65,2.28,0.0059,94.4,58.8,29.0,63.5,7.58,29.5,154.0,0.6
2026-05-10T17:30:00Z,1.48,6.97,2.17,0.00547,85.2,49.0,26.0,65.0,4.95,28.9,142.0,0.533
2026-05-10T18:30:00Z,1.35,6.55,1.85,0.005,,38.0,18.5,66.0,5.7,28.3,173.0,0.2
2026-05-10T19:30:00Z,1.32,5.55,1.95,0.0046,88.1,35.8,18.5,64.3,5.65,28.5,166.0,0.375
2026-05-10T20:30:00Z,1.27,4.23,1.57,0.00353,85.5,48.0,18.5,69.8,5.4,25.5,154.0,1.13
2026-05-10T21:30:00Z,1.21,3.38,1.1,0.0027,88.2,51.5,13.8,73.5,6.3,23.8,99.5,0.75
2026-05-10T22:30:00Z,1.25,2.93,0.925,0.0023,97.0,25.8,7.0,68.3,5.83,25.2,206.0,0.45
2026-05-10T23:30:00Z,1.32,4.93,1.1,0.00353,75.3,12.5,6.25,69.5,5.58,25.2,257.0,0.3
2026-05-11T00:30:00Z,1.47,6.9,1.4,0.00483,60.3,17.3,8.5,69.3,5.55,25.8,232.0,0.225
2026-05-11T01:30:00Z,1.76,10.7,2.35,0.00763,54.5,26.8,12.0,66.3,5.25,26.4,152.0,0.375
2026-05-11T02:30:00Z,1.59,10.9,4.05,0.0091,63.1,31.5,14.3,62.8,6.45,27.8,187.0,0.7
2026-05-11T03:30:00Z,1.51,11.9,8.48,0.0132,57.8,33.5,13.0,59.5,6.8,29.3,196.0,0.7
2026-05-11T04:30:00Z,1.46,15.0,12.3,0.0179,46.9,38.0,16.3,57.0,6.6,30.1,224.0,0.7
2026-05-11T05:30:00Z,1.42,16.5,17.6,0.0231,46.8,37.8,18.8,55.8,6.83,30.8,198.0,0.65
2026-05-11T06:30:00Z,1.47,19.9,14.3,0.0222,39.8,40.3,21.3,54.3,6.7,31.4,198.0,0.6
2026-05-11T07:30:00Z,1.43,21.3,7.88,0.0178,39.9,48.5,24.5,51.5,5.63,32.4,196.0,0.575
2026-05-11T08:30:00Z,1.42,17.3,5.5,0.0136,76.5,48.0,23.3,52.0,5.13,32.2,208.0,0.533
2026-05-11T09:30:00Z,1.52,17.9,14.2,0.021,71.6,43.5,23.5,54.5,4.88,32.1,139.0,0.5
2026-05-11T10:30:00Z,1.5,18.7,11.5,0.0193,67.4,42.3,21.3,52.3,5.2,32.9,171.0,0.533
2026-05-11T11:30:00Z,1.48,12.7,6.93,0.0124,92.7,41.3,19.5,52.0,5.35,32.3,252.0,0.425
2026-05-11T12:30:00Z,1.57,10.2,3.88,0.00853,85.3,40.0,20.0,54.8,5.95,30.8,305.0,0.175
2026-05-11T13:30:00Z,2.03,14.9,4.18,0.0114,47.9,42.8,21.8,61.5,7.2,29.1,324.0,0.1
2026-05-11T14:30:00Z,2.07,22.4,3.63,0.0149,33.6,53.0,27.5,65.0,9.63,28.1,230.0,0.125
2026-05-11T15:30:00Z,2.1,23.4,4.4,0.0161,16.7,48.0,25.0,69.0,7.1,27.6,120.0,0.3
2026-05-11T16:30:00Z,1.64,11.7,3.23,0.00887,51.0,55.0,26.3,66.7,8.03,27.5,124.0,0.367
2026-05-11T17:30:00Z,,7.5,2.6,0.0061,67.6,59.0,27.0,64.0,,27.5,155.0,0.6
2026-05-11T18:30:00Z,1.27,7.65,1.9,0.0056,,36.0,13.0,68.5,4.5,26.1,94.5,0.15
2026-05-11T19:30:00Z,1.22,6.85,2.0,0.00525,64.3,32.5,13.5,68.0,3.9,25.9,77.8,0.15
2026-05-11T20:30:00Z,1.25,7.37,2.07,0.00563,45.4,29.3,15.3,69.3,4.37,25.6,112.0,0.2
2026-05-11T21:30:00Z,1.14,4.73,2.2,0.00428,64.9,29.0,16.5,66.5,4.88,25.9,163.0,0.3
2026-05-11T22:30:00Z,1.23,5.35,2.2,0.00463,62.2,25.8,15.0,68.0,4.88,25.9,203.0,0.4
2026-05-11T23:30:00Z,1.46,6.43,1.4,0.00457,32.6,26.0,14.0,83.7,5.1,23.4,137.0,0.533
2026-05-12T00:30:00Z,1.55,6.13,1.38,0.00435,37.9,30.3,15.0,86.0,4.88,23.7,170.0,0.6
2026-05-12T01:30:00Z,1.68,6.83,1.55,0.00488,41.5,30.0,19.0,77.5,4.2,25.0,176.0,0.525
2026-05-12T02:30:00Z,1.6,8.3,3.05,0.00688,49.6,35.3,21.0,67.0,3.83,26.9,179.0,0.8
2026-05-12T03:30:00Z,1.57,9.28,5.03,0.009,52.1,38.5,19.5,63.3,4.05,28.2,185.0,0.95
2026-05-12T04:30:00Z,1.57,10.9,8.4,0.0127,48.1,41.0,20.5,61.8,4.2,28.9,179.0,0.925
2026-05-12T05:30:00Z,1.49,15.1,16.3,0.0212,42.5,43.5,22.0,58.8,5.63,29.3,182.0,1.1
2026-05-12T06:30:00Z,1.47,14.0,16.9,0.0212,35.3,42.0,22.0,56.3,5.73,29.9,180.0,1.03
2026-05-12T07:30:00Z,1.47,18.6,21.4,0.0273,28.4,41.0,23.0,56.3,5.95,30.7,186.0,0.8
2026-05-12T08:30:00Z,1.43,16.9,15.5,0.0216,30.5,40.0,23.0,55.7,5.83,31.2,179.0,0.733
2026-05-12T09:30:00Z,1.41,17.0,31.7,0.0348,31.9,35.0,21.0,53.5,5.85,31.9,179.0,0.65
2026-05-12T12:30:00Z,,7.9,4.2,0.0076,83.3,36.0,16.0,63.0,5.7,29.6,353.0,0.1
2026-05-12T13:30:00Z,1.95,15.9,4.43,0.012,45.1,37.0,19.8,65.5,6.75,29.1,285.0,0.125
2026-05-12T14:30:00Z,2.29,23.2,4.3,0.0158,28.5,54.5,29.3,64.8,9.33,29.6,186.0,0.35
2026-05-12T15:30:00Z,2.26,17.9,3.73,0.0125,34.5,82.5,41.3,67.8,21.3,29.1,179.0,0.45
2026-05-12T16:30:00Z,1.74,10.4,3.03,0.00798,53.1,81.5,43.3,70.3,14.0,28.6,171.0,0.5
2026-05-12T17:30:00Z,1.58,8.97,2.9,0.00713,39.9,62.0,34.3,72.7,9.15,27.5,118.0,0.267
2026-05-12T19:30:00Z,,,,,47.8,35.0,18.5,73.0,,26.3,118.0,0.3
2026-05-12T20:30:00Z,1.21,4.67,2.37,0.0044,51.9,33.0,18.0,72.0,5.33,26.1,132.0,0.4
2026-05-12T21:30:00Z,1.15,4.33,3.0,0.00473,59.3,30.7,19.3,71.7,6.13,25.8,107.0,0.3
2026-05-12T22:30:00Z,1.14,5.07,2.6,0.0048,57.4,32.0,20.0,72.7,5.93,25.1,73.3,0.2
2026-05-12T23:30:00Z,1.36,7.58,2.63,0.00615,47.0,37.0,21.0,70.3,5.33,25.6,125.0,0.25
2026-05-13T00:30:00Z,1.45,8.13,2.3,0.00615,48.7,36.0,20.5,68.5,6.23,26.3,241.0,0.475
2026-05-13T01:30:00Z,1.57,8.05,1.63,0.00558,50.9,45.5,24.3,71.3,7.35,26.4,242.0,0.7
2026-05-13T02:30:00Z,1.61,8.9,3.63,0.0077,51.1,58.5,32.3,69.3,6.85,27.3,171.0,0.975
2026-05-13T03:30:00Z,1.55,10.1,6.6,0.0107,49.9,58.3,32.0,64.3,7.7,28.6,172.0,1.13
2026-05-13T04:30:00Z,1.47,11.8,12.1,0.0161,45.4,51.8,24.3,57.0,7.1,30.5,170.0,0.975
2026-05-13T05:30:00Z,1.42,16.3,17.9,0.0232,41.3,46.0,22.0,53.3,7.85,31.8,181.0,0.8
2026-05-13T06:30:00Z,1.44,18.1,23.7,0.0289,29.7,43.3,22.0,51.3,7.7,32.7,180.0,0.733
2026-05-13T07:30:00Z,1.42,23.4,11.0,0.0213,30.0,47.3,22.7,44.3,5.9,33.9,288.0,0.733
2026-05-13T08:30:00Z,1.41,22.1,8.73,0.0189,39.7,48.3,23.0,42.7,5.87,34.2,305.0,0.8
2026-05-13T09:30:00Z,1.41,20.0,20.6,0.0274,43.6,51.0,22.5,41.0,5.65,34.6,318.0,0.55
2026-05-13T10:30:00Z,1.52,17.7,14.6,0.0213,73.8,51.0,20.3,42.3,5.48,35.3,176.0,0.45
2026-05-13T11:30:00Z,1.55,15.1,10.2,0.0163,96.0,50.3,21.3,42.8,5.93,34.5,315.0,0.425
2026-05-13T12:30:00Z,1.67,14.5,6.48,0.013,79.7,53.5,25.0,47.3,8.5,32.9,284.0,0.35
2026-05-13T13:30:00Z,1.44,7.13,3.4,0.00655,96.9,85.3,24.3,56.0,8.83,27.7,139.0,1.13
2026-05-13T14:30:00Z,1.46,7.4,1.8,0.00543,91.8,76.0,16.3,56.5,6.45,26.8,204.0,0.425
2026-05-13T15:30:00Z,1.46,9.7,1.73,0.00655,63.6,36.0,9.5,61.8,6.05,25.5,196.0,0.35
2026-05-13T16:30:00Z,1.27,6.43,1.38,0.00453,80.8,33.8,9.0,53.3,6.05,26.5,248.0,0.325
2026-05-13T17:30:00Z,1.32,6.2,1.1,0.0042,73.1,26.3,9.0,58.0,6.1,25.8,199.0,0.3
2026-05-13T19:30:00Z,,,,,54.0,35.0,16.5,66.0,,23.2,13.5,0.2
2026-05-13T20:30:00Z,1.28,5.5,0.867,0.0036,50.9,27.8,15.5,69.3,10.2,22.4,313.0,0.175
2026-05-13T21:30:00Z,1.22,5.85,0.75,0.00373,42.3,21.5,13.0,71.0,9.43,21.7,198.0,0.125
2026-05-13T22:30:00Z,1.27,6.28,0.775,0.004,28.7,22.5,11.5,73.3,8.8,21.2,61.8,0.1
2026-05-13T23:30:00Z,1.35,8.7,1.45,0.00578,21.5,27.0,12.0,73.0,8.43,21.6,245.0,0.275
2026-05-14T00:30:00Z,1.43,9.23,1.7,0.0063,35.4,31.0,14.5,68.5,9.78,23.8,126.0,0.2
2026-05-14T01:30:00Z,1.49,10.8,2.33,0.00765,55.5,33.3,15.5,58.5,9.15,26.2,134.0,0.225
2026-05-14T02:30:00Z,1.43,12.7,4.05,0.01,70.8,34.3,15.0,47.8,8.25,28.7,326.0,0.5
2026-05-14T03:30:00Z,1.36,13.7,3.05,0.00978,76.8,32.5,14.5,39.3,7.2,30.4,303.0,0.775
2026-05-14T04:30:00Z,1.36,12.5,2.53,0.00868,75.2,35.5,14.5,37.0,7.33,31.6,304.0,0.775
2026-05-14T05:30:00Z,1.34,13.1,4.3,0.0105,60.6,29.8,10.8,37.5,5.27,33.2,283.0,0.675
2026-05-14T06:30:00Z,1.39,15.1,10.9,0.0169,50.2,24.5,7.5,39.0,5.45,33.9,235.0,0.6
2026-05-14T07:30:00Z,1.42,20.4,21.5,0.0283,35.5,29.7,11.3,40.0,6.5,34.1,197.0,0.633
2026-05-14T08:30:00Z,1.45,25.7,22.0,0.0315,39.7,33.5,15.0,38.8,6.5,34.4,210.0,0.65
2026-05-14T09:30:00Z,1.44,26.6,28.1,0.037,49.0,33.5,14.5,36.3,6.85,34.8,187.0,0.475
2026-05-14T10:30:00Z,1.55,20.1,15.9,0.0236,108.0,34.3,16.3,37.0,8.2,35.2,263.0,0.367
2026-05-14T11:30:00Z,1.6,15.8,8.65,0.0154,122.0,40.8,21.8,39.8,9.83,34.7,271.0,0.275
2026-05-14T12:30:00Z,2.13,20.0,4.03,0.0139,65.9,45.0,20.3,44.3,8.08,31.8,324.0,0.1
2026-05-14T13:30:00Z,2.36,31.6,4.08,0.0202,14.0,48.3,17.3,51.0,9.05,29.9,312.0,0.2
2026-05-14T14:30:00Z,1.95,25.4,3.85,0.0166,44.7,57.8,23.5,50.5,18.3,29.6,272.0,0.2
2026-05-14T15:30:00Z,1.81,20.4,2.73,0.0131,42.5,61.5,23.5,53.8,17.6,28.5,259.0,0.225
2026-05-14T16:30:00Z,1.87,21.8,3.17,0.0142,27.6,61.3,23.0,55.7,15.0,28.1,45.7,0.4
2026-05-14T17:30:00Z,1.4,12.2,2.47,0.00853,55.3,58.7,25.0,56.7,12.7,27.4,192.0,0.367
2026-05-14T18:30:00Z,1.02,4.25,0.75,0.00285,,121.0,27.0,49.0,5.25,27.8,351.0,0.95
2026-05-14T19:30:00Z,0.98,3.65,1.1,0.0028,79.6,95.0,20.3,50.3,5.1,27.6,281.0,0.55
2026-05-14T20:30:00Z,0.977,3.73,1.07,0.00287,75.8,53.8,12.5,51.3,5.9,27.2,306.0,0.55
2026-05-14T21:30:00Z,0.915,4.03,1.63,0.00343,70.3,41.5,12.5,53.0,6.3,27.0,223.0,0.4
2026-05-14T22:30:00Z,0.97,4.2,1.7,0.0036,63.9,56.5,13.5,59.3,6.23,26.0,181.0,0.275
2026-05-14T23:30:00Z,1.02,6.75,1.85,0.00508,47.5,77.3,16.8,60.8,8.13,25.7,107.0,0.325
2026-05-15T00:30:00Z,1.08,8.85,2.13,0.00645,40.7,75.5,19.5,61.5,9.75,25.7,103.0,0.225
2026-05-15T01:30:00Z,1.14,9.18,2.95,0.00725,59.5,66.5,19.0,54.8,7.9,27.4,147.0,0.35
2026-05-15T02:30:00Z,1.12,10.4,4.28,0.00903,71.7,61.0,17.5,48.8,6.88,28.6,349.0,0.6
2026-05-15T03:30:00Z,1.12,13.2,3.47,0.00983,70.5,54.7,18.7,44.3,6.63,30.6,337.0,0.8
2026-05-15T04:30:00Z,1.1,12.5,2.4,0.0086,68.0,47.7,18.7,40.7,4.9,31.7,334.0,0.967
2026-05-15T05:30:00Z,1.23,11.6,1.2,0.00713,61.6,40.8,15.5,37.3,7.3,32.9,348.0,1.1
2026-05-15T06:30:00Z,1.32,11.0,1.03,0.00665,53.9,41.0,12.8,35.5,6.18,33.4,331.0,1.18
2026-05-15T07:30:00Z,1.29,8.25,1.03,0.00523,63.3,34.0,10.0,34.0,6.0,34.1,322.0,1.08
2026-05-15T08:30:00Z,1.33,11.6,3.2,0.00877,44.9,33.0,11.0,33.3,6.83,34.2,342.0,0.967
2026-05-15T09:30:00Z,1.36,13.7,4.33,0.0108,67.2,33.0,13.5,35.8,6.13,33.6,336.0,1.08
2026-05-15T10:30:00Z,1.42,9.58,2.83,0.00735,111.0,36.3,16.0,39.5,9.43,33.3,339.0,0.8
2026-05-15T11:30:00Z,1.43,8.57,4.07,0.00787,120.0,39.3,17.7,41.3,9.33,33.1,343.0,0.767
2026-05-15T12:30:00Z,1.55,7.57,2.87,0.00637,107.0,27.7,14.0,44.3,7.67,31.5,328.0,0.367
2026-05-15T13:30:00Z,1.66,9.7,3.18,0.00775,83.7,36.0,13.0,49.5,9.4,29.9,315.0,0.35
2026-05-15T14:30:00Z,1.94,14.4,3.0,0.0101,58.6,53.0,17.7,53.3,12.4,29.0,306.0,0.233
2026-05-15T15:30:00Z,1.77,14.8,2.13,0.0096,67.0,52.0,21.7,54.3,12.2,28.1,221.0,0.2
2026-05-15T16:30:00Z,1.68,10.7,1.85,0.00725,76.2,44.8,19.0,57.5,15.1,27.4,295.0,0.2
2026-05-15T17:30:00Z,1.62,8.3,1.83,0.00593,68.6,42.7,20.0,61.0,14.8,26.4,314.0,0.2
2026-05-16T01:30:00Z,1.52,8.5,2.2,0.0063,64.9,49.0,41.0,58.0,15.8,27.0,,
2026-05-16T02:30:00Z,1.6,12.7,4.8,0.0107,78.8,62.5,31.5,53.0,27.4,29.2,,
2026-05-16T03:30:00Z,1.55,15.6,8.1,0.0149,72.2,71.8,34.5,49.0,23.3,30.4,278.0,0.5
2026-05-16T04:30:00Z,1.52,18.0,8.18,0.0162,71.5,76.8,35.5,45.3,13.1,31.4,274.0,0.575
2026-05-16T05:30:00Z,1.42,17.3,2.33,0.0111,74.6,66.5,30.8,41.3,9.17,32.9,315.0,0.725
2026-05-16T06:30:00Z,1.35,13.7,2.05,0.00898,44.8,51.3,22.3,36.3,5.83,34.3,315.0,1.08
2026-05-16T07:30:00Z,1.26,11.2,2.1,0.00763,45.3,36.3,13.0,32.8,4.95,35.3,330.0,0.95
2026-05-16T08:30:00Z,1.24,11.1,1.63,0.0072,50.9,29.5,10.0,33.8,3.95,35.4,318.0,1.1
2026-05-16T09:30:00Z,1.24,13.5,3.78,0.0103,61.9,30.8,11.0,35.5,4.1,35.2,334.0,1.03
2026-05-16T10:30:00Z,1.42,9.7,1.68,0.00653,114.0,40.8,15.5,37.3,4.3,35.2,328.0,1.1
2026-05-16T11:30:00Z,1.41,8.55,2.63,0.00668,102.0,44.3,19.0,36.0,12.5,35.2,328.0,0.825
2026-05-16T12:30:00Z,1.47,8.93,2.93,0.00715,96.1,44.0,16.0,38.5,8.8,33.8,311.0,0.575
2026-05-16T13:30:00Z,1.64,12.4,3.75,0.00963,84.7,47.0,15.0,42.5,11.1,32.4,290.0,0.325
2026-05-16T14:30:00Z,1.78,14.0,3.03,0.0099,73.4,51.3,20.3,46.3,10.1,31.0,271.0,0.175
2026-05-16T15:30:00Z,1.87,14.8,2.53,0.0099,58.0,55.5,25.5,51.0,13.4,29.4,282.0,0.175
2026-05-16T16:30:00Z,1.89,12.9,2.13,0.0086,50.0,64.5,26.0,55.8,15.1,28.3,323.0,0.225
2026-05-16T17:30:00Z,1.68,10.0,1.87,0.00683,53.4,77.0,29.0,57.3,13.1,27.7,305.0,0.467
2026-05-16T18:30:00Z,1.46,7.55,1.5,0.0053,,69.0,29.0,59.0,8.15,26.8,250.0,0.2
2026-05-16T19:30:00Z,1.42,7.15,1.45,0.005,75.2,62.3,27.5,60.0,9.25,26.4,247.0,0.125
2026-05-16T20:30:00Z,1.3,4.83,1.33,0.00367,77.6,48.8,23.8,61.0,7.77,25.7,300.0,0.175
2026-05-16T21:30:00Z,1.22,4.9,1.43,0.0038,72.4,40.0,20.0,60.5,9.83,25.8,247.0,0.275
2026-05-16T22:30:00Z,1.29,5.68,0.825,0.00373,54.2,40.0,29.3,65.3,14.7,24.8,328.0,0.425
2026-05-16T23:30:00Z,1.38,6.25,0.775,0.00395,39.1,51.3,36.3,70.5,10.4,23.8,311.0,0.375
2026-05-17T00:30:00Z,1.41,6.53,1.23,0.0045,45.4,63.0,34.0,67.3,13.3,25.2,302.0,0.3
2026-05-17T01:30:00Z,1.37,7.25,1.68,0.0052,70.0,58.8,32.3,55.0,13.5,28.4,312.0,0.55
2026-05-17T02:30:00Z,1.42,9.35,1.95,0.00655,74.7,53.5,25.8,52.5,9.3,29.7,322.0,0.6
2026-05-17T03:30:00Z,1.35,12.4,10.6,0.0152,54.1,48.8,22.0,42.8,6.83,33.0,330.0,0.625
2026-05-17T04:30:00Z,1.3,17.0,7.9,0.0154,48.6,33.0,14.7,36.7,5.2,34.8,320.0,0.967
2026-05-17T05:30:00Z,1.31,14.0,1.58,0.00868,62.5,27.5,10.5,34.3,4.7,35.2,322.0,1.2
2026-05-17T06:30:00Z,1.34,12.8,1.08,0.00765,64.2,27.0,10.0,32.8,5.13,35.9,327.0,1.18
2026-05-17T07:30:00Z,1.34,12.0,0.95,0.00718,75.4,30.3,10.5,32.5,4.78,36.3,326.0,1.23
2026-05-17T08:30:00Z,1.34,12.6,1.08,0.00755,74.1,36.8,12.0,31.5,5.13,36.7,254.0,1.15
2026-05-17T09:30:00Z,1.38,14.6,3.4,0.0105,70.0,40.3,14.3,32.3,5.2,36.5,339.0,1.03
2026-05-17T10:30:00Z,1.43,12.6,3.4,0.00945,113.0,43.0,17.5,33.5,4.75,36.8,336.0,1.1
2026-05-17T11:30:00Z,1.44,10.7,3.95,0.0089,118.0,43.0,17.3,35.3,6.9,36.6,331.0,0.5
2026-05-17T12:30:00Z,1.52,10.3,3.85,0.0086,115.0,44.8,16.5,39.0,6.45,34.6,307.0,0.275
2026-05-17T13:30:00Z,1.74,12.0,3.8,0.00943,85.9,55.8,19.5,44.8,8.4,32.6,299.0,0.2
2026-05-17T14:30:00Z,1.85,12.2,3.93,0.00968,81.6,68.3,25.3,47.5,11.3,31.7,301.0,0.2
2026-05-17T15:30:00Z,1.87,12.1,3.08,0.00893,75.3,80.3,32.8,50.3,13.3,31.0,271.0,0.175
2026-05-17T16:30:00Z,1.95,15.9,2.55,0.0105,55.1,81.3,36.5,53.3,14.3,29.9,282.0,0.25
2026-05-17T17:30:00Z,1.78,13.5,2.07,0.00887,60.3,74.0,36.7,53.7,13.3,29.1,240.0,0.2
2026-05-17T18:30:00Z,1.44,6.55,1.75,0.0049,,58.5,24.5,51.0,9.85,28.6,289.0,0.3
2026-05-17T19:30:00Z,1.48,7.1,1.9,0.0053,82.4,55.5,27.0,54.0,12.0,27.6,279.0,0.2
2026-05-17T20:30:00Z,1.35,5.43,1.47,0.0041,87.8,50.8,26.3,55.8,10.3,26.9,298.0,0.25
2026-05-17T21:30:00Z,1.33,5.33,1.53,0.00408,82.6,48.5,24.0,58.0,10.6,26.5,293.0,0.2
2026-05-17T22:30:00Z,1.37,6.13,1.53,0.00453,67.2,52.3,27.0,61.5,11.0,25.8,306.0,0.225
2026-05-17T23:30:00Z,1.46,6.93,1.15,0.00463,61.3,57.5,30.3,62.5,15.1,25.9,302.0,0.225
2026-05-18T00:30:00Z,1.51,7.68,1.25,0.0051,64.9,60.5,34.5,61.5,19.2,26.8,318.0,0.325
2026-05-18T01:30:00Z,1.48,9.08,1.58,0.00613,85.2,62.0,32.3,53.5,13.2,29.0,317.0,0.6
2026-05-18T02:30:00Z,1.48,9.63,2.17,0.0069,89.0,60.0,26.0,49.0,9.37,30.8,322.0,0.633
2026-05-18T03:30:00Z,1.46,13.9,5.33,0.0117,66.3,58.0,22.5,45.5,7.85,32.9,325.0,0.7
2026-05-18T04:30:00Z,1.34,14.2,7.25,0.0134,52.7,52.0,19.3,39.3,6.28,35.1,319.0,0.9
2026-05-18T05:30:00Z,1.35,11.6,3.47,0.00897,45.0,43.7,13.0,34.3,4.6,36.5,322.0,0.933
2026-05-18T06:30:00Z,1.37,12.4,2.18,0.00835,46.8,38.5,10.0,32.8,3.33,37.2,311.0,1.1
2026-05-18T07:30:00Z,1.37,16.9,10.3,0.0174,40.5,34.0,11.5,31.5,4.0,38.8,88.5,0.8
2026-05-18T08:30:00Z,1.39,21.9,13.1,0.0223,34.1,41.3,13.5,29.0,4.18,38.9,272.0,0.975
2026-05-18T09:30:00Z,1.41,21.7,9.13,0.019,44.3,47.8,14.8,29.0,3.95,38.6,339.0,1.0
2026-05-18T10:30:00Z,1.37,15.6,5.8,0.013,98.6,41.8,14.5,31.5,4.33,38.9,331.0,0.85
2026-05-18T11:30:00Z,1.44,14.4,8.05,0.0142,115.0,40.8,13.0,33.5,7.85,38.5,331.0,0.525
2026-05-18T12:30:00Z,1.68,17.0,6.28,0.0141,96.1,49.5,15.5,36.5,16.2,36.4,292.0,0.225
2026-05-18T13:30:00Z,2.15,24.2,4.85,0.0168,46.8,60.8,19.3,43.8,17.1,33.5,258.0,0.15
2026-05-18T14:30:00Z,2.7,39.6,9.23,0.0286,7.6,70.3,25.0,48.8,13.5,32.1,345.0,0.2
2026-05-18T15:30:00Z,2.32,29.3,5.65,0.0202,26.7,69.8,28.0,50.3,17.4,31.4,258.0,0.15
2026-05-18T16:30:00Z,2.03,16.7,4.67,0.0127,52.1,66.0,29.3,50.7,20.5,31.2,234.0,0.2
2026-05-18T17:30:00Z,1.8,14.5,3.8,0.0108,49.0,71.0,35.0,52.0,17.1,30.9,333.0,0.233
2026-05-18T18:30:00Z,1.41,9.4,2.1,0.0067,,94.5,37.0,55.0,12.9,29.8,52.5,0.3
2026-05-18T19:30:00Z,1.37,9.4,2.25,0.00685,58.8,83.0,33.3,56.3,13.8,29.0,113.0,0.15
2026-05-18T20:30:00Z,1.25,8.57,2.1,0.0063,64.6,61.3,26.8,55.8,16.2,28.8,39.8,0.2
2026-05-18T21:30:00Z,1.21,7.75,2.13,0.00585,61.9,47.3,23.5,57.5,20.1,28.2,183.0,0.375
2026-05-18T22:30:00Z,1.19,7.18,2.25,0.00568,60.7,43.5,23.0,59.8,15.2,27.6,261.0,0.2
2026-05-18T23:30:00Z,1.29,7.88,2.23,0.00598,50.7,45.0,25.0,63.5,13.1,27.2,180.0,0.1
2026-05-19T00:30:00Z,1.44,12.4,2.93,0.009,44.6,52.0,27.7,63.3,11.3,29.1,312.0,0.5
2026-05-19T01:30:00Z,1.59,14.4,2.88,0.01,69.6,71.0,32.3,56.0,13.0,30.4,252.0,0.375
2026-05-19T02:30:00Z,1.61,16.4,4.23,0.0122,73.1,97.8,39.8,52.5,12.4,31.2,180.0,0.65
2026-05-19T03:30:00Z,1.55,16.6,7.05,0.0145,62.7,98.0,41.0,47.5,9.8,32.8,180.0,0.75
2026-05-19T04:30:00Z,1.48,18.2,13.0,0.0202,50.3,92.3,38.3,43.0,8.23,34.9,177.0,0.6
2026-05-19T05:30:00Z,1.47,21.9,14.0,0.023,44.4,76.0,28.8,39.0,7.43,36.4,288.0,0.575
2026-05-19T06:30:00Z,1.5,26.0,8.25,0.0205,47.2,77.8,24.5,36.8,7.53,37.6,334.0,0.775
2026-05-19T07:30:00Z,1.49,27.5,6.5,0.0199,47.8,83.0,25.0,36.0,7.75,38.6,306.0,0.95
2026-05-19T08:30:00Z,1.35,18.3,5.1,0.0139,48.1,87.5,23.5,29.0,6.25,39.3,331.0,0.9
2026-05-19T09:30:00Z,1.26,17.3,5.63,0.0138,41.3,86.0,21.3,24.5,5.73,39.8,324.0,1.0
2026-05-19T10:30:00Z,1.16,13.8,7.45,0.0134,68.6,79.3,20.0,24.5,5.48,40.2,333.0,0.675
2026-05-19T11:30:00Z,1.41,14.4,11.2,0.0168,79.3,70.3,19.5,28.0,6.15,39.3,323.0,0.425
2026-05-19T12:30:00Z,2.22,26.7,8.4,0.021,37.0,83.0,21.5,34.3,8.4,36.2,245.0,0.1
2026-05-19T13:30:00Z,2.75,37.8,9.67,0.028,10.2,102.0,28.3,38.0,8.7,33.7,343.0,0.1
2026-05-19T14:30:00Z,2.47,34.2,9.67,0.0261,12.0,105.0,34.3,41.0,14.8,32.7,248.0,0.233
2026-05-19T15:30:00Z,1.93,29.6,6.75,0.0212,20.6,99.0,33.5,43.5,18.1,31.6,263.0,0.15
2026-05-19T16:30:00Z,1.75,25.7,7.23,0.0195,26.1,96.5,31.5,44.5,13.2,31.1,118.0,0.2
2026-05-19T17:30:00Z,1.26,14.8,4.2,0.0113,59.3,89.0,27.0,41.0,9.9,31.3,172.0,0.233
2026-05-19T18:30:00Z,1.11,9.05,2.9,0.0072,,60.0,22.0,40.0,4.75,30.9,134.0,0.35
2026-05-19T19:30:00Z,1.09,7.15,2.8,0.0061,94.2,58.0,19.5,38.8,4.75,30.8,157.0,0.35
2026-05-19T20:30:00Z,1.12,7.4,2.33,0.00583,67.4,53.3,18.0,43.8,5.73,28.9,157.0,0.325
2026-05-19T21:30:00Z,1.06,6.38,2.25,0.0052,74.6,50.5,19.5,43.3,7.1,28.8,136.0,0.3
2026-05-19T22:30:00Z,1.27,6.37,2.43,0.00537,80.2,50.3,18.0,43.3,5.6,29.0,302.0,0.367
2026-05-19T23:30:00Z,1.61,16.2,3.5,0.0115,22.3,53.3,16.5,50.3,5.8,28.0,116.0,0.35
2026-05-20T00:30:00Z,1.56,14.5,3.4,0.0105,39.7,60.0,20.5,49.8,6.65,29.5,104.0,0.25
2026-05-20T01:30:00Z,1.67,14.1,4.37,0.0111,60.8,64.0,22.7,42.0,6.17,32.3,145.0,0.333
2026-05-20T02:30:00Z,1.54,16.9,9.23,0.0165,69.2,67.5,24.5,37.5,6.05,34.9,209.0,0.275
2026-05-20T03:30:00Z,1.55,24.1,12.0,0.0226,65.5,73.5,23.0,32.0,6.1,35.7,265.0,0.55
2026-05-20T04:30:00Z,1.51,26.4,8.5,0.021,59.9,80.0,24.0,29.0,5.4,36.8,297.0,0.7
2026-05-20T05:30:00Z,1.26,33.7,21.7,0.0355,39.9,70.0,20.0,24.5,5.0,39.3,285.0,0.75
2026-05-20T06:30:00Z,1.31,19.6,11.2,0.0195,,62.8,17.3,21.0,5.0,39.8,288.0,0.775
2026-05-20T07:30:00Z,1.31,22.1,26.3,0.0332,25.8,55.5,14.5,19.8,5.45,40.6,316.0,0.625
2026-05-20T08:30:00Z,1.25,24.8,16.4,0.0266,27.3,51.0,14.5,20.3,5.7,40.7,299.0,0.75
2026-05-20T09:30:00Z,1.26,26.6,12.5,0.0243,33.9,46.0,14.0,20.0,5.4,41.0,299.0,0.5
2026-05-20T10:30:00Z,1.23,17.6,18.1,0.0241,76.2,45.7,14.7,21.0,6.83,41.3,331.0,0.5
2026-05-20T11:30:00Z,1.4,19.0,18.5,0.0251,80.7,42.3,13.5,24.8,7.18,40.1,241.0,0.3
2026-05-20T12:30:00Z,2.15,29.6,10.7,0.0244,32.2,46.0,14.0,32.0,8.3,35.9,,0.1
2026-05-20T13:30:00Z,2.57,40.7,14.8,0.0336,5.08,56.8,18.0,36.5,8.6,33.2,337.0,0.125
2026-05-20T14:30:00Z,2.5,39.5,18.4,0.0359,3.83,71.8,19.5,36.5,10.4,32.4,142.0,0.125
2026-05-20T15:30:00Z,1.88,29.6,12.1,0.0256,18.1,79.0,20.5,34.3,13.8,32.8,107.0,0.275
2026-05-20T16:30:00Z,1.6,21.6,7.45,0.0176,41.7,74.3,22.8,34.0,11.4,32.4,109.0,0.25
2026-05-20T17:30:00Z,1.36,14.9,5.77,0.0126,74.0,64.0,21.0,33.3,10.3,32.2,137.0,0.3
2026-05-20T18:30:00Z,1.19,10.0,3.85,0.00845,,52.5,20.0,37.0,7.95,31.5,118.0,0.25
2026-05-20T19:30:00Z,1.19,7.75,3.7,0.00715,84.4,50.0,18.0,37.8,7.65,30.4,150.0,0.225
2026-05-20T20:30:00Z,1.37,13.5,3.27,0.00987,44.8,48.5,15.3,43.8,6.67,28.6,119.0,0.2
2026-05-20T21:30:00Z,1.31,13.6,3.13,0.0098,55.4,45.7,14.0,42.7,6.67,28.7,78.3,0.333
2026-05-20T22:30:00Z,1.24,7.3,3.5,0.00673,93.6,39.7,11.3,35.3,8.07,30.8,120.0,0.5
2026-05-20T23:30:00Z,1.25,6.9,3.35,0.0064,94.2,40.0,10.0,35.0,7.8,30.8,121.0,0.65
2026-05-21T00:30:00Z,1.41,13.2,4.85,0.011,65.0,45.0,16.0,37.0,8.2,31.8,128.0,0.5
2026-05-21T01:30:00Z,1.56,14.7,5.33,0.0121,74.0,56.8,18.0,37.8,7.98,32.3,187.0,0.625
2026-05-21T02:30:00Z,1.64,19.2,4.18,0.0136,95.9,83.0,27.8,40.5,7.6,32.4,287.0,0.6
2026-05-21T03:30:00Z,1.66,22.7,4.85,0.016,92.8,106.0,34.0,39.8,8.93,33.7,239.0,0.725
2026-05-21T04:30:00Z,1.63,24.1,12.5,0.0229,63.3,111.0,37.3,36.0,8.88,35.6,281.0,0.525
2026-05-21T05:30:00Z,1.48,26.4,18.2,0.0288,46.1,96.8,36.3,32.5,7.9,37.4,281.0,0.575
2026-05-21T06:30:00Z,1.43,27.5,14.9,0.0267,40.4,79.3,26.3,29.3,9.08,38.9,295.0,0.675
2026-05-21T07:30:00Z,1.42,25.6,20.5,0.0303,29.2,73.0,23.0,27.0,8.9,40.3,329.0,0.65
2026-05-21T08:30:00Z,1.36,26.3,10.9,0.0229,35.2,68.0,21.3,26.3,8.1,40.6,287.0,0.833
2026-05-21T09:30:00Z,1.32,23.6,10.4,0.021,47.9,80.0,20.5,26.0,8.9,40.8,312.0,0.825
2026-05-21T10:30:00Z,1.22,18.0,9.35,0.0171,84.2,78.3,19.5,27.5,9.05,40.6,316.0,0.7
2026-05-21T11:30:00Z,1.35,14.6,8.13,0.0144,119.0,61.0,18.5,31.8,10.2,39.2,320.0,0.675
2026-05-21T12:30:00Z,1.57,14.1,8.98,0.0148,104.0,65.8,20.5,35.5,9.78,37.0,294.0,0.275
2026-05-21T13:30:00Z,1.98,18.1,6.5,0.0149,60.1,74.3,23.7,40.7,10.5,34.7,293.0,0.167
2026-05-21T14:30:00Z,2.82,38.7,14.7,0.0325,5.45,89.8,31.5,47.8,15.9,32.8,297.0,0.125
2026-05-21T15:30:00Z,2.11,32.9,9.23,0.025,23.3,99.0,34.8,47.8,15.6,32.2,301.0,0.1
2026-05-21T16:30:00Z,2.24,32.7,7.85,0.0238,8.85,91.8,31.8,51.3,12.0,31.5,100.0,0.1
2026-05-21T17:30:00Z,2.27,35.4,9.17,0.0263,4.3,84.3,30.3,54.3,10.2,31.4,149.0,0.167
2026-05-21T18:30:00Z,1.94,27.6,5.45,0.0192,,93.0,31.0,56.0,4.75,30.4,166.0,0.1
2026-05-21T19:30:00Z,1.93,26.0,7.85,0.0202,7.47,87.3,30.0,57.3,5.05,29.9,102.0,0.15
2026-05-21T20:30:00Z,1.47,16.9,5.2,0.0132,21.5,82.3,30.8,55.0,6.93,29.8,98.5,0.25
2026-05-21T21:30:00Z,1.24,9.03,2.73,0.007,46.1,91.0,34.3,49.3,8.5,30.8,277.0,0.467
2026-05-21T22:30:00Z,1.35,8.83,2.1,0.00637,31.6,86.0,31.3,56.3,10.4,28.6,330.0,0.433
2026-05-21T23:30:00Z,1.4,9.43,2.05,0.00665,23.1,79.0,27.5,61.0,10.5,27.6,316.0,0.325
2026-05-22T00:30:00Z,1.51,10.7,2.85,0.008,29.8,82.5,30.3,59.0,24.9,28.5,307.0,0.375
2026-05-22T01:30:00Z,1.42,11.5,2.43,0.0081,43.3,95.8,36.5,54.0,18.5,29.1,252.0,1.0
2026-05-22T02:30:00Z,1.21,9.85,2.3,0.0071,63.9,123.0,33.8,43.8,4.43,31.2,49.0,1.05
2026-05-22T03:30:00Z,1.35,11.0,4.7,0.0096,46.7,143.0,29.0,41.5,2.5,31.2,73.0,1.0
2026-05-22T05:30:00Z,1.34,16.9,18.6,0.0241,27.2,64.7,12.7,34.3,4.2,34.3,92.0,1.13
2026-05-22T06:30:00Z,1.35,20.2,25.2,0.0312,19.2,66.5,12.0,31.8,6.05,36.3,78.8,0.875
2026-05-22T07:30:00Z,1.36,22.0,22.0,0.0296,18.5,63.0,10.7,29.0,5.97,37.7,40.7,0.767
2026-05-22T08:30:00Z,1.35,22.1,24.4,0.0316,18.5,42.8,10.5,28.8,6.1,37.7,59.8,0.8
2026-05-22T09:30:00Z,1.32,22.0,13.8,0.0229,27.5,49.0,12.5,29.0,5.33,37.5,350.0,0.825
2026-05-22T10:30:00Z,1.26,15.0,9.15,0.0154,57.2,50.0,13.0,30.0,5.0,37.5,336.0,0.825
2026-05-22T11:30:00Z,1.35,10.2,4.88,0.0094,81.8,46.5,12.3,32.3,7.05,36.4,326.0,0.75
2026-05-22T12:30:00Z,1.45,11.2,2.9,0.0083,75.2,51.5,14.5,35.5,36.8,34.7,323.0,0.6
2026-05-22T13:30:00Z,1.79,19.2,3.47,0.013,38.3,86.0,22.3,42.0,60.1,32.7,298.0,0.3
2026-05-22T14:30:00Z,1.96,24.0,4.88,0.0167,27.3,87.8,23.5,45.3,23.4,31.7,291.0,0.125
2026-05-22T15:30:00Z,1.54,15.7,4.23,0.0118,44.4,63.5,21.0,44.3,12.1,31.4,205.0,0.2
2026-05-22T16:30:00Z,1.45,11.7,3.38,0.00898,49.9,46.8,19.0,46.5,12.3,30.4,301.0,0.2
2026-05-22T17:30:00Z,1.35,8.23,2.77,0.0066,58.2,42.3,19.3,48.3,13.7,29.6,322.0,0.3
2026-05-22T19:30:00Z,,,,,48.8,32.5,12.5,51.5,,28.1,49.5,0.2
2026-05-22T20:30:00Z,1.3,6.27,1.93,0.00487,52.4,33.5,14.3,49.8,12.0,28.4,64.8,0.2
2026-05-22T21:30:00Z,1.32,5.77,1.9,0.0046,47.1,34.0,15.7,52.7,11.1,27.5,346.0,0.167
2026-05-22T22:30:00Z,1.32,5.63,1.88,0.00448,44.6,32.0,12.0,55.3,10.2,26.5,319.0,0.15
2026-05-22T23:30:00Z,1.39,5.78,1.48,0.00428,42.0,37.3,15.3,56.8,12.7,26.6,317.0,0.25
2026-05-23T00:30:00Z,1.54,7.83,1.9,0.00573,35.9,49.8,19.0,59.3,13.9,27.3,320.0,0.275
2026-05-23T01:30:00Z,1.54,9.68,2.1,0.00685,50.5,61.3,21.8,53.8,13.4,29.0,326.0,0.725
2026-05-23T02:30:00Z,1.43,10.6,1.95,0.00723,56.4,66.0,22.0,48.5,9.93,30.1,340.0,0.875
2026-05-23T03:30:00Z,1.38,12.4,2.2,0.00833,49.2,59.3,16.5,44.8,7.35,31.6,336.0,0.85
2026-05-23T04:30:00Z,1.35,11.0,1.63,0.0072,50.5,48.5,13.0,39.8,7.9,33.3,329.0,1.03
2026-05-23T05:30:00Z,1.34,11.9,4.85,0.0102,35.9,49.0,14.0,35.3,8.23,35.0,249.0,0.95
2026-05-23T06:30:00Z,1.32,15.5,5.75,0.0129,29.9,51.0,14.5,28.8,5.85,36.2,255.0,0.975
2026-05-23T07:30:00Z,1.27,14.4,2.7,0.00988,42.5,43.5,9.5,27.3,4.73,36.9,332.0,1.0
2026-05-23T08:30:00Z,1.29,11.6,2.45,0.00813,41.7,37.5,9.0,26.3,4.2,36.9,335.0,1.13
2026-05-23T09:30:00Z,1.31,11.2,2.6,0.00805,57.9,37.3,11.0,27.5,4.33,37.3,332.0,1.08
2026-05-23T10:30:00Z,1.34,11.1,3.98,0.0091,98.8,40.3,12.5,29.0,5.05,37.7,336.0,0.8
2026-05-23T11:30:00Z,1.44,10.7,4.18,0.00908,131.0,46.8,16.3,31.3,5.28,36.9,340.0,0.625
2026-05-23T12:30:00Z,1.45,9.5,3.5,0.00788,106.0,48.5,17.0,32.3,5.75,35.2,318.0,0.35
2026-05-23T13:30:00Z,1.71,14.7,3.03,0.0103,79.2,54.8,17.0,36.0,7.33,33.5,177.0,0.35
2026-05-23T14:30:00Z,1.8,19.7,3.55,0.0134,44.3,57.3,16.8,39.0,6.23,31.7,318.0,0.125
2026-05-23T15:30:00Z,1.88,22.1,3.6,0.0147,38.5,50.0,16.0,43.0,8.25,30.4,325.0,0.2
2026-05-23T16:30:00Z,1.4,12.3,3.03,0.00903,68.7,48.0,16.8,43.3,8.53,30.0,320.0,0.3
2026-05-23T17:30:00Z,1.46,10.6,2.73,0.00787,54.2,47.0,15.7,45.3,12.6,29.1,319.0,0.2
2026-05-23T19:30:00Z,,,,,56.8,53.0,23.0,48.0,,27.1,322.0,0.4
2026-05-23T20:30:00Z,1.26,5.5,0.933,0.00367,58.3,47.8,21.0,50.0,8.9,26.2,329.0,0.275
2026-05-23T21:30:00Z,1.28,5.85,0.85,0.00383,51.4,41.5,17.0,51.3,11.7,25.9,330.0,0.4
2026-05-23T22:30:00Z,1.27,5.3,0.875,0.00355,64.7,44.5,15.5,48.0,11.8,26.6,256.0,0.375
2026-05-23T23:30:00Z,1.31,6.18,1.35,0.00438,63.8,45.0,16.0,47.8,13.3,27.0,181.0,0.2
2026-05-24T00:30:00Z,1.36,7.33,1.43,0.00508,65.6,46.0,17.5,48.3,19.1,27.7,252.0,0.35
2026-05-24T01:30:00Z,1.42,8.3,1.45,0.0056,72.4,53.0,19.5,47.0,21.0,28.6,340.0,0.55
2026-05-24T02:30:00Z,1.41,11.4,1.85,0.0076,75.0,58.0,20.0,42.0,9.83,31.3,324.0,0.75
2026-05-24T03:30:00Z,1.36,12.6,1.47,0.00787,62.4,61.7,18.7,36.7,7.77,32.5,343.0,0.967
2026-05-24T04:30:00Z,1.34,13.6,6.45,0.0125,46.6,69.8,18.5,32.3,7.08,34.2,263.0,1.08
2026-05-24T05:30:00Z,1.31,17.2,13.0,0.0197,31.8,65.3,14.8,26.5,3.97,36.8,116.0,1.13
2026-05-24T06:30:00Z,1.3,21.3,8.6,0.0183,31.8,50.3,10.7,25.0,3.63,37.6,226.0,1.0
2026-05-24T07:30:00Z,1.31,18.6,7.73,0.0162,41.1,46.3,9.0,26.0,4.05,37.7,184.0,1.0
2026-05-24T08:30:00Z,1.3,22.1,3.73,0.0148,46.7,44.5,11.3,26.8,5.23,37.6,336.0,0.975
2026-05-24T09:30:00Z,1.3,19.5,2.2,0.0121,61.6,46.0,14.5,27.0,6.25,38.1,325.0,1.0
2026-05-24T10:30:00Z,1.28,14.8,2.97,0.0103,77.9,44.3,13.0,27.7,6.23,38.4,330.0,0.833
2026-05-24T11:30:00Z,1.3,11.2,4.7,0.00975,85.1,44.5,13.0,28.3,9.48,37.4,326.0,0.475
2026-05-24T12:30:00Z,1.59,17.0,4.8,0.0129,53.5,49.8,13.5,32.5,15.2,35.4,317.0,0.225
2026-05-24T13:30:00Z,1.86,25.7,3.67,0.0167,24.5,61.0,18.7,37.0,7.43,32.8,311.0,0.133
2026-05-24T14:30:00Z,2.01,27.8,4.38,0.0184,14.0,66.8,22.5,39.5,10.2,32.0,336.0,0.175
2026-05-24T15:30:00Z,2.08,28.9,6.13,0.0204,7.38,72.3,27.3,43.0,13.8,31.0,262.0,0.175
2026-05-24T16:30:00Z,1.78,22.1,4.45,0.0154,21.9,76.5,32.0,45.0,13.0,30.1,324.0,0.175
2026-05-24T17:30:00Z,1.69,18.7,4.1,0.0133,19.3,71.0,31.7,47.0,10.8,29.4,141.0,0.233
2026-05-24T18:30:00Z,1.65,19.4,3.8,0.0135,,66.0,26.0,50.5,13.4,28.2,179.0,0.2
2026-05-24T19:30:00Z,1.58,17.4,2.65,0.0115,17.1,64.0,26.5,51.5,15.8,27.6,136.0,0.2
2026-05-24T20:30:00Z,1.42,12.0,2.13,0.00813,20.1,61.5,25.0,52.0,8.9,27.1,75.8,0.275
2026-05-24T21:30:00Z,1.32,8.25,1.7,0.00575,31.4,57.3,23.0,51.5,12.9,26.5,42.5,0.125
2026-05-24T22:30:00Z,1.39,10.9,2.03,0.00745,21.9,56.0,25.5,52.5,16.2,26.4,182.0,0.2
2026-05-24T23:30:00Z,1.37,7.9,1.43,0.00538,38.5,61.0,27.5,53.0,16.1,26.5,235.0,0.175
2026-05-25T00:30:00Z,1.54,10.9,1.95,0.00738,39.7,64.8,27.5,54.3,14.0,28.1,101.0,0.125
2026-05-25T01:30:00Z,1.65,14.3,3.33,0.0103,59.0,73.8,28.5,47.0,11.7,30.7,205.0,0.275
2026-05-25T02:30:00Z,1.51,17.4,6.83,0.0148,77.1,86.8,28.0,40.3,8.25,32.5,224.0,0.3
2026-05-25T03:30:00Z,1.44,21.0,15.1,0.0235,57.2,87.3,26.0,34.0,6.3,34.6,303.0,0.433
2026-05-25T04:30:00Z,1.33,24.1,7.13,0.0186,49.2,73.0,23.3,29.7,5.63,36.6,331.0,0.7
2026-05-25T06:30:00Z,1.34,20.4,4.87,0.0148,33.3,65.7,17.7,25.7,6.57,38.3,303.0,0.833
2026-05-25T07:30:00Z,1.33,19.3,4.28,0.0138,45.1,62.3,16.0,26.0,5.23,38.6,317.0,1.0
2026-05-25T08:30:00Z,1.31,18.5,3.17,0.0124,50.4,58.3,14.0,25.7,4.47,38.6,312.0,1.07
2026-05-25T09:30:00Z,1.29,14.6,1.63,0.00908,59.5,58.0,14.0,25.0,4.78,38.9,310.0,1.15
2026-05-25T10:30:00Z,1.25,9.43,1.38,0.0061,105.0,54.5,13.0,26.8,4.65,39.2,314.0,1.05
2026-05-25T11:30:00Z,1.34,7.1,1.7,0.00517,115.0,52.3,14.0,29.0,4.6,38.1,318.0,0.7
2026-05-25T12:30:00Z,1.5,10.0,3.5,0.00818,97.1,51.5,14.5,31.5,4.68,36.4,323.0,0.35
2026-05-25T13:30:00Z,2.08,20.9,3.68,0.0141,58.7,59.3,17.0,34.8,5.28,34.5,238.0,0.275
2026-05-25T14:30:00Z,2.28,33.5,6.48,0.0231,13.5,73.3,20.5,40.5,10.5,32.3,311.0,0.125
2026-05-25T15:30:00Z,1.82,26.4,3.83,0.0172,24.7,73.3,23.3,43.3,15.0,31.0,211.0,0.1
2026-05-25T16:30:00Z,1.5,17.9,3.15,0.0121,63.9,64.5,22.0,42.0,17.7,31.2,315.0,0.25
2026-05-25T17:30:00Z,1.26,8.03,2.37,0.00623,103.0,55.3,18.3,39.0,16.7,31.7,305.0,0.233
2026-05-25T18:30:00Z,1.33,7.5,1.6,0.0053,,45.0,15.0,45.5,9.1,29.0,349.0,0.2
2026-05-25T19:30:00Z,1.36,7.2,1.5,0.00505,70.7,42.3,16.0,48.5,10.4,28.0,328.0,0.15
2026-05-25T20:30:00Z,1.42,8.77,1.17,0.00563,58.0,42.5,19.8,51.8,10.1,27.1,173.0,0.175
2026-05-25T21:30:00Z,1.32,5.77,0.867,0.00373,73.1,45.7,22.3,51.3,9.33,26.4,319.0,0.233
2026-05-25T22:30:00Z,1.35,4.98,0.775,0.0033,67.0,44.0,19.0,53.5,11.9,25.6,334.0,0.15
2026-05-25T23:30:00Z,1.45,7.53,0.85,0.0047,56.1,44.5,18.8,55.3,14.1,25.5,262.0,0.225
2026-05-26T00:30:00Z,1.5,7.33,1.2,0.0049,75.4,53.7,23.0,51.3,17.9,26.8,230.0,0.267
2026-05-26T01:30:00Z,1.48,8.9,1.83,0.00623,85.0,58.5,22.3,44.8,13.9,30.4,269.0,0.275
2026-05-26T02:30:00Z,1.35,11.1,2.48,0.0079,103.0,54.3,19.0,34.3,15.8,33.0,318.0,0.6
2026-05-26T04:30:00Z,1.19,11.1,1.7,0.00725,92.5,44.5,13.5,23.0,5.0,35.4,328.0,1.25
2026-05-26T05:30:00Z,1.24,8.55,0.9,0.00525,88.5,38.8,9.5,23.0,4.53,36.1,320.0,1.3
2026-05-26T06:30:00Z,1.28,8.73,0.825,0.00533,86.0,38.5,9.5,21.0,5.05,36.9,323.0,1.35
2026-05-26T07:30:00Z,1.28,9.13,0.725,0.00545,86.6,40.3,7.0,18.5,5.23,37.9,328.0,1.3
2026-05-26T08:30:00Z,1.24,9.55,1.18,0.00608,87.2,48.5,4.5,17.0,5.33,38.3,333.0,1.55
2026-05-26T09:30:00Z,1.2,5.33,0.667,0.0034,126.0,61.3,6.0,19.3,5.6,38.7,341.0,1.3
2026-05-26T10:30:00Z,1.24,3.63,0.675,0.00248,147.0,54.5,6.0,20.3,5.68,38.9,337.0,1.23
2026-05-26T11:30:00Z,1.28,3.5,0.675,0.00238,151.0,38.5,8.5,21.8,5.25,38.1,344.0,0.825
2026-05-26T12:30:00Z,1.45,5.83,0.5,0.0035,130.0,42.3,13.0,25.5,5.95,35.9,330.0,0.475
2026-05-26T13:30:00Z,1.71,12.0,0.467,0.00677,79.9,52.3,15.0,31.0,7.83,32.9,332.0,0.233
2026-05-26T14:30:00Z,2.34,30.3,4.55,0.0198,16.4,61.0,17.0,33.5,12.5,31.7,245.0,0.2
2026-05-26T15:30:00Z,1.91,29.3,1.93,0.0171,20.1,81.3,27.5,36.3,17.7,29.8,127.0,0.2
2026-05-26T16:30:00Z,1.51,21.5,1.13,0.0124,51.2,66.3,24.0,34.5,15.8,29.1,331.0,0.2
2026-05-26T17:30:00Z,1.39,13.3,0.6,0.00753,62.9,53.3,21.7,35.0,18.4,28.3,144.0,0.1
2026-05-26T18:30:00Z,1.5,13.4,0.6,0.0076,,46.5,21.0,37.5,14.1,27.1,12.5,0.15
2026-05-26T19:30:00Z,1.36,8.2,0.6,0.00485,82.3,42.8,20.3,38.3,12.4,26.8,338.0,0.275
2026-05-26T20:30:00Z,1.41,5.3,0.567,0.00323,80.7,40.5,23.0,38.5,23.5,26.2,251.0,0.25
2026-05-26T21:30:00Z,1.42,4.9,0.55,0.00305,77.6,42.5,26.5,40.3,17.7,25.6,340.0,0.3
2026-05-26T22:30:00Z,1.37,4.67,0.433,0.00287,71.4,47.3,24.0,43.0,15.9,24.8,311.0,0.233
2026-05-26T23:30:00Z,1.54,6.18,0.45,0.00363,63.9,46.8,24.0,44.8,18.9,25.0,321.0,0.25
2026-05-27T00:30:00Z,1.7,8.98,0.65,0.0053,73.5,54.5,28.8,44.5,17.9,26.4,171.0,0.325
2026-05-27T01:30:00Z,1.75,8.23,0.75,0.005,115.0,69.0,32.5,40.8,14.2,29.2,282.0,0.325
2026-05-27T02:30:00Z,1.86,8.68,0.75,0.00523,162.0,69.8,34.0,35.5,15.9,32.3,180.0,0.625
2026-05-27T03:30:00Z,1.52,7.75,0.675,0.00468,145.0,79.0,38.8,37.0,12.2,32.7,193.0,0.625
2026-05-27T04:30:00Z,1.43,6.43,0.675,0.00395,146.0,81.8,33.3,34.3,9.0,34.3,215.0,0.6
2026-05-27T05:30:00Z,1.43,5.87,0.7,0.0037,151.0,68.7,23.3,30.7,7.57,35.7,278.0,0.6
2026-05-27T06:30:00Z,1.47,6.2,0.75,0.0039,160.0,67.0,23.0,29.0,6.95,36.7,296.0,0.65
2026-05-27T11:30:00Z,1.31,4.53,0.533,0.00283,156.0,39.0,10.7,25.7,6.27,39.6,329.0,0.567
2026-05-27T12:30:00Z,1.65,8.85,0.5,0.00515,120.0,45.8,12.5,30.3,6.38,37.4,319.0,0.25
2026-05-27T13:30:00Z,2.17,20.9,1.85,0.0126,61.4,58.8,16.5,34.5,7.53,34.8,296.0,0.175
2026-05-27T14:30:00Z,2.64,37.2,5.4,0.0241,8.0,75.3,23.8,40.8,10.9,32.4,323.0,0.1
2026-05-27T15:30:00Z,2.59,36.0,4.53,0.0228,9.73,86.5,27.5,44.0,12.1,31.3,338.0,0.15
2026-05-27T16:30:00Z,2.09,26.9,1.23,0.0154,23.4,78.3,25.0,43.8,10.9,31.0,130.0,0.125
2026-05-27T17:30:00Z,1.83,30.4,5.9,0.021,5.6,71.7,23.0,45.7,13.2,30.1,63.3,0.167
2026-05-27T18:30:00Z,1.73,23.7,5.65,0.0172,,72.5,26.0,49.5,11.8,29.1,56.0,0.2
2026-05-27T19:30:00Z,1.82,21.9,3.75,0.0147,5.43,69.0,26.5,50.8,12.3,27.9,42.0,0.15
2026-05-27T20:30:00Z,1.38,10.2,0.833,0.00603,33.5,60.8,26.0,48.3,19.7,28.3,208.0,0.25
2026-05-27T21:30:00Z,1.4,5.63,0.65,0.0035,102.0,67.5,32.8,49.3,24.7,30.0,175.0,0.75
2026-05-27T22:30:00Z,1.29,2.65,0.525,0.00183,128.0,76.8,36.5,54.5,12.7,30.4,176.0,1.03
2026-05-27T23:30:00Z,1.42,2.15,0.6,0.00163,139.0,69.5,26.3,55.3,11.0,30.8,162.0,1.13
2026-05-28T00:30:00Z,1.43,2.33,0.7,0.00183,135.0,69.8,20.0,55.0,10.1,31.3,170.0,1.38
2026-05-28T01:30:00Z,1.49,2.83,0.65,0.00203,122.0,77.3,21.0,56.5,10.3,31.4,179.0,1.43
2026-05-28T02:30:00Z,1.48,3.08,0.675,0.0022,108.0,82.8,20.8,59.5,9.65,30.8,168.0,1.28
2026-05-28T03:30:00Z,1.51,4.05,0.725,0.0027,105.0,75.3,18.5,55.5,7.65,31.9,174.0,1.45
2026-05-28T04:30:00Z,1.48,4.03,0.575,0.00263,116.0,63.0,19.5,49.8,8.4,33.7,177.0,1.18
2026-05-28T05:30:00Z,1.44,4.08,0.7,0.00275,108.0,61.5,21.0,46.8,9.0,34.8,187.0,0.95
2026-05-28T06:30:00Z,1.42,4.55,0.6,0.00288,102.0,66.0,19.8,44.5,8.85,35.5,200.0,0.75
2026-05-28T07:30:00Z,1.44,5.18,0.675,0.0033,85.9,65.5,18.5,42.8,8.95,36.7,207.0,0.675
2026-05-28T08:30:00Z,1.48,4.73,0.8,0.00318,83.3,62.0,18.5,42.0,8.58,37.4,212.0,0.625
2026-05-28T09:30:00Z,1.44,4.73,0.533,0.00293,107.0,62.3,19.0,41.7,9.2,37.9,197.0,0.6
2026-05-28T10:30:00Z,1.5,4.85,0.65,0.0031,154.0,66.5,21.5,45.5,13.1,37.4,194.0,0.6
2026-05-28T11:30:00Z,1.59,5.4,0.7,0.00345,148.0,70.0,22.0,48.0,13.2,36.6,180.0,0.6
2026-05-28T12:30:00Z,1.73,6.7,0.733,0.00417,138.0,78.0,25.7,53.0,14.9,34.8,183.0,0.467
2026-05-28T13:30:00Z,1.72,7.3,0.65,0.0044,132.0,79.0,25.0,54.5,18.5,34.3,187.0,0.6
2026-05-28T14:30:00Z,1.74,7.5,0.7,0.0045,90.6,88.0,27.0,60.0,13.2,33.2,186.0,0.8
2026-05-28T16:30:00Z,1.65,3.93,0.633,0.00257,87.7,81.0,25.7,64.7,15.3,32.1,181.0,0.7
2026-05-28T17:30:00Z,1.62,3.77,0.567,0.0025,89.8,75.0,26.7,65.7,14.0,31.9,170.0,0.667
2026-05-28T18:30:00Z,1.34,1.75,0.7,0.0015,,108.0,26.0,65.0,7.85,27.1,178.0,1.05
2026-05-28T19:30:00Z,1.31,1.6,0.7,0.0014,92.8,84.8,20.8,66.5,6.0,26.8,190.0,0.525
2026-05-28T20:30:00Z,1.27,2.37,0.533,0.0017,84.5,43.0,14.0,63.5,6.17,26.5,225.0,0.45
2026-05-28T21:30:00Z,1.22,1.85,0.6,0.00148,94.1,26.0,12.0,62.3,7.48,25.2,183.0,0.725
2026-05-28T22:30:00Z,1.22,1.77,0.567,0.0014,97.3,20.3,8.0,66.0,9.03,24.2,177.0,0.767
2026-05-28T23:30:00Z,1.3,2.45,0.675,0.00183,97.7,29.5,6.0,66.8,11.4,24.3,169.0,0.7
2026-05-29T00:30:00Z,1.32,3.23,0.7,0.00225,106.0,31.5,6.5,64.0,10.9,25.4,171.0,0.925
2026-05-29T01:30:00Z,1.33,3.18,0.775,0.0023,116.0,21.5,8.0,57.0,8.85,26.9,172.0,0.975
2026-05-29T02:30:00Z,1.31,3.83,0.675,0.00255,126.0,26.5,9.0,49.0,7.68,28.6,175.0,1.33
2026-05-29T03:30:00Z,1.34,3.88,0.775,0.00268,125.0,37.0,9.75,49.0,7.88,28.9,179.0,1.4
2026-05-29T04:30:00Z,1.34,3.55,0.75,0.0025,112.0,49.0,12.0,46.5,5.98,30.1,174.0,1.63
2026-05-29T05:30:00Z,1.34,3.55,0.65,0.0024,111.0,52.0,13.0,45.0,4.8,30.9,174.0,1.7
2026-05-29T06:30:00Z,1.44,4.9,0.65,0.0031,102.0,45.5,11.0,48.0,7.3,31.6,174.0,1.35
2026-05-29T07:30:00Z,1.38,6.0,0.675,0.00373,102.0,39.8,8.0,47.3,8.05,32.1,180.0,1.4
2026-05-29T08:30:00Z,1.36,6.2,0.8,0.004,105.0,34.0,5.0,47.0,8.2,32.3,173.0,1.4
2026-05-29T09:30:00Z,1.38,5.9,0.733,0.0037,111.0,35.7,10.3,47.0,7.8,33.4,190.0,1.1
2026-05-29T10:30:00Z,1.42,4.95,0.7,0.00318,144.0,37.8,10.5,50.8,9.1,36.0,184.0,1.13
2026-05-29T11:30:00Z,1.39,4.75,0.775,0.00315,165.0,42.5,11.5,54.0,10.2,33.9,185.0,1.03
2026-05-29T12:30:00Z,1.46,4.87,0.767,0.0032,140.0,39.3,14.3,57.0,9.1,31.8,185.0,0.767
2026-05-29T13:30:00Z,1.61,8.3,0.825,0.0051,99.5,40.0,13.8,58.5,8.13,31.1,176.0,0.8
2026-05-29T14:30:00Z,1.55,8.85,0.9,0.00543,94.9,39.3,14.0,55.3,8.03,30.7,172.0,0.8
2026-05-29T15:30:00Z,1.34,7.03,0.6,0.00425,112.0,29.8,10.5,41.5,6.4,30.1,161.0,0.6
2026-05-29T16:30:00Z,1.34,7.28,0.575,0.00435,104.0,23.3,7.75,43.8,6.13,29.3,163.0,0.525
2026-05-29T17:30:00Z,1.32,6.3,0.633,0.00383,106.0,20.7,9.33,45.0,6.25,29.1,150.0,0.567
2026-05-29T18:30:00Z,1.35,5.15,0.65,0.00325,,26.5,10.0,52.0,6.35,28.6,168.0,0.7
2026-05-29T19:30:00Z,1.34,4.1,0.6,0.00265,101.0,28.0,10.0,53.5,5.75,28.4,172.0,0.575
2026-05-29T20:30:00Z,1.29,2.03,0.667,0.0016,110.0,25.0,10.7,53.3,4.1,28.4,178.0,1.07
2026-05-29T21:30:00Z,1.31,1.15,0.625,0.00113,110.0,24.0,10.5,53.3,3.23,28.7,175.0,1.25
2026-05-29T22:30:00Z,1.32,1.08,0.55,0.00103,103.0,24.0,9.0,54.8,3.63,28.3,180.0,1.15
2026-05-29T23:30:00Z,1.36,1.7,0.7,0.00147,91.6,26.7,9.33,58.3,5.7,28.0,171.0,1.2
2026-05-30T00:30:00Z,1.37,2.08,0.7,0.00168,94.9,28.0,9.5,58.3,5.5,28.3,165.0,1.05
2026-05-30T01:30:00Z,1.31,2.15,0.725,0.00175,102.0,41.5,9.0,71.8,5.03,22.5,204.0,1.28
2026-05-30T02:30:00Z,1.37,2.93,0.8,0.0022,65.4,34.0,6.75,87.3,3.63,19.7,109.0,1.08
2026-05-30T03:30:00Z,1.43,4.1,0.725,0.00273,61.5,7.5,4.0,88.5,3.8,19.7,215.0,0.725
2026-05-30T04:30:00Z,1.33,3.15,0.7,0.00225,75.4,5.5,5.0,88.3,3.1,19.3,191.0,0.975
2026-05-30T05:30:00Z,1.36,3.83,0.875,0.00273,62.9,4.5,5.0,88.5,3.23,19.3,272.0,0.925
2026-05-30T06:30:00Z,1.35,3.2,0.775,0.00233,64.3,5.0,4.25,90.8,4.2,18.7,257.0,1.28
2026-05-30T07:30:00Z,1.48,6.53,1.13,0.0044,54.8,,3.67,92.0,4.43,18.8,119.0,0.667
2026-05-30T08:30:00Z,1.55,7.68,1.2,0.00508,48.9,2.0,3.0,91.8,4.23,19.0,133.0,0.75
2026-05-30T09:30:00Z,1.6,6.88,1.1,0.00458,53.5,6.75,4.5,87.0,3.93,20.3,165.0,0.85
2026-05-30T10:30:00Z,1.54,6.05,1.0,0.00405,70.8,13.0,5.0,71.3,4.98,23.7,165.0,0.75
2026-05-30T11:30:00Z,1.63,7.28,1.0,0.00468,63.6,15.5,5.0,68.3,4.95,25.2,263.0,0.275
2026-05-30T12:30:00Z,2.2,21.1,3.58,0.0141,15.6,27.5,9.75,76.3,5.3,24.1,258.0,0.3
2026-05-30T13:30:00Z,2.16,18.9,1.43,0.0112,14.4,35.8,14.5,80.3,4.8,23.2,277.0,0.375
2026-05-30T14:30:00Z,1.46,15.2,0.825,0.0087,26.5,35.3,17.0,77.8,3.68,22.8,279.0,0.2
2026-05-30T15:30:00Z,1.61,15.8,1.6,0.0097,13.8,41.0,18.0,79.8,4.73,22.6,150.0,0.2
2026-05-30T16:30:00Z,1.61,14.5,1.78,0.00915,8.43,43.5,19.3,85.3,4.35,22.1,216.0,0.3
2026-05-30T17:30:00Z,1.8,13.8,1.73,0.00883,5.33,43.7,21.3,88.0,4.7,21.7,46.7,0.2
2026-05-30T18:30:00Z,1.65,13.5,2.35,0.0091,,40.0,20.0,88.0,5.65,21.9,167.0,0.3
2026-05-30T19:30:00Z,1.59,13.2,1.95,0.0086,8.23,43.8,21.5,86.3,5.5,21.7,162.0,0.3
2026-05-30T20:30:00Z,1.32,8.7,0.933,0.00537,18.7,47.5,25.0,83.3,7.37,21.7,190.0,0.4
2026-05-30T21:30:00Z,1.3,7.3,0.825,0.00455,18.9,42.8,24.5,83.8,7.48,21.7,86.5,0.2
2026-05-30T22:30:00Z,1.44,5.08,0.9,0.00343,19.9,36.5,20.5,83.3,5.1,21.7,225.0,0.325
2026-05-30T23:30:00Z,1.52,5.83,0.85,0.00378,13.9,31.5,18.3,83.8,5.15,21.9,221.0,0.275
2026-05-31T00:30:00Z,1.57,9.2,1.6,0.0062,15.3,32.3,18.0,79.5,5.9,22.5,141.0,0.4
2026-05-31T01:30:00Z,1.5,7.87,1.2,0.00517,35.0,32.7,18.3,76.0,7.13,23.1,305.0,0.367
2026-05-31T02:30:00Z,1.32,5.15,0.825,0.00343,68.5,27.8,15.5,69.8,9.05,24.2,178.0,0.925
2026-05-31T03:30:00Z,1.25,3.45,0.625,0.00233,85.9,21.0,11.5,65.5,6.95,24.3,182.0,1.15
2026-05-31T04:30:00Z,1.24,4.38,0.825,0.003,79.5,15.5,7.75,59.3,5.55,25.9,164.0,0.95
2026-05-31T05:30:00Z,1.3,5.0,0.825,0.0033,80.7,13.0,5.5,59.5,5.37,27.0,172.0,0.975
2026-05-31T06:30:00Z,1.31,5.15,0.725,0.00335,90.4,10.8,5.0,55.5,4.7,28.0,173.0,0.8
2026-05-31T07:30:00Z,1.37,4.98,0.8,0.0033,91.3,10.5,3.0,56.5,4.68,27.7,177.0,0.65
2026-05-31T08:30:00Z,1.35,4.78,0.775,0.00318,85.7,11.0,4.25,52.5,4.48,28.5,179.0,0.75
2026-05-31T09:30:00Z,1.27,4.28,0.65,0.0028,80.8,7.75,6.0,48.5,3.95,30.1,228.0,0.6
2026-05-31T10:30:00Z,1.27,4.1,0.725,0.00275,106.0,8.25,3.5,49.8,6.83,30.6,254.0,0.525
2026-05-31T11:30:00Z,1.31,4.73,0.7,0.00308,123.0,14.3,1.5,52.5,8.58,29.8,292.0,0.55
2026-05-31T12:30:00Z,1.4,5.13,0.65,0.00325,102.0,14.0,3.0,56.0,6.18,29.1,317.0,0.225
2026-05-31T13:30:00Z,1.81,14.8,1.18,0.00883,52.4,13.3,5.5,62.3,6.8,27.3,218.0,0.1
2026-05-31T14:30:00Z,2.0,23.8,2.03,0.0143,17.4,28.0,9.75,69.5,5.93,26.3,303.0,0.1
2026-05-31T15:30:00Z,2.14,25.5,3.7,0.0165,7.5,44.7,14.7,73.0,5.3,25.5,231.0,0.1
2026-05-31T16:30:00Z,1.98,19.5,1.83,0.0119,8.58,53.5,17.0,76.0,5.53,24.4,263.0,0.15
2026-05-31T17:30:00Z,1.69,16.6,0.967,0.00963,15.0,51.0,16.0,77.7,5.4,23.8,130.0,0.1
2026-05-31T18:30:00Z,1.52,13.9,1.05,0.0082,,43.0,14.0,79.5,7.8,23.8,307.0,0.15
2026-05-31T19:30:00Z,1.55,12.9,0.85,0.0075,20.5,40.3,13.3,80.0,7.9,23.7,191.0,0.125
2026-05-31T20:30:00Z,1.24,7.33,0.833,0.0046,35.9,35.0,15.5,75.8,10.4,24.1,232.0,0.15
2026-05-31T21:30:00Z,1.22,6.2,0.7,0.00385,29.5,35.5,21.0,74.5,13.0,24.3,174.0,0.15
2026-05-31T22:30:00Z,1.31,6.6,0.8,0.0042,24.1,34.3,20.5,74.0,10.3,24.0,253.0,0.2
2026-05-31T23:30:00Z,1.51,9.08,0.95,0.00563,14.4,28.3,14.8,73.0,8.38,24.2,186.0,0.2
2026-06-01T00:30:00Z,1.69,12.1,2.47,0.00847,12.7,32.3,14.3,72.3,10.9,24.5,153.0,0.3
2026-06-01T01:30:00Z,1.75,11.4,1.85,0.00753,34.7,53.5,24.8,66.5,24.7,25.9,165.0,0.45
2026-06-01T02:30:00Z,1.68,8.58,1.03,0.00538,69.5,65.0,34.8,62.5,34.2,26.8,178.0,0.325
2026-06-01T03:30:00Z,1.54,9.5,1.0,0.0059,74.5,64.3,32.7,60.0,28.9,27.6,162.0,0.367
2026-06-01T04:30:00Z,1.35,6.7,0.867,0.00427,89.2,52.7,24.3,57.7,19.4,28.7,212.0,0.467
2026-06-01T05:30:00Z,1.38,5.53,0.825,0.0036,112.0,45.5,20.5,56.0,15.6,29.9,222.0,0.6
2026-06-01T06:30:00Z,1.37,5.95,0.75,0.00375,87.5,43.0,20.5,51.8,11.9,30.7,264.0,0.825
2026-06-01T07:30:00Z,1.28,5.15,0.7,0.00333,95.2,32.5,16.3,48.3,5.43,31.4,282.0,0.75
2026-06-01T08:30:00Z,1.34,4.6,0.7,0.00303,113.0,21.0,8.75,46.5,5.33,32.2,232.0,0.6
2026-06-01T09:30:00Z,1.35,4.55,0.625,0.00293,119.0,20.5,7.75,45.0,5.55,32.9,205.0,0.575
2026-06-01T10:30:00Z,1.54,6.37,0.633,0.00393,119.0,21.7,9.67,47.3,6.53,32.9,152.0,0.7
2026-06-01T11:30:00Z,1.46,9.55,1.0,0.00588,87.6,23.5,7.5,53.8,6.25,31.1,137.0,0.925
2026-06-01T12:30:00Z,1.53,9.35,1.13,0.00588,81.5,22.8,5.5,56.8,5.75,29.3,139.0,0.75
2026-06-01T13:30:00Z,1.57,10.8,1.13,0.00667,69.9,19.3,7.33,56.7,4.97,28.7,144.0,0.533
2026-06-01T14:30:00Z,1.81,14.3,1.85,0.0091,49.1,23.8,11.0,58.5,5.8,28.2,131.0,0.525
2026-06-01T15:30:00Z,1.75,15.0,1.85,0.00948,36.8,29.0,14.0,61.8,4.5,27.4,111.0,0.3
2026-06-01T16:30:00Z,1.39,9.95,1.15,0.00625,49.6,32.0,14.5,62.0,5.23,27.0,120.0,0.325
2026-06-01T17:30:00Z,1.22,7.13,0.667,0.00433,55.3,30.3,12.7,62.7,4.35,26.9,117.0,0.3
2026-06-01T18:30:00Z,1.21,4.35,0.7,0.0029,,14.5,4.0,63.5,4.3,26.7,120.0,0.35
2026-06-01T19:30:00Z,1.23,3.65,0.45,0.0023,65.5,13.5,3.5,64.5,5.05,26.4,101.0,0.225
2026-06-01T20:30:00Z,1.3,3.57,0.633,0.0024,60.9,12.0,3.5,66.3,5.0,25.8,103.0,0.2
2026-06-01T21:30:00Z,1.3,3.58,0.6,0.0024,58.5,12.0,4.5,68.0,4.93,25.3,106.0,0.225
2026-06-01T22:30:00Z,1.32,3.93,0.6,0.00257,54.7,12.3,4.67,68.0,5.07,25.2,119.0,0.333
2026-06-01T23:30:00Z,1.38,5.28,0.75,0.00343,44.3,12.0,5.0,68.3,4.05,25.1,98.5,0.25
2026-06-02T00:30:00Z,1.38,6.8,1.18,0.00455,43.2,15.0,6.0,64.8,4.0,27.1,133.0,0.5
2026-06-02T01:30:00Z,1.44,6.27,1.33,0.0044,60.1,17.0,8.0,59.3,4.23,28.8,130.0,0.433
2026-06-02T02:30:00Z,1.4,3.73,0.9,0.0027,93.2,14.8,9.0,56.5,4.35,29.8,194.0,0.425
2026-06-02T03:30:00Z,1.41,4.48,0.575,0.00283,102.0,15.5,7.0,53.3,5.6,31.0,183.0,0.425
2026-06-02T04:30:00Z,1.37,5.27,0.833,0.00343,114.0,22.0,6.67,51.3,7.73,31.2,270.0,0.567
2026-06-02T05:30:00Z,,,,,100.0,33.8,11.0,50.0,,32.0,280.0,0.575
2026-06-02T06:30:00Z,1.37,21.3,0.9,0.012,97.9,32.3,12.7,47.0,6.9,32.5,265.0,0.667
2026-06-02T07:30:00Z,1.36,18.3,1.03,0.0106,,20.3,13.0,44.8,4.38,33.5,291.0,0.7
2026-06-02T08:30:00Z,1.06,17.1,0.65,0.00963,97.1,24.7,11.0,43.7,4.5,34.1,297.0,0.7
2026-06-02T09:30:00Z,1.08,16.8,0.7,0.0095,108.0,29.5,10.0,46.0,4.45,34.6,179.0,0.7
2026-06-02T11:30:00Z,1.21,21.6,0.9,0.0122,111.0,26.3,8.0,51.0,5.48,34.0,260.0,0.575
2026-06-02T12:30:00Z,1.35,36.8,0.625,0.0201,89.1,26.5,10.0,53.8,7.43,32.8,299.0,0.25
2026-06-02T13:30:00Z,1.64,95.2,3.1,0.0532,29.6,33.3,12.0,56.3,6.33,31.3,86.7,0.1
2026-06-02T14:30:00Z,2.05,76.6,8.3,0.0475,38.4,44.3,18.3,56.0,7.23,31.7,178.0,0.425
2026-06-02T15:30:00Z,1.66,38.0,1.53,0.0215,45.4,64.3,29.3,60.3,6.18,31.2,184.0,0.325
2026-06-02T16:30:00Z,1.5,22.2,0.975,0.0126,38.6,68.8,29.8,65.0,5.15,29.9,138.0,0.125
2026-06-02T17:30:00Z,1.33,23.8,0.767,0.0133,32.2,60.3,24.7,67.7,5.35,28.9,148.0,0.233
2026-06-02T18:30:00Z,1.04,24.8,1.05,0.014,,44.5,20.0,67.5,7.25,28.3,155.0,0.3
2026-06-02T19:30:00Z,1.05,22.5,0.8,0.0126,42.7,38.8,18.5,68.8,8.45,28.2,161.0,0.275
2026-06-02T20:30:00Z,1.1,22.9,0.833,0.0129,42.3,40.3,20.5,69.5,12.7,27.9,130.0,0.35
2026-06-02T21:30:00Z,1.06,20.7,0.825,0.0117,46.3,41.3,19.8,70.5,10.3,27.0,90.8,0.225
2026-06-02T22:30:00Z,1.04,22.1,0.925,0.0125,49.0,30.8,16.5,69.5,8.03,26.9,96.0,0.25
2026-06-02T23:30:00Z,1.07,21.0,1.05,0.012,35.1,29.5,17.0,72.5,6.13,26.2,330.0,0.575
2026-06-03T00:30:00Z,1.14,22.1,1.48,0.013,25.2,40.3,21.3,73.3,5.48,26.6,67.3,0.35
2026-06-03T01:30:00Z,1.18,24.5,1.83,0.0145,36.7,55.8,27.5,69.5,6.95,28.2,157.0,0.425
2026-06-03T02:30:00Z,1.18,22.0,1.0,0.0125,62.9,60.3,27.3,61.3,9.9,30.3,125.0,0.367
2026-06-03T03:30:00Z,1.1,17.6,0.9,0.0101,80.3,49.3,22.3,57.5,12.4,30.6,314.0,0.625
2026-06-03T04:30:00Z,1.2,19.8,1.3,0.0116,82.1,44.3,19.0,54.3,15.9,31.9,302.0,0.625
2026-06-03T05:30:00Z,1.29,19.9,0.8,0.0112,86.3,50.0,21.0,51.5,17.2,32.5,309.0,0.7
2026-06-03T06:30:00Z,1.1,17.0,1.65,0.0104,64.9,49.0,18.0,47.0,7.9,33.9,314.0,0.85
2026-06-03T07:30:00Z,1.05,17.9,1.0,0.0103,69.9,45.3,18.7,46.0,6.17,34.1,318.0,0.933
2026-06-03T08:30:00Z,1.03,19.1,0.7,0.0107,89.0,36.0,18.7,50.0,6.43,34.0,320.0,1.1
2026-06-03T09:30:00Z,1.04,17.5,0.6,0.00925,93.7,34.0,16.0,55.0,7.4,33.4,332.0,0.8
2026-06-03T10:30:00Z,1.05,23.8,1.5,0.0139,93.9,32.0,14.0,49.0,7.7,34.0,349.0,0.7
2026-06-03T11:30:00Z,1.02,19.4,1.1,0.0112,98.1,34.8,13.5,49.3,10.6,33.4,320.0,0.525
2026-06-03T12:30:00Z,1.12,27.8,0.7,0.0153,88.8,35.5,14.0,53.3,10.7,32.2,307.0,0.175
2026-06-03T13:30:00Z,1.41,68.2,0.925,0.037,52.4,38.8,16.5,61.0,10.5,30.2,214.0,0.1
2026-06-03T14:30:00Z,1.97,,,,12.4,52.3,21.5,64.8,11.1,29.4,225.0,0.125
2026-06-03T15:30:00Z,1.84,,,,13.7,65.8,29.3,67.3,8.68,28.8,143.0,0.15
2026-06-03T16:30:00Z,1.36,53.7,0.875,0.0293,35.2,67.0,29.3,67.0,8.75,27.9,335.0,0.125
2026-06-03T17:30:00Z,1.34,50.4,0.933,0.0276,23.7,63.3,25.3,69.7,10.5,27.5,40.0,0.167
2026-06-03T18:30:00Z,1.11,36.0,1.45,0.0203,,71.5,30.0,69.0,17.1,27.2,15.5,0.2
2026-06-03T19:30:00Z,1.03,30.2,0.95,0.0168,42.9,64.3,28.3,68.7,20.4,27.1,75.0,0.167
2026-06-03T20:30:00Z,1.12,32.9,1.1,0.0184,33.0,47.0,24.5,66.5,13.3,28.2,163.0,0.475
2026-06-03T21:30:00Z,1.08,27.3,0.8,0.0152,41.3,50.5,24.5,65.8,15.2,28.0,181.0,0.25
2026-06-03T22:30:00Z,1.1,24.9,0.8,0.0139,37.0,53.0,26.5,67.8,19.3,27.5,142.0,0.325
2026-06-03T23:30:00Z,0.993,20.8,0.85,0.0118,43.1,49.5,25.8,67.3,9.3,27.3,127.0,0.325
2026-06-04T00:30:00Z,1.01,29.0,1.43,0.0166,46.4,43.0,18.7,64.7,7.0,29.1,163.0,0.4
2026-06-04T01:30:00Z,1.17,26.6,1.25,0.0152,53.4,46.3,18.0,62.8,6.28,30.5,173.0,0.45
2026-06-04T02:30:00Z,1.09,19.1,0.9,0.0109,68.2,47.3,19.0,57.5,6.45,31.4,181.0,0.65
2026-06-04T03:30:00Z,1.07,22.3,0.925,0.0126,72.0,45.3,19.3,53.5,9.53,32.6,189.0,0.625
2026-06-04T04:30:00Z,1.03,20.4,1.1,0.0118,76.6,51.0,22.0,49.3,8.9,33.9,187.0,0.7
2026-06-04T05:30:00Z,1.08,17.8,1.43,0.0106,78.7,52.7,23.3,48.0,8.75,34.6,179.0,0.7
2026-06-04T06:30:00Z,1.1,17.0,1.05,0.0099,72.6,51.5,23.5,44.5,7.8,35.6,232.0,0.7
2026-06-04T07:30:00Z,1.08,17.3,0.267,0.0094,79.1,49.3,21.7,43.7,5.93,35.9,219.0,0.633
2026-06-04T08:30:00Z,1.05,17.4,0.6,0.00978,84.5,45.8,19.5,42.8,5.88,36.7,200.0,0.5
2026-06-04T09:30:00Z,1.08,15.9,1.07,0.00937,89.4,48.0,21.7,43.0,6.67,36.6,166.0,0.567
2026-06-04T10:30:00Z,1.08,29.5,1.78,0.0171,73.1,49.0,19.8,42.8,5.93,35.7,144.0,1.05
2026-06-04T11:30:00Z,1.08,26.6,1.47,0.0153,85.2,38.3,12.0,52.0,5.67,32.4,247.0,1.3
2026-06-04T12:30:00Z,1.09,20.7,0.65,0.0115,83.7,81.0,17.3,60.5,5.9,29.6,268.0,0.675
2026-06-04T13:30:00Z,1.01,15.2,0.5,0.00853,79.3,101.0,21.5,70.5,5.83,25.5,331.0,1.63
2026-06-04T14:30:00Z,1.11,18.3,1.45,0.0109,51.2,47.8,14.5,84.3,5.63,23.0,105.0,0.875
2026-06-04T15:30:00Z,1.06,17.7,1.7,0.0108,33.7,25.0,10.5,86.8,4.78,22.5,69.8,0.6
2026-06-04T16:30:00Z,0.99,12.4,1.25,0.0076,44.9,19.0,9.5,77.0,4.7,24.1,118.0,1.13
2026-06-04T17:30:00Z,0.97,9.77,0.7,0.00577,60.8,14.0,8.67,62.7,5.15,25.6,229.0,0.5
2026-06-04T19:30:00Z,,,,,46.6,12.0,9.0,72.5,,24.3,100.0,0.3
2026-06-04T20:30:00Z,1.06,8.3,0.6,0.00493,43.9,13.5,9.0,73.3,7.4,24.3,78.5,0.25
2026-06-04T21:30:00Z,1.05,4.6,0.625,0.00295,39.8,16.5,8.5,73.3,7.95,24.4,252.0,0.275
2026-06-04T22:30:00Z,1.07,10.9,0.825,0.00643,34.7,19.0,9.25,75.8,9.45,23.9,312.0,0.25
2026-06-04T23:30:00Z,1.08,17.5,0.35,0.0096,31.1,23.0,13.0,77.0,8.4,23.8,330.0,0.275
2026-06-05T00:30:00Z,1.19,22.7,1.43,0.0132,18.0,25.0,15.5,77.0,5.85,24.3,327.0,0.225
2026-06-05T01:30:00Z,1.31,34.2,3.13,0.0208,18.0,29.8,20.0,71.3,8.25,25.9,204.0,0.25
2026-06-05T02:30:00Z,1.22,24.0,2.35,0.0146,36.3,38.8,23.0,64.3,11.1,26.5,328.0,0.475
2026-06-05T03:30:00Z,1.12,21.0,1.05,0.0121,55.6,32.8,16.5,58.0,14.0,28.3,334.0,0.575
2026-06-05T04:30:00Z,1.06,16.9,1.08,0.00985,65.5,28.8,12.0,55.8,12.7,29.4,315.0,0.675
2026-06-05T05:30:00Z,1.1,19.7,1.28,0.0116,67.4,33.0,12.3,51.8,12.4,31.3,125.0,0.5
2026-06-05T06:30:00Z,1.11,22.7,0.55,0.0126,64.3,30.0,11.8,47.8,7.85,32.3,255.0,0.525
2026-06-05T07:30:00Z,1.12,24.4,1.6,0.0143,74.5,31.0,14.0,45.0,5.98,33.3,250.0,0.525
2026-06-05T08:30:00Z,1.06,22.4,1.13,0.0128,76.7,33.0,15.5,44.0,4.58,33.5,257.0,0.7
2026-06-05T09:30:00Z,1.08,22.4,1.2,0.0129,83.7,31.0,14.0,45.0,4.55,34.1,202.0,0.6
2026-06-05T10:30:00Z,1.15,23.2,1.25,0.0133,103.0,28.0,15.0,49.0,5.23,34.3,202.0,0.575
2026-06-05T11:30:00Z,1.2,27.8,1.28,0.0159,106.0,30.0,17.5,52.5,7.1,33.2,191.0,0.575
2026-06-05T12:30:00Z,1.28,38.9,0.65,0.0212,86.4,32.0,14.8,51.5,10.9,32.6,192.0,0.375
2026-06-05T13:30:00Z,1.6,94.6,1.57,0.0512,45.0,35.8,14.8,54.8,12.3,31.7,189.0,0.25
2026-06-05T14:30:00Z,1.71,97.7,1.3,0.053,34.1,50.3,22.3,60.5,21.6,30.5,179.0,0.125
2026-06-05T15:30:00Z,1.75,,,,18.0,65.8,26.5,64.5,10.5,29.6,111.0,0.275
2026-06-05T16:30:00Z,1.34,,,,29.4,56.0,20.3,67.3,5.4,28.4,99.8,0.275
2026-06-05T17:30:00Z,1.25,,,,30.1,39.0,13.7,69.0,5.85,27.8,83.3,0.2
2026-06-05T19:30:00Z,,,,,29.1,31.0,11.0,72.0,,26.7,98.5,0.3
2026-06-05T20:30:00Z,1.16,,,,28.5,29.3,13.5,72.8,8.13,26.3,47.5,0.175
2026-06-05T21:30:00Z,1.15,,,,26.2,27.0,15.5,74.8,7.6,25.7,207.0,0.125
2026-06-05T22:30:00Z,1.19,,,,18.7,29.8,15.0,77.5,8.05,25.3,42.0,0.125
2026-06-05T23:30:00Z,1.22,,,,14.8,33.8,16.0,77.0,7.05,25.5,60.3,0.15
2026-06-06T00:30:00Z,1.26,,,,17.0,38.3,19.3,73.5,6.4,27.3,60.8,0.2
2026-06-06T01:30:00Z,1.24,,,,48.1,45.3,24.8,68.0,8.6,28.6,283.0,0.425
2026-06-06T02:30:00Z,1.24,,,,71.2,52.8,29.0,62.8,12.6,29.5,294.0,0.75
2026-06-06T03:30:00Z,1.18,,,,74.3,57.5,29.5,57.0,14.6,30.9,307.0,0.8
2026-06-06T04:30:00Z,1.13,16.2,1.05,0.0094,82.3,61.3,25.5,53.5,13.1,32.3,315.0,0.825
2026-06-06T05:30:00Z,1.08,12.3,0.725,0.00713,83.2,57.8,20.8,49.5,12.5,33.5,309.0,0.95
2026-06-06T06:30:00Z,1.02,4.93,0.725,0.00318,75.0,44.5,16.3,42.8,8.13,34.6,313.0,0.9
2026-06-06T07:30:00Z,0.983,3.53,0.733,0.00247,69.1,37.7,12.3,40.0,7.03,35.2,324.0,0.867
2026-06-06T08:30:00Z,0.958,3.03,0.75,0.0022,81.7,36.0,11.0,40.3,6.15,35.3,318.0,0.875
2026-06-06T09:30:00Z,0.955,3.0,0.65,0.00213,93.8,34.3,11.0,40.8,6.05,35.8,312.0,0.8
2026-06-06T10:30:00Z,0.973,2.75,0.6,0.002,111.0,34.0,12.0,43.3,6.9,35.8,318.0,0.9
2026-06-06T11:30:00Z,1.02,3.23,0.575,0.00218,113.0,37.8,13.5,46.3,7.63,35.3,328.0,0.725
2026-06-06T12:30:00Z,1.13,5.53,0.65,0.00348,96.5,42.5,16.5,52.3,8.43,33.9,311.0,0.45
2026-06-06T13:30:00Z,1.36,10.5,0.7,0.00618,65.7,49.5,19.0,56.3,9.33,31.9,299.0,0.175
2026-06-06T14:30:00Z,1.61,20.7,0.9,0.0118,28.3,59.8,21.5,56.8,11.9,30.5,278.0,0.175
2026-06-06T15:30:00Z,1.47,17.2,0.95,0.00993,35.5,56.8,22.0,57.0,9.38,29.1,295.0,0.15
2026-06-06T16:30:00Z,1.54,20.3,1.05,0.0117,18.7,46.5,19.5,59.3,7.8,28.1,208.0,0.15
2026-06-06T17:30:00Z,1.31,17.2,1.17,0.0101,25.5,48.7,20.0,59.0,10.7,28.0,54.7,0.2
2026-06-06T19:30:00Z,,,,,44.1,32.5,13.5,58.5,,27.3,123.0,0.3
2026-06-06T20:30:00Z,1.08,6.87,0.433,0.00403,49.5,32.0,12.0,53.8,15.9,28.2,163.0,0.425
2026-06-06T21:30:00Z,1.25,10.2,0.75,0.00598,28.9,48.0,22.0,58.3,47.2,28.2,160.0,0.5
2026-06-06T22:30:00Z,1.27,9.13,0.8,0.00553,42.4,75.5,37.0,62.8,31.3,28.4,152.0,0.5
2026-06-06T23:30:00Z,1.23,8.1,0.75,0.0049,47.4,77.8,34.3,63.5,15.0,28.0,124.0,0.425
2026-06-07T00:30:00Z,1.08,7.08,0.825,0.00445,50.1,56.8,21.8,53.3,7.83,28.8,125.0,0.5
2026-06-07T01:30:00Z,1.24,6.37,0.867,0.00413,61.9,34.0,13.7,48.7,5.47,30.6,159.0,0.433
2026-06-07T02:30:00Z,1.2,4.95,0.65,0.00318,80.1,33.3,14.5,52.8,7.38,31.7,191.0,0.425
2026-06-07T03:30:00Z,1.24,4.68,0.65,0.003,86.2,51.5,22.3,51.5,13.1,32.9,199.0,0.55
2026-06-07T04:30:00Z,1.19,4.73,0.675,0.00303,91.2,67.3,28.5,47.5,11.1,34.1,264.0,0.6
2026-06-07T05:30:00Z,1.09,4.58,0.6,0.00288,92.6,63.3,24.0,43.0,9.17,35.3,285.0,0.65
2026-06-07T06:30:00Z,1.04,4.88,0.575,0.00308,98.1,55.5,20.8,39.5,7.43,35.9,304.0,0.75
2026-06-07T07:30:00Z,1.01,4.6,0.7,0.00305,104.0,55.0,21.5,38.5,5.73,36.6,316.0,0.825
2026-06-07T08:30:00Z,0.975,3.7,0.575,0.00243,109.0,55.5,20.0,36.8,4.9,36.9,340.0,0.8
2026-06-07T09:30:00Z,0.965,3.15,0.8,0.0023,114.0,56.0,19.0,36.5,4.6,36.8,333.0,0.8
2026-06-07T10:30:00Z,0.97,2.65,0.65,0.0019,132.0,47.5,14.0,36.5,6.25,37.1,319.0,0.7
2026-06-07T11:30:00Z,0.95,2.9,0.55,0.00198,134.0,46.0,15.0,39.5,6.8,36.9,340.0,0.375
2026-06-07T12:30:00Z,1.18,6.33,0.6,0.00387,111.0,47.7,18.7,48.3,8.2,34.2,301.0,0.167
2026-06-07T13:30:00Z,1.55,17.0,0.85,0.00975,67.3,61.0,25.8,54.5,8.5,32.3,249.0,0.15
2026-06-07T14:30:00Z,1.91,34.2,1.5,0.0195,23.3,77.0,32.5,60.8,9.3,30.9,94.3,0.1
2026-06-07T15:30:00Z,1.55,20.8,0.9,0.0118,55.6,78.0,29.8,62.3,7.78,30.0,202.0,0.1
2026-06-07T16:30:00Z,1.67,22.2,0.875,0.0125,24.3,78.3,28.8,66.0,5.75,29.3,85.8,0.175
2026-06-07T17:30:00Z,1.47,20.4,0.8,0.0115,20.7,82.0,33.0,66.3,7.65,28.6,66.0,0.2
2026-06-07T19:30:00Z,,,,,65.9,47.5,19.0,55.0,,29.0,166.0,0.4
2026-06-07T20:30:00Z,1.1,5.9,0.5,0.00357,63.3,46.0,17.0,57.3,8.57,28.7,141.0,0.275
2026-06-07T21:30:00Z,1.11,5.83,0.65,0.00365,63.4,45.0,16.5,59.3,7.98,28.3,151.0,0.3
2026-06-07T22:30:00Z,1.13,5.4,0.533,0.0033,63.4,45.7,17.7,59.3,7.57,28.6,161.0,0.4
2026-06-07T23:30:00Z,1.16,6.7,0.8,0.00423,62.8,49.8,18.8,61.0,7.28,28.3,138.0,0.35
2026-06-08T00:30:00Z,1.25,8.38,0.75,0.00505,51.7,53.5,20.0,59.5,7.0,29.1,137.0,0.325
2026-06-08T01:30:00Z,1.37,7.75,0.875,0.00485,64.3,57.8,20.5,57.3,7.23,30.5,179.0,0.375
2026-06-08T02:30:00Z,1.3,5.43,0.525,0.0033,82.2,70.3,26.0,54.5,9.05,31.9,199.0,0.475
2026-06-08T03:30:00Z,1.3,5.45,0.625,0.0034,89.8,84.3,29.5,51.0,14.1,33.2,251.0,0.5
2026-06-08T04:30:00Z,1.24,5.47,0.633,0.0034,87.5,89.0,30.3,45.7,12.6,34.8,259.0,0.567
2026-06-08T05:30:00Z,1.12,4.88,0.65,0.00315,96.0,76.8,27.8,38.0,8.13,36.2,314.0,0.725
2026-06-08T06:30:00Z,1.04,4.83,0.75,0.00318,86.2,58.5,20.0,35.0,6.43,37.0,313.0,0.875
2026-06-08T07:30:00Z,0.99,4.8,0.6,0.00305,92.5,53.0,18.0,31.5,5.7,37.8,312.0,0.9
2026-06-08T08:30:00Z,0.943,3.77,0.533,0.00243,84.5,36.3,14.3,30.7,3.97,37.6,330.0,0.833
2026-06-08T09:30:00Z,0.948,3.73,0.675,0.0025,89.8,30.3,11.5,30.8,4.43,37.8,321.0,0.85
2026-06-08T10:30:00Z,0.987,3.93,0.633,0.0026,116.0,32.3,11.3,33.7,5.13,38.0,333.0,0.767
2026-06-08T11:30:00Z,0.978,3.5,0.5,0.00228,131.0,41.5,13.8,35.3,5.88,37.9,332.0,0.525
2026-06-08T12:30:00Z,1.08,6.25,0.475,0.0037,106.0,42.5,11.0,39.5,6.33,35.9,309.0,0.275
2026-06-08T13:30:00Z,1.37,11.5,0.725,0.00675,67.8,48.0,15.8,46.5,6.08,33.5,286.0,0.175
2026-06-08T14:30:00Z,1.64,25.0,1.07,0.0141,25.4,57.7,23.0,48.7,7.27,31.6,332.0,0.1
2026-06-08T15:30:00Z,1.58,26.9,0.9,0.0151,26.2,57.0,22.0,51.0,6.48,30.3,224.0,0.1
2026-06-08T16:30:00Z,1.72,28.8,2.4,0.0173,7.0,50.5,19.0,55.8,5.68,29.3,27.5,0.1
2026-06-08T17:30:00Z,1.54,25.4,2.87,0.0159,9.73,53.3,18.3,57.7,6.6,28.7,54.0,0.1
2026-06-08T19:30:00Z,,,,,43.6,37.5,19.0,56.5,,28.6,44.5,0.15
2026-06-08T20:30:00Z,1.29,11.6,0.8,0.0068,25.1,41.8,19.5,60.5,13.4,27.9,71.0,0.2
2026-06-08T21:30:00Z,1.23,12.5,0.975,0.00745,23.1,46.0,21.5,61.5,12.7,27.7,139.0,0.275
2026-06-08T22:30:00Z,1.21,11.1,0.775,0.00653,22.4,44.5,21.0,59.3,18.5,27.6,128.0,0.2
2026-06-08T23:30:00Z,1.32,15.8,1.9,0.00993,14.5,56.0,24.3,61.3,26.5,27.6,93.0,0.25
2026-06-09T00:30:00Z,1.23,11.8,1.13,0.00715,38.9,64.8,29.5,55.5,21.8,28.9,113.0,0.35
2026-06-09T01:30:00Z,1.19,11.0,0.925,0.0066,58.5,60.8,24.0,49.5,10.7,31.0,148.0,0.375
2026-06-09T02:30:00Z,1.22,6.27,0.467,0.0037,88.4,57.0,21.7,48.3,12.5,32.8,182.0,0.5
2026-06-09T03:30:00Z,1.3,6.45,0.5,0.00385,97.3,54.0,23.0,46.5,19.6,33.8,177.0,0.5
2026-06-09T04:30:00Z,1.16,5.6,0.3,0.00325,96.7,63.0,19.5,41.0,10.5,35.6,274.0,0.65
2026-06-09T05:30:00Z,1.1,5.25,0.1,0.00285,94.2,62.8,18.8,36.8,8.0,36.6,307.0,0.775
2026-06-09T06:30:00Z,1.08,5.08,0.275,0.0029,86.2,60.5,19.5,34.3,6.48,38.0,316.0,0.75
2026-06-09T07:30:00Z,1.04,4.63,0.325,0.0027,71.8,58.0,19.5,33.8,6.88,38.3,335.0,0.825
2026-06-09T08:30:00Z,1.04,4.9,0.3,0.00288,86.3,55.5,17.5,30.3,5.33,38.9,250.0,0.8
2026-06-09T09:30:00Z,1.04,4.33,0.333,0.00253,102.0,51.7,17.3,32.0,5.93,39.0,325.0,0.767
2026-06-09T10:30:00Z,1.07,4.05,0.275,0.00238,115.0,54.8,18.0,34.8,7.2,39.4,341.0,0.675
2026-06-09T11:30:00Z,1.14,5.38,0.425,0.0032,130.0,59.5,18.5,38.3,8.08,38.7,330.0,0.575
2026-06-09T12:30:00Z,1.25,7.55,0.4,0.0043,111.0,61.5,18.5,42.5,9.63,36.8,303.0,0.225
2026-06-09T13:30:00Z,1.74,21.8,1.28,0.0126,57.2,72.5,22.0,50.0,10.4,34.6,256.0,0.125
2026-06-09T14:30:00Z,1.83,26.7,0.8,0.0149,53.6,88.8,28.5,50.0,17.7,34.0,180.0,0.25
2026-06-09T15:30:00Z,1.84,26.1,0.55,0.0143,34.7,88.3,31.0,54.0,17.1,32.4,238.0,0.125
2026-06-09T16:30:00Z,1.92,27.9,1.35,0.0159,19.2,84.8,33.0,55.8,11.1,31.8,49.5,0.225
2026-06-09T17:30:00Z,1.57,23.9,0.4,0.013,18.4,92.3,35.3,56.0,13.0,31.1,181.0,0.233
2026-06-09T18:30:00Z,1.25,19.2,,0.0099,,90.0,36.0,55.0,12.0,31.3,177.0,0.35
2026-06-09T19:30:00Z,0.955,11.4,,0.00585,44.4,102.0,35.5,51.0,17.3,31.3,177.0,0.525
2026-06-09T20:30:00Z,1.04,4.2,0.3,0.0025,69.5,98.0,32.5,48.0,16.8,31.2,178.0,0.55
2026-06-09T21:30:00Z,1.02,3.28,0.3,0.00203,77.5,64.0,26.8,47.3,14.3,31.1,180.0,0.4
2026-06-09T22:30:00Z,1.04,4.08,0.35,0.00248,66.7,46.5,21.5,49.0,15.1,31.0,165.0,0.3
2026-06-09T23:30:00Z,1.14,7.5,0.35,0.0043,45.7,49.5,21.0,52.3,13.0,30.4,115.0,0.15
2026-06-10T00:30:00Z,1.33,11.9,0.675,0.00693,44.0,59.8,23.5,53.8,8.6,30.7,159.0,0.275
2026-06-10T01:30:00Z,1.31,8.93,0.55,0.0052,62.5,68.0,23.0,50.8,7.35,32.0,167.0,0.425
2026-06-10T02:30:00Z,1.16,6.08,0.35,0.00353,74.7,68.0,21.5,45.5,8.43,33.4,190.0,0.5
2026-06-10T03:30:00Z,1.11,5.05,0.25,0.0029,70.5,67.0,22.0,43.5,8.7,34.6,216.0,0.45
2026-06-10T07:30:00Z,1.07,5.23,,0.0027,65.5,73.3,22.7,37.0,9.27,38.4,222.0,0.533
2026-06-10T08:30:00Z,1.08,4.58,,0.0023,75.2,77.0,23.0,37.0,8.98,38.1,292.0,0.8
2026-06-10T09:30:00Z,1.08,4.05,0.0333,0.00215,85.9,80.5,23.0,35.8,8.23,39.0,288.0,0.625
2026-06-10T10:30:00Z,1.08,3.8,0.1,0.00205,86.6,82.0,23.0,35.0,9.3,39.6,324.0,0.65
2026-06-10T11:30:00Z,1.18,6.07,0.1,0.0033,105.0,77.0,22.7,38.7,10.2,39.1,319.0,0.4
2026-06-10T12:30:00Z,1.68,18.0,0.167,0.0097,65.9,79.7,21.7,43.3,11.2,37.4,191.0,0.133
2026-06-10T13:30:00Z,1.65,23.9,0.9,0.0134,46.0,82.0,23.5,50.5,10.8,35.6,116.0,0.325
2026-06-10T14:30:00Z,1.47,12.0,0.15,0.0064,56.6,93.5,30.0,57.3,14.0,34.9,184.0,0.525
2026-06-10T15:30:00Z,1.34,7.85,0.233,0.0043,55.1,104.0,34.8,59.0,15.4,34.0,183.0,0.625
2026-06-10T16:30:00Z,1.21,4.83,0.1,0.00265,50.7,97.8,32.5,60.5,8.78,33.3,181.0,0.75
2026-06-10T17:30:00Z,1.18,4.3,0.25,0.0024,53.5,91.3,29.0,61.3,6.85,32.9,178.0,0.733
2026-06-10T18:30:00Z,1.13,3.25,0.05,0.0018,,87.0,31.5,61.0,6.45,32.6,177.0,0.75
2026-06-10T19:30:00Z,1.11,2.6,0.3,0.00165,62.6,80.8,28.0,59.8,6.55,32.6,175.0,0.725
2026-06-10T20:30:00Z,1.11,2.1,0.633,0.00163,70.4,71.8,24.0,60.3,12.0,32.5,177.0,0.75
2026-06-10T21:30:00Z,1.12,2.55,0.575,0.00185,69.0,71.5,22.5,61.0,12.3,32.3,168.0,0.75
2026-06-10T22:30:00Z,1.12,2.03,0.6,0.0016,72.8,70.7,20.3,60.0,11.1,32.2,188.0,0.833
2026-06-10T23:30:00Z,1.06,2.05,0.65,0.00165,75.6,69.0,20.0,64.0,9.7,28.7,302.0,1.8
2026-06-11T00:30:00Z,0.937,5.07,0.833,0.00337,64.6,100.0,20.7,63.7,6.4,27.5,145.0,1.73
2026-06-11T01:30:00Z,1.0,4.35,0.7,0.0029,72.6,46.0,14.0,57.5,5.35,28.5,151.0,1.4
2026-06-11T03:30:00Z,1.09,4.9,0.4,0.0029,60.2,28.0,12.0,52.0,5.5,32.7,220.0,0.7
2026-06-11T04:30:00Z,1.04,5.5,0.3,0.00313,62.5,31.5,12.5,57.0,7.2,31.7,225.0,0.85
2026-06-11T05:30:00Z,1.07,4.95,0.3,0.00288,62.6,37.3,14.5,61.3,7.1,30.5,187.0,1.13
2026-06-11T06:30:00Z,1.08,5.0,0.333,0.00297,65.6,39.3,16.0,58.3,7.1,30.7,179.0,1.43
2026-06-11T07:30:00Z,0.977,4.97,0.333,0.0029,58.2,32.3,13.3,50.7,6.1,32.0,178.0,1.37
2026-06-11T08:30:00Z,0.938,4.83,0.225,0.00273,64.0,27.5,10.5,49.8,5.2,32.4,179.0,1.45
2026-06-11T09:30:00Z,0.985,5.05,0.25,0.0029,69.0,27.0,10.0,53.3,4.68,32.7,170.0,1.35
2026-06-11T10:30:00Z,1.06,5.5,0.225,0.00315,70.5,34.3,10.5,55.5,4.95,33.1,170.0,1.33
2026-06-11T11:30:00Z,1.08,5.15,0.475,0.00313,65.6,41.5,11.0,55.3,5.15,32.8,175.0,1.4
2026-06-11T12:30:00Z,1.11,5.68,0.425,0.00338,65.4,44.5,14.0,54.5,7.1,32.7,173.0,1.33
2026-06-11T13:30:00Z,1.11,6.83,0.533,0.0041,62.9,46.3,17.3,53.7,7.27,32.7,189.0,1.1
2026-06-11T14:30:00Z,1.07,4.75,0.45,0.0029,44.5,59.0,17.0,80.0,6.6,25.2,314.0,1.78
2026-06-11T15:30:00Z,1.04,2.68,0.45,0.00178,40.9,44.5,12.3,89.0,6.0,22.1,141.0,0.775
2026-06-11T16:30:00Z,1.03,2.45,0.6,0.00178,41.0,13.5,7.25,92.0,4.7,21.1,117.0,0.75
2026-06-11T17:30:00Z,1.06,2.33,0.333,0.0015,32.4,12.0,5.67,92.0,4.4,21.1,185.0,0.8
2026-06-11T18:30:00Z,1.0,2.15,0.5,0.0015,,5.0,4.0,88.0,5.15,22.7,206.0,1.05
2026-06-11T19:30:00Z,1.03,1.3,0.5,0.00105,31.9,7.0,4.5,84.5,5.3,23.0,202.0,1.08
2026-06-11T20:30:00Z,1.03,1.57,0.567,0.00123,40.7,9.0,5.5,80.5,6.47,23.5,208.0,1.1
2026-06-11T21:30:00Z,1.05,1.35,0.55,0.00115,45.6,10.0,6.0,79.8,6.83,23.8,207.0,1.1
2026-06-11T22:30:00Z,1.05,1.2,0.6,0.0011,47.8,8.67,5.33,78.7,7.13,23.7,209.0,1.07
2026-06-11T23:30:00Z,1.04,1.9,0.55,0.00145,47.6,9.5,6.0,74.3,7.25,24.4,207.0,0.825
2026-06-12T00:30:00Z,1.07,2.55,0.625,0.00188,44.6,14.0,7.5,72.8,8.13,24.8,201.0,0.85
2026-06-12T01:30:00Z,1.08,2.4,0.7,0.00185,41.6,13.5,7.25,70.5,5.9,25.0,206.0,1.05
2026-06-12T02:30:00Z,1.13,2.9,0.575,0.002,39.1,11.5,5.5,71.8,6.13,25.6,201.0,1.05
2026-06-12T03:30:00Z,1.11,3.1,0.725,0.00228,41.0,13.5,5.5,69.8,5.95,25.2,205.0,1.43
2026-06-12T04:30:00Z,1.1,3.13,0.775,0.00228,46.8,21.3,6.5,66.3,5.83,25.9,207.0,1.68
2026-06-12T05:30:00Z,1.11,3.55,0.675,0.0024,50.1,34.0,7.0,71.0,6.27,26.6,203.0,1.05
2026-06-12T06:30:00Z,1.19,4.73,0.775,0.00315,37.3,4.0,6.5,79.5,6.45,24.8,207.0,0.5
2026-06-12T07:30:00Z,1.12,4.3,0.775,0.0029,42.7,6.75,6.0,66.3,6.45,27.8,211.0,0.7
2026-06-12T08:30:00Z,1.04,5.05,0.725,0.00325,47.3,14.8,6.5,56.5,6.35,30.4,214.0,0.675
2026-06-12T09:30:00Z,1.03,4.8,0.7,0.0031,55.8,17.0,5.75,56.0,5.63,31.0,197.0,0.825
2026-06-12T10:30:00Z,1.07,5.0,0.825,0.00333,60.5,15.0,4.0,57.0,5.68,31.4,196.0,0.85
2026-06-12T11:30:00Z,1.11,4.88,0.8,0.0032,62.4,13.5,4.0,60.3,5.4,30.9,209.0,0.675
2026-06-12T12:30:00Z,1.18,5.88,0.675,0.00373,54.9,16.3,4.5,64.8,6.4,29.8,212.0,0.625
2026-06-12T13:30:00Z,1.27,7.73,0.7,0.0047,47.1,26.5,6.0,69.0,9.98,29.1,208.0,0.6
2026-06-12T14:30:00Z,1.48,11.9,1.25,0.0073,31.2,37.3,11.5,70.5,9.7,28.7,195.0,0.5
2026-06-12T15:30:00Z,1.7,15.6,1.77,0.0097,19.7,46.0,20.3,72.3,8.4,27.8,160.0,0.267
2026-06-12T16:30:00Z,1.31,12.9,1.58,0.0081,18.6,67.0,27.0,72.5,7.85,26.8,145.0,0.35
2026-06-12T17:30:00Z,1.03,6.27,0.733,0.00393,27.6,68.0,19.7,70.7,5.45,26.7,152.0,0.5
2026-06-12T18:30:00Z,1.06,5.4,0.65,0.0034,,24.0,8.0,72.5,4.25,25.6,30.0,0.25
2026-06-12T19:30:00Z,1.04,4.75,0.45,0.0029,20.3,23.0,7.5,74.0,3.95,25.4,205.0,0.325
2026-06-12T20:30:00Z,1.04,3.63,0.667,0.00247,24.2,18.5,6.5,77.0,4.0,24.6,183.0,0.75
2026-06-12T21:30:00Z,0.983,1.53,0.5,0.00123,51.8,15.7,5.33,81.7,4.3,22.8,148.0,0.733
2026-06-12T22:30:00Z,1.03,2.08,0.675,0.00165,46.8,20.3,5.5,77.8,5.0,24.5,148.0,0.775
2026-06-12T23:30:00Z,1.06,2.98,0.5,0.00198,36.9,24.5,10.0,70.8,6.28,26.1,255.0,0.675
2026-06-13T00:30:00Z,1.12,4.33,0.45,0.00268,27.8,29.8,14.5,76.8,5.6,25.3,303.0,0.6
2026-06-13T01:30:00Z,1.13,4.48,0.725,0.00295,24.5,33.5,17.0,74.0,4.05,25.5,249.0,0.3
2026-06-13T02:30:00Z,1.12,4.4,0.675,0.0029,34.2,28.3,15.3,66.5,6.38,25.8,197.0,0.65
2026-06-13T03:30:00Z,1.09,3.7,0.65,0.00248,48.5,20.3,9.75,61.5,5.83,26.1,213.0,0.5
2026-06-13T04:30:00Z,1.08,4.38,0.625,0.00285,46.8,16.5,6.5,58.3,5.08,27.4,214.0,0.6
2026-06-13T05:30:00Z,1.06,4.3,0.425,0.0026,56.9,16.5,7.5,58.8,5.07,29.2,326.0,0.575
2026-06-13T06:30:00Z,1.16,5.18,0.55,0.0032,60.3,21.0,8.5,67.0,6.15,28.8,170.0,0.55
2026-06-13T07:30:00Z,1.19,6.15,0.725,0.00383,49.9,25.5,10.0,71.5,7.25,27.8,24.8,0.625
2026-06-13T08:30:00Z,1.28,6.28,0.9,0.00405,33.8,24.5,11.5,75.5,7.28,26.5,245.0,0.425
2026-06-13T09:30:00Z,1.26,8.05,1.18,0.00523,33.9,31.8,14.3,70.0,5.18,28.0,98.3,0.525
2026-06-13T10:30:00Z,1.14,5.53,0.667,0.00347,44.8,35.7,17.0,64.7,5.7,30.1,138.0,0.467
2026-06-13T11:30:00Z,1.08,2.8,0.45,0.00185,48.9,22.8,14.5,65.3,5.13,29.5,342.0,0.45
2026-06-13T12:30:00Z,1.21,5.43,0.525,0.00333,37.6,20.0,13.5,68.8,4.73,28.5,174.0,0.15
2026-06-13T13:30:00Z,1.46,11.6,0.275,0.00643,20.3,30.8,14.5,73.8,6.55,26.7,339.0,0.175
2026-06-13T14:30:00Z,1.51,12.0,0.45,0.00678,14.0,40.0,17.0,79.3,6.58,25.6,335.0,0.2
2026-06-13T15:30:00Z,1.54,13.2,0.45,0.0074,7.55,43.5,19.5,82.8,5.9,24.8,326.0,0.225
2026-06-13T16:30:00Z,1.46,10.3,0.2,0.0057,7.58,46.5,22.5,84.3,5.48,24.1,161.0,0.175
2026-06-13T17:30:00Z,1.35,8.43,0.433,0.00487,5.03,45.7,23.3,86.3,4.75,23.4,261.0,0.167
2026-06-13T18:30:00Z,1.31,9.7,1.35,0.00625,,52.0,23.0,88.5,4.15,23.0,352.0,0.35
2026-06-13T19:30:00Z,1.24,8.1,0.55,0.00475,3.35,47.0,22.5,88.0,4.0,22.7,246.0,0.275
2026-06-13T20:30:00Z,1.14,5.95,0.45,0.0035,6.33,38.0,20.3,86.7,4.05,22.2,148.0,0.133
2026-06-13T21:30:00Z,1.06,5.35,0.375,0.00315,8.75,41.8,19.0,84.3,7.0,22.3,163.0,0.25
2026-06-13T22:30:00Z,1.03,6.58,0.875,0.0042,7.65,42.3,16.0,83.5,7.63,22.1,128.0,0.175
2026-06-13T23:30:00Z,1.01,5.3,0.475,0.00323,11.5,31.0,12.0,84.0,6.95,22.2,206.0,0.225
2026-06-14T00:30:00Z,1.07,4.65,0.7,0.00305,18.3,28.0,15.3,80.0,7.4,23.3,86.8,0.4
2026-06-14T01:30:00Z,1.09,5.33,0.675,0.00338,37.9,36.8,21.5,70.0,9.38,25.1,322.0,0.5
2026-06-14T02:30:00Z,1.12,5.8,0.7,0.00365,53.1,45.3,24.5,66.0,12.3,26.7,301.0,0.525
2026-06-14T03:30:00Z,1.09,3.98,0.525,0.00253,63.5,41.3,21.3,61.3,10.7,28.4,277.0,0.525
2026-06-14T04:30:00Z,1.04,5.13,0.65,0.00323,69.3,38.5,18.3,56.5,19.2,29.2,279.0,0.575
2026-06-14T05:30:00Z,1.04,4.48,0.45,0.00273,72.7,38.3,18.5,53.8,18.4,30.4,196.0,0.65
2026-06-14T06:30:00Z,1.02,4.3,0.3,0.00257,71.1,33.3,16.0,49.0,11.8,31.2,322.0,0.9
2026-06-14T07:30:00Z,1.03,4.58,0.35,0.00273,78.9,35.0,15.5,47.3,10.3,32.3,330.0,0.625
2026-06-14T08:30:00Z,1.02,4.73,0.45,0.00288,77.4,36.5,17.3,46.0,8.5,32.6,264.0,0.75
2026-06-14T09:30:00Z,0.978,4.03,0.325,0.00243,80.9,33.3,15.8,45.0,6.93,33.2,265.0,0.65
2026-06-14T10:30:00Z,0.948,2.58,0.325,0.00165,96.5,28.5,11.5,49.8,6.63,33.1,259.0,0.775
2026-06-14T11:30:00Z,0.953,2.23,0.475,0.00158,82.2,24.3,12.0,48.8,6.93,32.8,268.0,0.625
2026-06-14T12:30:00Z,1.04,3.3,0.45,0.00213,74.1,23.5,12.0,56.5,6.4,31.2,255.0,0.275
2026-06-14T13:30:00Z,1.18,5.9,0.475,0.00353,52.5,31.3,12.0,65.8,7.1,29.4,317.0,0.225
2026-06-14T14:30:00Z,1.29,8.43,0.3,0.00473,43.5,42.5,15.0,70.0,9.35,28.5,302.0,0.225
2026-06-14T15:30:00Z,1.29,8.65,0.15,0.00473,36.0,48.0,18.0,72.3,9.4,27.7,329.0,0.1
2026-06-14T16:30:00Z,1.42,13.9,0.375,0.00765,19.4,50.5,20.0,75.0,9.73,27.0,98.0,0.125
2026-06-14T17:30:00Z,1.22,11.7,0.2,0.0064,29.7,51.7,20.7,73.7,8.55,26.9,65.3,0.167
2026-06-14T19:30:00Z,,,,,39.8,40.0,16.0,71.0,,26.7,148.0,0.3
2026-06-14T20:30:00Z,0.987,3.83,0.633,0.00253,40.7,35.3,15.5,71.0,5.07,26.3,151.0,0.35
2026-06-14T21:30:00Z,0.983,3.45,0.525,0.00223,41.4,31.0,17.0,71.8,5.15,26.1,163.0,0.175
2026-06-14T22:30:00Z,1.07,7.27,0.433,0.0042,25.1,37.3,18.0,75.0,8.03,25.5,116.0,0.267
2026-06-14T23:30:00Z,1.11,9.63,0.675,0.00565,24.7,42.3,19.5,75.0,8.85,25.7,171.0,0.25
2026-06-15T00:30:00Z,1.07,6.5,0.625,0.00393,43.4,45.0,20.5,70.5,9.5,27.2,153.0,0.3
2026-06-15T01:30:00Z,1.09,6.55,0.55,0.0039,47.2,46.0,20.0,68.5,8.45,28.5,176.0,0.4
2026-06-15T02:30:00Z,1.04,4.45,0.55,0.00285,70.5,42.0,21.0,60.5,4.45,30.4,216.0,0.45
2026-06-15T03:30:00Z,1.07,3.83,0.525,0.00248,74.2,44.0,19.3,60.0,5.9,30.5,295.0,0.625
2026-06-15T04:30:00Z,1.06,3.75,0.525,0.00243,81.1,52.3,21.3,58.8,7.83,30.9,315.0,0.9
2026-06-15T05:30:00Z,1.08,3.93,0.55,0.00255,84.3,56.0,25.5,54.8,9.77,31.7,325.0,0.875
2026-06-15T06:30:00Z,1.1,4.7,0.4,0.0028,86.2,53.7,24.3,51.3,10.2,32.8,216.0,0.767
2026-06-15T07:30:00Z,1.05,4.08,0.575,0.00263,81.6,57.3,23.0,48.3,11.7,33.3,335.0,0.925
2026-06-15T08:30:00Z,1.01,3.08,0.45,0.002,87.5,56.5,21.0,49.5,7.85,33.6,332.0,0.95
2026-06-15T09:30:00Z,1.03,3.25,0.4,0.00205,85.6,67.0,21.0,54.3,8.4,33.2,337.0,1.05
2026-06-15T10:30:00Z,1.05,2.98,0.425,0.00193,95.1,80.3,25.0,56.3,6.25,33.3,180.0,0.825
2026-06-15T11:30:00Z,1.1,4.4,0.5,0.00275,88.2,78.0,27.0,51.0,6.2,33.9,78.0,0.75
2026-06-15T15:30:00Z,1.33,11.1,1.3,0.0069,51.5,54.0,23.0,57.0,5.8,28.5,159.0,0.5
2026-06-15T16:30:00Z,1.06,7.27,0.667,0.0044,57.7,46.0,20.0,59.7,5.2,27.7,58.7,0.2
2026-06-15T17:30:00Z,1.1,7.67,0.433,0.00443,45.3,28.3,13.0,63.0,5.35,26.9,112.0,0.2
2026-06-15T19:30:00Z,,,,,49.6,18.5,11.0,62.0,,26.5,147.0,0.4
2026-06-15T20:30:00Z,0.977,3.0,0.633,0.0021,46.6,17.0,8.25,62.5,5.7,26.6,159.0,0.45
2026-06-15T21:30:00Z,0.963,2.7,0.6,0.0019,46.1,15.3,5.33,63.7,5.87,26.0,149.0,0.233
2026-06-15T22:30:00Z,0.967,4.13,0.667,0.0028,43.8,16.7,5.33,62.3,6.23,26.4,172.0,0.267
2026-06-15T23:30:00Z,0.973,4.3,0.775,0.0029,44.6,17.0,6.5,61.5,6.35,26.6,92.8,0.175
2026-06-16T00:30:00Z,1.05,7.0,0.9,0.00448,32.7,19.5,8.0,66.5,6.48,25.9,57.8,0.125
2026-06-16T01:30:00Z,1.11,6.63,1.1,0.0044,51.3,24.0,6.25,59.3,7.33,27.9,198.0,0.375
2026-06-16T02:30:00Z,1.18,6.55,0.825,0.00418,70.9,38.5,15.0,58.8,10.6,28.4,319.0,0.65
2026-06-16T03:30:00Z,1.1,4.63,0.65,0.003,71.6,51.5,22.3,55.3,13.0,29.3,329.0,0.7
2026-06-16T04:30:00Z,1.07,3.53,0.575,0.00235,79.1,47.0,16.5,52.3,10.8,30.7,320.0,0.725
2026-06-16T05:30:00Z,1.09,4.1,0.475,0.0026,80.1,45.5,17.5,51.5,11.4,31.9,294.0,0.875
2026-06-16T06:30:00Z,1.07,3.63,0.525,0.00235,76.4,46.0,16.5,49.8,11.1,32.3,278.0,0.725
2026-06-16T07:30:00Z,1.09,3.68,0.675,0.0025,67.4,44.0,15.5,51.3,9.25,33.0,276.0,0.7
2026-06-16T08:30:00Z,1.05,3.5,0.6,0.0024,78.1,42.5,16.0,50.0,8.55,32.9,320.0,0.85
2026-06-16T09:30:00Z,1.04,3.5,0.6,0.0024,78.1,42.0,15.0,50.0,9.0,32.8,321.0,1.2
2026-06-16T12:30:00Z,1.15,4.4,0.625,0.00283,82.5,43.0,14.0,57.5,12.0,32.4,335.0,0.525
2026-06-16T13:30:00Z,1.34,7.6,0.5,0.00445,66.3,48.8,18.3,63.3,11.1,31.2,319.0,0.175
2026-06-16T14:30:00Z,1.41,9.43,0.6,0.0055,61.2,60.7,23.7,68.0,14.6,30.4,322.0,0.167
2026-06-16T15:30:00Z,1.38,7.4,0.7,0.0045,58.0,67.0,25.5,68.5,13.8,30.4,345.0,0.325
2026-06-16T16:30:00Z,1.26,6.18,0.55,0.00375,49.9,68.0,27.5,67.0,14.0,29.9,321.0,0.45
2026-06-16T17:30:00Z,1.21,5.87,0.5,0.00353,39.4,70.7,29.3,70.0,12.8,29.2,334.0,0.5
2026-06-16T18:30:00Z,1.11,4.25,0.65,0.00275,,64.5,30.0,73.5,4.8,27.9,191.0,0.3
2026-06-16T19:30:00Z,1.13,4.75,0.65,0.00305,14.4,57.3,24.8,74.8,4.65,27.5,253.0,0.2
2026-06-16T20:30:00Z,1.15,5.33,0.6,0.00333,20.1,53.3,22.0,76.3,4.17,27.1,171.0,0.1
2026-06-16T21:30:00Z,1.18,4.33,0.625,0.0028,22.3,54.3,23.0,78.0,4.5,26.7,210.0,0.225
2026-06-16T22:30:00Z,1.2,5.7,0.55,0.0035,31.1,59.3,23.0,77.0,8.75,26.9,182.0,0.225
2026-06-16T23:30:00Z,1.22,5.78,0.625,0.0036,24.0,69.0,28.3,75.8,12.2,27.7,200.0,0.275
2026-06-17T00:30:00Z,1.19,6.1,0.85,0.00395,18.4,69.5,31.5,75.8,12.2,26.9,315.0,0.575
2026-06-17T01:30:00Z,1.16,4.77,0.867,0.00323,26.3,65.7,27.7,73.7,12.0,26.2,215.0,0.567
2026-06-17T02:30:00Z,1.19,4.93,0.825,0.0033,38.7,69.8,27.5,70.3,5.73,28.0,240.0,0.45
2026-06-17T03:30:00Z,1.21,5.17,0.7,0.0033,56.7,75.0,31.3,66.3,6.43,29.8,237.0,0.433
2026-06-17T04:30:00Z,1.21,4.4,0.4,0.0027,74.0,70.0,30.0,64.0,6.8,29.9,330.0,0.8
2026-06-17T05:30:00Z,1.17,3.6,0.5,0.00233,80.2,69.3,30.7,58.3,7.75,32.2,335.0,0.667
2026-06-17T06:30:00Z,1.11,3.45,0.575,0.00233,69.0,70.8,29.5,54.3,8.7,33.0,339.0,0.725
2026-06-17T07:30:00Z,1.05,3.08,0.65,0.00218,73.6,69.3,27.0,51.0,7.43,33.8,320.0,0.9
2026-06-17T08:30:00Z,1.04,2.95,0.525,0.00198,78.1,66.0,26.3,48.5,7.1,34.4,250.0,0.775
2026-06-17T09:30:00Z,1.04,2.85,0.5,0.00195,91.4,65.0,25.3,49.5,7.23,34.6,336.0,0.7
2026-06-17T10:30:00Z,1.09,2.8,0.6,0.00197,96.1,63.7,23.7,53.0,6.23,34.7,236.0,0.533
2026-06-17T11:30:00Z,1.23,4.48,0.625,0.0029,86.6,65.5,26.0,56.0,5.85,34.2,287.0,0.525
2026-06-17T12:30:00Z,1.27,6.45,0.65,0.00398,77.6,78.3,27.0,57.3,6.0,33.3,239.0,0.425
2026-06-17T13:30:00Z,1.5,13.6,0.767,0.00787,49.8,80.0,25.7,60.0,6.2,31.9,195.0,0.2
2026-06-17T14:30:00Z,1.44,13.3,0.725,0.00763,58.4,62.8,24.0,59.0,9.48,31.3,105.0,0.2
2026-06-17T15:30:00Z,1.32,8.58,0.575,0.00505,60.2,63.8,25.5,61.5,11.1,30.1,329.0,0.25
2026-06-17T16:30:00Z,1.28,6.75,0.575,0.00405,55.8,55.8,26.5,64.0,11.6,29.1,317.0,0.175
2026-06-17T17:30:00Z,1.2,5.63,0.533,0.00343,54.3,50.7,27.3,65.0,10.4,28.4,155.0,0.167
2026-06-17T18:30:00Z,1.13,8.25,0.65,0.00485,,54.0,27.0,67.5,6.7,27.9,94.5,0.15
2026-06-17T19:30:00Z,1.08,7.2,0.5,0.00425,36.5,47.3,23.8,67.8,7.5,27.5,212.0,0.15
2026-06-17T20:30:00Z,1.03,4.8,0.6,0.00303,36.0,39.0,19.5,69.5,7.1,27.0,37.3,0.15
2026-06-17T21:30:00Z,1.02,4.7,0.6,0.003,42.3,39.5,20.0,67.8,7.88,27.4,129.0,0.275
2026-06-17T22:30:00Z,0.985,4.08,0.625,0.0027,50.6,38.5,18.0,67.8,8.33,27.7,145.0,0.3
2026-06-17T23:30:00Z,1.04,4.73,0.567,0.00297,46.5,38.7,15.3,68.3,7.0,27.9,121.0,0.233
2026-06-18T00:30:00Z,1.12,6.6,0.85,0.00418,42.2,42.8,17.0,67.8,6.43,28.3,63.8,0.225
2026-06-18T01:30:00Z,1.16,5.63,0.733,0.0036,52.6,46.7,20.3,65.3,7.3,29.1,151.0,0.333
2026-06-18T02:30:00Z,1.23,5.35,0.7,0.0034,67.3,59.0,27.3,63.5,6.93,29.9,299.0,0.375
2026-06-18T03:30:00Z,1.19,5.38,0.475,0.0032,81.9,75.3,34.0,58.5,10.7,31.2,287.0,0.425
2026-06-18T04:30:00Z,1.1,3.78,0.6,0.0025,85.7,80.0,31.5,54.3,12.8,32.7,189.0,0.6
2026-06-18T05:30:00Z,1.1,3.4,0.6,0.0023,84.0,76.0,27.0,50.5,12.8,34.0,319.0,0.7
2026-06-18T06:30:00Z,1.09,3.7,0.567,0.0024,69.3,70.0,25.7,47.7,11.0,34.5,335.0,0.733
2026-06-18T07:30:00Z,1.07,3.27,0.567,0.0022,70.9,65.0,23.7,47.0,8.17,34.9,324.0,0.9
2026-06-18T08:30:00Z,1.04,2.9,0.633,0.00203,73.9,53.7,20.7,44.7,6.07,35.5,324.0,0.8
2026-06-18T09:30:00Z,1.03,3.0,0.65,0.00215,85.8,59.0,22.0,48.8,6.05,32.8,341.0,1.15
2026-06-18T10:30:00Z,1.05,4.1,0.65,0.0027,74.3,58.5,17.5,53.0,4.95,30.9,24.0,0.55
2026-06-18T13:30:00Z,1.49,13.4,0.533,0.00757,38.8,59.7,24.7,63.3,7.27,30.3,319.0,0.167
2026-06-18T14:30:00Z,1.56,13.6,0.65,0.00773,40.3,66.5,30.0,64.0,12.1,30.2,235.0,0.1
2026-06-18T15:30:00Z,1.57,13.2,0.55,0.00743,37.1,74.5,35.8,64.5,11.9,30.2,329.0,0.4
2026-06-18T16:30:00Z,1.27,9.28,0.45,0.00533,49.6,77.0,36.3,62.3,13.7,30.3,267.0,0.325
2026-06-18T17:30:00Z,1.27,7.5,0.4,0.0043,34.8,71.7,30.3,67.0,10.7,29.5,174.0,0.167
2026-06-18T19:30:00Z,,,,,27.1,62.0,23.5,71.0,,28.1,345.0,0.45
2026-06-18T20:30:00Z,0.993,3.03,0.567,0.0021,22.2,61.3,19.3,71.8,5.17,27.9,238.0,0.35
2026-06-18T21:30:00Z,1.02,3.23,0.65,0.00218,25.4,59.5,16.5,72.0,5.93,27.8,235.0,0.25
2026-06-18T22:30:00Z,1.02,3.7,0.55,0.0024,27.5,60.0,17.5,72.5,11.6,27.5,230.0,0.2
2026-06-18T23:30:00Z,1.09,5.38,0.55,0.00333,20.0,60.5,18.5,75.0,10.6,27.2,260.0,0.125
2026-06-19T00:30:00Z,1.24,6.58,0.825,0.00418,26.0,61.5,22.8,71.0,12.4,28.7,171.0,0.35
2026-06-19T01:30:00Z,1.21,6.8,0.75,0.0042,36.6,73.3,34.3,67.3,13.2,29.4,182.0,0.45
2026-06-19T02:30:00Z,1.15,5.1,0.6,0.00323,43.6,75.3,36.3,66.3,7.85,29.9,290.0,0.8
2026-06-19T03:30:00Z,1.13,4.4,0.7,0.00285,39.9,87.8,30.8,70.3,5.98,28.2,330.0,0.975
2026-06-19T04:30:00Z,1.09,3.7,0.55,0.00245,47.0,111.0,33.0,68.5,6.55,29.0,336.0,0.75
2026-06-19T05:30:00Z,1.13,3.1,0.4,0.00195,64.6,104.0,25.5,64.0,6.7,31.0,303.0,0.65
2026-06-19T06:30:00Z,1.13,3.93,0.55,0.00255,55.5,93.5,25.0,59.8,8.88,32.5,317.0,0.775
2026-06-19T07:30:00Z,1.11,3.88,0.45,0.00245,63.9,95.8,29.0,55.5,9.73,33.5,323.0,0.875
2026-06-19T08:30:00Z,1.11,3.25,0.425,0.00208,70.9,88.8,28.5,54.5,7.68,33.9,318.0,0.925
2026-06-19T09:30:00Z,1.08,2.9,0.35,0.00185,69.6,78.0,25.0,54.5,7.0,33.9,308.0,1.05
2026-06-19T11:30:00Z,1.14,2.4,0.5,0.0017,81.4,68.5,27.0,63.0,5.35,32.6,328.0,0.9
2026-06-19T12:30:00Z,1.17,2.9,0.5,0.00195,69.7,55.8,22.5,64.8,4.7,31.6,316.0,0.6
2026-06-19T13:30:00Z,1.21,3.7,0.433,0.00227,62.3,49.7,20.7,66.3,4.7,30.7,313.0,0.3
2026-06-19T14:30:00Z,1.26,4.6,0.625,0.00298,61.5,50.5,20.8,68.0,6.08,30.2,310.0,0.25
2026-06-19T15:30:00Z,1.27,4.63,0.575,0.0029,58.1,53.3,22.0,68.8,6.93,29.9,301.0,0.25
2026-06-19T16:30:00Z,1.27,4.37,0.5,0.00273,56.1,55.7,21.3,69.3,6.63,29.7,322.0,0.4
2026-06-19T17:30:00Z,1.2,3.73,0.567,0.0025,51.0,57.0,21.0,70.7,6.6,29.2,307.0,0.4
2026-06-19T19:30:00Z,,,,,24.4,63.5,20.5,74.0,,27.6,197.0,0.3
2026-06-19T20:30:00Z,1.02,2.87,0.567,0.002,40.2,61.0,21.5,73.8,3.83,27.5,240.0,0.3
2026-06-19T21:30:00Z,1.04,2.28,0.475,0.0016,37.8,55.0,21.5,75.3,3.9,27.0,315.0,0.275
2026-06-19T22:30:00Z,1.11,3.63,0.5,0.00237,31.6,54.3,22.7,79.0,6.93,26.4,306.0,0.267
2026-06-19T23:30:00Z,1.13,4.13,0.5,0.00258,26.9,58.5,26.0,80.0,8.2,26.4,314.0,0.25
2026-06-20T00:30:00Z,1.18,5.23,0.575,0.00325,27.9,64.5,30.5,75.0,10.3,27.2,340.0,0.35
2026-06-20T01:30:00Z,1.15,4.53,0.55,0.00285,38.3,64.8,32.5,70.0,14.1,28.4,324.0,0.4
2026-06-20T02:30:00Z,1.13,4.38,0.625,0.00285,45.0,64.0,32.5,67.8,7.7,28.7,319.0,0.6
2026-06-20T03:30:00Z,1.1,4.05,0.45,0.00245,53.3,64.7,30.0,64.3,5.95,29.7,321.0,0.7
2026-06-20T04:30:00Z,,,,,67.5,56.8,22.3,59.0,,32.0,308.0,0.825
2026-06-20T05:30:00Z,,,,,72.1,53.5,20.8,55.5,,33.0,310.0,1.08
2026-06-20T06:30:00Z,1.07,4.15,0.6,0.0027,56.0,53.0,17.3,50.8,7.3,34.2,311.0,1.0
2026-06-20T07:30:00Z,1.04,3.5,0.675,0.00245,,48.5,15.0,48.5,5.73,34.9,309.0,0.975
2026-06-20T08:30:00Z,0.99,3.1,0.75,0.00223,62.1,40.8,15.0,45.3,4.93,35.1,315.0,1.05
2026-06-20T09:30:00Z,1.01,3.53,0.6,0.00233,62.3,35.0,13.0,44.7,5.13,34.8,319.0,1.07
2026-06-20T10:30:00Z,1.04,3.0,0.65,0.0021,80.8,33.5,11.0,46.0,4.95,35.0,323.0,0.85
2026-06-20T11:30:00Z,1.05,2.5,0.7,0.00193,88.6,36.0,11.5,49.5,5.0,34.9,324.0,0.775
2026-06-20T12:30:00Z,1.06,2.85,0.675,0.00203,81.5,39.3,13.0,50.8,4.45,33.7,316.0,0.7
2026-06-20T13:30:00Z,1.15,4.13,0.475,0.0026,64.7,45.8,15.3,56.3,4.4,32.2,314.0,0.4
2026-06-20T14:30:00Z,1.27,6.8,0.725,0.0042,52.9,51.5,16.5,59.5,6.65,31.4,317.0,0.25
2026-06-20T15:30:00Z,1.35,8.63,0.625,0.00505,48.3,57.5,18.5,61.0,14.0,30.7,281.0,0.175
2026-06-20T16:30:00Z,1.33,8.18,0.75,0.00498,46.1,58.5,21.0,63.3,13.7,29.9,293.0,0.125
2026-06-20T17:30:00Z,1.2,6.67,0.733,0.00417,48.1,53.7,20.3,63.3,12.0,29.7,288.0,0.2
2026-06-20T18:30:00Z,1.08,5.5,0.75,0.00355,,47.0,21.0,67.0,4.5,28.6,304.0,0.2
2026-06-20T19:30:00Z,1.06,4.75,0.6,0.003,35.6,45.0,18.5,68.0,4.55,28.1,287.0,0.225
2026-06-20T20:30:00Z,1.06,6.37,0.7,0.00393,26.7,42.0,15.5,70.0,5.03,27.4,173.0,0.15
2026-06-20T21:30:00Z,1.05,5.73,0.7,0.00358,25.7,41.0,17.3,71.0,6.4,27.0,317.0,0.175
2026-06-20T22:30:00Z,1.05,4.53,0.725,0.00298,29.3,44.8,22.3,70.8,15.2,26.9,294.0,0.2
2026-06-20T23:30:00Z,1.11,5.8,0.775,0.0037,26.3,53.5,27.8,72.0,16.8,26.9,305.0,0.225
2026-06-21T00:30:00Z,1.18,6.15,0.775,0.00393,34.3,62.0,34.0,70.3,24.3,28.2,233.0,0.25
2026-06-21T01:30:00Z,1.13,5.38,0.75,0.00345,60.5,62.0,34.0,62.8,22.0,29.5,317.0,0.4
2026-06-21T02:30:00Z,1.04,5.8,0.75,0.00368,66.7,65.3,29.0,57.3,21.4,30.9,314.0,0.625
2026-06-21T03:30:00Z,1.02,4.45,0.575,0.00288,73.6,74.5,26.0,52.5,16.8,32.3,333.0,0.75
2026-06-21T04:30:00Z,0.96,2.6,0.6,0.00185,74.2,65.3,20.3,47.5,8.88,33.8,245.0,0.875
2026-06-21T05:30:00Z,1.01,2.2,0.65,0.00168,71.2,45.8,12.3,45.3,7.0,34.6,339.0,0.95
2026-06-21T06:30:00Z,1.05,3.23,0.567,0.0022,63.7,39.0,9.33,42.7,7.37,35.3,316.0,1.0
2026-06-21T07:30:00Z,1.06,3.65,0.7,0.00253,65.7,40.8,10.5,41.3,7.05,36.1,310.0,0.975
2026-06-21T08:30:00Z,1.06,3.85,0.6,0.00253,65.2,37.5,12.0,40.5,6.38,36.4,325.0,0.95
2026-06-21T09:30:00Z,1.07,3.73,0.6,0.00247,70.4,37.0,13.0,42.0,6.67,36.3,312.0,0.9
2026-06-21T10:30:00Z,1.07,2.4,0.633,0.00183,90.5,39.3,14.3,44.0,6.3,36.5,316.0,0.833
2026-06-21T11:30:00Z,1.09,2.2,0.675,0.00173,92.3,41.0,12.8,45.5,6.3,36.4,322.0,0.725
2026-06-21T12:30:00Z,1.16,3.08,0.6,0.00213,88.5,42.5,11.5,48.5,6.63,35.3,318.0,0.625
2026-06-21T13:30:00Z,1.43,7.53,0.675,0.00455,68.5,54.5,16.5,51.8,7.5,34.1,313.0,0.275
2026-06-21T14:30:00Z,1.59,11.4,0.55,0.0065,54.2,71.8,29.3,55.8,10.9,32.9,226.0,0.15
2026-06-21T15:30:00Z,1.69,16.9,0.9,0.00973,37.2,84.8,37.0,59.0,11.8,32.6,241.0,0.45
2026-06-21T16:30:00Z,1.07,3.33,0.575,0.00223,71.9,118.0,29.3,61.3,8.9,28.5,329.0,1.6
2026-06-21T17:30:00Z,1.09,2.43,0.6,0.00177,54.6,112.0,18.7,76.7,8.0,24.8,98.0,0.6
2026-06-21T18:30:00Z,1.07,3.25,0.8,0.0024,,21.5,6.0,79.0,5.9,24.3,125.0,0.35
2026-06-21T19:30:00Z,1.07,3.4,0.75,0.00245,32.6,22.5,6.0,77.0,6.0,24.6,301.0,0.2
2026-06-21T20:30:00Z,1.11,5.5,0.733,0.0035,23.2,24.0,6.5,75.0,5.53,25.6,71.8,0.2
2026-06-21T21:30:00Z,1.08,3.95,0.725,0.00265,33.1,23.5,7.0,69.5,5.98,26.1,328.0,0.475
2026-06-21T22:30:00Z,1.05,3.6,0.633,0.0024,39.0,23.3,7.67,68.0,7.33,26.0,206.0,0.3
2026-06-21T23:30:00Z,1.1,4.78,0.6,0.00305,38.9,24.5,10.0,66.8,8.7,26.4,227.0,0.275
2026-06-22T00:30:00Z,1.19,8.03,0.7,0.00485,24.2,30.5,11.5,70.8,8.3,26.3,320.0,0.25
2026-06-22T01:30:00Z,1.19,6.58,0.825,0.00418,35.0,34.3,13.5,68.0,8.45,26.7,312.0,0.6
2026-06-22T02:30:00Z,1.21,6.4,0.9,0.00418,32.3,35.0,16.0,68.0,7.3,26.2,205.0,0.425
2026-06-22T03:30:00Z,1.2,6.98,0.95,0.00445,39.2,40.5,15.8,59.8,7.2,26.5,101.0,0.575
2026-06-22T04:30:00Z,1.05,5.25,0.95,0.00358,48.0,37.8,11.5,55.3,8.13,29.0,269.0,0.675
2026-06-22T05:30:00Z,1.07,3.8,0.675,0.00255,59.3,27.3,8.0,54.3,7.0,29.9,316.0,0.65
2026-06-22T06:30:00Z,1.11,4.8,0.675,0.0031,56.3,21.0,6.0,59.8,7.38,29.2,328.0,0.9
2026-06-22T07:30:00Z,1.1,4.5,0.8,0.00305,55.1,24.3,8.25,57.8,7.18,29.6,326.0,0.825
2026-06-22T08:30:00Z,1.1,4.35,0.75,0.00293,60.3,28.0,10.8,57.5,7.75,29.8,324.0,0.8
2026-06-22T09:30:00Z,1.09,3.8,0.7,0.0026,62.1,27.0,9.0,58.0,7.5,29.8,319.0,0.8
2026-06-22T10:30:00Z,1.08,3.0,0.6,0.0021,75.6,26.0,11.0,54.0,5.6,31.9,328.0,0.6
2026-06-22T11:30:00Z,1.15,3.83,0.65,0.00258,68.3,26.5,10.5,58.0,5.53,31.0,324.0,0.525
2026-06-22T12:30:00Z,1.31,5.5,0.6,0.00343,65.3,30.0,11.5,61.5,5.28,30.2,322.0,0.375
2026-06-22T13:30:00Z,1.52,10.4,0.7,0.00607,48.6,39.3,16.7,66.3,5.63,29.0,302.0,0.167
2026-06-22T14:30:00Z,1.83,21.7,0.8,0.0122,22.9,57.3,26.5,70.8,7.18,28.0,326.0,0.1
2026-06-22T15:30:00Z,1.6,16.6,0.65,0.00935,36.0,62.0,30.0,71.0,8.25,28.1,294.0,0.25
2026-06-22T16:30:00Z,1.44,8.25,0.575,0.00483,45.4,54.8,26.0,71.5,7.7,27.9,305.0,0.275
2026-06-22T17:30:00Z,1.32,6.6,0.767,0.0041,48.7,48.3,23.0,72.0,8.1,27.6,312.0,0.267
2026-06-22T18:30:00Z,1.1,5.75,0.85,0.00375,,48.0,26.0,74.0,4.7,26.3,278.0,0.2
2026-06-22T19:30:00Z,1.06,4.6,0.9,0.00315,33.2,45.0,23.5,74.0,4.1,25.6,224.0,0.1
2026-06-22T20:30:00Z,1.05,3.9,0.6,0.00255,27.6,38.7,19.7,75.3,4.25,25.0,205.0,0.133
2026-06-22T21:30:00Z,1.1,4.9,0.575,0.00305,19.0,36.5,21.8,78.3,5.25,24.4,268.0,0.1
2026-06-22T22:30:00Z,1.15,8.13,0.6,0.0048,10.8,42.8,27.3,80.8,8.58,24.0,102.0,0.15
2026-06-22T23:30:00Z,1.16,8.45,0.85,0.0052,10.5,49.5,30.0,81.8,9.35,24.3,195.0,0.15
2026-06-23T00:30:00Z,1.11,8.08,1.28,0.00533,26.0,54.8,32.0,69.3,10.2,26.7,158.0,0.2
2026-06-23T01:30:00Z,1.02,6.85,0.95,0.0044,47.8,50.3,27.3,58.8,8.25,28.2,225.0,0.325
2026-06-23T02:30:00Z,1.01,4.95,0.625,0.00315,64.3,37.0,18.5,56.8,5.8,29.5,308.0,0.5
2026-06-23T03:30:00Z,1.01,3.85,0.7,0.00265,66.7,35.0,17.0,53.0,4.7,30.6,306.0,0.8
2026-06-23T10:30:00Z,1.05,6.0,1.3,0.0042,69.6,,,,6.0,35.0,323.0,1.0
2026-06-25T15:30:00Z,1.49,12.2,2.3,0.0084,35.0,72.0,31.0,69.0,7.9,31.1,215.0,0.1
2026-06-25T16:30:00Z,1.53,15.4,2.2,0.00998,26.1,77.3,31.3,70.8,8.98,30.7,137.0,0.1
2026-06-25T17:30:00Z,1.31,11.3,2.07,0.00767,35.9,94.0,32.0,70.7,10.3,30.4,85.5,0.133
2026-06-25T18:30:00Z,1.18,8.95,2.15,0.0065,27.4,67.5,24.5,71.5,9.3,29.8,84.5,0.15
2026-06-25T19:30:00Z,1.17,7.8,1.93,0.00573,24.7,67.5,26.0,70.8,6.33,29.5,118.0,0.3
2026-06-25T20:30:00Z,1.08,5.5,1.7,0.0043,29.4,62.3,25.3,69.8,4.25,29.2,125.0,0.225
2026-06-25T21:30:00Z,1.09,5.58,1.58,0.00425,28.1,48.3,21.3,70.3,4.23,28.8,118.0,0.2
2026-06-25T22:30:00Z,1.09,7.75,1.55,0.00535,22.8,44.0,16.5,72.0,4.0,27.9,193.0,0.175
2026-06-25T23:30:00Z,1.15,9.18,1.85,0.00638,20.9,47.5,19.5,73.0,6.03,27.8,57.3,0.175
2026-06-26T00:30:00Z,1.17,9.88,2.28,0.00708,28.2,48.8,16.3,69.5,6.03,29.6,115.0,0.2
2026-06-26T01:30:00Z,1.18,9.8,3.83,0.0083,27.8,50.3,20.8,65.3,5.85,30.9,118.0,0.325
2026-06-26T02:30:00Z,1.2,9.78,7.55,0.0114,32.6,56.8,23.0,61.3,6.1,32.4,183.0,0.375
2026-06-26T03:30:00Z,1.21,11.6,11.5,0.0155,32.6,58.0,24.5,57.0,4.68,33.3,262.0,0.475
2026-06-26T04:30:00Z,1.18,14.7,12.7,0.0182,32.8,65.0,29.5,54.5,4.08,33.8,276.0,0.7
2026-06-26T05:30:00Z,1.17,14.9,7.0,0.0137,36.1,67.0,27.8,53.5,4.3,34.3,286.0,0.875
2026-06-26T06:30:00Z,1.16,14.7,6.8,0.0134,30.6,75.0,28.5,52.3,5.23,34.7,299.0,0.85
2026-06-26T07:30:00Z,1.14,16.3,7.3,0.0146,30.5,78.3,33.3,49.8,6.78,35.8,302.0,0.825
2026-06-26T08:30:00Z,1.15,14.1,6.43,0.0127,29.5,76.3,30.8,48.8,6.5,36.1,301.0,0.8
2026-06-26T09:30:00Z,1.1,14.2,6.95,0.0132,28.4,64.3,28.8,45.3,6.23,36.7,301.0,0.725
2026-06-26T10:30:00Z,1.05,11.5,4.78,0.01,38.4,53.8,23.8,46.5,6.1,36.7,309.0,0.725
2026-06-26T11:30:00Z,1.08,7.95,3.63,0.0072,48.1,48.8,18.8,48.3,5.25,36.6,307.0,0.575
2026-06-26T12:30:00Z,1.18,6.3,3.2,0.00593,50.6,44.5,15.5,50.0,4.55,35.4,306.0,0.325
2026-06-26T13:30:00Z,1.38,9.08,2.55,0.0069,39.1,44.5,17.5,54.5,4.2,33.7,277.0,0.225
2026-06-26T14:30:00Z,1.74,21.7,3.6,0.0144,20.3,55.3,20.3,59.3,4.75,32.8,228.0,0.225
2026-06-26T15:30:00Z,1.49,17.9,3.65,0.0125,32.1,70.8,26.5,59.5,7.93,32.3,93.0,0.25
2026-06-26T16:30:00Z,1.28,14.1,2.53,0.00955,34.8,81.8,31.8,62.3,7.25,31.4,50.8,0.175
2026-06-26T17:30:00Z,1.25,12.4,2.17,0.0084,35.5,68.0,21.0,63.0,7.1,30.9,64.3,0.167
2026-06-26T18:30:00Z,1.19,10.9,2.2,0.00755,32.2,53.5,21.5,66.0,6.5,29.8,71.5,0.1
2026-06-26T19:30:00Z,1.23,11.3,1.87,0.00757,29.1,50.5,22.5,66.8,5.63,29.5,80.3,0.15
2026-06-26T20:30:00Z,1.13,7.65,1.55,0.00535,32.1,52.5,22.3,65.5,4.4,29.4,72.8,0.2
2026-06-26T21:30:00Z,1.11,6.83,1.63,0.00498,32.5,45.0,16.8,65.8,4.9,29.2,78.5,0.2
2026-06-26T22:30:00Z,1.09,6.08,1.6,0.00455,35.0,45.0,15.5,65.8,5.03,29.0,55.5,0.2
2026-06-26T23:30:00Z,1.11,7.43,1.75,0.00538,32.1,36.0,14.3,68.0,5.9,28.7,142.0,0.175
2026-06-27T00:30:00Z,1.18,10.7,2.08,0.0074,25.6,40.8,17.0,68.3,5.93,29.4,103.0,0.175
2026-06-27T01:30:00Z,1.23,8.75,3.18,0.00723,33.8,45.5,21.3,64.8,7.33,30.4,195.0,0.225
2026-06-27T02:30:00Z,1.4,12.2,6.13,0.0114,42.9,52.3,28.0,59.0,25.2,32.4,165.0,0.375
2026-06-27T03:30:00Z,1.27,13.4,7.4,0.0131,40.5,75.8,36.8,55.0,13.0,33.0,237.0,0.475
2026-06-27T04:30:00Z,1.19,14.4,8.15,0.0143,33.5,64.0,29.3,53.8,8.98,34.0,295.0,0.75
2026-06-27T05:30:00Z,1.13,11.6,8.58,0.0132,26.2,59.8,20.0,51.8,7.67,35.1,324.0,0.675
2026-06-27T06:30:00Z,1.13,12.2,10.0,0.0146,22.9,54.8,19.3,48.8,5.38,35.9,302.0,0.8
2026-06-27T07:30:00Z,1.11,13.6,7.2,0.0131,22.1,53.5,16.5,46.0,5.55,36.4,304.0,0.85
2026-06-27T08:30:00Z,1.17,11.0,8.2,0.0125,24.6,52.0,15.5,47.3,5.58,36.7,298.0,0.9
2026-06-27T09:30:00Z,1.16,9.08,4.23,0.00825,31.7,52.3,17.3,47.3,4.5,37.0,296.0,0.875
2026-06-27T10:30:00Z,1.19,10.4,5.03,0.0096,41.8,54.3,18.5,49.5,4.55,37.2,306.0,0.825
2026-06-27T11:30:00Z,1.25,8.83,4.13,0.00803,50.5,62.0,21.8,54.3,3.23,36.8,308.0,0.675
2026-06-27T12:30:00Z,1.22,7.38,3.35,0.00665,48.0,72.8,24.5,57.0,2.78,35.8,308.0,0.475
2026-06-27T13:30:00Z,1.31,7.13,3.18,0.00638,44.9,66.0,23.0,61.8,2.75,34.6,305.0,0.2
2026-06-27T14:30:00Z,1.44,8.83,2.95,0.0071,36.9,72.5,25.0,64.8,2.58,33.7,300.0,0.225
2026-06-27T15:30:00Z,1.4,10.6,3.03,0.00813,21.5,83.3,30.5,67.8,3.1,32.9,300.0,0.175
2026-06-27T16:30:00Z,1.39,11.1,3.15,0.00848,19.6,89.5,28.8,69.8,3.5,32.5,231.0,0.125
2026-06-27T17:30:00Z,1.36,14.0,3.07,0.0099,23.4,88.0,28.0,69.0,3.55,32.5,141.0,0.2
2026-06-27T18:30:00Z,1.25,10.6,2.9,0.008,25.1,89.5,32.0,68.5,6.75,32.0,87.5,0.25
2026-06-27T19:30:00Z,1.21,7.3,2.5,0.00593,28.9,80.0,27.5,68.3,6.37,31.7,99.3,0.275
2026-06-27T20:30:00Z,1.16,5.35,2.4,0.00475,26.0,61.0,21.5,68.5,4.8,31.1,87.5,0.225
2026-06-27T21:30:00Z,1.14,4.95,2.25,0.00448,28.5,50.5,18.5,68.3,4.23,31.1,105.0,0.275
2026-06-27T22:30:00Z,1.16,5.75,2.23,0.00488,24.7,48.3,17.0,69.5,3.9,30.5,86.0,0.2
2026-06-27T23:30:00Z,1.16,6.78,2.38,0.00558,27.7,46.8,17.3,68.3,4.8,30.7,128.0,0.25
2026-06-28T00:30:00Z,1.2,8.65,2.8,0.0069,25.8,50.5,19.0,67.3,5.45,31.5,121.0,0.3
2026-06-28T01:30:00Z,1.23,8.35,4.3,0.0079,28.3,53.8,21.3,64.3,5.53,32.6,152.0,0.425
2026-06-28T02:30:00Z,1.3,9.13,7.8,0.0112,32.0,54.5,20.0,61.8,6.9,33.4,231.0,0.3
2026-06-28T03:30:00Z,1.31,12.4,8.65,0.0136,34.1,70.5,33.0,59.5,6.45,33.8,211.0,0.6
2026-06-28T04:30:00Z,1.26,14.4,8.18,0.0143,25.1,73.0,28.5,57.8,4.95,34.4,315.0,0.85
2026-06-28T05:30:00Z,1.23,13.7,6.18,0.0123,24.8,73.5,25.8,56.0,4.9,34.7,323.0,0.825
2026-06-28T06:30:00Z,1.17,13.7,7.43,0.0133,21.1,60.8,20.0,49.8,4.13,35.7,299.0,0.8
2026-06-28T07:30:00Z,1.13,15.9,6.95,0.0141,22.2,47.0,14.5,47.3,4.75,36.4,301.0,0.975
2026-06-28T08:30:00Z,1.15,14.6,6.3,0.0129,23.7,46.3,16.0,45.5,4.78,37.3,314.0,0.875
2026-06-28T09:30:00Z,1.12,14.1,6.53,0.0128,26.7,42.8,14.8,45.3,4.58,37.6,306.0,0.925
2026-06-28T10:30:00Z,1.14,11.7,4.03,0.00945,41.4,39.8,11.5,50.3,4.65,37.3,306.0,1.0
2026-06-28T11:30:00Z,1.19,8.03,2.27,0.0061,49.9,42.0,13.0,53.0,4.23,36.9,310.0,0.9
2026-06-28T12:30:00Z,1.22,5.85,1.75,0.00455,44.4,48.0,13.0,59.0,3.15,35.4,311.0,0.6
2026-06-28T13:30:00Z,1.3,6.08,2.5,0.0053,42.1,57.5,16.0,62.0,3.03,34.7,319.0,0.425
2026-06-28T14:30:00Z,1.35,6.93,3.23,0.0063,40.3,63.3,20.5,64.8,3.13,33.9,309.0,0.35
2026-06-28T15:30:00Z,1.34,8.45,2.9,0.00685,27.6,68.8,22.5,67.8,3.78,33.4,309.0,0.4
2026-06-28T16:30:00Z,1.35,9.98,3.33,0.00803,28.2,71.8,24.0,68.3,3.93,33.3,191.0,0.275
2026-06-28T17:30:00Z,1.3,10.0,2.97,0.00777,38.7,74.0,24.0,67.0,4.15,33.2,172.0,0.167
2026-06-28T18:30:00Z,1.24,9.65,3.25,0.00775,26.6,60.0,20.0,68.5,5.6,32.7,131.0,0.35
2026-06-28T19:30:00Z,1.24,8.43,2.9,0.00683,22.8,58.5,19.8,66.8,5.3,33.0,158.0,0.45
2026-06-28T20:30:00Z,1.23,6.85,2.55,0.0057,27.0,57.3,21.0,66.8,4.4,32.3,183.0,0.4
2026-06-28T21:30:00Z,1.25,7.5,2.78,0.00628,24.0,62.5,27.8,68.3,4.2,31.7,178.0,0.325
2026-06-28T22:30:00Z,1.23,8.08,3.03,0.00675,24.6,67.8,30.3,68.8,3.88,31.6,130.0,0.45
2026-06-28T23:30:00Z,1.19,8.68,2.93,0.00698,20.2,64.8,26.0,69.0,4.48,31.6,165.0,0.275
2026-06-29T00:30:00Z,1.25,9.05,3.05,0.0073,23.2,56.5,20.0,69.0,6.85,31.7,183.0,0.3
2026-06-29T01:30:00Z,1.32,10.7,5.78,0.0104,26.2,52.8,20.8,66.5,8.95,32.7,140.0,0.4
2026-06-29T02:30:00Z,1.36,10.3,7.78,0.0118,27.5,49.8,15.5,66.8,7.8,32.8,157.0,0.625
2026-06-29T03:30:00Z,1.37,12.0,9.0,0.0137,25.6,66.0,23.5,65.0,6.5,33.2,172.0,0.55
2026-06-29T04:30:00Z,1.28,11.2,10.1,0.0142,23.2,69.0,25.0,63.0,4.9,33.4,209.0,0.4
2026-06-29T05:30:00Z,1.28,12.4,14.0,0.018,23.0,56.3,23.0,61.5,4.37,33.8,211.0,0.375
2026-06-29T06:30:00Z,1.27,16.1,17.8,0.023,17.4,51.8,19.3,56.5,5.4,34.7,295.0,0.625
2026-06-29T07:30:00Z,1.18,16.7,7.88,0.0153,28.3,54.3,19.3,55.3,5.5,35.1,308.0,0.65
2026-06-29T08:30:00Z,1.12,13.7,9.43,0.015,19.5,53.5,16.5,47.8,7.53,36.3,322.0,0.675
2026-06-29T09:30:00Z,1.04,12.6,7.43,0.0127,24.6,45.8,13.8,48.5,7.55,36.2,317.0,0.7
2026-06-29T10:30:00Z,1.09,11.3,8.63,0.0131,23.5,37.3,10.5,49.8,7.6,36.5,310.0,0.65
2026-06-29T11:30:00Z,1.11,8.03,6.28,0.00935,35.5,42.0,12.3,54.0,7.08,35.9,309.0,0.4
2026-06-29T12:30:00Z,1.19,9.18,5.6,0.00943,31.0,42.8,12.5,54.3,5.75,35.3,304.0,0.3
2026-06-29T13:30:00Z,1.34,13.7,3.78,0.0103,24.2,50.3,11.5,55.3,8.18,34.2,286.0,0.2
2026-06-29T14:30:00Z,1.58,22.8,3.88,0.0153,13.0,63.0,12.5,58.3,8.4,33.2,313.0,0.125
2026-06-29T15:30:00Z,1.56,24.7,4.18,0.0166,12.1,63.8,12.0,61.0,12.1,32.9,223.0,0.15
2026-06-29T16:30:00Z,1.29,15.7,3.88,0.0115,19.3,74.3,17.5,63.8,13.8,33.5,160.0,0.625
2026-06-29T17:30:00Z,1.24,8.1,2.97,0.0067,25.1,69.0,22.0,71.0,10.7,32.3,174.0,0.933
2026-06-29T18:30:00Z,1.16,5.35,2.45,0.00485,27.8,61.5,23.0,72.0,8.55,31.7,171.0,0.95
2026-06-29T19:30:00Z,1.17,4.13,2.2,0.00403,34.2,54.5,21.5,72.8,8.37,31.2,175.0,0.95
2026-06-29T20:30:00Z,1.2,3.4,1.65,0.0031,36.9,41.3,15.0,72.8,6.1,30.9,168.0,0.825
2026-06-29T21:30:00Z,1.21,3.78,1.85,0.0035,34.8,37.8,12.8,72.0,5.15,31.2,171.0,0.675
2026-06-29T22:30:00Z,1.22,3.63,1.93,0.00348,29.9,44.8,17.0,72.8,4.43,31.0,169.0,0.725
2026-06-29T23:30:00Z,1.2,4.13,1.85,0.00368,26.5,47.0,15.5,72.5,4.55,31.1,165.0,0.5
2026-06-30T00:30:00Z,1.26,6.9,2.5,0.00573,22.6,50.8,19.3,72.0,4.8,31.5,173.0,0.55
2026-06-30T01:30:00Z,1.27,7.3,3.1,0.00643,23.5,62.0,18.5,71.3,4.83,31.8,178.0,0.75
2026-06-30T02:30:00Z,1.27,6.78,3.48,0.00643,25.8,58.8,23.3,71.5,4.6,31.6,178.0,0.75
2026-06-30T03:30:00Z,1.27,6.63,3.4,0.00633,31.5,56.0,21.3,72.8,4.08,31.4,179.0,0.75
2026-06-30T04:30:00Z,1.26,7.68,5.15,0.00825,26.9,50.3,13.0,72.0,3.1,31.1,180.0,0.775
2026-06-30T05:30:00Z,1.28,8.2,7.85,0.0108,26.5,52.0,16.0,71.3,3.4,31.7,188.0,0.675
2026-06-30T06:30:00Z,1.26,9.88,7.35,0.0112,23.3,55.0,14.5,68.3,5.53,32.6,280.0,0.7
2026-06-30T07:30:00Z,1.24,12.2,7.45,0.0125,26.2,70.0,24.0,67.8,5.93,33.4,269.0,0.6
2026-06-30T08:30:00Z,1.22,13.0,6.45,0.0121,22.1,90.5,27.8,68.0,6.1,33.8,270.0,0.7
2026-06-30T09:30:00Z,1.18,8.65,3.9,0.00775,21.4,103.0,29.8,68.0,6.23,33.6,283.0,0.675
2026-06-30T10:30:00Z,1.18,8.83,4.58,0.0084,23.3,107.0,28.5,68.5,6.2,34.1,246.0,0.4
2026-06-30T11:30:00Z,1.21,9.08,5.58,0.00935,27.8,108.0,26.8,67.8,6.0,34.2,214.0,0.25
2026-06-30T12:30:00Z,1.26,9.25,3.55,0.0078,29.3,112.0,26.5,68.3,5.4,34.1,251.0,0.25
2026-06-30T13:30:00Z,1.31,10.1,2.63,0.00753,27.5,120.0,28.0,70.3,5.37,33.2,271.0,0.233
2026-06-30T14:30:00Z,1.35,8.7,2.65,0.0068,31.1,96.5,28.0,74.0,4.8,31.1,172.0,0.9
2026-06-30T15:30:00Z,1.26,7.85,2.2,0.00595,25.6,67.8,20.3,73.5,4.78,31.0,176.0,0.65
2026-06-30T16:30:00Z,1.19,6.73,1.98,0.00515,21.4,45.3,14.5,74.0,5.4,30.5,174.0,0.875
2026-06-30T17:30:00Z,1.15,3.67,1.6,0.00323,19.8,39.0,16.0,76.3,5.15,29.8,178.0,1.2
2026-06-30T19:30:00Z,,2.6,1.2,0.0024,26.5,32.0,5.5,76.5,4.3,28.7,169.0,1.25
2026-06-30T20:30:00Z,1.12,2.15,1.25,0.0021,26.0,29.5,7.25,75.8,4.35,28.7,173.0,1.2
2026-06-30T21:30:00Z,1.12,2.25,1.2,0.00218,27.7,26.5,5.0,75.0,4.2,28.5,171.0,1.3
2026-06-30T22:30:00Z,1.13,2.03,1.25,0.00208,29.4,30.8,4.75,75.0,4.43,28.4,170.0,1.33
2026-06-30T23:30:00Z,1.12,1.87,1.27,0.002,27.0,30.0,4.0,74.7,3.97,28.5,173.0,1.13
2026-07-01T00:30:00Z,1.09,3.2,1.15,0.00265,31.7,29.5,4.0,75.0,4.85,28.7,179.0,1.15
2026-07-01T01:30:00Z,1.11,4.33,1.3,0.00338,28.5,29.3,4.75,76.0,5.18,28.7,176.0,1.05
2026-07-01T02:30:00Z,1.13,4.35,1.35,0.00345,31.0,29.8,5.0,75.0,5.03,28.9,183.0,0.95
2026-07-01T03:30:00Z,1.21,5.67,1.47,0.00423,26.5,20.0,9.0,76.0,4.93,28.8,185.0,0.767
2026-07-01T04:30:00Z,1.28,5.6,1.75,0.0044,13.0,20.5,8.0,90.5,4.1,25.8,157.0,0.8
2026-07-01T05:30:00Z,1.21,6.43,1.73,0.00483,15.7,19.8,8.0,91.8,4.2,24.4,153.0,0.65
2026-07-01T06:30:00Z,1.18,7.75,2.1,0.00585,14.4,12.8,,92.3,4.13,23.4,160.0,0.525
2026-07-01T07:30:00Z,1.28,6.58,2.93,0.00585,16.8,15.3,,88.5,4.53,24.6,173.0,0.725
2026-07-01T08:30:00Z,1.36,8.73,3.85,0.00775,11.8,17.0,9.0,84.5,4.5,25.6,173.0,0.65
2026-07-01T09:30:00Z,1.22,6.08,2.48,0.00528,15.8,20.3,10.0,83.8,5.3,26.6,178.0,0.625
2026-07-01T10:30:00Z,1.18,4.9,1.88,0.00413,20.5,21.3,10.0,81.8,5.28,26.8,190.0,0.5
2026-07-01T11:30:00Z,1.22,6.13,2.37,0.00513,20.4,,,79.7,5.3,27.4,192.0,0.6
2026-07-01T12:30:00Z,1.34,6.0,2.2,0.005,14.6,24.0,13.0,82.0,4.0,27.1,185.0,0.3
2026-07-01T13:30:00Z,1.56,9.55,2.55,0.00718,11.3,27.0,13.5,83.0,3.93,26.8,176.0,0.525
2026-07-01T14:30:00Z,1.56,11.4,3.1,0.00855,8.65,39.5,15.0,84.8,3.53,26.6,174.0,0.55
2026-07-01T15:30:00Z,1.55,9.63,3.28,0.0078,6.75,49.5,21.0,84.8,4.18,26.6,176.0,0.55
2026-07-01T16:30:00Z,1.11,8.73,2.7,0.00685,6.55,48.3,35.3,85.8,4.35,26.8,175.0,0.65
2026-07-01T17:30:00Z,1.05,5.83,2.7,0.0053,7.6,29.0,16.0,85.7,4.35,26.8,181.0,0.6
2026-07-01T18:30:00Z,1.03,3.6,2.55,0.004,10.3,25.0,18.0,85.0,4.7,26.6,187.0,0.75
2026-07-01T19:30:00Z,1.02,3.2,2.37,0.00363,11.2,24.3,18.0,84.3,5.0,26.6,196.0,0.4
2026-07-01T20:30:00Z,1.06,3.15,2.0,0.0033,11.9,17.5,14.3,85.0,3.85,26.3,260.0,0.375
2026-07-01T21:30:00Z,1.06,2.75,1.93,0.00303,13.9,16.3,11.5,85.8,3.58,25.9,331.0,0.375
2026-07-01T22:30:00Z,1.1,3.3,1.98,0.00338,9.13,20.3,12.0,91.0,3.7,25.4,152.0,0.225
2026-07-01T23:30:00Z,1.12,2.95,2.03,0.00323,7.43,27.5,19.0,92.3,4.05,25.3,313.0,0.15
2026-07-02T00:30:00Z,1.19,4.25,2.78,0.0045,5.25,29.0,13.0,92.3,4.4,25.8,217.0,0.2
2026-07-02T01:30:00Z,1.3,7.73,3.5,0.00698,4.33,30.3,17.0,89.8,4.65,26.5,154.0,0.5
2026-07-02T02:30:00Z,1.29,6.45,5.08,0.00755,9.6,35.3,22.0,82.0,4.68,26.9,169.0,0.9
2026-07-02T03:30:00Z,1.19,5.55,9.95,0.0111,12.8,33.8,20.8,74.5,4.55,28.1,188.0,0.75
2026-07-02T04:30:00Z,1.15,6.4,11.2,0.0125,13.3,14.3,7.5,72.0,4.08,28.7,190.0,0.8
2026-07-02T05:30:00Z,1.12,5.85,6.7,0.00855,18.1,15.5,8.25,73.3,3.37,28.0,174.0,0.925
2026-07-02T06:30:00Z,1.15,7.28,12.0,0.0136,13.9,8.5,3.75,69.0,4.43,29.1,174.0,0.95
2026-07-02T07:30:00Z,1.18,6.63,12.9,0.014,18.8,12.8,8.25,67.3,4.78,30.1,174.0,0.75
2026-07-02T08:30:00Z,1.17,10.2,18.9,0.0208,14.4,12.8,6.25,64.3,5.33,30.5,171.0,0.875
2026-07-02T09:30:00Z,1.16,9.53,18.4,0.02,16.3,15.5,7.5,63.5,5.18,31.5,251.0,0.6
2026-07-02T10:30:00Z,1.16,8.58,4.05,0.00785,25.8,13.0,9.0,69.3,4.78,30.6,240.0,0.65
2026-07-02T11:30:00Z,1.19,7.0,2.78,0.00598,29.3,15.5,8.25,75.0,4.53,29.4,181.0,0.525
2026-07-02T12:30:00Z,1.21,7.83,3.18,0.00675,27.0,21.3,6.5,74.3,4.35,29.5,185.0,0.325
2026-07-02T13:30:00Z,1.33,10.3,3.13,0.008,18.7,22.0,8.75,76.0,4.25,28.8,270.0,0.125
2026-07-02T14:30:00Z,1.64,15.9,4.25,0.012,8.95,54.0,10.5,78.5,4.33,28.6,177.0,0.2
2026-07-02T15:30:00Z,1.52,13.9,3.8,0.0105,7.75,79.0,19.0,80.5,4.15,28.5,235.0,0.175
2026-07-02T16:30:00Z,1.34,13.2,3.58,0.0099,6.73,59.0,19.0,79.3,4.85,29.3,153.0,0.225
2026-07-02T17:30:00Z,1.2,12.8,3.2,0.00943,8.57,46.0,19.0,80.0,4.6,29.3,166.0,0.3
2026-07-02T18:30:00Z,1.03,5.1,2.7,0.0049,,30.0,13.0,81.0,3.6,28.9,175.0,0.4
2026-07-02T19:30:00Z,1.03,5.27,2.97,0.0052,12.1,30.8,15.5,81.5,3.33,28.7,145.0,0.175
2026-07-02T20:30:00Z,1.09,3.2,2.9,0.00405,15.7,32.3,19.8,79.3,3.1,28.6,183.0,0.25
2026-07-02T21:30:00Z,1.08,3.3,2.68,0.0039,16.8,19.0,8.75,78.5,2.75,28.5,164.0,0.275
2026-07-02T22:30:00Z,1.11,4.68,2.78,0.00475,12.3,18.5,10.0,80.8,2.68,27.9,112.0,0.175
2026-07-02T23:30:00Z,1.14,5.23,3.18,0.00538,9.9,28.3,19.8,82.5,2.43,27.7,48.8,0.125
2026-07-03T00:30:00Z,1.22,6.95,3.93,0.0069,6.48,31.3,16.8,81.3,3.15,28.5,178.0,0.175
2026-07-03T01:30:00Z,1.26,9.28,6.78,0.0105,8.25,28.8,10.8,76.0,3.55,29.6,76.3,0.2
2026-07-03T02:30:00Z,1.19,6.08,7.18,0.0091,14.8,34.0,13.8,73.8,3.78,29.6,324.0,0.325
2026-07-03T03:30:00Z,1.19,8.0,14.6,0.0161,14.1,23.3,12.3,67.3,3.8,29.4,261.0,0.45
2026-07-03T04:30:00Z,1.16,8.8,16.0,0.0177,15.9,17.3,9.75,62.0,2.88,30.7,285.0,0.55
2026-07-03T05:30:00Z,1.18,8.78,23.3,0.0236,17.8,16.0,9.75,60.0,3.07,32.2,239.0,0.525
2026-07-03T06:30:00Z,1.19,10.5,35.7,0.0346,10.7,21.0,13.0,57.3,5.93,33.2,186.0,0.625
2026-07-03T07:30:00Z,1.19,13.7,31.7,0.033,11.1,24.8,13.3,59.8,6.15,33.6,227.0,0.675
2026-07-03T08:30:00Z,1.14,12.5,8.08,0.0132,18.3,27.0,15.3,62.3,5.98,33.6,265.0,0.675
2026-07-03T09:30:00Z,1.09,10.9,7.7,0.0121,19.0,25.5,16.0,57.5,6.08,34.2,276.0,0.675
2026-07-03T10:30:00Z,1.1,7.55,3.08,0.0065,37.7,24.0,13.8,64.3,5.6,34.1,304.0,0.775
2026-07-03T11:30:00Z,1.23,6.68,1.93,0.00513,25.2,33.3,18.8,82.5,5.48,28.3,101.0,0.85
2026-07-03T12:30:00Z,1.31,8.9,2.63,0.0069,21.3,24.8,14.5,91.8,4.88,26.1,107.0,0.45
2026-07-03T13:30:00Z,1.44,11.5,2.63,0.00825,12.7,11.0,6.0,92.5,4.83,26.5,73.3,0.3
2026-07-03T14:30:00Z,1.54,14.8,4.05,0.0112,7.68,13.5,7.5,92.0,4.75,26.8,103.0,0.3
2026-07-03T15:30:00Z,1.48,12.4,4.13,0.00993,7.83,22.8,12.5,91.8,4.98,27.1,106.0,0.325
2026-07-03T16:30:00Z,1.24,8.15,3.65,0.0073,7.93,31.0,13.3,90.3,5.38,27.5,102.0,0.3
2026-07-03T17:30:00Z,1.08,4.97,3.2,0.00523,10.6,38.0,11.0,87.3,5.3,28.0,106.0,0.3
2026-07-03T18:30:00Z,1.04,4.9,2.95,0.00505,9.7,28.5,13.5,87.0,2.7,28.1,53.5,0.15
2026-07-03T19:30:00Z,1.05,6.77,3.13,0.00613,8.75,28.0,13.0,87.8,2.17,28.0,63.8,0.2
2026-07-03T20:30:00Z,1.15,6.65,3.1,0.0061,11.6,35.3,14.8,85.3,1.6,28.1,101.0,0.2
2026-07-03T21:30:00Z,1.14,4.4,3.15,0.00493,11.0,28.0,7.25,86.3,1.03,27.9,50.5,0.175
2026-07-03T22:30:00Z,1.17,4.73,3.3,0.00518,9.65,35.0,9.75,86.5,1.25,28.1,82.5,0.2
2026-07-03T23:30:00Z,1.16,4.13,3.43,0.00503,10.1,32.8,15.5,86.8,1.35,27.9,115.0,0.125
2026-07-04T00:30:00Z,1.2,4.1,3.4,0.005,7.0,26.0,14.0,87.0,1.7,28.1,35.0,0.1
2026-07-04T01:30:00Z,1.25,5.65,8.75,0.0101,8.4,41.5,15.0,77.0,1.95,30.1,168.0,0.2
2026-07-04T02:30:00Z,1.31,8.63,12.0,0.0144,10.4,52.5,18.5,76.3,2.35,30.5,175.0,0.35
2026-07-04T03:30:00Z,1.27,10.9,23.4,0.0248,9.98,44.3,27.0,70.8,2.2,31.8,193.0,0.4
2026-07-04T04:30:00Z,1.17,9.63,27.2,0.0272,11.5,52.5,33.8,68.0,2.08,31.7,291.0,0.625
2026-07-04T05:30:00Z,1.13,5.43,4.05,0.00618,17.6,36.8,20.3,76.0,1.13,28.7,325.0,0.725
2026-07-04T06:30:00Z,1.2,6.63,3.63,0.00648,15.8,20.0,11.0,82.0,3.58,28.8,220.0,0.475
2026-07-04T07:30:00Z,1.12,4.0,1.58,0.00343,16.3,19.0,9.0,86.3,3.98,26.2,316.0,0.6
2026-07-04T08:30:00Z,1.16,3.58,2.25,0.0037,16.5,12.3,2.25,85.8,3.63,26.1,318.0,0.375
2026-07-04T09:30:00Z,1.21,7.45,3.28,0.00665,10.1,11.8,3.75,86.8,4.28,26.8,246.0,0.325
2026-07-04T10:30:00Z,1.28,7.9,3.43,0.00698,8.35,16.8,7.0,88.0,4.88,26.8,312.0,0.325
2026-07-04T11:30:00Z,1.2,6.53,3.28,0.0061,8.93,15.0,6.75,87.8,4.18,27.3,308.0,0.375
2026-07-04T12:30:00Z,1.32,7.6,3.75,0.00705,7.9,17.0,6.0,87.0,4.0,27.6,243.0,0.3
2026-07-04T13:30:00Z,1.31,6.68,2.8,0.00583,9.58,23.0,6.75,88.5,3.18,27.1,310.0,0.3
2026-07-04T14:30:00Z,1.51,8.83,3.45,0.0075,5.43,23.8,7.5,91.0,3.4,26.6,110.0,0.225
2026-07-04T15:30:00Z,1.82,12.2,8.03,0.013,2.98,37.3,14.3,91.8,3.43,26.5,277.0,0.175
2026-07-04T16:30:00Z,1.77,10.1,8.2,0.012,2.45,64.8,21.5,92.5,3.8,26.6,56.3,0.175
2026-07-04T17:30:00Z,1.67,8.33,9.6,0.0122,2.4,68.0,20.0,93.0,4.15,26.8,159.0,0.2
2026-07-04T18:30:00Z,1.17,6.85,6.7,0.0091,3.0,66.5,14.5,92.0,2.0,26.8,188.0,0.2
2026-07-04T19:30:00Z,1.16,7.17,5.5,0.0083,1.5,52.0,14.0,92.3,2.03,26.7,87.3,0.2
2026-07-04T20:30:00Z,1.06,9.45,4.05,0.00835,2.5,47.5,12.5,92.0,1.5,26.2,330.0,0.15
2026-07-04T21:30:00Z,1.17,7.05,3.78,0.0068,2.78,41.0,7.25,92.3,1.05,25.9,89.5,0.225
2026-07-04T22:30:00Z,1.11,5.55,3.48,0.0058,3.13,31.5,4.5,91.5,1.23,25.8,67.5,0.2
2026-07-04T23:30:00Z,1.11,5.6,4.47,0.0066,3.0,26.7,7.67,91.0,0.9,26.0,75.7,0.2
2026-07-05T00:30:00Z,1.09,5.75,4.98,0.00708,3.83,35.5,7.75,86.5,1.18,27.6,134.0,0.275
2026-07-05T01:30:00Z,1.29,5.25,5.45,0.00718,8.93,40.5,7.25,80.3,1.7,29.6,180.0,0.3
2026-07-05T02:30:00Z,1.26,8.05,10.4,0.0128,10.4,32.8,19.5,75.0,1.85,30.3,244.0,0.375
2026-07-05T03:30:00Z,1.23,10.4,14.1,0.017,11.1,35.0,23.5,70.3,1.75,30.6,301.0,0.475
2026-07-05T04:30:00Z,1.22,7.95,23.6,0.0234,11.9,37.0,21.8,70.3,1.93,31.3,320.0,0.5
2026-07-05T05:30:00Z,1.2,7.5,25.0,0.0243,15.3,43.0,21.8,66.3,2.07,32.2,277.0,0.55
2026-07-05T06:30:00Z,1.18,9.95,16.4,0.0186,13.0,38.3,24.3,67.0,4.45,31.7,288.0,0.8
2026-07-05T07:30:00Z,1.16,19.5,13.3,0.0212,9.4,33.8,21.0,58.3,5.38,33.2,297.0,0.775
2026-07-05T08:30:00Z,1.17,13.9,20.4,0.024,13.6,29.0,19.8,60.3,5.65,34.0,294.0,0.625
2026-07-05T09:30:00Z,1.2,14.6,12.7,0.0181,14.3,38.5,27.5,64.5,5.78,34.1,320.0,0.65
2026-07-05T10:30:00Z,1.17,9.63,12.9,0.0156,21.9,36.0,21.8,67.3,5.63,34.3,310.0,0.475
2026-07-05T11:30:00Z,1.28,8.05,7.05,0.01,19.9,33.3,21.3,75.0,5.38,32.3,185.0,0.85
2026-07-05T12:30:00Z,1.33,6.68,3.9,0.00673,17.3,33.8,19.8,78.0,5.2,31.5,187.0,0.625
2026-07-05T13:30:00Z,1.32,7.2,3.7,0.00683,16.4,33.8,13.5,78.5,4.85,30.9,188.0,0.525
2026-07-05T14:30:00Z,1.28,6.08,3.83,0.00633,14.7,35.5,17.8,80.3,4.65,30.1,184.0,0.725
2026-07-05T15:30:00Z,1.27,4.58,3.48,0.00525,15.1,31.8,15.0,78.8,4.25,29.4,181.0,0.7
2026-07-05T16:30:00Z,1.21,3.73,3.13,0.00455,16.7,26.3,8.75,78.0,4.3,29.3,180.0,0.5
2026-07-05T17:30:00Z,1.23,3.47,2.83,0.00417,14.5,20.0,8.0,78.7,4.25,29.4,180.0,0.4
2026-07-05T18:30:00Z,1.12,3.3,3.15,0.0043,10.5,25.5,15.0,80.5,4.65,29.5,170.0,0.4
2026-07-05T19:30:00Z,1.13,4.63,2.83,0.00477,10.5,23.3,14.0,80.3,4.3,29.5,176.0,0.425
2026-07-05T20:30:00Z,1.11,4.9,3.3,0.0053,10.5,18.0,10.5,81.5,4.75,29.4,176.0,0.4
2026-07-05T21:30:00Z,1.11,4.3,3.07,0.00477,10.4,21.7,13.3,82.3,4.2,29.2,172.0,0.4
2026-07-05T22:30:00Z,1.16,3.53,2.7,0.00407,10.8,29.0,16.0,83.0,3.53,28.8,176.0,0.5
2026-07-05T23:30:00Z,1.17,3.43,2.7,0.00407,14.5,35.3,21.7,82.0,3.6,29.0,180.0,0.533
2026-07-06T00:30:00Z,1.18,2.93,3.28,0.00425,17.4,29.3,22.8,80.5,3.28,29.4,179.0,0.525
2026-07-06T01:30:00Z,1.24,4.45,6.95,0.008,12.8,31.3,18.5,78.5,4.0,29.9,186.0,0.475
2026-07-06T02:30:00Z,1.2,4.98,12.9,0.0131,10.1,35.8,24.0,75.0,4.63,30.8,188.0,0.475
2026-07-06T03:30:00Z,1.18,9.78,17.3,0.0193,10.0,33.0,18.8,70.5,4.93,31.7,210.0,0.45
2026-07-06T04:30:00Z,1.16,8.13,10.6,0.0129,12.7,27.3,20.0,70.8,4.2,32.0,280.0,0.7
2026-07-06T05:30:00Z,1.13,7.48,9.05,0.0113,14.7,27.5,17.0,73.5,4.27,30.9,261.0,0.675
2026-07-06T06:30:00Z,1.35,6.25,2.28,0.00518,16.3,25.3,16.0,89.8,4.03,27.1,163.0,0.675
2026-07-06T07:30:00Z,1.4,9.18,3.2,0.00745,13.9,18.3,10.0,92.0,4.03,25.3,122.0,0.525
2026-07-06T08:30:00Z,1.43,10.0,3.5,0.00815,12.0,3.75,,91.5,4.03,25.8,207.0,0.375
2026-07-06T09:30:00Z,1.56,12.4,6.43,0.0118,7.25,9.0,7.0,90.0,4.7,26.7,97.0,0.275
2026-07-06T10:30:00Z,1.33,10.2,10.1,0.0136,5.88,19.8,8.75,81.5,4.63,28.7,138.0,0.2
2026-07-06T11:30:00Z,1.4,13.5,8.95,0.0145,6.0,32.3,11.3,79.8,4.78,30.2,165.0,0.15
2026-07-06T12:30:00Z,1.73,16.9,8.2,0.0157,3.43,40.3,12.0,84.5,4.68,29.6,212.0,0.1
2026-07-06T13:30:00Z,1.8,15.2,9.13,0.0155,2.75,62.3,11.0,87.5,4.58,28.7,88.0,0.15
2026-07-06T14:30:00Z,2.03,11.7,14.9,0.0183,2.78,59.5,9.25,90.3,4.55,28.3,153.0,0.15
2026-07-06T15:30:00Z,1.49,9.65,9.25,0.0127,3.35,68.8,17.8,88.8,4.33,28.2,127.0,0.275
2026-07-06T16:30:00Z,1.2,6.9,4.85,0.0076,5.2,59.5,18.0,85.3,4.0,28.0,79.8,0.25
2026-07-06T17:30:00Z,1.21,6.2,4.47,0.00693,4.37,55.0,11.0,85.0,3.9,27.9,75.7,0.2
2026-07-06T19:30:00Z,1.03,10.7,3.5,0.0085,3.75,44.0,14.0,84.5,1.9,27.5,66.0,0.2
2026-07-06T20:30:00Z,1.03,7.8,3.6,0.0071,4.48,41.3,14.3,85.3,2.7,27.3,104.0,0.2
2026-07-06T21:30:00Z,1.03,4.35,3.45,0.00513,5.33,31.0,11.3,84.0,1.8,27.1,88.5,0.225
2026-07-06T22:30:00Z,1.09,3.75,2.88,0.00433,5.33,27.8,8.25,84.0,1.35,26.8,113.0,0.25
2026-07-06T23:30:00Z,1.1,4.03,3.0,0.00458,6.23,26.0,10.8,82.3,1.28,27.1,106.0,0.225
2026-07-07T00:30:00Z,1.15,5.5,4.7,0.00675,4.68,28.0,13.8,81.3,1.35,28.3,103.0,0.2
2026-07-07T01:30:00Z,1.19,6.18,8.33,0.01,5.33,46.3,14.0,76.0,1.65,29.7,139.0,0.35
2026-07-07T02:30:00Z,1.19,10.2,13.4,0.0163,7.05,47.0,16.8,70.5,2.88,31.2,143.0,0.225
2026-07-07T03:30:00Z,1.16,8.73,19.9,0.0208,7.95,26.5,13.0,66.5,2.93,31.6,265.0,0.35
2026-07-07T04:30:00Z,1.15,10.6,20.5,0.0223,9.85,25.3,13.8,65.0,3.0,31.9,306.0,0.55
2026-07-07T05:30:00Z,1.11,9.18,19.2,0.0205,9.53,23.8,14.0,65.8,2.73,32.0,315.0,0.85
2026-07-07T06:30:00Z,1.15,7.93,8.28,0.0109,16.2,17.8,9.5,71.8,3.38,31.3,316.0,0.575
2026-07-07T07:30:00Z,1.28,6.4,4.9,0.0074,18.1,24.3,16.5,79.3,3.38,29.9,268.0,0.275
2026-07-07T08:30:00Z,1.3,7.65,3.78,0.00713,19.6,24.8,11.8,87.8,3.18,27.7,196.0,0.5
2026-07-07T09:30:00Z,1.36,7.73,3.63,0.00708,18.8,26.3,17.3,86.3,3.7,28.1,178.0,0.925
2026-07-07T10:30:00Z,1.18,5.35,4.45,0.00643,11.9,32.5,24.0,81.5,4.13,28.3,178.0,0.9
2026-07-07T11:30:00Z,1.2,7.33,3.88,0.00708,11.6,30.5,20.3,81.0,4.15,28.8,182.0,0.6
2026-07-07T12:30:00Z,1.2,9.28,3.23,0.00758,11.6,28.8,17.3,81.5,3.75,28.7,212.0,0.325
2026-07-07T13:30:00Z,1.16,6.9,2.73,0.00588,13.7,26.5,15.5,84.3,3.43,27.8,267.0,0.425
2026-07-07T14:30:00Z,1.33,6.4,3.15,0.00595,16.3,23.8,16.8,85.8,3.25,27.2,241.0,0.375
2026-07-07T15:30:00Z,1.28,7.33,2.88,0.00623,14.6,22.3,16.3,86.3,3.25,27.2,238.0,0.325
2026-07-07T16:30:00Z,1.33,7.68,2.63,0.0062,11.5,36.8,16.5,87.8,2.98,27.0,110.0,0.275
2026-07-07T17:30:00Z,1.31,7.5,2.8,0.0063,11.5,52.0,15.0,88.0,3.25,27.0,177.0,0.3
2026-07-07T18:30:00Z,1.13,5.95,3.25,0.0058,7.0,38.0,27.5,88.0,3.7,27.0,160.0,0.4
2026-07-07T19:30:00Z,1.04,6.3,3.2,0.00593,8.4,35.5,25.5,87.0,3.4,26.9,160.0,0.475
2026-07-07T20:30:00Z,1.02,6.4,3.15,0.00595,7.23,24.0,16.3,87.5,3.1,26.8,149.0,0.2
2026-07-07T21:30:00Z,1.01,3.95,2.9,0.00448,7.58,22.0,10.0,88.0,2.85,26.7,185.0,0.175
2026-07-07T22:30:00Z,1.14,3.13,2.65,0.00383,8.1,16.0,10.0,88.8,2.2,26.6,102.0,0.225
2026-07-07T23:30:00Z,1.16,3.18,2.8,0.00398,6.05,19.0,10.0,88.5,2.15,26.8,263.0,0.15
2026-07-08T00:30:00Z,1.25,4.33,3.2,0.0049,5.6,26.0,20.0,89.5,2.65,26.7,229.0,0.25
2026-07-08T01:30:00Z,1.31,5.53,4.43,0.00655,6.65,28.8,21.0,86.3,2.55,27.2,221.0,0.35
2026-07-08T02:30:00Z,1.28,6.03,7.83,0.00958,6.15,34.3,24.3,80.3,3.38,28.5,193.0,0.375
2026-07-08T03:30:00Z,1.31,8.63,6.4,0.00978,5.63,34.0,21.5,81.0,3.05,28.6,183.0,0.5
2026-07-08T04:30:00Z,1.2,5.63,4.13,0.0064,6.2,36.3,17.3,80.3,3.07,28.4,181.0,0.4
2026-07-08T05:30:00Z,1.18,5.43,5.2,0.0071,8.05,26.8,11.5,80.0,2.9,28.5,182.0,0.475
2026-07-08T06:30:00Z,1.15,4.58,8.4,0.00925,9.75,20.5,8.75,78.3,3.0,28.8,187.0,0.475
2026-07-08T07:30:00Z,1.19,5.03,8.7,0.00975,11.1,16.3,5.75,77.5,3.3,29.1,173.0,0.5
2026-07-08T08:30:00Z,1.25,6.08,10.9,0.0121,10.7,17.8,10.3,75.5,3.3,29.8,174.0,0.375
2026-07-08T09:30:00Z,1.21,6.28,11.8,0.0129,10.8,20.3,12.8,75.5,3.73,30.4,204.0,0.275
2026-07-08T10:30:00Z,1.1,7.65,6.5,0.00938,12.2,21.8,9.0,78.0,4.18,30.1,272.0,0.375
2026-07-08T11:30:00Z,1.11,5.53,7.55,0.0091,11.4,22.8,9.5,75.3,3.83,30.3,237.0,0.275
2026-07-08T12:30:00Z,1.14,5.15,6.28,0.00785,14.0,20.8,12.3,78.0,3.9,29.8,283.0,0.275
2026-07-08T13:30:00Z,1.24,6.13,4.33,0.00678,14.8,25.3,16.0,81.3,3.55,29.1,303.0,0.175
2026-07-08T14:30:00Z,1.35,6.53,3.5,0.00635,15.4,25.5,13.8,84.0,3.08,28.6,294.0,0.25
2026-07-08T15:30:00Z,1.35,6.65,3.5,0.00638,14.4,33.3,17.0,84.5,3.45,28.6,307.0,0.3
2026-07-08T16:30:00Z,1.28,5.25,3.48,0.00563,17.5,31.8,19.8,85.0,3.35,28.4,306.0,0.225
2026-07-08T17:30:00Z,1.29,4.23,3.9,0.00543,15.9,34.0,19.0,86.3,2.95,28.1,287.0,0.267
2026-07-08T18:30:00Z,1.14,3.6,3.95,0.00515,9.2,35.0,20.5,88.0,2.35,28.0,177.0,0.1
2026-07-08T19:30:00Z,1.09,3.13,3.8,0.00477,9.85,34.8,21.5,87.8,2.37,27.8,234.0,0.15
2026-07-08T20:30:00Z,1.06,2.75,3.4,0.00425,9.05,29.5,18.3,88.8,2.35,27.6,216.0,0.125
2026-07-08T21:30:00Z,1.05,3.85,3.25,0.00468,7.0,24.8,15.0,91.0,2.28,27.3,115.0,0.275
2026-07-08T22:30:00Z,1.1,3.73,2.98,0.0044,11.5,23.0,13.3,89.8,1.58,26.4,147.0,0.525
2026-07-08T23:30:00Z,1.05,2.93,2.35,0.0035,14.1,19.0,7.0,91.0,1.63,24.8,212.0,0.3
2026-07-09T00:30:00Z,1.11,3.45,2.63,0.00395,10.4,5.0,2.0,93.3,1.33,25.2,273.0,0.15
2026-07-09T01:30:00Z,1.27,5.2,4.3,0.00628,5.1,6.25,2.5,94.0,1.73,26.0,144.0,0.15
2026-07-09T02:30:00Z,1.39,6.45,5.15,0.00763,5.0,13.0,5.75,93.5,2.08,26.1,228.0,0.25
2026-07-09T03:30:00Z,1.43,6.28,4.88,0.0073,7.68,20.0,12.5,91.5,2.25,25.3,144.0,0.375
2026-07-09T04:30:00Z,1.41,7.5,3.88,0.00715,6.95,24.5,14.0,91.0,2.08,25.3,147.0,0.575
2026-07-09T05:30:00Z,1.22,9.25,3.15,0.0075,7.45,23.0,13.5,92.0,2.07,24.3,121.0,0.55
2026-07-09T06:30:00Z,0.895,7.08,2.7,0.00595,10.5,11.0,9.5,92.0,3.08,23.7,144.0,0.6
2026-07-09T07:30:00Z,0.698,8.85,4.35,0.00823,6.93,4.0,2.0,93.0,3.23,23.7,122.0,0.475
2026-07-09T08:30:00Z,0.69,8.1,3.53,0.00718,6.58,,,93.8,3.15,24.5,106.0,0.325
2026-07-09T09:30:00Z,0.72,7.58,3.35,0.00678,7.0,7.0,4.0,94.0,3.55,24.4,104.0,0.25
2026-07-09T10:30:00Z,0.763,7.5,3.68,0.00698,4.68,7.0,3.25,94.8,3.73,24.4,93.8,0.2
2026-07-09T11:30:00Z,0.855,11.9,5.65,0.0109,3.33,4.0,1.0,95.0,4.2,24.7,126.0,0.3
2026-07-09T12:30:00Z,0.85,11.8,4.75,0.0102,3.33,5.0,4.0,95.0,3.65,25.0,201.0,0.225
2026-07-09T13:30:00Z,0.91,9.08,5.03,0.0089,2.78,5.75,4.25,95.0,3.75,24.8,163.0,0.175
2026-07-09T14:30:00Z,1.05,9.23,8.88,0.0121,2.6,11.3,8.25,95.0,3.58,24.5,194.0,0.15
2026-07-09T15:30:00Z,0.893,8.35,7.1,0.0102,2.7,21.8,17.3,95.0,3.53,24.4,113.0,0.15
2026-07-09T16:30:00Z,0.843,6.85,4.55,0.00735,3.13,21.0,12.0,95.3,3.28,24.2,240.0,0.175
2026-07-09T17:30:00Z,0.71,3.57,2.73,0.00413,5.03,,,95.3,3.1,23.9,302.0,0.267
2026-07-09T18:30:00Z,0.64,4.15,3.5,0.00505,4.1,,,96.0,3.1,23.9,187.0,0.2
2026-07-09T19:30:00Z,0.63,6.57,2.2,0.0053,3.3,13.0,4.0,96.0,3.1,23.9,250.0,0.325
2026-07-09T20:30:00Z,0.59,4.15,1.6,0.0035,5.3,13.0,3.5,96.0,3.35,23.7,176.0,0.4
2026-07-09T21:30:00Z,0.603,2.25,2.28,0.00308,7.98,1.0,2.0,96.0,2.95,23.6,64.8,0.425
2026-07-09T22:30:00Z,0.585,2.08,1.85,0.0026,8.58,1.0,,96.0,3.15,23.6,145.0,0.325
2026-07-09T23:30:00Z,0.64,1.9,1.95,0.00258,12.2,,6.0,96.0,2.78,23.2,165.0,0.4
2026-07-10T00:30:00Z,0.693,2.75,1.83,0.00295,13.0,,5.75,96.0,2.3,23.2,167.0,0.25
2026-07-10T01:30:00Z,0.758,5.78,2.4,0.005,9.88,,6.25,96.0,2.33,23.1,122.0,0.225
2026-07-10T02:30:00Z,0.855,6.18,3.15,0.0058,7.03,,10.0,96.0,2.2,22.9,215.0,0.175
2026-07-10T03:30:00Z,0.86,6.6,3.45,0.0063,6.35,,,96.0,2.8,22.9,303.0,0.375
2026-07-10T04:30:00Z,0.855,10.4,4.0,0.00878,8.55,,,94.5,3.18,23.4,317.0,0.25
2026-07-10T05:30:00Z,0.853,9.88,5.58,0.0098,9.6,11.3,10.3,91.0,3.5,24.6,243.0,0.225
2026-07-10T06:30:00Z,0.815,9.15,5.33,0.00915,11.2,17.0,15.0,87.8,3.95,25.8,178.0,0.3
2026-07-10T07:30:00Z,0.77,8.9,11.1,0.0138,10.6,16.8,14.0,83.5,4.03,26.1,175.0,0.425
2026-07-10T08:30:00Z,0.738,9.83,15.2,0.0176,9.35,15.0,9.25,76.3,3.4,27.6,245.0,0.45
2026-07-10T09:30:00Z,0.718,8.78,26.6,0.0263,6.63,15.5,8.0,70.8,4.05,29.2,167.0,0.65
2026-07-10T10:30:00Z,0.705,8.13,19.5,0.0202,8.53,25.0,11.0,71.5,3.88,29.7,187.0,0.45
2026-07-10T11:30:00Z,0.658,5.73,10.8,0.0119,12.3,16.8,8.75,73.5,3.35,30.0,270.0,0.375
2026-07-10T12:30:00Z,0.707,8.0,6.05,0.0092,8.68,10.8,3.0,77.5,3.68,29.9,284.0,0.175
2026-07-10T13:30:00Z,0.818,8.35,3.55,0.00738,6.85,14.3,8.5,83.3,3.85,28.7,294.0,0.125
2026-07-10T14:30:00Z,1.01,13.3,4.35,0.0106,2.68,19.3,6.75,86.8,3.83,27.9,305.0,0.125
2026-07-10T15:30:00Z,1.52,14.7,18.3,0.0227,2.58,40.5,13.3,89.3,4.53,27.5,134.0,0.125
2026-07-10T16:30:00Z,1.5,11.2,14.8,0.018,4.95,91.8,32.0,91.5,4.0,27.1,150.0,0.2
2026-07-10T17:30:00Z,1.06,9.2,9.27,0.0124,2.17,81.0,15.0,92.0,3.9,26.8,56.0,0.2
2026-07-10T18:30:00Z,0.77,6.9,4.6,0.0074,1.7,47.0,10.0,93.0,4.85,26.2,99.0,0.25
2026-07-10T19:30:00Z,0.68,6.67,4.13,0.00687,2.25,30.5,4.0,93.0,5.03,25.9,104.0,0.25
2026-07-10T20:30:00Z,0.6,4.55,3.85,0.00555,2.83,33.0,5.0,92.3,5.8,25.5,141.0,0.225
2026-07-10T21:30:00Z,0.605,4.6,3.38,0.0052,2.9,24.8,8.25,91.5,5.75,25.7,267.0,0.35
2026-07-10T22:30:00Z,0.608,7.23,3.4,0.0066,3.0,19.5,11.0,92.0,5.35,26.3,253.0,0.275
2026-07-10T23:30:00Z,0.583,7.65,3.45,0.00685,3.08,27.3,17.0,92.8,5.55,26.2,135.0,0.275
2026-07-11T00:30:00Z,0.58,4.13,2.88,0.00455,4.7,21.3,11.8,93.8,4.9,25.6,266.0,0.175
2026-07-11T01:30:00Z,0.708,3.58,2.48,0.00393,7.73,9.5,7.25,94.0,4.73,25.1,256.0,0.2
2026-07-11T02:30:00Z,0.748,4.48,3.7,0.00538,5.9,12.0,5.0,93.8,4.83,25.6,266.0,0.3
2026-07-11T03:30:00Z,0.768,5.05,4.7,0.00653,8.13,21.0,14.0,90.8,4.68,26.0,276.0,0.35
2026-07-11T04:30:00Z,0.733,4.2,11.7,0.0117,7.9,21.3,15.3,84.0,5.35,26.7,131.0,0.475
2026-07-11T05:30:00Z,0.75,5.63,16.4,0.0164,4.53,26.5,19.8,75.5,5.37,29.2,191.0,0.575
2026-07-11T06:30:00Z,0.718,9.3,5.75,0.00963,6.73,40.0,21.8,78.0,1.7,28.7,297.0,0.975
2026-07-11T07:30:00Z,0.68,7.1,5.3,0.00808,5.73,36.5,21.3,70.5,1.33,29.6,302.0,0.675
2026-07-11T08:30:00Z,0.667,7.78,12.2,0.014,8.58,40.8,21.8,64.5,1.4,30.3,314.0,0.6
2026-07-11T09:30:00Z,0.7,9.75,14.6,0.0171,7.55,55.5,19.5,66.3,1.1,30.6,304.0,0.55
2026-07-11T10:30:00Z,0.7,7.15,7.43,0.00983,11.8,30.5,13.3,70.0,0.375,30.7,319.0,0.525
2026-07-11T11:30:00Z,0.713,5.38,6.8,0.00843,14.4,33.5,11.8,71.5,0.725,31.0,315.0,0.575
2026-07-11T12:30:00Z,0.74,4.95,6.98,0.0083,11.3,50.3,19.0,74.0,1.3,30.6,314.0,0.325
2026-07-11T13:30:00Z,0.77,6.63,5.03,0.0076,10.3,59.3,23.0,77.0,1.45,29.8,287.0,0.2
2026-07-11T14:30:00Z,0.928,9.35,4.23,0.00843,7.0,75.5,26.8,80.5,1.48,29.2,284.0,0.175
2026-07-11T15:30:00Z,1.24,15.6,6.4,0.0135,3.65,111.0,33.5,83.5,1.98,28.8,86.0,0.125
2026-07-11T16:30:00Z,0.86,9.3,4.95,0.00898,8.83,193.0,40.5,83.5,1.48,28.4,84.3,0.15
2026-07-11T17:30:00Z,0.705,5.73,3.73,0.0061,9.9,165.0,25.0,84.3,0.4,27.7,163.0,0.1
2026-07-11T18:30:00Z,0.75,6.7,3.95,0.0068,6.8,124.0,28.5,87.0,2.95,27.5,97.0,0.2
2026-07-11T19:30:00Z,0.7,5.93,3.57,0.0061,3.6,120.0,31.8,86.3,3.33,27.4,201.0,0.225
2026-07-11T20:30:00Z,0.695,4.0,3.75,0.0052,4.65,100.0,21.3,87.8,3.45,27.3,111.0,0.175
2026-07-11T21:30:00Z,0.703,4.33,3.83,0.0054,4.48,85.8,22.3,88.5,3.9,27.3,111.0,0.1
2026-07-11T22:30:00Z,0.705,7.85,4.13,0.00753,3.95,87.0,23.8,88.0,3.83,27.4,125.0,0.15
2026-07-11T23:30:00Z,0.723,8.7,5.1,0.00875,2.63,82.0,25.5,88.8,3.8,27.4,346.0,0.15
2026-07-12T00:30:00Z,0.683,5.88,4.98,0.00718,4.75,82.5,23.5,85.8,3.65,27.8,186.0,0.15
2026-07-12T01:30:00Z,0.765,5.4,7.25,0.0088,7.13,75.8,22.0,80.3,3.03,28.9,197.0,0.225
2026-07-12T02:30:00Z,0.768,5.23,11.2,0.0119,9.85,82.3,23.0,75.8,3.03,29.9,223.0,0.275
2026-07-12T03:30:00Z,0.763,6.68,12.6,0.0138,11.9,101.0,29.3,73.3,3.4,30.1,283.0,0.5
2026-07-12T04:30:00Z,0.737,12.0,11.0,0.0153,8.83,120.0,38.8,69.8,3.75,30.7,289.0,0.6
2026-07-12T05:30:00Z,0.69,7.65,8.03,0.0106,8.0,123.0,34.0,67.3,4.2,31.5,293.0,0.85
2026-07-12T06:30:00Z,0.665,7.0,7.15,0.00955,6.5,141.0,33.3,67.5,4.15,31.4,314.0,1.0
2026-07-12T07:30:00Z,0.645,6.7,14.1,0.015,9.05,151.0,33.8,65.3,3.98,30.5,127.0,0.75
2026-07-12T08:30:00Z,0.66,9.25,23.9,0.0244,6.88,40.3,12.5,58.5,4.28,31.8,206.0,0.725
2026-07-12T09:30:00Z,0.685,9.33,16.7,0.0186,7.63,41.5,17.8,59.0,3.43,30.5,128.0,0.925
2026-07-12T10:30:00Z,0.71,9.28,18.6,0.0201,11.2,40.8,10.8,55.8,3.53,32.7,108.0,0.7
2026-07-12T11:30:00Z,0.693,8.53,10.8,0.0133,18.6,30.8,10.3,57.3,3.38,33.1,315.0,0.65
2026-07-12T12:30:00Z,0.713,7.15,5.2,0.00805,19.8,21.3,11.3,67.0,3.2,30.6,304.0,0.55
2026-07-12T13:30:00Z,0.743,6.95,3.1,0.0062,22.0,25.8,11.5,68.5,3.75,29.1,298.0,0.375
2026-07-12T14:30:00Z,0.738,7.23,2.8,0.00613,22.5,29.3,12.0,69.5,3.9,28.4,308.0,0.475
2026-07-12T15:30:00Z,0.71,5.65,2.55,0.00508,24.1,33.0,17.3,70.0,4.13,28.1,303.0,0.5
2026-07-12T16:30:00Z,0.71,5.48,2.58,0.005,20.4,31.3,12.8,70.8,3.53,27.7,181.0,0.325
2026-07-12T17:30:00Z,0.695,6.07,2.6,0.00533,20.2,25.0,6.0,70.0,3.25,27.6,125.0,0.233
2026-07-12T18:30:00Z,0.675,5.35,2.45,0.00485,15.3,37.0,18.5,73.0,3.85,27.0,173.0,0.1
2026-07-12T19:30:00Z,0.66,5.33,2.47,0.00483,6.85,28.3,14.3,75.3,3.8,26.8,336.0,0.1
2026-07-12T20:30:00Z,0.69,5.0,2.85,0.00495,9.43,21.8,8.75,76.8,4.25,26.9,309.0,0.325
2026-07-12T21:30:00Z,0.71,4.83,2.55,0.0046,6.78,20.5,9.25,82.5,4.33,26.3,157.0,0.45
2026-07-12T22:30:00Z,0.753,4.7,2.15,0.00425,3.15,29.5,13.5,91.3,4.73,25.4,247.0,0.225
2026-07-12T23:30:00Z,0.783,5.23,2.98,0.00518,2.98,34.5,15.0,92.8,4.63,25.6,161.0,0.275
2026-07-13T00:30:00Z,0.765,5.0,2.38,0.0046,5.8,35.0,15.5,90.0,4.0,25.3,311.0,0.45
2026-07-13T01:30:00Z,0.76,4.95,3.3,0.00533,5.03,32.3,17.3,85.0,3.55,25.8,249.0,0.5
2026-07-13T02:30:00Z,0.783,4.58,3.08,0.00498,9.1,37.3,17.3,84.0,3.83,26.0,176.0,0.55
2026-07-13T03:30:00Z,0.798,5.58,3.93,0.00615,9.88,36.8,18.5,79.5,3.78,26.3,197.0,0.4
2026-07-13T04:30:00Z,0.775,9.85,8.95,0.0125,9.43,36.5,25.8,73.8,4.23,28.2,280.0,0.35
2026-07-13T05:30:00Z,0.775,8.85,6.53,0.01,13.8,53.8,14.3,73.0,4.63,28.8,287.0,0.7
2026-07-13T06:30:00Z,0.733,8.4,3.85,0.00763,13.7,71.5,25.8,72.3,4.83,28.9,303.0,0.675
2026-07-13T07:30:00Z,0.698,8.45,5.3,0.00875,14.0,68.0,27.0,64.3,4.6,31.2,302.0,0.65
2026-07-13T08:30:00Z,0.635,6.15,3.95,0.00645,16.3,72.0,24.0,57.8,4.18,32.0,309.0,0.725
2026-07-13T09:30:00Z,0.7,8.55,22.7,0.023,9.9,71.8,21.8,63.5,4.38,32.0,310.0,0.6
2026-07-13T10:30:00Z,0.72,8.18,18.1,0.0191,13.8,59.8,15.0,65.3,4.55,32.4,329.0,0.6
2026-07-13T11:30:00Z,0.73,7.0,11.0,0.0127,26.7,53.5,16.5,67.8,3.83,32.5,318.0,0.5
2026-07-13T12:30:00Z,0.845,7.2,7.48,0.0099,24.9,47.0,14.8,71.3,4.05,31.6,284.0,0.2
2026-07-13T13:30:00Z,0.993,9.28,4.9,0.00893,19.3,54.8,25.0,75.8,4.23,30.7,275.0,0.1
2026-07-13T14:30:00Z,1.21,17.9,4.68,0.0133,9.53,69.3,29.8,80.8,4.55,29.9,49.5,0.1
2026-07-13T15:30:00Z,1.16,22.9,5.55,0.0167,6.03,110.0,35.8,82.5,4.78,29.5,73.3,0.15
2026-07-13T16:30:00Z,0.837,11.9,4.03,0.00958,16.0,137.0,33.3,80.5,4.13,29.4,97.3,0.15
2026-07-13T17:30:00Z,0.745,7.43,3.77,0.00703,14.1,122.0,28.0,81.7,4.0,28.8,162.0,0.133
2026-07-13T18:30:00Z,0.785,7.95,3.75,0.0073,8.7,91.0,26.5,85.5,3.95,28.4,188.0,0.15
2026-07-13T19:30:00Z,0.727,6.57,3.3,0.0062,7.65,88.0,28.5,86.3,3.7,27.8,230.0,0.1
2026-07-13T20:30:00Z,0.73,6.0,3.4,0.00595,6.58,60.5,24.5,88.5,4.5,27.4,40.3,0.15
2026-07-13T21:30:00Z,0.743,5.33,3.18,0.00545,3.95,68.8,24.5,89.5,4.15,27.1,37.8,0.2
2026-07-13T22:30:00Z,0.795,7.6,3.9,0.0072,2.9,64.0,23.0,91.0,4.65,26.7,70.0,0.2
2026-07-13T23:30:00Z,0.735,10.9,3.85,0.0089,2.75,59.0,27.0,91.3,4.48,26.4,178.0,0.125
2026-07-14T00:30:00Z,0.757,8.48,4.45,0.00815,3.98,61.8,25.0,90.5,4.1,27.0,213.0,0.225
2026-07-14T01:30:00Z,0.783,5.6,4.5,0.00665,9.98,77.5,30.8,83.0,3.68,27.9,174.0,0.3
2026-07-14T02:30:00Z,0.753,5.9,7.4,0.00913,11.1,99.0,40.0,76.3,3.87,28.9,271.0,0.3
2026-07-14T03:30:00Z,0.715,7.68,12.0,0.0138,12.8,95.5,37.8,68.5,4.2,30.1,321.0,0.425
2026-07-14T04:30:00Z,0.71,10.4,15.0,0.0178,12.0,84.3,32.0,65.3,4.45,31.0,329.0,0.55
2026-07-14T05:30:00Z,0.693,8.88,5.13,0.00888,11.7,64.0,24.8,63.5,5.0,31.7,308.0,0.675
2026-07-14T06:30:00Z,0.648,6.65,1.63,0.00485,17.0,57.0,22.0,60.8,3.3,32.4,313.0,0.7
2026-07-14T07:30:00Z,0.63,7.15,2.73,0.006,15.2,45.8,14.3,59.0,2.8,32.8,305.0,0.775
2026-07-14T08:30:00Z,0.638,7.15,2.5,0.00583,19.5,46.3,15.5,66.5,2.58,32.6,301.0,0.9
2026-07-14T09:30:00Z,0.707,5.95,6.3,0.00828,16.2,63.0,25.0,67.3,2.4,32.9,312.0,0.775
2026-07-14T10:30:00Z,0.708,6.65,10.4,0.012,16.1,59.3,18.0,65.8,2.3,33.2,317.0,0.675
2026-07-14T11:30:00Z,0.728,6.3,9.65,0.0112,20.9,57.5,18.0,68.0,2.48,33.2,313.0,0.675
2026-07-14T12:30:00Z,0.82,6.8,6.98,0.0093,19.3,61.8,17.5,70.0,2.7,32.3,311.0,0.225
2026-07-14T13:30:00Z,0.85,8.33,4.38,0.00795,18.0,63.3,19.8,72.8,3.1,31.4,270.0,0.2
2026-07-14T14:30:00Z,1.0,13.5,3.93,0.0104,8.85,83.0,32.0,77.0,3.35,30.7,304.0,0.125
2026-07-14T15:30:00Z,1.11,20.9,5.4,0.0155,4.35,92.5,31.8,80.3,3.7,30.1,70.5,0.1
2026-07-14T16:30:00Z,0.863,10.3,4.1,0.00878,12.5,101.0,28.0,80.5,3.43,29.8,67.0,0.1
2026-07-14T17:30:00Z,0.765,7.77,3.57,0.00707,11.4,93.0,22.0,82.3,2.65,29.2,158.0,0.1
2026-07-14T18:30:00Z,0.805,8.2,3.55,0.00725,8.4,76.0,22.5,84.5,3.95,28.8,14.5,0.1
2026-07-14T19:30:00Z,0.733,6.53,3.33,0.00627,7.9,71.0,24.3,85.5,4.07,28.4,97.3,0.125
2026-07-14T20:30:00Z,0.7,4.05,3.25,0.0048,9.8,61.5,21.3,87.0,4.55,28.0,183.0,0.2
2026-07-14T21:30:00Z,0.718,3.35,2.9,0.00415,6.33,63.0,22.8,88.3,5.03,27.8,209.0,0.2
2026-07-14T22:30:00Z,0.743,4.43,3.08,0.00488,4.65,64.8,27.5,89.0,4.7,27.6,76.0,0.175
2026-07-14T23:30:00Z,0.753,7.1,2.9,0.00618,4.65,70.3,33.0,87.8,4.93,27.2,60.0,0.225
2026-07-15T00:30:00Z,0.747,8.25,3.2,0.007,5.3,70.8,35.5,81.0,4.43,28.2,132.0,0.425
2026-07-15T01:30:00Z,0.815,5.33,4.5,0.00645,7.5,69.8,32.0,76.5,3.85,29.1,159.0,0.325
2026-07-15T02:30:00Z,0.818,7.05,8.03,0.0103,9.98,71.0,26.0,72.8,4.03,29.9,243.0,0.3
2026-07-15T03:30:00Z,0.805,7.9,10.6,0.0128,12.2,78.5,32.8,66.5,4.35,30.5,294.0,0.55
2026-07-15T04:30:00Z,0.743,12.2,8.65,0.0135,10.2,79.5,41.0,62.5,4.28,31.6,316.0,0.75
2026-07-15T05:30:00Z,0.71,8.13,6.38,0.0095,15.1,76.0,27.8,64.8,4.6,32.0,304.0,0.875
2026-07-15T06:30:00Z,0.688,6.13,2.15,0.00498,14.8,67.0,25.8,66.0,4.63,32.5,308.0,0.85
2026-07-15T07:30:00Z,0.69,6.5,3.18,0.006,12.0,60.5,23.0,63.5,4.7,32.9,313.0,0.9
2026-07-15T08:30:00Z,0.653,5.98,3.93,0.00638,13.8,58.3,25.3,61.3,4.7,33.4,317.0,0.925
2026-07-15T09:30:00Z,0.648,6.78,5.38,0.00795,14.8,44.8,18.0,60.0,4.63,33.6,314.0,0.825
2026-07-15T10:30:00Z,0.655,6.45,7.13,0.00923,18.4,40.5,15.5,59.8,4.43,33.7,316.0,0.85
2026-07-15T11:30:00Z,0.667,5.58,4.78,0.00685,23.4,39.5,16.0,63.3,4.13,33.7,312.0,0.775
2026-07-15T12:30:00Z,0.76,5.2,4.53,0.00645,24.8,43.3,13.8,67.5,4.33,32.8,315.0,0.625
2026-07-15T13:30:00Z,0.733,5.6,2.9,0.00533,26.7,41.3,16.8,70.8,4.95,31.9,313.0,0.425
2026-07-15T14:30:00Z,0.77,6.08,2.83,0.00553,21.8,43.5,17.0,73.0,5.23,31.1,299.0,0.3
2026-07-15T15:30:00Z,0.783,6.55,2.83,0.00578,19.1,48.8,19.5,74.8,5.3,30.5,306.0,0.3
2026-07-15T16:30:00Z,0.757,6.43,2.85,0.00575,21.8,48.3,16.3,74.0,4.93,30.2,187.0,0.2
2026-07-15T17:30:00Z,0.7,4.33,2.7,0.00447,21.7,49.0,20.0,75.3,4.4,29.5,287.0,0.2
2026-07-15T18:30:00Z,0.69,3.4,2.6,0.0039,19.9,32.0,17.0,77.5,4.0,28.9,283.0,0.1
2026-07-15T19:30:00Z,0.693,3.93,2.37,0.00407,11.3,34.8,19.5,80.5,3.9,28.3,197.0,0.15
2026-07-15T20:30:00Z,0.73,4.55,2.85,0.00475,10.3,41.8,15.5,82.0,4.15,28.1,246.0,0.125
2026-07-15T21:30:00Z,0.748,5.4,2.55,0.00495,7.98,45.0,23.3,84.3,4.63,27.8,294.0,0.125
2026-07-15T22:30:00Z,0.763,6.2,2.63,0.00545,5.3,49.8,29.5,86.3,4.78,27.6,43.5,0.175
2026-07-15T23:30:00Z,0.77,5.48,2.68,0.00508,3.85,51.3,27.8,87.5,4.7,27.4,323.0,0.125
2026-07-16T00:30:00Z,0.74,4.55,3.0,0.00488,8.0,46.8,26.3,84.3,4.43,28.1,122.0,0.25
2026-07-16T01:30:00Z,0.77,4.38,4.58,0.006,11.9,42.0,24.0,78.5,3.75,28.8,210.0,0.325
2026-07-16T02:30:00Z,0.785,5.65,7.38,0.00903,16.0,56.3,23.8,73.3,3.95,29.4,179.0,0.35
2026-07-16T03:30:00Z,0.748,6.45,9.85,0.0115,16.3,67.5,25.5,69.0,4.1,30.0,327.0,0.5
2026-07-16T04:30:00Z,0.723,9.73,8.35,0.012,12.6,59.8,31.8,65.3,4.13,31.1,324.0,0.65
2026-07-16T05:30:00Z,,,,,21.0,60.5,22.8,64.3,,31.9,322.0,0.875
2026-07-16T06:30:00Z,,32.6,34.5,0.0454,18.0,52.5,16.5,60.5,4.1,32.7,329.0,0.8
2026-07-16T07:30:00Z,0.66,27.9,18.0,0.0295,15.6,54.8,20.8,59.5,3.1,33.0,316.0,0.95
2026-07-16T08:30:00Z,0.585,33.1,39.4,0.0496,11.2,56.8,19.5,58.5,2.75,33.4,320.0,0.875
2026-07-16T09:30:00Z,0.698,33.7,21.0,0.035,12.7,54.8,18.0,60.0,2.13,33.5,306.0,1.03
2026-07-16T10:30:00Z,0.698,26.1,5.6,0.0184,21.2,51.5,18.0,64.8,2.1,32.9,301.0,1.15
2026-07-16T11:30:00Z,0.695,16.2,7.38,0.0146,26.1,56.3,19.0,66.3,2.25,33.2,320.0,0.9
2026-07-16T12:30:00Z,0.745,16.1,13.5,0.0195,24.8,55.8,22.8,71.3,2.3,32.4,322.0,0.675
2026-07-16T13:30:00Z,0.788,19.3,8.53,0.0172,26.8,51.8,21.3,74.5,2.75,31.8,324.0,0.5
2026-07-16T14:30:00Z,0.793,29.7,7.78,0.0221,22.7,53.0,20.5,76.8,2.93,31.2,307.0,0.325
2026-07-16T15:30:00Z,0.85,30.7,7.35,0.0224,18.4,60.8,28.5,77.5,3.05,30.8,274.0,0.275
2026-07-16T16:30:00Z,0.773,18.9,6.55,0.0154,22.6,59.5,28.8,77.8,2.63,30.3,280.0,0.175
2026-07-16T17:30:00Z,0.74,12.1,6.53,0.0117,26.7,48.0,24.0,79.0,1.85,29.9,298.0,0.167
2026-07-16T18:30:00Z,0.77,17.1,5.85,0.0139,23.0,47.0,21.5,81.5,3.8,29.3,305.0,0.1
2026-07-16T19:30:00Z,0.763,21.8,9.8,0.0195,11.4,48.0,21.3,83.3,3.7,29.0,309.0,0.125
2026-07-16T20:30:00Z,0.79,21.3,13.9,0.0227,12.9,48.3,19.3,84.0,4.45,28.7,300.0,0.175
2026-07-16T21:30:00Z,0.758,21.1,12.2,0.0212,7.73,47.8,23.8,84.8,4.25,28.6,216.0,0.125
2026-07-16T22:30:00Z,0.778,,,,6.58,42.5,23.3,86.0,4.23,28.2,249.0,0.125
2026-07-16T23:30:00Z,0.79,,,,7.53,38.0,24.0,85.0,4.1,27.9,192.0,0.1
2026-07-17T00:30:00Z,0.785,,,,9.1,48.5,26.0,83.0,3.9,28.5,44.0,0.15
2026-07-17T01:30:00Z,0.823,26.9,21.6,0.0319,11.5,55.0,25.8,77.3,3.98,29.7,162.0,0.175
2026-07-17T02:30:00Z,0.803,28.2,31.4,0.0405,15.3,63.5,32.8,71.3,3.93,30.2,304.0,0.325
2026-07-17T03:30:00Z,0.808,31.9,49.1,0.0569,15.0,66.3,34.5,67.0,4.08,31.5,256.0,0.425
2026-07-17T04:30:00Z,0.767,49.5,41.5,0.0601,11.9,80.5,30.3,63.8,4.7,32.2,308.0,0.675
2026-07-17T05:30:00Z,0.75,30.6,11.1,0.0253,12.3,54.3,21.8,64.3,4.77,32.5,312.0,0.825
2026-07-17T06:30:00Z,0.72,28.2,10.0,0.0231,16.1,70.5,24.0,63.3,4.33,33.2,304.0,0.825
2026-07-17T07:30:00Z,0.688,22.4,5.0,0.016,19.5,69.5,24.5,62.0,4.58,33.5,309.0,1.03
2026-07-17T08:30:00Z,0.673,17.4,11.0,0.0182,17.8,71.3,25.3,63.8,4.3,32.8,312.0,0.95
2026-07-17T09:30:00Z,0.705,16.6,22.5,0.0271,14.4,69.8,21.3,64.8,3.83,32.7,322.0,0.8
2026-07-17T10:30:00Z,0.743,16.5,18.7,0.024,17.3,57.8,19.3,69.5,3.8,31.4,129.0,0.65
2026-07-17T11:30:00Z,0.798,16.7,9.65,0.0167,21.7,51.3,20.3,72.5,4.08,31.4,283.0,0.45
2026-07-17T12:30:00Z,0.843,16.7,7.88,0.0153,20.9,45.0,21.8,72.5,4.13,31.1,313.0,0.475
2026-07-17T13:30:00Z,0.923,35.4,11.2,0.0279,18.5,56.0,24.8,74.3,4.53,31.1,347.0,0.275
2026-07-17T14:30:00Z,0.995,43.3,10.3,0.0314,14.6,60.8,27.8,76.8,4.3,30.8,318.0,0.25
2026-07-17T15:30:00Z,0.953,35.5,11.7,0.0284,12.5,63.8,26.8,79.3,4.58,30.5,314.0,0.2
2026-07-17T16:30:00Z,0.965,38.4,13.1,0.031,9.55,59.5,25.8,80.8,4.4,30.3,111.0,0.125
2026-07-17T17:30:00Z,0.895,33.0,13.4,0.0285,9.17,71.0,24.0,81.0,3.9,29.9,66.0,0.167
2026-07-17T18:30:00Z,0.74,33.7,15.6,0.0306,6.7,68.5,24.5,77.5,2.45,30.1,165.0,0.2
2026-07-17T19:30:00Z,0.717,,,,2.9,69.0,26.5,77.5,2.17,30.2,204.0,0.3
2026-07-17T20:30:00Z,0.78,,,,7.83,59.5,20.5,80.5,3.1,29.7,195.0,0.175
2026-07-17T21:30:00Z,0.78,,,,5.08,63.8,33.0,83.3,3.18,29.3,181.0,0.45
2026-07-17T22:30:00Z,0.755,,,,7.65,67.0,40.8,84.8,3.28,28.8,178.0,0.35
2026-07-17T23:30:00Z,0.753,,,,8.73,47.0,24.0,83.3,3.15,28.9,172.0,0.425
2026-07-18T00:30:00Z,0.753,21.0,11.6,0.0156,9.0,49.0,27.8,83.5,3.0,29.0,236.0,0.275
2026-07-18T01:30:00Z,0.833,24.7,21.2,0.0304,9.33,58.5,27.8,82.0,2.63,29.4,90.5,0.2
2026-07-18T02:30:00Z,0.798,23.3,24.3,0.0321,11.8,66.3,30.5,77.5,2.55,30.1,248.0,0.15
2026-07-18T03:30:00Z,0.818,27.7,41.7,0.0486,15.4,65.0,30.8,73.8,2.73,30.3,310.0,0.35
2026-07-18T04:30:00Z,0.82,30.9,45.1,0.0531,13.7,72.0,30.3,67.8,3.13,31.4,313.0,0.65
2026-07-18T05:30:00Z,0.767,46.6,29.3,0.0486,9.8,86.0,37.0,63.0,3.7,32.7,308.0,0.825
2026-07-18T06:30:00Z,0.7,26.2,15.9,0.0269,7.5,84.8,26.8,62.3,4.45,33.4,314.0,0.775
2026-07-18T07:30:00Z,0.7,23.3,15.9,0.0253,9.13,79.8,25.0,65.8,4.65,33.2,307.0,0.6
2026-07-18T08:30:00Z,0.7,25.6,27.1,0.0357,11.5,74.3,22.0,68.0,4.48,32.6,307.0,0.575
2026-07-18T09:30:00Z,0.688,27.2,23.1,0.0332,15.2,76.3,23.3,68.5,3.63,32.7,296.0,0.6
2026-07-18T10:30:00Z,0.69,22.1,17.0,0.0256,19.1,81.5,26.0,73.8,3.73,31.7,302.0,0.5
2026-07-18T11:30:00Z,0.703,21.7,14.6,0.0234,20.6,53.5,21.3,74.0,4.15,31.7,305.0,0.45
2026-07-18T12:30:00Z,0.745,24.5,15.9,0.0259,19.7,54.0,20.3,75.0,4.45,31.7,302.0,0.375
2026-07-18T13:30:00Z,0.8,25.1,11.5,0.0227,15.1,59.8,23.0,77.5,4.7,31.4,276.0,0.15
2026-07-18T14:30:00Z,0.905,30.1,11.0,0.0249,11.5,58.3,20.8,79.0,4.35,31.1,281.0,0.1
2026-07-18T15:30:00Z,0.91,33.9,11.4,0.0273,9.98,65.5,25.3,79.3,4.63,31.0,258.0,0.1
2026-07-18T16:30:00Z,0.898,43.9,13.5,0.0343,7.75,65.3,23.0,79.8,4.28,31.3,200.0,0.4
2026-07-18T17:30:00Z,0.815,,,,8.3,69.0,27.0,81.3,4.0,30.5,125.0,0.4
2026-07-18T18:30:00Z,0.71,,,,9.2,67.5,20.5,78.5,4.3,30.5,177.0,0.2
2026-07-18T19:30:00Z,0.73,24.9,9.6,0.0211,10.1,59.5,20.3,80.8,4.37,30.2,177.0,0.375
2026-07-18T20:30:00Z,0.72,16.5,8.05,0.0153,15.9,59.5,27.5,80.5,4.8,29.4,175.0,0.575
2026-07-18T21:30:00Z,0.72,13.6,7.15,0.0131,9.6,51.5,26.3,80.3,4.88,29.6,174.0,0.65
2026-07-18T22:30:00Z,0.693,15.5,5.85,0.013,10.8,54.0,27.8,80.8,5.05,29.6,172.0,0.625
2026-07-18T23:30:00Z,0.698,22.3,6.33,0.017,11.7,56.5,26.8,81.8,4.9,29.4,176.0,0.6
2026-07-19T00:30:00Z,0.713,22.4,6.65,0.0173,10.9,57.0,27.3,83.0,4.75,29.3,176.0,0.525
2026-07-19T01:30:00Z,0.787,15.6,7.5,0.0145,11.6,60.0,30.0,87.7,4.13,28.4,221.0,0.4
2026-07-19T02:30:00Z,0.79,17.8,9.43,0.0171,9.18,48.5,25.8,91.0,3.9,27.5,173.0,0.425
2026-07-19T03:30:00Z,0.793,18.6,22.4,0.0281,11.5,45.3,26.0,86.3,4.28,28.1,207.0,0.425
2026-07-19T04:30:00Z,0.807,23.8,54.1,0.0566,10.2,59.3,30.7,79.3,4.63,29.3,243.0,0.433
2026-07-19T05:30:00Z,0.777,29.6,42.0,0.0499,7.63,59.3,31.5,77.8,5.37,29.9,265.0,0.475
2026-07-19T06:30:00Z,0.718,47.8,58.3,0.0728,7.45,56.5,29.0,72.8,4.93,31.4,199.0,0.475
2026-07-19T07:30:00Z,0.72,41.6,62.6,0.073,7.5,55.5,27.3,68.3,5.25,32.9,174.0,0.475
2026-07-19T08:30:00Z,0.68,36.2,46.8,0.0573,11.4,57.8,32.8,71.5,5.1,32.4,288.0,0.55
2026-07-19T09:30:00Z,0.737,30.1,40.0,0.0485,14.5,58.3,25.0,75.0,4.43,31.9,287.0,0.525
2026-07-19T10:30:00Z,0.763,34.1,39.8,0.0505,13.1,50.3,22.5,74.3,4.3,31.9,194.0,0.45
2026-07-19T11:30:00Z,0.79,36.7,37.3,0.0499,12.7,47.8,24.8,74.3,4.5,32.0,194.0,0.45
2026-07-19T12:30:00Z,0.93,40.1,22.8,0.0399,14.6,58.5,25.8,77.3,4.35,30.8,178.0,0.425
2026-07-19T13:30:00Z,1.06,42.3,15.1,0.0348,10.6,58.0,24.3,80.5,4.63,30.3,161.0,0.35
2026-07-19T14:30:00Z,0.848,43.1,14.2,0.0345,8.58,68.8,31.3,82.3,4.7,30.2,173.0,0.45
2026-07-19T15:30:00Z,0.788,41.2,10.0,0.03,9.48,61.5,30.5,86.8,4.88,29.7,172.0,0.65
2026-07-19T16:30:00Z,0.753,,,,9.88,63.3,34.8,88.0,4.6,29.4,173.0,0.675
2026-07-19T17:30:00Z,0.71,,,,11.5,60.0,31.0,87.5,4.2,28.8,172.0,0.65
2026-07-19T18:30:00Z,0.705,,,,9.2,52.5,33.0,91.0,3.9,27.6,179.0,0.55
2026-07-19T19:30:00Z,0.673,,,,11.3,46.8,33.0,91.3,4.13,27.3,169.0,0.725
2026-07-19T20:30:00Z,0.69,,,,15.4,43.8,22.5,88.8,4.5,27.3,168.0,0.775
2026-07-19T21:30:00Z,0.708,,,,10.3,37.0,21.0,86.5,4.58,27.8,172.0,0.6
2026-07-19T22:30:00Z,0.713,,,,7.9,35.5,20.8,85.0,4.53,28.0,172.0,0.5
2026-07-19T23:30:00Z,0.71,,,,7.25,29.8,19.0,86.0,4.4,27.7,172.0,0.725
2026-07-20T00:30:00Z,0.713,,,,6.73,34.0,18.3,85.0,4.58,27.8,167.0,0.7
2026-07-20T01:30:00Z,0.77,,,,9.05,47.3,24.8,84.5,3.7,27.6,168.0,0.775
2026-07-20T02:30:00Z,0.773,,,,7.83,36.5,20.5,83.5,3.58,27.8,170.0,0.9
2026-07-20T03:30:00Z,0.757,,,,8.33,32.7,19.7,86.0,3.53,26.8,233.0,0.8
2026-07-20T04:30:00Z,0.785,,,,11.1,27.8,16.8,93.0,3.75,24.9,183.0,0.425
2026-07-20T05:30:00Z,0.867,14.5,3.47,0.0106,5.13,9.5,4.75,94.0,4.17,25.2,158.0,0.425
2026-07-20T06:30:00Z,0.755,12.6,3.43,0.00945,4.53,16.3,9.5,94.0,3.35,25.6,228.0,0.275
2026-07-20T07:30:00Z,0.705,6.0,1.93,0.00475,4.3,14.0,5.0,94.0,3.43,25.6,278.0,0.35
2026-07-20T08:30:00Z,0.838,8.55,4.33,0.00803,4.7,19.0,12.0,94.8,2.88,25.7,86.0,0.275
2026-07-20T09:30:00Z,0.773,7.48,5.03,0.00808,3.73,18.0,9.75,95.0,2.4,25.8,267.0,0.325
2026-07-20T10:30:00Z,0.898,8.45,3.98,0.00775,4.13,14.3,5.5,94.0,2.53,26.1,223.0,0.25
2026-07-20T11:30:00Z,0.85,7.6,3.28,0.00675,5.4,22.3,15.3,93.5,2.23,25.9,229.0,0.4
2026-07-20T12:30:00Z,0.933,8.83,3.55,0.0076,4.48,28.5,15.0,92.0,2.13,25.8,190.0,0.325
2026-07-20T13:30:00Z,0.95,9.28,3.8,0.00803,3.6,46.8,33.5,91.8,3.15,25.9,190.0,0.3
2026-07-20T14:30:00Z,0.79,9.03,3.48,0.0076,3.13,42.0,28.8,91.3,3.2,26.1,187.0,0.325
2026-07-20T15:30:00Z,0.82,13.4,3.4,0.00993,3.0,30.0,18.3,91.0,3.15,26.3,176.0,0.375
2026-07-20T16:30:00Z,0.65,7.45,2.78,0.0062,3.83,33.3,18.3,89.3,2.8,26.7,185.0,0.625
2026-07-20T17:30:00Z,0.585,2.6,2.3,0.00327,7.07,30.0,16.0,89.0,2.5,26.6,185.0,0.767
2026-07-20T19:30:00Z,0.63,1.4,1.8,0.0022,10.4,12.0,6.5,88.0,3.9,26.6,179.0,0.65
2026-07-20T20:30:00Z,0.625,1.6,1.8,0.00225,12.2,10.5,3.75,87.8,3.85,26.6,183.0,0.825
2026-07-20T21:30:00Z,0.65,1.03,1.7,0.00193,11.9,12.0,3.0,86.3,4.38,26.4,179.0,1.05
2026-07-20T22:30:00Z,0.7,2.05,1.83,0.00258,8.9,,,88.5,4.53,26.2,179.0,0.95
2026-07-20T23:30:00Z,0.685,1.5,1.83,0.0023,7.1,10.0,1.0,90.8,4.7,25.8,183.0,0.875
2026-07-21T00:30:00Z,0.708,2.18,1.8,0.00263,6.2,8.25,,90.3,4.78,25.9,181.0,0.7
2026-07-21T01:30:00Z,0.753,2.95,2.13,0.00328,8.38,2.0,,89.0,3.95,26.1,185.0,0.75
2026-07-21T02:30:00Z,0.778,3.23,2.58,0.00383,8.98,10.0,7.0,85.3,4.03,26.5,184.0,0.6
2026-07-21T03:30:00Z,0.843,3.95,2.58,0.00418,9.8,10.0,7.0,86.3,4.03,26.2,180.0,0.65
2026-07-21T04:30:00Z,0.858,5.0,2.75,0.0049,11.0,12.0,2.0,89.8,4.08,25.2,173.0,0.525
2026-07-21T05:30:00Z,0.767,4.63,3.28,0.00513,8.53,11.3,2.5,88.3,4.2,25.8,179.0,0.65
2026-07-21T06:30:00Z,0.76,7.2,3.45,0.00663,7.93,10.0,8.25,84.0,3.48,27.5,173.0,0.65
2026-07-21T07:30:00Z,0.778,7.93,3.78,0.0073,5.8,17.0,10.8,82.5,3.58,28.3,153.0,0.6
2026-07-21T08:30:00Z,0.777,9.55,6.58,0.0104,4.98,22.3,8.25,78.3,4.23,29.8,124.0,0.375
2026-07-21T09:30:00Z,0.76,10.4,5.0,0.0096,2.1,39.0,12.0,78.0,4.5,30.4,111.0,0.3
2026-07-21T10:30:00Z,0.967,7.3,6.8,0.00795,9.43,,,75.0,7.43,30.9,112.0,0.3
2026-07-21T11:30:00Z,0.827,9.4,9.4,0.0126,6.03,,,75.5,7.3,30.6,172.0,0.175
2026-07-21T12:30:00Z,0.765,8.48,5.83,0.00928,8.58,64.0,10.8,80.3,6.9,29.5,226.0,0.2
2026-07-21T13:30:00Z,0.863,11.3,5.03,0.0101,4.45,41.0,10.5,83.8,7.18,28.6,235.0,0.15
2026-07-21T14:30:00Z,1.01,14.4,7.45,0.0137,2.9,63.3,11.3,84.8,6.83,28.3,129.0,0.15
2026-07-21T15:30:00Z,1.08,12.0,6.65,0.0118,2.93,93.8,14.0,85.3,7.13,28.7,142.0,0.3
2026-07-21T16:30:00Z,0.985,8.8,5.7,0.00925,3.58,85.5,32.8,85.5,7.28,28.7,167.0,0.3
2026-07-21T17:30:00Z,0.725,4.97,3.97,0.00587,5.9,61.0,28.0,81.7,7.15,28.8,180.0,0.6
2026-07-21T21:30:00Z,0.535,3.9,2.75,0.0043,11.3,7.0,2.0,81.5,3.3,27.6,169.0,0.4
2026-07-21T22:30:00Z,0.538,3.83,2.58,0.00415,10.3,10.0,3.0,82.5,3.08,27.4,163.0,0.4
2026-07-21T23:30:00Z,0.538,2.95,2.63,0.0037,9.75,11.0,4.75,84.5,3.7,27.0,177.0,0.675
2026-07-22T00:30:00Z,0.61,5.0,2.7,0.00488,6.7,8.0,4.0,91.3,3.9,26.1,137.0,0.275
2026-07-22T01:30:00Z,0.7,6.8,4.05,0.00688,5.08,8.75,5.75,90.5,3.88,26.5,174.0,0.475
2026-07-22T02:30:00Z,0.605,4.75,5.28,0.0068,6.15,14.5,9.75,84.8,3.78,27.3,179.0,0.925
2026-07-22T03:30:00Z,0.575,4.35,5.75,0.007,7.1,16.0,6.0,79.3,3.33,27.9,176.0,0.975
2026-07-22T04:30:00Z,0.53,4.95,7.5,0.00875,6.78,17.0,14.0,73.0,3.45,28.6,179.0,1.23
2026-07-22T05:30:00Z,0.557,5.35,8.83,0.01,6.8,16.0,10.8,74.0,3.3,28.7,181.0,0.95
2026-07-22T06:30:00Z,0.715,5.78,14.3,0.0148,5.8,11.8,3.75,72.8,4.38,29.1,183.0,0.725
2026-07-22T07:30:00Z,0.705,6.1,12.8,0.0136,5.03,9.0,4.0,70.3,4.95,29.8,177.0,0.9
2026-07-22T08:30:00Z,0.688,6.38,11.1,0.0124,5.2,12.0,8.0,69.8,4.98,30.1,176.0,0.85
2026-07-22T09:30:00Z,0.67,6.45,11.7,0.013,9.25,13.5,1.0,66.5,4.9,31.0,178.0,0.65
2026-07-22T10:30:00Z,0.663,7.43,14.0,0.0153,5.75,18.0,1.25,62.8,5.25,32.1,181.0,0.625
2026-07-22T11:30:00Z,0.713,6.4,9.15,0.0109,9.38,15.0,3.25,63.3,4.75,32.6,183.0,0.6
2026-07-22T12:30:00Z,0.735,6.3,6.88,0.00895,10.6,15.8,6.75,66.0,4.48,31.7,187.0,0.425
2026-07-22T13:30:00Z,0.795,8.5,4.95,0.00855,10.0,18.8,6.0,70.5,4.35,30.7,184.0,0.3
2026-07-22T14:30:00Z,0.95,10.7,4.68,0.00953,6.08,25.8,10.3,73.3,4.25,30.2,179.0,0.25
2026-07-22T15:30:00Z,0.96,10.5,7.25,0.0115,3.73,52.3,24.0,78.0,5.13,29.5,142.0,0.25
2026-07-22T16:30:00Z,0.845,11.7,4.73,0.0101,4.25,76.5,19.8,76.3,4.83,29.3,169.0,0.2
2026-07-22T17:30:00Z,0.785,8.47,4.33,0.008,3.93,35.0,6.0,74.3,4.65,29.2,171.0,0.2
2026-07-22T18:30:00Z,0.69,7.8,4.7,0.00795,2.9,38.5,8.0,79.0,3.55,28.0,50.5,0.2
2026-07-22T19:30:00Z,0.643,7.27,4.2,0.00723,0.35,38.3,4.0,81.3,2.67,27.2,121.0,0.2
2026-07-22T20:30:00Z,0.575,3.9,3.35,0.0048,2.6,32.5,3.75,79.5,2.45,27.3,116.0,0.325
2026-07-22T21:30:00Z,0.56,3.1,3.15,0.00418,4.5,19.8,4.25,78.3,2.73,27.2,62.3,0.15
2026-07-22T22:30:00Z,0.568,4.38,3.5,0.0052,6.8,15.8,6.75,78.3,2.48,27.2,130.0,0.2
2026-07-22T23:30:00Z,0.558,6.73,4.15,0.00698,2.87,21.0,4.0,79.5,3.2,27.1,81.5,0.225
2026-07-23T00:30:00Z,0.585,6.05,5.28,0.0075,6.73,28.8,6.5,79.5,3.45,27.6,126.0,0.275
2026-07-23T01:30:00Z,0.668,5.95,5.48,0.0076,2.65,28.5,7.0,83.8,3.35,27.0,151.0,0.75
2026-07-23T02:30:00Z,0.638,4.73,3.55,0.0054,4.7,40.0,14.0,92.0,2.95,25.0,151.0,0.575
2026-07-23T03:30:00Z,0.618,4.4,5.0,0.00645,8.1,4.0,3.0,83.3,2.88,26.4,165.0,0.775
2026-07-23T04:30:00Z,0.6,5.05,5.38,0.00708,8.85,16.0,13.0,75.5,2.7,28.2,177.0,1.0
2026-07-23T05:30:00Z,0.61,5.28,8.08,0.0094,5.35,15.5,11.3,72.0,3.23,28.2,173.0,1.05
2026-07-23T06:30:00Z,0.73,4.98,11.8,0.0122,5.53,11.3,3.5,69.8,4.65,29.0,169.0,1.0
2026-07-23T07:30:00Z,0.725,7.03,17.8,0.0183,4.83,12.5,7.5,67.0,5.08,29.8,172.0,0.9
2026-07-23T08:30:00Z,0.708,8.1,17.8,0.0188,8.18,13.5,5.5,64.0,5.98,30.5,171.0,0.85
2026-07-23T09:30:00Z,0.71,7.55,17.5,0.0182,5.08,12.3,4.5,62.8,6.25,31.3,174.0,0.7
2026-07-23T10:30:00Z,0.745,7.03,15.9,0.0167,6.5,13.0,6.75,62.3,5.95,32.4,178.0,0.575
2026-07-23T11:30:00Z,0.79,6.03,9.08,0.0106,9.65,13.5,6.25,69.0,5.5,32.0,222.0,0.325
2026-07-23T12:30:00Z,0.875,7.53,7.08,0.0098,8.28,19.5,6.25,70.5,5.23,31.2,71.5,0.2
2026-07-23T13:30:00Z,0.983,13.1,6.55,0.0123,5.95,40.3,5.0,73.0,5.0,30.4,48.3,0.225
2026-07-23T14:30:00Z,1.07,15.0,7.65,0.0142,4.55,61.5,10.5,77.8,5.25,29.9,107.0,0.175
2026-07-23T15:30:00Z,1.06,12.2,6.28,0.0116,2.73,81.0,19.3,80.0,4.93,29.2,118.0,0.225
2026-07-23T16:30:00Z,0.895,7.9,4.2,0.0076,4.1,90.0,18.8,80.0,5.13,29.0,103.0,0.225
2026-07-23T17:30:00Z,0.835,5.53,3.23,0.00557,6.23,64.0,14.0,75.7,5.4,29.0,157.0,0.767
2026-07-23T18:30:00Z,0.625,5.9,2.25,0.005,7.3,18.0,7.5,76.0,3.7,27.7,162.0,0.55
2026-07-23T19:30:00Z,0.62,2.4,1.93,0.00287,6.5,10.0,6.0,75.3,3.47,28.3,171.0,0.6
2026-07-23T20:30:00Z,0.62,1.6,1.9,0.00245,10.5,2.0,,75.0,2.6,27.9,170.0,0.65
2026-07-23T21:30:00Z,0.623,1.4,2.13,0.0025,12.0,5.25,13.0,74.0,2.58,28.2,169.0,0.65
2026-07-23T22:30:00Z,0.625,1.78,2.23,0.00275,13.9,19.0,14.0,76.3,2.5,28.0,165.0,0.65
2026-07-23T23:30:00Z,0.653,2.93,2.55,0.0036,9.18,,,78.8,2.63,27.4,158.0,0.45
2026-07-24T00:30:00Z,0.67,5.93,3.25,0.00578,7.73,15.0,9.0,77.8,3.2,28.3,151.0,0.5
2026-07-24T01:30:00Z,0.673,4.38,3.2,0.00493,12.8,18.0,10.8,75.0,3.13,28.6,166.0,0.825
2026-07-24T02:30:00Z,0.658,3.95,3.78,0.00518,10.3,23.5,14.8,72.8,3.1,29.0,172.0,0.9
2026-07-24T03:30:00Z,0.673,4.38,5.23,0.00658,9.73,17.0,8.75,71.5,3.2,29.7,164.0,0.8
2026-07-24T04:30:00Z,0.69,4.9,6.0,0.0075,9.2,13.0,5.0,71.0,3.0,30.0,169.0,0.8
2026-07-24T06:30:00Z,0.715,7.3,20.8,0.0208,6.05,11.0,6.0,67.0,5.3,31.7,204.0,0.5
2026-07-24T07:30:00Z,0.72,10.4,27.2,0.0277,3.58,16.0,12.0,65.0,5.68,32.4,177.0,0.55
2026-07-24T08:30:00Z,0.71,9.08,21.5,0.0223,7.18,16.0,12.0,64.8,6.28,32.6,177.0,0.575
2026-07-24T09:30:00Z,0.673,9.0,20.7,0.0216,5.58,14.8,,62.0,6.1,33.0,189.0,0.6
2026-07-24T10:30:00Z,0.7,8.6,16.4,0.0179,6.58,12.3,2.0,64.5,5.83,33.2,174.0,0.675
2026-07-24T11:30:00Z,0.753,8.23,10.0,0.0125,10.9,16.5,6.75,67.8,5.53,33.3,164.0,0.65
2026-07-24T12:30:00Z,0.8,7.0,5.68,0.0083,16.5,18.5,8.25,70.5,4.98,32.2,174.0,0.625
2026-07-24T13:30:00Z,0.825,7.55,4.05,0.00733,14.5,22.8,6.75,73.0,4.48,31.3,167.0,0.525
2026-07-24T14:30:00Z,0.868,9.08,4.33,0.00835,9.98,30.0,9.75,74.5,4.78,30.7,163.0,0.375
2026-07-24T15:30:00Z,0.793,6.55,3.55,0.00638,12.5,32.3,12.3,74.8,4.6,30.1,171.0,0.675
2026-07-24T16:30:00Z,0.76,3.98,2.9,0.0045,11.7,28.3,13.5,77.3,5.18,29.4,168.0,0.725
2026-07-24T17:30:00Z,0.73,3.67,2.37,0.00387,11.2,22.0,12.0,76.7,5.1,29.2,170.0,0.833
2026-07-24T18:30:00Z,0.695,4.25,2.0,0.0039,11.5,14.0,8.0,77.0,3.5,29.0,170.0,0.7
2026-07-24T19:30:00Z,0.677,2.73,2.13,0.0032,9.7,13.8,8.25,77.0,3.47,28.9,171.0,0.65
2026-07-24T20:30:00Z,0.66,2.4,2.05,0.00295,11.8,12.3,6.5,77.0,2.6,28.7,168.0,0.6
2026-07-24T21:30:00Z,0.66,1.68,2.05,0.00258,14.3,10.0,8.0,76.8,2.83,28.7,172.0,0.925
2026-07-24T22:30:00Z,0.658,1.4,1.7,0.00213,15.7,,,77.0,2.4,28.6,170.0,0.925
2026-07-24T23:30:00Z,0.67,1.68,1.98,0.0025,13.8,12.0,7.0,79.0,2.58,28.1,169.0,0.85
2026-07-25T00:30:00Z,0.705,3.05,2.18,0.00343,10.7,12.0,6.0,85.8,3.08,26.8,168.0,0.7
2026-07-25T01:30:00Z,0.728,3.7,2.35,0.0039,10.2,16.0,13.0,82.3,3.55,27.7,171.0,0.85
2026-07-25T02:30:00Z,0.713,3.38,3.15,0.00438,9.35,15.5,12.8,79.3,3.85,28.3,169.0,1.0
2026-07-25T03:30:00Z,0.71,3.95,4.13,0.00545,9.28,13.8,11.0,77.5,3.08,28.6,172.0,1.03
2026-07-25T04:30:00Z,0.725,4.7,6.15,0.0075,10.5,11.0,6.75,74.0,2.55,29.2,176.0,0.925
2026-07-25T05:30:00Z,0.72,4.5,7.0,0.0081,9.5,7.0,3.0,72.0,2.9,29.2,177.0,1.1
2026-07-25T22:30:00Z,,,,,,,,,,28.0,,
2026-07-25T23:30:00Z,0.693,3.98,3.38,0.00485,4.53,21.5,12.8,78.3,3.7,27.9,145.0,0.425
2026-07-26T00:30:00Z,0.71,6.65,4.5,0.0072,3.53,21.0,6.0,77.8,3.85,28.2,131.0,0.275
2026-07-26T01:30:00Z,0.728,5.28,5.93,0.00758,4.48,21.8,6.5,76.3,3.98,29.2,150.0,0.325
2026-07-26T02:30:00Z,0.735,5.6,8.78,0.0101,7.63,16.8,9.5,73.0,4.15,30.1,188.0,0.425
2026-07-26T03:30:00Z,0.698,5.28,9.78,0.0107,10.7,19.5,12.8,72.5,3.9,30.2,279.0,0.475
2026-07-26T04:30:00Z,0.705,6.85,11.9,0.0134,11.0,12.5,6.5,69.8,3.0,30.6,246.0,0.5
2026-07-26T05:30:00Z,0.713,6.63,16.6,0.0171,10.0,15.8,9.25,67.0,3.67,31.7,241.0,0.475
2026-07-26T06:30:00Z,0.708,7.58,17.0,0.0178,12.6,20.0,16.0,67.0,6.1,31.6,288.0,0.575
2026-07-26T07:30:00Z,0.713,8.15,14.0,0.0157,13.4,21.0,17.0,68.5,6.03,32.0,298.0,0.6
2026-07-26T08:30:00Z,0.705,11.9,12.0,0.0161,12.7,22.8,16.3,67.5,6.38,32.1,278.0,0.775
2026-07-26T09:30:00Z,0.698,8.78,14.9,0.0168,10.4,26.8,14.3,65.5,6.53,32.9,290.0,0.5
2026-07-26T10:30:00Z,0.7,7.93,13.0,0.0148,14.4,22.5,13.8,65.3,6.48,33.5,278.0,0.4
2026-07-26T11:30:00Z,0.723,4.23,1.73,0.00368,19.1,21.0,10.0,88.5,6.23,27.7,293.0,1.15
2026-07-26T12:30:00Z,0.815,5.88,1.93,0.00468,15.8,12.0,10.0,93.5,5.7,27.0,241.0,0.425
2026-07-26T13:30:00Z,0.883,8.58,2.53,0.0066,11.8,12.0,8.0,93.3,5.65,27.1,119.0,0.5
2026-07-26T14:30:00Z,0.883,8.28,2.68,0.00655,15.8,13.0,7.0,93.5,5.7,27.0,112.0,0.3
2026-07-26T15:30:00Z,0.818,5.55,2.9,0.00533,16.7,13.0,6.75,93.5,5.1,26.7,68.0,0.55
2026-07-26T16:30:00Z,0.758,3.43,3.38,0.00458,12.2,10.0,6.5,94.8,6.13,26.5,87.5,0.4
2026-07-26T17:30:00Z,0.775,3.57,3.2,0.0045,9.17,,8.0,95.0,5.8,26.7,181.0,0.233
2026-07-26T18:30:00Z,0.715,3.75,3.0,0.0045,8.0,10.0,6.0,95.0,4.35,27.0,188.0,0.3
2026-07-26T19:30:00Z,0.733,3.33,2.8,0.00407,5.0,10.0,6.0,95.0,4.17,27.1,147.0,0.2
2026-07-26T20:30:00Z,0.69,2.7,2.9,0.0038,6.63,7.0,1.0,95.0,3.95,26.8,177.0,0.275
2026-07-26T21:30:00Z,0.68,2.1,2.68,0.0033,10.3,8.0,9.0,95.0,3.45,26.4,78.0,0.35
2026-07-26T22:30:00Z,0.653,1.68,2.58,0.003,13.9,21.5,10.3,95.0,3.7,26.0,102.0,0.375
2026-07-26T23:30:00Z,0.658,2.68,2.53,0.0035,12.2,41.0,8.75,95.0,3.65,25.8,147.0,0.175
2026-07-27T00:30:00Z,0.693,3.93,3.6,0.005,7.48,4.0,2.0,95.0,3.9,26.4,141.0,0.225
2026-07-27T01:30:00Z,0.798,5.1,5.5,0.0072,5.38,12.0,8.0,94.0,4.2,27.3,83.0,0.225
2026-07-27T02:30:00Z,0.815,5.05,8.38,0.00953,5.73,14.8,8.5,87.0,4.13,27.8,75.8,0.2
2026-07-27T03:30:00Z,0.82,4.97,10.6,0.0112,6.67,18.7,10.3,79.7,4.07,29.2,205.0,0.333
2026-07-27T04:30:00Z,0.765,4.95,14.7,0.0146,8.98,17.0,10.5,75.8,3.58,29.8,299.0,0.5
2026-07-27T05:30:00Z,0.733,5.33,12.3,0.0128,10.6,19.8,10.0,75.5,3.57,30.4,303.0,0.55
2026-07-27T06:30:00Z,0.735,5.08,13.7,0.0139,11.7,19.8,15.0,76.0,5.53,31.0,299.0,0.425
2026-07-27T07:30:00Z,0.745,5.3,13.6,0.0139,11.0,23.3,17.3,77.0,5.4,31.1,303.0,0.325
2026-07-27T08:30:00Z,0.733,4.63,13.8,0.0137,11.6,26.5,16.0,75.8,6.2,31.3,280.0,0.325
2026-07-27T09:30:00Z,0.75,4.75,12.3,0.0125,9.6,25.3,19.5,75.8,5.68,31.7,311.0,0.225
2026-07-27T10:30:00Z,0.77,5.48,11.2,0.012,10.3,27.5,18.0,76.0,6.1,31.9,276.0,0.325
2026-07-27T11:30:00Z,0.853,6.7,9.3,0.0111,9.0,34.0,19.7,78.3,5.93,31.7,209.0,0.5
2026-07-27T12:30:00Z,0.89,7.2,6.63,0.00923,10.3,39.5,23.8,82.3,5.83,30.5,171.0,0.325
2026-07-27T13:30:00Z,1.0,10.4,4.93,0.00953,7.68,48.5,22.3,81.0,5.1,29.5,169.0,0.325
2026-07-27T14:30:00Z,1.16,12.1,4.98,0.0105,5.48,41.3,23.0,81.3,5.23,29.1,164.0,0.325
2026-07-27T15:30:00Z,1.01,8.88,4.63,0.00848,7.05,42.8,31.3,86.3,5.4,28.9,159.0,0.45
2026-07-27T16:30:00Z,0.853,4.25,3.73,0.00528,9.43,43.5,27.8,87.0,5.58,28.4,159.0,0.65
2026-07-27T17:30:00Z,0.805,3.07,3.17,0.00423,8.83,39.0,24.0,86.0,5.3,28.2,166.0,0.7
2026-07-27T18:30:00Z,0.67,2.35,2.65,0.00345,7.8,26.5,21.5,85.5,4.35,27.8,165.0,0.9
2026-07-27T19:30:00Z,0.65,2.35,2.65,0.00335,7.4,24.3,21.3,85.3,4.5,27.7,164.0,0.8
2026-07-27T20:30:00Z,0.64,2.25,2.4,0.00315,9.5,24.0,17.8,86.3,4.4,27.4,162.0,0.7
2026-07-27T21:30:00Z,0.635,2.4,2.25,0.00308,12.2,20.3,16.0,86.8,4.08,27.1,162.0,0.725
2026-07-27T22:30:00Z,0.635,2.3,2.2,0.003,13.2,18.0,13.0,88.3,3.95,26.8,155.0,0.6
2026-07-27T23:30:00Z,0.64,2.53,2.43,0.00333,13.3,,,88.0,3.63,26.8,162.0,0.5
2026-07-28T00:30:00Z,0.67,3.1,3.0,0.00408,8.88,12.5,11.0,89.3,4.23,26.8,165.0,0.65
2026-07-28T01:30:00Z,0.728,3.9,3.28,0.00473,5.85,20.8,17.3,93.3,4.4,26.3,166.0,0.5
2026-07-28T02:30:00Z,0.738,4.3,3.38,0.005,6.6,18.3,13.5,93.8,4.43,25.7,147.0,0.825
2026-07-28T03:30:00Z,0.798,5.05,3.0,0.00515,6.13,10.3,7.25,95.0,4.48,25.2,164.0,0.575
2026-07-28T04:30:00Z,0.895,8.5,4.13,0.00788,4.43,5.25,1.75,95.0,4.0,25.1,172.0,0.3
2026-07-28T05:30:00Z,0.78,6.03,4.18,0.0066,7.95,6.0,1.0,95.0,3.87,25.2,185.0,0.375
2026-07-28T06:30:00Z,0.728,4.63,5.55,0.00695,8.43,13.0,10.0,92.3,4.38,25.5,176.0,0.5
2026-07-28T07:30:00Z,0.708,4.15,6.5,0.0075,8.58,13.0,9.0,87.0,4.48,26.4,174.0,0.675
2026-07-28T08:30:00Z,0.698,3.75,7.18,0.00783,6.83,10.0,5.0,86.5,5.18,27.1,172.0,0.55
2026-07-28T09:30:00Z,0.69,4.0,7.6,0.0083,5.88,15.3,5.5,84.3,5.08,27.3,171.0,0.75
2026-07-28T10:30:00Z,0.683,4.2,6.13,0.00725,5.98,28.8,10.0,84.0,5.15,27.9,175.0,0.575
2026-07-28T11:30:00Z,0.68,4.1,6.25,0.00723,6.1,14.5,8.0,85.8,5.03,27.7,195.0,0.4
2026-07-28T12:30:00Z,0.73,5.83,5.03,0.0072,6.73,13.0,7.25,86.0,4.95,27.2,176.0,0.6
2026-07-28T13:30:00Z,0.725,6.83,3.48,0.00648,7.48,13.0,2.0,87.5,4.38,26.7,181.0,0.425
2026-07-28T14:30:00Z,0.87,7.35,3.7,0.0069,5.43,26.0,12.0,89.0,4.15,26.4,179.0,0.4
2026-07-28T15:30:00Z,0.853,8.2,3.68,0.00735,4.35,29.0,15.3,89.8,4.2,26.2,172.0,0.525
2026-07-28T16:30:00Z,0.725,5.68,3.65,0.006,5.35,32.0,25.3,91.0,4.48,26.1,169.0,0.4
2026-07-28T17:30:00Z,0.705,4.63,3.57,0.00537,4.43,19.0,12.0,91.0,4.8,26.0,181.0,0.3
2026-07-28T18:30:00Z,0.735,4.75,3.85,0.00565,3.2,21.0,12.0,91.0,4.6,26.1,154.0,0.3
2026-07-28T19:30:00Z,0.71,5.1,3.7,0.00567,3.1,23.8,11.8,90.8,4.23,26.1,130.0,0.25
2026-07-28T20:30:00Z,0.705,5.65,3.55,0.00585,3.48,19.0,7.25,91.3,3.4,25.6,140.0,0.125
2026-07-28T21:30:00Z,0.713,8.03,4.45,0.0079,2.83,18.0,5.75,92.5,3.78,25.3,32.8,0.125
2026-07-28T22:30:00Z,0.72,8.08,4.28,0.00778,2.7,23.3,7.25,93.3,3.63,25.2,29.8,0.1
2026-07-28T23:30:00Z,0.703,7.6,4.35,0.00758,2.83,21.3,5.25,94.0,3.93,24.9,48.7,0.1
2026-07-29T00:30:00Z,0.798,7.7,6.53,0.00938,3.15,23.8,5.75,92.5,4.08,25.7,135.0,0.225
2026-07-29T01:30:00Z,0.788,7.28,6.63,0.0093,3.9,31.3,8.0,84.5,4.38,27.9,180.0,0.3
2026-07-29T02:30:00Z,0.733,7.7,8.08,0.0106,5.48,36.8,18.0,80.3,4.23,28.7,229.0,0.325
2026-07-29T03:30:00Z,0.71,9.17,10.0,0.013,5.6,30.0,18.0,76.3,4.47,29.4,197.0,0.433
2026-07-29T04:30:00Z,0.7,12.1,14.3,0.0181,5.25,21.0,10.5,74.8,4.23,30.0,188.0,0.525
2026-07-29T05:30:00Z,1.44,12.7,15.5,0.0194,,22.3,16.0,73.5,4.07,30.6,190.0,0.475
2026-07-29T06:30:00Z,,,,,3.23,27.3,25.0,73.0,,30.8,220.0,0.5
2026-07-29T07:30:00Z,1.35,17.7,17.0,0.0232,3.67,18.0,12.7,68.0,3.85,31.5,272.0,0.567
2026-07-29T08:30:00Z,1.31,8.7,15.5,0.0173,3.35,19.5,14.5,66.3,3.35,32.1,251.0,0.6
2026-07-29T09:30:00Z,1.25,9.6,11.8,0.0147,4.08,22.0,14.5,66.3,3.38,32.3,268.0,0.575
2026-07-29T10:30:00Z,1.16,8.83,4.98,0.00873,7.25,16.5,9.0,69.3,3.2,32.2,286.0,0.725
2026-07-29T11:30:00Z,0.945,7.03,4.53,0.00745,4.98,19.5,7.0,73.5,3.25,32.1,249.0,0.4
2026-07-29T12:30:00Z,1.1,6.9,4.78,0.00755,6.0,23.0,12.8,84.8,3.08,29.0,199.0,0.75
2026-07-29T13:30:00Z,1.09,4.58,2.0,0.00408,11.9,29.0,19.0,92.5,2.98,25.3,210.0,0.5
2026-07-29T14:30:00Z,1.47,16.5,2.65,0.0109,3.95,9.0,7.0,94.3,4.0,25.8,143.0,0.3
2026-07-29T15:30:00Z,1.23,12.4,2.55,0.00865,3.73,10.5,6.5,94.8,3.15,26.4,143.0,0.25
2026-07-29T16:30:00Z,1.23,11.3,3.25,0.00865,2.93,15.0,8.0,95.0,3.18,26.4,116.0,0.25
2026-07-29T17:30:00Z,1.16,9.17,4.2,0.00827,3.4,,,95.0,2.85,26.8,141.0,0.333
2026-07-29T18:30:00Z,1.05,3.9,3.0,0.00455,5.3,15.5,10.5,93.5,3.0,27.1,162.0,0.35
2026-07-29T19:30:00Z,0.993,2.83,2.6,0.00363,5.25,18.0,14.3,90.8,2.93,27.2,165.0,0.375
2026-07-29T20:30:00Z,0.995,2.9,2.75,0.00375,5.93,22.3,11.8,90.0,3.75,27.3,164.0,0.3
2026-07-29T21:30:00Z,1.02,3.33,2.95,0.00415,5.2,25.3,17.3,90.0,3.7,27.2,166.0,0.375
2026-07-29T22:30:00Z,1.03,6.93,3.4,0.00645,4.1,32.5,26.5,90.0,3.38,27.1,120.0,0.2
2026-07-29T23:30:00Z,1.17,6.2,4.0,0.0065,2.9,34.0,22.0,91.0,3.6,27.1,82.0,0.2
2026-07-30T01:30:00Z,1.13,6.75,5.7,0.0082,4.2,32.5,16.0,87.5,3.5,27.1,127.0,0.45
2026-07-30T02:30:00Z,1.17,6.63,6.33,0.00868,5.3,35.3,10.5,83.8,3.63,28.1,153.0,0.375
2026-07-30T03:30:00Z,1.09,6.0,7.35,0.00915,6.15,30.5,14.3,80.3,3.18,28.9,207.0,0.45
2026-07-30T04:30:00Z,1.04,5.75,8.8,0.0102,6.45,31.3,19.8,73.5,3.28,29.8,192.0,0.675
2026-07-30T05:30:00Z,1.0,6.1,12.4,0.0134,7.3,23.5,16.5,72.0,4.3,30.8,188.0,0.5
2026-07-30T06:30:00Z,1.01,6.8,16.7,0.0172,5.18,19.0,12.0,70.3,4.88,31.0,190.0,0.8
2026-07-30T07:30:00Z,0.997,7.23,15.4,0.0164,5.97,21.3,7.67,71.3,4.57,31.1,197.0,0.7
2026-07-30T08:30:00Z,1.03,7.0,10.9,0.0126,8.4,26.5,6.5,75.5,4.2,30.9,246.0,0.625
2026-07-30T09:30:00Z,1.01,8.13,10.7,0.013,7.5,26.5,19.8,76.5,4.25,30.4,231.0,0.4
2026-07-30T10:30:00Z,0.993,5.0,8.93,0.00995,7.78,29.0,6.75,80.0,4.2,29.8,198.0,0.725
2026-07-30T11:30:00Z,1.03,4.28,4.2,0.0057,8.28,18.5,9.25,81.8,4.4,29.1,189.0,0.95
2026-07-30T12:30:00Z,1.09,5.15,3.48,0.00558,7.15,18.0,10.0,80.8,4.1,29.0,187.0,0.6
2026-07-30T13:30:00Z,1.11,6.0,3.55,0.00608,9.2,20.5,10.0,79.3,3.68,28.8,189.0,0.675
2026-07-30T14:30:00Z,1.13,7.55,4.0,0.00725,6.2,18.3,11.8,77.8,4.13,28.9,186.0,0.475
2026-07-30T15:30:00Z,1.09,6.8,4.0,0.00687,6.17,25.0,18.7,75.0,4.3,29.1,181.0,0.433
2026-07-30T16:30:00Z,1.02,5.78,3.85,0.00623,6.63,19.0,10.0,75.5,4.28,29.0,183.0,0.375
2026-07-30T17:30:00Z,1.04,5.67,4.3,0.0065,5.83,19.0,9.0,76.7,4.2,29.0,179.0,0.3
2026-07-30T18:30:00Z,1.07,5.65,3.2,0.0056,4.6,12.5,9.0,77.0,2.95,28.7,171.0,0.3
2026-07-30T19:30:00Z,1.02,4.73,2.93,0.0049,1.3,13.0,8.5,74.8,3.37,28.9,171.0,0.325
2026-07-30T20:30:00Z,1.01,5.15,2.9,0.0051,3.7,15.5,6.5,76.3,3.15,28.6,163.0,0.325
2026-07-30T21:30:00Z,0.963,3.1,3.13,0.0042,9.65,14.0,4.0,71.8,3.23,29.2,173.0,0.4
2026-07-30T22:30:00Z,0.993,3.5,3.4,0.00465,7.7,12.0,9.0,74.8,3.6,28.8,165.0,0.225
2026-07-30T23:30:00Z,1.07,6.93,4.03,0.00693,3.53,15.5,9.75,80.5,3.28,27.7,112.0,0.15
2026-07-31T00:30:00Z,1.16,7.5,5.0,0.00805,5.13,27.8,13.3,77.5,3.6,28.4,180.0,0.325
2026-07-31T01:30:00Z,1.06,5.55,5.53,0.00745,6.95,29.8,15.3,78.0,3.33,28.3,181.0,1.08
2026-07-31T02:30:00Z,0.985,3.23,3.43,0.00453,8.95,24.3,6.0,79.5,3.03,26.9,170.0,1.28
2026-07-31T03:30:00Z,1.02,4.48,3.83,0.0055,9.65,9.75,6.25,75.5,3.43,27.5,166.0,1.05
2026-07-31T04:30:00Z,1.02,5.18,5.05,0.00688,8.23,11.3,6.5,72.5,3.45,28.4,170.0,0.85
2026-07-31T05:30:00Z,0.93,5.45,8.35,0.0097,8.85,9.0,5.0,70.0,3.7,29.1,175.0,0.75
2026-07-31T06:30:00Z,0.945,5.93,10.5,0.0117,7.03,,,66.0,3.8,29.9,174.0,0.95
2026-07-31T07:30:00Z,0.94,6.55,15.0,0.0157,6.0,18.0,12.0,64.8,3.85,30.8,179.0,0.8
2026-07-31T08:30:00Z,0.945,6.0,12.7,0.0135,8.03,18.0,12.0,67.5,3.7,30.5,177.0,0.8
2026-07-31T09:30:00Z,0.918,6.55,15.1,0.0158,7.5,11.0,,67.5,3.78,30.9,178.0,0.675
2026-07-31T10:30:00Z,0.97,6.65,13.7,0.0147,5.58,11.3,,67.0,3.58,31.7,174.0,0.7
2026-07-31T11:30:00Z,1.09,7.03,8.58,0.0107,10.3,9.5,2.75,69.0,3.5,31.7,169.0,0.625
2026-07-31T12:30:00Z,1.1,8.15,6.33,0.0095,9.4,16.5,8.5,70.0,3.15,31.4,173.0,0.325
2026-07-31T13:30:00Z,1.32,14.9,8.18,0.0146,6.18,24.5,9.25,74.0,3.48,30.5,160.0,0.175
2026-07-31T14:30:00Z,1.42,15.4,10.2,0.0164,2.98,42.5,16.8,80.8,4.13,29.2,251.0,0.1
2026-07-31T15:30:00Z,1.46,12.3,11.1,0.0156,1.8,67.3,18.5,83.0,4.28,28.8,88.3,0.2
2026-07-31T16:30:00Z,1.16,8.05,7.28,0.0102,3.28,69.3,23.8,81.0,3.68,28.8,109.0,0.225
2026-07-31T17:30:00Z,1.13,6.57,6.47,0.0088,3.47,41.0,13.0,81.3,3.8,28.3,119.0,0.267
2026-07-31T18:30:00Z,0.96,3.75,4.2,0.00545,8.3,33.0,6.5,74.5,3.9,29.2,160.0,0.4
2026-07-31T19:30:00Z,0.927,2.8,3.77,0.00457,8.85,19.0,6.0,72.8,3.83,29.5,167.0,0.5
2026-07-31T20:30:00Z,0.875,2.0,3.3,0.0038,13.0,4.0,3.0,70.8,4.2,29.8,172.0,0.625
2026-07-31T21:30:00Z,0.893,2.58,3.75,0.00443,10.8,3.0,2.0,74.8,4.25,29.2,153.0,0.3
2026-07-31T22:30:00Z,0.948,4.83,4.58,0.0063,6.78,26.0,10.0,78.5,4.35,28.5,71.5,0.175
